ISO-10303-21;
HEADER;
FILE_DESCRIPTION (( 'STEP AP214' ),
    '1' );
FILE_NAME ('Tawk_clone.STEP',
    '2025-08-06T20:11:13',
    ( '' ),
    ( '' ),
    'SwSTEP 2.0',
    'SolidWorks 2024',
    '' );
FILE_SCHEMA (( 'AUTOMOTIVE_DESIGN' ));
ENDSEC;

DATA;
#1 = VECTOR ( 'NONE', #4591, 1000.000000000000114 ) ;
#2 = CARTESIAN_POINT ( 'NONE',  ( 27.07888800118267270, 17.50000000000000000, -11.21644266407214197 ) ) ;
#3 = CARTESIAN_POINT ( 'NONE',  ( 30.10510779970761419, 2.999999999999999112, -1.500000000000000000 ) ) ;
#4 = DIRECTION ( 'NONE',  ( -0.9238795325112882928, 0.000000000000000000, -0.3826834323650858960 ) ) ;
#5 = CARTESIAN_POINT ( 'NONE',  ( 54.09974999999995759, 20.00000000000000355, -9.496478871970266411 ) ) ;
#6 = EDGE_CURVE ( 'NONE', #1329, #3943, #3970, .T. ) ;
#7 = VECTOR ( 'NONE', #6689, 1000.000000000000000 ) ;
#8 = DIRECTION ( 'NONE',  ( -0.9238795325112844070, 0.000000000000000000, 0.3826834323650955549 ) ) ;
#9 = ORIENTED_EDGE ( 'NONE', *, *, #5200, .F. ) ;
#10 =( BOUNDED_CURVE ( )  B_SPLINE_CURVE ( 3, ( #1488, #87, #3352, #5710 ),
 .UNSPECIFIED., .F., .F. ) 
 B_SPLINE_CURVE_WITH_KNOTS ( ( 4, 4 ),
 ( 1.570796326794901221, 3.141592653589793116 ),
 .UNSPECIFIED. ) 
 CURVE ( )  GEOMETRIC_REPRESENTATION_ITEM ( )  RATIONAL_B_SPLINE_CURVE ( ( 1.000000000000000000, 0.8047378541243661587, 0.8047378541243661587, 1.000000000000000000 ) ) 
 REPRESENTATION_ITEM ( '' )  );
#11 = VECTOR ( 'NONE', #2656, 1000.000000000000000 ) ;
#12 = ORIENTED_EDGE ( 'NONE', *, *, #3245, .F. ) ;
#13 = ORIENTED_EDGE ( 'NONE', *, *, #2779, .T. ) ;
#14 = LINE ( 'NONE', #116, #6041 ) ;
#15 = ORIENTED_EDGE ( 'NONE', *, *, #6347, .F. ) ;
#16 = DIRECTION ( 'NONE',  ( -0.000000000000000000, -1.000000000000000000, -0.000000000000000000 ) ) ;
#17 = DIRECTION ( 'NONE',  ( 0.9238795325112884038, -0.000000000000000000, 0.3826834323650856740 ) ) ;
#18 = DIRECTION ( 'NONE',  ( -0.000000000000000000, -1.000000000000000000, -0.000000000000000000 ) ) ;
#19 = LINE ( 'NONE', #6559, #6921 ) ;
#20 = ORIENTED_EDGE ( 'NONE', *, *, #4863, .T. ) ;
#21 = CARTESIAN_POINT ( 'NONE',  ( 78.09439220029240403, 17.50000000000000000, -1.499999999999999556 ) ) ;
#22 = DIRECTION ( 'NONE',  ( 0.000000000000000000, 0.000000000000000000, -1.000000000000000000 ) ) ;
#23 = ORIENTED_EDGE ( 'NONE', *, *, #4711, .T. ) ;
#24 = LINE ( 'NONE', #2593, #1321 ) ;
#25 = ORIENTED_EDGE ( 'NONE', *, *, #6225, .F. ) ;
#26 = ORIENTED_EDGE ( 'NONE', *, *, #3518, .T. ) ;
#27 = LINE ( 'NONE', #1839, #10138 ) ;
#28 = AXIS2_PLACEMENT_3D ( 'NONE', #5708, #1640, #3300 ) ;
#29 = ADVANCED_FACE ( 'NONE', ( #9048 ), #1729, .T. ) ;
#30 = EDGE_CURVE ( 'NONE', #3370, #10510, #5689, .T. ) ;
#31 = VECTOR ( 'NONE', #1798, 1000.000000000000000 ) ;
#32 = DIRECTION ( 'NONE',  ( -0.000000000000000000, -1.000000000000000000, -0.000000000000000000 ) ) ;
#33 = DIRECTION ( 'NONE',  ( 0.9238795325112850731, 0.000000000000000000, -0.3826834323650941116 ) ) ;
#34 = ORIENTED_EDGE ( 'NONE', *, *, #925, .F. ) ;
#35 = DIRECTION ( 'NONE',  ( -1.000000000000000000, 0.000000000000000000, -0.000000000000000000 ) ) ;
#36 = LINE ( 'NONE', #5657, #4959 ) ;
#37 = DIRECTION ( 'NONE',  ( -1.000000000000000000, -0.000000000000000000, -0.000000000000000000 ) ) ;
#38 = ORIENTED_EDGE ( 'NONE', *, *, #9295, .F. ) ;
#39 = LINE ( 'NONE', #2607, #6718 ) ;
#40 = ADVANCED_FACE ( 'NONE', ( #9098 ), #10501, .F. ) ;
#41 = ORIENTED_EDGE ( 'NONE', *, *, #1559, .T. ) ;
#42 = ORIENTED_EDGE ( 'NONE', *, *, #3193, .T. ) ;
#43 = ORIENTED_EDGE ( 'NONE', *, *, #10526, .F. ) ;
#44 = DIRECTION ( 'NONE',  ( 0.3826834323650956660, -0.000000000000000000, 0.9238795325112844070 ) ) ;
#45 = CARTESIAN_POINT ( 'NONE',  ( 106.0000000000000142, 2.000000000000000000, -9.958367009011999116 ) ) ;
#46 = DIRECTION ( 'NONE',  ( 1.000000000000000000, 0.000000000000000000, 0.000000000000000000 ) ) ;
#47 = CARTESIAN_POINT ( 'NONE',  ( 25.62362953251123088, 17.50000000000000000, -17.34287332564967699 ) ) ;
#48 = VECTOR ( 'NONE', #8120, 1000.000000000000000 ) ;
#49 = DIRECTION ( 'NONE',  ( 0.000000000000000000, -1.000000000000000000, 0.000000000000000000 ) ) ;
#50 = DIRECTION ( 'NONE',  ( -0.3826350148337050450, -0.000000000000000000, 0.9238995862230972023 ) ) ;
#51 = ORIENTED_EDGE ( 'NONE', *, *, #2134, .F. ) ;
#52 = ADVANCED_FACE ( 'NONE', ( #8097 ), #4874, .F. ) ;
#53 = VECTOR ( 'NONE', #3280, 1000.000000000000000 ) ;
#54 = DIRECTION ( 'NONE',  ( 1.000000000000000000, 0.000000000000000000, 0.000000000000000000 ) ) ;
#55 = CARTESIAN_POINT ( 'NONE',  ( 14.89974999999993521, 1.999999999999998446, -13.19199700201540360 ) ) ;
#56 = CARTESIAN_POINT ( 'NONE',  ( 28.67612046748872956, 18.50000000000000355, -7.360382381653506556 ) ) ;
#57 = CARTESIAN_POINT ( 'NONE',  ( 58.80000000000000426, 18.50000000000000355, -1.500000000000000000 ) ) ;
#58 = AXIS2_PLACEMENT_3D ( 'NONE', #5266, #8532, #7738 ) ;
#59 = CARTESIAN_POINT ( 'NONE',  ( 21.52474999999994054, 18.50000000000000355, 0.000000000000000000 ) ) ;
#60 = EDGE_LOOP ( 'NONE', ( #5853, #796, #4195, #2332 ) ) ;
#61 = EDGE_CURVE ( 'NONE', #7454, #10153, #4980, .T. ) ;
#62 = ORIENTED_EDGE ( 'NONE', *, *, #5887, .T. ) ;
#63 = CARTESIAN_POINT ( 'NONE',  ( 19.79975000000000307, 18.50000000000000355, -2.893084275847614517 ) ) ;
#64 = ORIENTED_EDGE ( 'NONE', *, *, #3113, .F. ) ;
#65 = EDGE_CURVE ( 'NONE', #8943, #9535, #6228, .T. ) ;
#66 = VECTOR ( 'NONE', #9698, 1000.000000000000114 ) ;
#67 = VERTEX_POINT ( 'NONE', #8948 ) ;
#68 = CARTESIAN_POINT ( 'NONE',  ( 68.29439220029240687, 18.50000000000000355, -1.499999999999999556 ) ) ;
#69 = DIRECTION ( 'NONE',  ( -0.3826834323650853964, 0.000000000000000000, 0.9238795325112886259 ) ) ;
#70 = ORIENTED_EDGE ( 'NONE', *, *, #4313, .T. ) ;
#71 = DIRECTION ( 'NONE',  ( 0.9238795325112884038, -0.000000000000000000, 0.3826834323650856740 ) ) ;
#72 = CARTESIAN_POINT ( 'NONE',  ( 31.18750000000000711, 18.50000000000000355, -1.500000000000000888 ) ) ;
#73 = B_SPLINE_CURVE_WITH_KNOTS ( 'NONE', 3,
 ( #4674, #10400, #4723, #10454 ),
 .UNSPECIFIED., .F., .F.,
 ( 4, 4 ),
 ( 0.06060606060606065632, 0.9393939393939395588 ),
 .UNSPECIFIED. ) ;
#74 = VERTEX_POINT ( 'NONE', #2487 ) ;
#75 = PLANE ( 'NONE',  #4893 ) ;
#76 = VERTEX_POINT ( 'NONE', #1621 ) ;
#77 = ORIENTED_EDGE ( 'NONE', *, *, #9887, .F. ) ;
#78 = CARTESIAN_POINT ( 'NONE',  ( -10.00000000000000000, 10.00000000000000000, -20.00000000000000000 ) ) ;
#79 = ORIENTED_EDGE ( 'NONE', *, *, #3113, .T. ) ;
#80 = AXIS2_PLACEMENT_3D ( 'NONE', #1248, #4709, #2906 ) ;
#81 = EDGE_CURVE ( 'NONE', #4841, #6660, #6609, .T. ) ;
#82 =( BOUNDED_CURVE ( )  B_SPLINE_CURVE ( 3, ( #3869, #7950, #1624, #2329 ),
 .UNSPECIFIED., .F., .F. ) 
 B_SPLINE_CURVE_WITH_KNOTS ( ( 4, 4 ),
 ( 3.141592653589793116, 4.712388980384691450 ),
 .UNSPECIFIED. ) 
 CURVE ( )  GEOMETRIC_REPRESENTATION_ITEM ( )  RATIONAL_B_SPLINE_CURVE ( ( 1.000000000000000000, 0.8047378541243646044, 0.8047378541243646044, 1.000000000000000000 ) ) 
 REPRESENTATION_ITEM ( '' )  );
#83 = DIRECTION ( 'NONE',  ( -0.9238795325112844070, 0.000000000000000000, 0.3826834323650956660 ) ) ;
#84 = DIRECTION ( 'NONE',  ( -1.000000000000000000, -0.000000000000000000, -0.000000000000000000 ) ) ;
#85 = DIRECTION ( 'NONE',  ( -0.000000000000000000, -1.000000000000000000, -0.000000000000000000 ) ) ;
#86 = ORIENTED_EDGE ( 'NONE', *, *, #6384, .T. ) ;
#87 = CARTESIAN_POINT ( 'NONE',  ( 49.19975000000002296, 2.000000000000001776, -6.661277167116790743 ) ) ;
#88 = PLANE ( 'NONE',  #10083 ) ;
#89 = CARTESIAN_POINT ( 'NONE',  ( 106.2747499999999405, 20.00000000000000355, -18.50000000000000000 ) ) ;
#90 = ORIENTED_EDGE ( 'NONE', *, *, #5633, .F. ) ;
#91 = DIRECTION ( 'NONE',  ( 0.000000000000000000, 1.000000000000000000, 0.000000000000000000 ) ) ;
#92 = ORIENTED_EDGE ( 'NONE', *, *, #2119, .F. ) ;
#93 = EDGE_CURVE ( 'NONE', #3539, #1081, #8894, .T. ) ;
#94 = ORIENTED_EDGE ( 'NONE', *, *, #544, .F. ) ;
#95 = ORIENTED_EDGE ( 'NONE', *, *, #9585, .F. ) ;
#96 = ADVANCED_FACE ( 'NONE', ( #3382 ), #9852, .F. ) ;
#97 = PLANE ( 'NONE',  #7332 ) ;
#98 = LINE ( 'NONE', #5982, #9436 ) ;
#99 = CARTESIAN_POINT ( 'NONE',  ( 73.47364042459307143, 18.50000000000000355, 2.018727961996194420 ) ) ;
#100 = CYLINDRICAL_SURFACE ( 'NONE', #8035, 0.9999999999999991118 ) ;
#101 = DIRECTION ( 'NONE',  ( -0.000000000000000000, -0.000000000000000000, -1.000000000000000000 ) ) ;
#102 = B_SPLINE_CURVE_WITH_KNOTS ( 'NONE', 3,
 ( #5655, #6523, #4842, #7311 ),
 .UNSPECIFIED., .F., .F.,
 ( 4, 4 ),
 ( 0.06060606060606065632, 0.9393939393939395588 ),
 .UNSPECIFIED. ) ;
#103 = EDGE_CURVE ( 'NONE', #5253, #9379, #6656, .T. ) ;
#104 = EDGE_CURVE ( 'NONE', #10343, #4989, #2375, .T. ) ;
#105 = DIRECTION ( 'NONE',  ( 1.000000000000000000, -0.000000000000000000, 0.000000000000000000 ) ) ;
#106 = ORIENTED_EDGE ( 'NONE', *, *, #4699, .T. ) ;
#107 = CARTESIAN_POINT ( 'NONE',  ( 68.60000000000000853, 2.000000000000000000, -18.50000000000000000 ) ) ;
#108 = B_SPLINE_CURVE_WITH_KNOTS ( 'NONE', 3,
 ( #2659, #9980, #4951, #1805 ),
 .UNSPECIFIED., .F., .F.,
 ( 4, 4 ),
 ( 0.06060606060606065632, 0.9393939393939395588 ),
 .UNSPECIFIED. ) ;
#109 = CARTESIAN_POINT ( 'NONE',  ( 98.19975000000002296, 2.414213562373094923, -7.743669367409170334 ) ) ;
#110 = CARTESIAN_POINT ( 'NONE',  ( 47.47474999999994338, 2.000000000000000000, 0.000000000000000000 ) ) ;
#111 = DIRECTION ( 'NONE',  ( 0.9238795325112885148, -0.000000000000000000, 0.3826834323650853964 ) ) ;
#112 = CARTESIAN_POINT ( 'NONE',  ( 86.67474999999994623, 18.50000000000000355, -18.50000000000000000 ) ) ;
#113 = VECTOR ( 'NONE', #4093, 1000.000000000000000 ) ;
#114 = ORIENTED_EDGE ( 'NONE', *, *, #7891, .T. ) ;
#115 = ORIENTED_EDGE ( 'NONE', *, *, #9924, .F. ) ;
#116 = CARTESIAN_POINT ( 'NONE',  ( 20.80000000000000426, 2.000000000000000000, -7.743065814018601500 ) ) ;
#117 = ORIENTED_EDGE ( 'NONE', *, *, #1472, .F. ) ;
#118 = EDGE_CURVE ( 'NONE', #8105, #2536, #4020, .T. ) ;
#119 = EDGE_CURVE ( 'NONE', #3943, #6668, #7590, .T. ) ;
#120 = CARTESIAN_POINT ( 'NONE',  ( 0.000000000000000000, 18.50000000000000355, -18.50000000000000000 ) ) ;
#121 = FACE_OUTER_BOUND ( 'NONE', #7169, .T. ) ;
#122 = FACE_OUTER_BOUND ( 'NONE', #298, .T. ) ;
#123 = ORIENTED_EDGE ( 'NONE', *, *, #538, .T. ) ;
#124 = DIRECTION ( 'NONE',  ( 0.3826834323650853964, 0.000000000000000000, -0.9238795325112885148 ) ) ;
#125 = DIRECTION ( 'NONE',  ( 0.3826834323650958325, -0.000000000000000000, 0.9238795325112842960 ) ) ;
#126 = ORIENTED_EDGE ( 'NONE', *, *, #2792, .F. ) ;
#127 = LINE ( 'NONE', #5852, #472 ) ;
#128 = ORIENTED_EDGE ( 'NONE', *, *, #6917, .F. ) ;
#129 = VERTEX_POINT ( 'NONE', #9750 ) ;
#130 = LINE ( 'NONE', #8215, #4319 ) ;
#131 = VECTOR ( 'NONE', #3222, 1000.000000000000000 ) ;
#132 = ORIENTED_EDGE ( 'NONE', *, *, #3967, .T. ) ;
#133 = EDGE_CURVE ( 'NONE', #3431, #4331, #10126, .T. ) ;
#134 = VECTOR ( 'NONE', #3163, 1000.000000000000000 ) ;
#135 = CARTESIAN_POINT ( 'NONE',  ( 19.79975000000001017, 18.34604576567463852, -1.500000000000000444 ) ) ;
#136 = CARTESIAN_POINT ( 'NONE',  ( 49.20000000000000995, 2.999999999999999112, -7.743669367409185433 ) ) ;
#137 = LINE ( 'NONE', #8059, #10443 ) ;
#138 = ORIENTED_EDGE ( 'NONE', *, *, #7018, .T. ) ;
#139 = CARTESIAN_POINT ( 'NONE',  ( 26.42500000000000426, 20.00000000000000355, -1.500000000000000000 ) ) ;
#140 = ADVANCED_FACE ( 'NONE', ( #5946 ), #174, .T. ) ;
#141 = DIRECTION ( 'NONE',  ( -0.000000000000000000, -1.000000000000000000, -0.000000000000000000 ) ) ;
#142 = LINE ( 'NONE', #1696, #6962 ) ;
#143 = ORIENTED_EDGE ( 'NONE', *, *, #7598, .T. ) ;
#144 = ORIENTED_EDGE ( 'NONE', *, *, #8982, .F. ) ;
#145 =( BOUNDED_CURVE ( )  B_SPLINE_CURVE ( 3, ( #9427, #10286, #6229, #1302 ),
 .UNSPECIFIED., .F., .F. ) 
 B_SPLINE_CURVE_WITH_KNOTS ( ( 4, 4 ),
 ( 3.141592653589793116, 4.082246578227957556 ),
 .UNSPECIFIED. ) 
 CURVE ( )  GEOMETRIC_REPRESENTATION_ITEM ( )  RATIONAL_B_SPLINE_CURVE ( ( 1.000000000000000000, 0.9276134425277012818, 0.9276134425277012818, 1.000000000000000000 ) ) 
 REPRESENTATION_ITEM ( '' )  );
#146 = EDGE_LOOP ( 'NONE', ( #601, #728, #1170, #6482, #3267 ) ) ;
#147 = ORIENTED_EDGE ( 'NONE', *, *, #7794, .F. ) ;
#148 = CARTESIAN_POINT ( 'NONE',  ( 103.5443319706116512, 2.999999999999999112, -18.50000000000000000 ) ) ;
#149 = DIRECTION ( 'NONE',  ( 0.000000000000000000, 0.000000000000000000, -1.000000000000000000 ) ) ;
#150 = FACE_OUTER_BOUND ( 'NONE', #5955, .T. ) ;
#151 = VECTOR ( 'NONE', #2126, 1000.000000000000000 ) ;
#152 = DIRECTION ( 'NONE',  ( 0.3826834323650958325, -0.000000000000000000, 0.9238795325112842960 ) ) ;
#153 = CARTESIAN_POINT ( 'NONE',  ( 106.0000000000000142, 18.50000000000000355, -9.958367009012045301 ) ) ;
#154 = ADVANCED_FACE ( 'NONE', ( #6926 ), #10067, .F. ) ;
#155 = VERTEX_POINT ( 'NONE', #5202 ) ;
#156 = AXIS2_PLACEMENT_3D ( 'NONE', #4009, #661, #10384 ) ;
#157 = EDGE_CURVE ( 'NONE', #9877, #1014, #1889, .T. ) ;
#158 = DIRECTION ( 'NONE',  ( -0.000000000000000000, -1.000000000000000000, -0.000000000000000000 ) ) ;
#159 = EDGE_CURVE ( 'NONE', #4606, #4500, #8514, .T. ) ;
#160 = CARTESIAN_POINT ( 'NONE',  ( 48.87808768696164208, 2.341211518780904832, -1.500000000000000444 ) ) ;
#161 = CARTESIAN_POINT ( 'NONE',  ( 28.01200000000000756, 20.00000000000000355, -1.499999999999999556 ) ) ;
#162 =( BOUNDED_CURVE ( )  B_SPLINE_CURVE ( 3, ( #7466, #5749, #9006, #7414 ),
 .UNSPECIFIED., .F., .F. ) 
 B_SPLINE_CURVE_WITH_KNOTS ( ( 4, 4 ),
 ( 3.141592653589793116, 4.712388980384694115 ),
 .UNSPECIFIED. ) 
 CURVE ( )  GEOMETRIC_REPRESENTATION_ITEM ( )  RATIONAL_B_SPLINE_CURVE ( ( 1.000000000000000000, 0.8047378541243640493, 0.8047378541243640493, 1.000000000000000000 ) ) 
 REPRESENTATION_ITEM ( '' )  );
#163 = CARTESIAN_POINT ( 'NONE',  ( 78.60000000000000853, 20.00000000000000355, -10.35679529716193592 ) ) ;
#164 = FACE_OUTER_BOUND ( 'NONE', #628, .T. ) ;
#165 = VECTOR ( 'NONE', #3546, 1000.000000000000000 ) ;
#166 = CARTESIAN_POINT ( 'NONE',  ( 49.61827173280369152, 2.000000000000000000, -1.882683432365094722 ) ) ;
#167 = ORIENTED_EDGE ( 'NONE', *, *, #6140, .F. ) ;
#168 = VECTOR ( 'NONE', #551, 1000.000000000000000 ) ;
#169 = EDGE_LOOP ( 'NONE', ( #1984, #9876, #4811, #5369 ) ) ;
#170 = PLANE ( 'NONE',  #9276 ) ;
#171 = EDGE_CURVE ( 'NONE', #684, #7829, #3089, .T. ) ;
#172 = ORIENTED_EDGE ( 'NONE', *, *, #9644, .F. ) ;
#173 = VECTOR ( 'NONE', #4381, 1000.000000000000114 ) ;
#174 = PLANE ( 'NONE',  #5097 ) ;
#175 = VECTOR ( 'NONE', #7274, 1000.000000000000000 ) ;
#176 = DIRECTION ( 'NONE',  ( -0.000000000000000000, -1.000000000000000000, -0.000000000000000000 ) ) ;
#177 = VECTOR ( 'NONE', #9629, 1000.000000000000000 ) ;
#178 = LINE ( 'NONE', #4391, #7769 ) ;
#179 = ORIENTED_EDGE ( 'NONE', *, *, #2780, .F. ) ;
#180 = CARTESIAN_POINT ( 'NONE',  ( 11.72474999999993628, 18.50000000000000355, 0.000000000000000000 ) ) ;
#181 = FACE_OUTER_BOUND ( 'NONE', #6788, .T. ) ;
#182 = VERTEX_POINT ( 'NONE', #1830 ) ;
#183 = PLANE ( 'NONE',  #1022 ) ;
#184 = VERTEX_POINT ( 'NONE', #1188 ) ;
#185 = ORIENTED_EDGE ( 'NONE', *, *, #9608, .F. ) ;
#186 = CARTESIAN_POINT ( 'NONE',  ( 18.07474999999993770, 18.50000000000000355, -20.00000000000000000 ) ) ;
#187 = ORIENTED_EDGE ( 'NONE', *, *, #5840, .F. ) ;
#188 = EDGE_CURVE ( 'NONE', #7329, #4612, #3540, .T. ) ;
#189 = ADVANCED_FACE ( 'NONE', ( #1031 ), #6112, .F. ) ;
#190 = VECTOR ( 'NONE', #1155, 1000.000000000000000 ) ;
#191 = EDGE_CURVE ( 'NONE', #6421, #9458, #9202, .T. ) ;
#192 = CARTESIAN_POINT ( 'NONE',  ( 82.00480853994272934, 17.50000000000000000, 33.96750387705282037 ) ) ;
#193 = CARTESIAN_POINT ( 'NONE',  ( 67.21200000000001751, 2.000000000000000000, -1.499999999999999556 ) ) ;
#194 = CARTESIAN_POINT ( 'NONE',  ( 85.22500000000000853, 20.00000000000000355, -1.500000000000000000 ) ) ;
#195 = DIRECTION ( 'NONE',  ( 0.000000000000000000, 0.000000000000000000, -1.000000000000000000 ) ) ;
#196 = VERTEX_POINT ( 'NONE', #2050 ) ;
#197 = DIRECTION ( 'NONE',  ( -0.3826834323650956105, 0.000000000000000000, -0.9238795325112842960 ) ) ;
#198 = DIRECTION ( 'NONE',  ( 0.3826834323650956660, 0.000000000000000000, 0.9238795325112844070 ) ) ;
#199 = CARTESIAN_POINT ( 'NONE',  ( 83.05516802938824128, 3.000000000000000888, -18.50000000000000355 ) ) ;
#200 = EDGE_LOOP ( 'NONE', ( #6498, #5753, #2629, #6095, #10524, #2406, #7269 ) ) ;
#201 = DIRECTION ( 'NONE',  ( 0.000000000000000000, 0.000000000000000000, -1.000000000000000000 ) ) ;
#202 = AXIS2_PLACEMENT_3D ( 'NONE', #1120, #1979, #6849 ) ;
#203 = ORIENTED_EDGE ( 'NONE', *, *, #5633, .T. ) ;
#204 = EDGE_CURVE ( 'NONE', #9668, #10162, #7723, .T. ) ;
#205 = EDGE_LOOP ( 'NONE', ( #2945, #6826, #8486, #6812 ) ) ;
#206 = ORIENTED_EDGE ( 'NONE', *, *, #5223, .T. ) ;
#207 = ADVANCED_FACE ( 'NONE', ( #8465 ), #3655, .F. ) ;
#208 = DIRECTION ( 'NONE',  ( -1.000000000000000000, 0.000000000000000000, -0.000000000000000000 ) ) ;
#209 = VECTOR ( 'NONE', #807, 1000.000000000000000 ) ;
#210 = CARTESIAN_POINT ( 'NONE',  ( 54.79751995710437740, 18.50000000000000355, 2.401411394361280482 ) ) ;
#211 = PLANE ( 'NONE',  #2085 ) ;
#212 = DIRECTION ( 'NONE',  ( 1.000000000000000000, -0.000000000000000000, 0.000000000000000000 ) ) ;
#213 = CARTESIAN_POINT ( 'NONE',  ( 0.000000000000000000, 2.000000000000000000, 0.000000000000000000 ) ) ;
#214 = EDGE_LOOP ( 'NONE', ( #6548, #9761, #9073, #4777, #5003 ) ) ;
#215 = VERTEX_POINT ( 'NONE', #977 ) ;
#216 = ORIENTED_EDGE ( 'NONE', *, *, #5617, .F. ) ;
#217 = EDGE_CURVE ( 'NONE', #1375, #7638, #8488, .T. ) ;
#218 = VECTOR ( 'NONE', #6691, 1000.000000000000114 ) ;
#219 = DIRECTION ( 'NONE',  ( 0.3826834323650956660, 0.000000000000000000, 0.9238795325112844070 ) ) ;
#220 = AXIS2_PLACEMENT_3D ( 'NONE', #3306, #4898, #8172 ) ;
#221 = CARTESIAN_POINT ( 'NONE',  ( 54.09974999999994338, 18.50000000000000355, -16.96018989328458559 ) ) ;
#222 = CARTESIAN_POINT ( 'NONE',  ( 10.00000000000000000, 11.50000000000000000, -5.000000000000000888 ) ) ;
#223 = CARTESIAN_POINT ( 'NONE',  ( 42.57500000000000284, 18.50000000000000355, 0.000000000000000000 ) ) ;
#224 = LINE ( 'NONE', #9807, #6673 ) ;
#225 = CARTESIAN_POINT ( 'NONE',  ( 29.59993749768392135, 18.50000000000000355, -10.35694617991807220 ) ) ;
#226 = ORIENTED_EDGE ( 'NONE', *, *, #7756, .T. ) ;
#227 = EDGE_LOOP ( 'NONE', ( #3962, #2610, #8166, #8677, #387 ) ) ;
#228 = DIRECTION ( 'NONE',  ( -0.3826834323650856740, 0.000000000000000000, 0.9238795325112884038 ) ) ;
#229 = EDGE_CURVE ( 'NONE', #2823, #1385, #1515, .T. ) ;
#230 = ADVANCED_FACE ( 'NONE', ( #5250 ), #10009, .F. ) ;
#231 = VECTOR ( 'NONE', #5944, 1000.000000000000000 ) ;
#232 =( BOUNDED_CURVE ( )  B_SPLINE_CURVE ( 3, ( #1553, #7276, #6640, #9883 ),
 .UNSPECIFIED., .F., .F. ) 
 B_SPLINE_CURVE_WITH_KNOTS ( ( 4, 4 ),
 ( 3.141592653589793116, 4.712388980384691450 ),
 .UNSPECIFIED. ) 
 CURVE ( )  GEOMETRIC_REPRESENTATION_ITEM ( )  RATIONAL_B_SPLINE_CURVE ( ( 1.000000000000000000, 0.8047378541243646044, 0.8047378541243646044, 1.000000000000000000 ) ) 
 REPRESENTATION_ITEM ( '' )  );
#233 = CARTESIAN_POINT ( 'NONE',  ( 29.59975000000000733, 2.153954234325363259, -1.500000000000000444 ) ) ;
#234 = CARTESIAN_POINT ( 'NONE',  ( 10.00000000000000000, 20.00000000000000355, -10.35739885055255627 ) ) ;
#235 = EDGE_CURVE ( 'NONE', #896, #7318, #4546, .T. ) ;
#236 = VECTOR ( 'NONE', #1272, 1000.000000000000000 ) ;
#237 = CYLINDRICAL_SURFACE ( 'NONE', #5546, 0.9999999999999987788 ) ;
#238 = VERTEX_POINT ( 'NONE', #9423 ) ;
#239 = CARTESIAN_POINT ( 'NONE',  ( 49.00000000000000711, 18.50000000000000355, -18.50000000000000000 ) ) ;
#240 = CYLINDRICAL_SURFACE ( 'NONE', #2579, 0.9999999999999991118 ) ;
#241 = ORIENTED_EDGE ( 'NONE', *, *, #10495, .T. ) ;
#242 = DIRECTION ( 'NONE',  ( -0.3826834323650853964, 0.000000000000000000, 0.9238795325112885148 ) ) ;
#243 = ORIENTED_EDGE ( 'NONE', *, *, #5909, .T. ) ;
#244 = ORIENTED_EDGE ( 'NONE', *, *, #9472, .T. ) ;
#245 = CARTESIAN_POINT ( 'NONE',  ( 68.29439220029242108, 2.648745683208485246, -1.500000000000000444 ) ) ;
#246 = ADVANCED_FACE ( 'NONE', ( #10335 ), #5305, .T. ) ;
#247 = ADVANCED_FACE ( 'NONE', ( #5362 ), #10439, .F. ) ;
#248 = VERTEX_POINT ( 'NONE', #3012 ) ;
#249 = VECTOR ( 'NONE', #3335, 1000.000000000000000 ) ;
#250 = ORIENTED_EDGE ( 'NONE', *, *, #8280, .T. ) ;
#251 = DIRECTION ( 'NONE',  ( 0.9238795325112846291, 0.000000000000000000, -0.3826834323650947778 ) ) ;
#252 = CARTESIAN_POINT ( 'NONE',  ( 11.41421356237309759, 1.999999999999999556, -4.777167662150987759 ) ) ;
#253 = DIRECTION ( 'NONE',  ( -0.000000000000000000, -1.000000000000000000, -0.000000000000000000 ) ) ;
#254 = CARTESIAN_POINT ( 'NONE',  ( 44.77904756189954583, 18.50000000000000355, -18.11731656763491927 ) ) ;
#255 = EDGE_LOOP ( 'NONE', ( #745, #4638, #602, #1953 ) ) ;
#256 = DIRECTION ( 'NONE',  ( 0.000000000000000000, 0.000000000000000000, -1.000000000000000000 ) ) ;
#257 = LINE ( 'NONE', #1108, #3430 ) ;
#258 = DIRECTION ( 'NONE',  ( -0.000000000000000000, -1.000000000000000000, -0.000000000000000000 ) ) ;
#259 = ORIENTED_EDGE ( 'NONE', *, *, #171, .T. ) ;
#260 = VECTOR ( 'NONE', #8745, 1000.000000000000000 ) ;
#261 = CARTESIAN_POINT ( 'NONE',  ( 20.21827173280368584, 2.000000000000000000, -1.882683432365093834 ) ) ;
#262 = ORIENTED_EDGE ( 'NONE', *, *, #838, .T. ) ;
#263 = VERTEX_POINT ( 'NONE', #5411 ) ;
#264 = ORIENTED_EDGE ( 'NONE', *, *, #6671, .F. ) ;
#265 = DIRECTION ( 'NONE',  ( 0.000000000000000000, 0.000000000000000000, -1.000000000000000000 ) ) ;
#266 = ADVANCED_FACE ( 'NONE', ( #7086 ), #1460, .F. ) ;
#267 = CARTESIAN_POINT ( 'NONE',  ( 76.87474999999993486, 18.50000000000000355, 0.000000000000000000 ) ) ;
#268 = DIRECTION ( 'NONE',  ( -0.000000000000000000, -1.000000000000000000, -0.000000000000000000 ) ) ;
#269 = CARTESIAN_POINT ( 'NONE',  ( 0.000000000000000000, 18.50000000000000355, -18.50000000000000000 ) ) ;
#270 = CARTESIAN_POINT ( 'NONE',  ( -4.000000000000000888, 10.00000000000000000, -2.999999999999999112 ) ) ;
#271 = ORIENTED_EDGE ( 'NONE', *, *, #9537, .F. ) ;
#272 = ORIENTED_EDGE ( 'NONE', *, *, #6195, .F. ) ;
#273 = ORIENTED_EDGE ( 'NONE', *, *, #2582, .T. ) ;
#274 = EDGE_CURVE ( 'NONE', #4136, #1331, #9478, .T. ) ;
#275 = CARTESIAN_POINT ( 'NONE',  ( 15.34433197061163945, 2.999999999999999112, -18.50000000000000000 ) ) ;
#276 = CARTESIAN_POINT ( 'NONE',  ( 44.29974999999994623, 18.30794360463552906, -18.49999999999999645 ) ) ;
#277 = PLANE ( 'NONE',  #1232 ) ;
#278 = DIRECTION ( 'NONE',  ( -1.000000000000000000, 0.000000000000000000, -0.000000000000000000 ) ) ;
#279 = CARTESIAN_POINT ( 'NONE',  ( 78.59993749768391069, 18.50000000000000355, -10.35694617991806865 ) ) ;
#280 = LINE ( 'NONE', #9949, #4908 ) ;
#281 = ORIENTED_EDGE ( 'NONE', *, *, #7850, .F. ) ;
#282 = EDGE_CURVE ( 'NONE', #5816, #6174, #1583, .T. ) ;
#283 = ORIENTED_EDGE ( 'NONE', *, *, #6594, .F. ) ;
#284 = FACE_OUTER_BOUND ( 'NONE', #5287, .T. ) ;
#285 = B_SPLINE_CURVE_WITH_KNOTS ( 'NONE', 3,
 ( #6269, #698, #9411, #1288 ),
 .UNSPECIFIED., .F., .F.,
 ( 4, 4 ),
 ( 0.000000000000000000, 1.000000000000000000 ),
 .UNSPECIFIED. ) ;
#286 = ORIENTED_EDGE ( 'NONE', *, *, #5727, .T. ) ;
#287 = CARTESIAN_POINT ( 'NONE',  ( 44.29974999999994623, 18.30794360463552906, -18.49999999999999645 ) ) ;
#288 = LINE ( 'NONE', #3541, #8357 ) ;
#289 = CARTESIAN_POINT ( 'NONE',  ( 71.97500000000000853, 20.00000000000000355, -1.500000000000000000 ) ) ;
#290 = EDGE_LOOP ( 'NONE', ( #6932, #8595, #1459, #7649, #10005 ) ) ;
#291 = CARTESIAN_POINT ( 'NONE',  ( 65.62500000000001421, 2.000000000000000000, 0.000000000000000000 ) ) ;
#292 = DIRECTION ( 'NONE',  ( 0.9238795325112882928, 0.000000000000000000, 0.3826834323650858960 ) ) ;
#293 = VERTEX_POINT ( 'NONE', #6277 ) ;
#294 = DIRECTION ( 'NONE',  ( 1.000000000000000000, 0.000000000000000000, 0.000000000000000000 ) ) ;
#295 = VERTEX_POINT ( 'NONE', #8623 ) ;
#296 = ORIENTED_EDGE ( 'NONE', *, *, #9900, .T. ) ;
#297 = CARTESIAN_POINT ( 'NONE',  ( 87.89439220029241540, 17.50000000000000000, -1.499999999999993561 ) ) ;
#298 = EDGE_LOOP ( 'NONE', ( #5580, #6314, #7797, #2837 ) ) ;
#299 = AXIS2_PLACEMENT_3D ( 'NONE', #2128, #10406, #6359 ) ;
#300 =( BOUNDED_CURVE ( )  B_SPLINE_CURVE ( 3, ( #394, #1131, #1179, #4541 ),
 .UNSPECIFIED., .F., .F. ) 
 B_SPLINE_CURVE_WITH_KNOTS ( ( 4, 4 ),
 ( 3.141592653589793116, 4.082246578227962885 ),
 .UNSPECIFIED. ) 
 CURVE ( )  GEOMETRIC_REPRESENTATION_ITEM ( )  RATIONAL_B_SPLINE_CURVE ( ( 1.000000000000000000, 0.9276134425277003936, 0.9276134425277003936, 1.000000000000000000 ) ) 
 REPRESENTATION_ITEM ( '' )  );
#301 = ADVANCED_FACE ( 'NONE', ( #7981, #2960 ), #5469, .T. ) ;
#302 = VERTEX_POINT ( 'NONE', #1299 ) ;
#303 = ADVANCED_FACE ( 'NONE', ( #502 ), #9632, .F. ) ;
#304 = ADVANCED_FACE ( 'NONE', ( #3856 ), #6335, .F. ) ;
#305 = LINE ( 'NONE', #3554, #2052 ) ;
#306 = DIRECTION ( 'NONE',  ( 0.9238795325112882928, 0.000000000000000000, 0.3826834323650858960 ) ) ;
#307 = LINE ( 'NONE', #9921, #1195 ) ;
#308 = CARTESIAN_POINT ( 'NONE',  ( 58.99975000000002723, 18.34604576567463496, -1.500000000000001332 ) ) ;
#309 = ORIENTED_EDGE ( 'NONE', *, *, #7368, .T. ) ;
#310 = LINE ( 'NONE', #5000, #8518 ) ;
#311 = DIRECTION ( 'NONE',  ( -0.000000000000000000, -1.000000000000000000, -0.000000000000000000 ) ) ;
#312 = LINE ( 'NONE', #6891, #2344 ) ;
#313 = EDGE_LOOP ( 'NONE', ( #2836, #2010, #5795, #4180, #10074 ) ) ;
#314 = DIRECTION ( 'NONE',  ( -0.3826834323650853964, -0.000000000000000000, 0.9238795325112885148 ) ) ;
#315 = CARTESIAN_POINT ( 'NONE',  ( 44.29974999999996044, 20.00000000000000355, -9.496478871970266411 ) ) ;
#316 = ORIENTED_EDGE ( 'NONE', *, *, #10280, .F. ) ;
#317 = EDGE_LOOP ( 'NONE', ( #7300, #1143, #281, #4610, #7648 ) ) ;
#318 = ADVANCED_FACE ( 'NONE', ( #3114 ), #450, .T. ) ;
#319 = VECTOR ( 'NONE', #2043, 1000.000000000000114 ) ;
#320 = PLANE ( 'NONE',  #844 ) ;
#321 = CARTESIAN_POINT ( 'NONE',  ( 68.79975000000001728, 18.50000000000000355, -2.893084275847659370 ) ) ;
#322 = DIRECTION ( 'NONE',  ( -0.000000000000000000, -0.000000000000000000, 1.000000000000000000 ) ) ;
#323 = DIRECTION ( 'NONE',  ( -0.9238795325112844070, 0.000000000000000000, 0.3826834323650956660 ) ) ;
#324 = DIRECTION ( 'NONE',  ( 0.3826834323650853964, -0.000000000000000000, -0.9238795325112885148 ) ) ;
#325 = PLANE ( 'NONE',  #1075 ) ;
#326 = ORIENTED_EDGE ( 'NONE', *, *, #5919, .F. ) ;
#327 = ORIENTED_EDGE ( 'NONE', *, *, #8907, .F. ) ;
#328 = EDGE_LOOP ( 'NONE', ( #5378, #6025, #3068, #8255 ) ) ;
#329 = EDGE_CURVE ( 'NONE', #6823, #2799, #6975, .T. ) ;
#330 = EDGE_CURVE ( 'NONE', #5921, #5654, #9586, .T. ) ;
#331 = EDGE_CURVE ( 'NONE', #2496, #5762, #9583, .T. ) ;
#332 = AXIS2_PLACEMENT_3D ( 'NONE', #180, #1952, #1140 ) ;
#333 = DIRECTION ( 'NONE',  ( -0.000000000000000000, -1.000000000000000000, -0.000000000000000000 ) ) ;
#334 = LINE ( 'NONE', #1989, #1568 ) ;
#335 = DIRECTION ( 'NONE',  ( 0.9238795325112885148, -0.000000000000000000, 0.3826834323650853964 ) ) ;
#336 = DIRECTION ( 'NONE',  ( 1.000000000000000000, 0.000000000000000000, 0.000000000000000000 ) ) ;
#337 = LINE ( 'NONE', #8346, #10042 ) ;
#338 = AXIS2_PLACEMENT_3D ( 'NONE', #617, #6340, #4659 ) ;
#339 = EDGE_LOOP ( 'NONE', ( #6315, #712, #10081, #2452 ) ) ;
#340 = CARTESIAN_POINT ( 'NONE',  ( 30.52387953251129105, 2.000000000000000000, -7.361589488434684192 ) ) ;
#341 = AXIS2_PLACEMENT_3D ( 'NONE', #9128, #4315, #265 ) ;
#342 = ORIENTED_EDGE ( 'NONE', *, *, #3502, .T. ) ;
#343 = EDGE_CURVE ( 'NONE', #8842, #9798, #7398, .T. ) ;
#344 = VECTOR ( 'NONE', #2757, 1000.000000000000000 ) ;
#345 = DIRECTION ( 'NONE',  ( -0.3826834323650853964, -0.000000000000000000, 0.9238795325112885148 ) ) ;
#346 = FACE_OUTER_BOUND ( 'NONE', #7986, .T. ) ;
#347 = VECTOR ( 'NONE', #2514, 1000.000000000000000 ) ;
#348 = DIRECTION ( 'NONE',  ( 1.000000000000000000, -0.000000000000000000, 2.105213941857293549E-15 ) ) ;
#349 = ORIENTED_EDGE ( 'NONE', *, *, #7587, .F. ) ;
#350 = DIRECTION ( 'NONE',  ( -0.3826834323650956105, 0.000000000000000000, -0.9238795325112842960 ) ) ;
#351 = CIRCLE ( 'NONE', #8364, 1.000000000000000888 ) ;
#352 = ORIENTED_EDGE ( 'NONE', *, *, #4836, .F. ) ;
#353 = DIRECTION ( 'NONE',  ( -1.000000000000000000, 0.000000000000000000, -0.000000000000000000 ) ) ;
#354 = EDGE_LOOP ( 'NONE', ( #5406, #9606, #1502, #1927 ) ) ;
#355 = LINE ( 'NONE', #6071, #10311 ) ;
#356 = AXIS2_PLACEMENT_3D ( 'NONE', #4969, #6433, #5774 ) ;
#357 = ORIENTED_EDGE ( 'NONE', *, *, #5409, .F. ) ;
#358 = VECTOR ( 'NONE', #9455, 1000.000000000000000 ) ;
#359 = VECTOR ( 'NONE', #5445, 1000.000000000000114 ) ;
#360 = FACE_OUTER_BOUND ( 'NONE', #7193, .T. ) ;
#361 = DIRECTION ( 'NONE',  ( -0.3826834323650956105, 0.000000000000000000, -0.9238795325112842960 ) ) ;
#362 = CARTESIAN_POINT ( 'NONE',  ( 19.80000000000000426, 18.50000000000000355, -5.129939884265908745 ) ) ;
#363 = DIRECTION ( 'NONE',  ( 0.000000000000000000, -0.000000000000000000, -1.000000000000000000 ) ) ;
#364 = ORIENTED_EDGE ( 'NONE', *, *, #10125, .F. ) ;
#365 = FACE_OUTER_BOUND ( 'NONE', #2178, .T. ) ;
#366 = CARTESIAN_POINT ( 'NONE',  ( 29.09439220029240403, 17.50000000000000000, -1.499999999999999556 ) ) ;
#367 = DIRECTION ( 'NONE',  ( 0.000000000000000000, 0.000000000000000000, 1.000000000000000000 ) ) ;
#368 = ORIENTED_EDGE ( 'NONE', *, *, #979, .T. ) ;
#369 =( BOUNDED_CURVE ( )  B_SPLINE_CURVE ( 3, ( #7437, #5823, #5670, #3203 ),
 .UNSPECIFIED., .F., .F. ) 
 B_SPLINE_CURVE_WITH_KNOTS ( ( 4, 4 ),
 ( 4.082246578227946898, 4.712388980384663029 ),
 .UNSPECIFIED. ) 
 CURVE ( )  GEOMETRIC_REPRESENTATION_ITEM ( )  RATIONAL_B_SPLINE_CURVE ( ( 1.000000000000000000, 0.9671828781581011114, 0.9671828781581011114, 1.000000000000000000 ) ) 
 REPRESENTATION_ITEM ( '' )  );
#370 = CARTESIAN_POINT ( 'NONE',  ( 13.17500000000000249, 18.50000000000000355, 0.000000000000000000 ) ) ;
#371 = VECTOR ( 'NONE', #10305, 1000.000000000000000 ) ;
#372 = CARTESIAN_POINT ( 'NONE',  ( 78.60000000000002274, 12.66666666666666607, -7.744272920799764925 ) ) ;
#373 = EDGE_CURVE ( 'NONE', #3485, #6286, #9570, .T. ) ;
#374 = ORIENTED_EDGE ( 'NONE', *, *, #3553, .F. ) ;
#375 = EDGE_CURVE ( 'NONE', #10510, #9858, #4912, .T. ) ;
#376 = ORIENTED_EDGE ( 'NONE', *, *, #3493, .F. ) ;
#377 = LINE ( 'NONE', #9176, #3766 ) ;
#378 = CARTESIAN_POINT ( 'NONE',  ( 83.49974999999994907, 17.50000000000000000, -12.10960480172301423 ) ) ;
#379 = CARTESIAN_POINT ( 'NONE',  ( 19.47808768696163284, 18.15878848121910139, -1.500000000000000666 ) ) ;
#380 = LINE ( 'NONE', #6091, #8550 ) ;
#381 = EDGE_CURVE ( 'NONE', #5520, #2862, #9034, .T. ) ;
#382 = VECTOR ( 'NONE', #3784, 1000.000000000000000 ) ;
#383 = LINE ( 'NONE', #7703, #8885 ) ;
#384 = LINE ( 'NONE', #6906, #1246 ) ;
#385 = ORIENTED_EDGE ( 'NONE', *, *, #4732, .F. ) ;
#386 = ORIENTED_EDGE ( 'NONE', *, *, #3625, .F. ) ;
#387 = ORIENTED_EDGE ( 'NONE', *, *, #3169, .T. ) ;
#388 = ORIENTED_EDGE ( 'NONE', *, *, #10167, .F. ) ;
#389 = VECTOR ( 'NONE', #6054, 1000.000000000000000 ) ;
#390 = FACE_OUTER_BOUND ( 'NONE', #7674, .T. ) ;
#391 = LINE ( 'NONE', #5996, #6334 ) ;
#392 = CARTESIAN_POINT ( 'NONE',  ( 104.8250000000000171, 20.00000000000000355, 0.000000000000000000 ) ) ;
#393 = CARTESIAN_POINT ( 'NONE',  ( 86.81200000000001182, 20.00000000000000355, -1.499999999999999556 ) ) ;
#394 = CARTESIAN_POINT ( 'NONE',  ( 15.34433197061163945, 17.50000000000000000, -18.50000000000000000 ) ) ;
#395 = CARTESIAN_POINT ( 'NONE',  ( 73.25516802938824412, 18.50000000000000355, -18.50000000000000355 ) ) ;
#396 = ORIENTED_EDGE ( 'NONE', *, *, #3493, .T. ) ;
#397 = LINE ( 'NONE', #2797, #9620 ) ;
#398 = ORIENTED_EDGE ( 'NONE', *, *, #5409, .T. ) ;
#399 = VECTOR ( 'NONE', #9562, 1000.000000000000000 ) ;
#400 = DIRECTION ( 'NONE',  ( 0.000000000000000000, 0.000000000000000000, 1.000000000000000000 ) ) ;
#401 = PLANE ( 'NONE',  #9723 ) ;
#402 = ADVANCED_FACE ( 'NONE', ( #8136 ), #2317, .F. ) ;
#403 = CARTESIAN_POINT ( 'NONE',  ( 58.99993749768392348, 18.50000000000000355, -10.35694617991806865 ) ) ;
#404 = ORIENTED_EDGE ( 'NONE', *, *, #7046, .F. ) ;
#405 = DIRECTION ( 'NONE',  ( -0.9238795325112838519, 0.000000000000000000, 0.3826834323650967207 ) ) ;
#406 = AXIS2_PLACEMENT_3D ( 'NONE', #10436, #3108, #6221 ) ;
#407 = VERTEX_POINT ( 'NONE', #3 ) ;
#408 = CARTESIAN_POINT ( 'NONE',  ( 0.000000000000000000, 2.000000000000000000, -20.00000000000000000 ) ) ;
#409 = ORIENTED_EDGE ( 'NONE', *, *, #5200, .T. ) ;
#410 = CARTESIAN_POINT ( 'NONE',  ( 107.0000000000000142, 17.50000000000000000, -2.693568355077375909 ) ) ;
#411 = ORIENTED_EDGE ( 'NONE', *, *, #10080, .T. ) ;
#412 = EDGE_CURVE ( 'NONE', #3724, #691, #4866, .T. ) ;
#413 = ORIENTED_EDGE ( 'NONE', *, *, #1298, .T. ) ;
#414 = AXIS2_PLACEMENT_3D ( 'NONE', #681, #3138, #6412 ) ;
#415 = CARTESIAN_POINT ( 'NONE',  ( 78.59975000000001444, 2.000000000000000000, -2.893084275847624731 ) ) ;
#416 = CARTESIAN_POINT ( 'NONE',  ( 48.69439220029240545, 18.50000000000000355, -1.499999999999999556 ) ) ;
#417 = CARTESIAN_POINT ( 'NONE',  ( 90.12474999999994907, 18.50000000000000355, -18.50000000000000000 ) ) ;
#418 = DIRECTION ( 'NONE',  ( -0.000000000000000000, -0.000000000000000000, 1.000000000000000000 ) ) ;
#419 = ORIENTED_EDGE ( 'NONE', *, *, #2647, .T. ) ;
#420 = CARTESIAN_POINT ( 'NONE',  ( 69.30510779970761348, 2.999999999999999112, -1.500000000000000000 ) ) ;
#421 = CARTESIAN_POINT ( 'NONE',  ( 21.52474999999994054, 2.000000000000000000, 0.000000000000000000 ) ) ;
#422 = FACE_OUTER_BOUND ( 'NONE', #10268, .T. ) ;
#423 = ORIENTED_EDGE ( 'NONE', *, *, #9551, .F. ) ;
#424 = CARTESIAN_POINT ( 'NONE',  ( 19.80000000000000426, 20.00000000000000355, -10.35619174377131557 ) ) ;
#425 = EDGE_CURVE ( 'NONE', #6470, #7709, #2615, .T. ) ;
#426 = PLANE ( 'NONE',  #6222 ) ;
#427 = VERTEX_POINT ( 'NONE', #9843 ) ;
#428 = AXIS2_PLACEMENT_3D ( 'NONE', #9907, #4024, #8898 ) ;
#429 = PLANE ( 'NONE',  #3959 ) ;
#430 = FACE_OUTER_BOUND ( 'NONE', #6086, .T. ) ;
#431 = PLANE ( 'NONE',  #4414 ) ;
#432 = CARTESIAN_POINT ( 'NONE',  ( 81.97277582909586613, 18.50000000000000355, -18.50000000000000000 ) ) ;
#433 = EDGE_LOOP ( 'NONE', ( #128, #9913, #936, #2275 ) ) ;
#434 = VERTEX_POINT ( 'NONE', #7334 ) ;
#435 = ORIENTED_EDGE ( 'NONE', *, *, #10517, .T. ) ;
#436 = ORIENTED_EDGE ( 'NONE', *, *, #7794, .T. ) ;
#437 = EDGE_CURVE ( 'NONE', #2684, #5024, #6063, .T. ) ;
#438 =( BOUNDED_CURVE ( )  B_SPLINE_CURVE ( 3, ( #4567, #9548, #3033, #4780 ),
 .UNSPECIFIED., .F., .F. ) 
 B_SPLINE_CURVE_WITH_KNOTS ( ( 4, 4 ),
 ( 4.712388980384689674, 4.712850920160109425 ),
 .UNSPECIFIED. ) 
 CURVE ( )  GEOMETRIC_REPRESENTATION_ITEM ( )  RATIONAL_B_SPLINE_CURVE ( ( 1.000000000000000000, 0.9999999822176370845, 0.9999999822176370845, 1.000000000000000000 ) ) 
 REPRESENTATION_ITEM ( '' )  );
#439 = CARTESIAN_POINT ( 'NONE',  ( 101.5727758290958604, 20.00000000000000355, -18.50000000000000000 ) ) ;
#440 = CARTESIAN_POINT ( 'NONE',  ( 99.92474999999994623, 20.00000000000000355, -18.50000000000000000 ) ) ;
#441 = LINE ( 'NONE', #9310, #5331 ) ;
#443 = EDGE_CURVE ( 'NONE', #865, #8746, #2522, .T. ) ;
#442 = DIRECTION ( 'NONE',  ( -0.3826834323650958325, 0.000000000000000000, -0.9238795325112842960 ) ) ;
#444 = ADVANCED_FACE ( 'NONE', ( #2365 ), #3159, .F. ) ;
#445 = DIRECTION ( 'NONE',  ( 0.000000000000000000, 0.000000000000000000, -1.000000000000000000 ) ) ;
#446 = DIRECTION ( 'NONE',  ( 0.3826834323650853964, 0.000000000000000000, -0.9238795325112886259 ) ) ;
#447 = VERTEX_POINT ( 'NONE', #5619 ) ;
#448 = CARTESIAN_POINT ( 'NONE',  ( 102.6551680293882498, 17.50000000000000000, -18.50000000000000355 ) ) ;
#449 = ORIENTED_EDGE ( 'NONE', *, *, #6843, .T. ) ;
#450 = PLANE ( 'NONE',  #7944 ) ;
#451 = CYLINDRICAL_SURFACE ( 'NONE', #7009, 1.000000000000003109 ) ;
#452 = DIRECTION ( 'NONE',  ( -0.3826834323650958325, 0.000000000000000000, -0.9238795325112842960 ) ) ;
#453 = ORIENTED_EDGE ( 'NONE', *, *, #2847, .F. ) ;
#454 = CARTESIAN_POINT ( 'NONE',  ( 83.49974999999993486, 2.000000000000000000, -14.72273073147576739 ) ) ;
#455 = ORIENTED_EDGE ( 'NONE', *, *, #7073, .T. ) ;
#456 = CARTESIAN_POINT ( 'NONE',  ( 87.98122826719632883, 18.50000000000000355, -1.882683432365087839 ) ) ;
#457 = ORIENTED_EDGE ( 'NONE', *, *, #2008, .F. ) ;
#458 = DIRECTION ( 'NONE',  ( -0.3826834323650853964, 0.000000000000000000, 0.9238795325112885148 ) ) ;
#459 = ORIENTED_EDGE ( 'NONE', *, *, #3969, .F. ) ;
#460 = EDGE_CURVE ( 'NONE', #778, #3773, #8084, .T. ) ;
#461 = EDGE_CURVE ( 'NONE', #4762, #4483, #8246, .T. ) ;
#462 = ADVANCED_FACE ( 'NONE', ( #1504 ), #4759, .T. ) ;
#463 = DIRECTION ( 'NONE',  ( -0.000000000000000000, -1.000000000000000000, -0.000000000000000000 ) ) ;
#464 = FACE_OUTER_BOUND ( 'NONE', #1959, .T. ) ;
#465 = CARTESIAN_POINT ( 'NONE',  ( 43.82045243810036084, 2.000000000000000000, -18.11731656763490861 ) ) ;
#466 = CARTESIAN_POINT ( 'NONE',  ( 73.69974999999995191, 2.000000000000000000, -16.96018989328456428 ) ) ;
#467 = EDGE_LOOP ( 'NONE', ( #5032, #126, #5249, #2182 ) ) ;
#468 = LINE ( 'NONE', #3716, #3218 ) ;
#469 = CARTESIAN_POINT ( 'NONE',  ( 78.59975000000000023, 18.08578643762690774, -7.743669367409215631 ) ) ;
#470 = CARTESIAN_POINT ( 'NONE',  ( 65.62500000000001421, 18.50000000000000355, -1.500000000000000000 ) ) ;
#471 = EDGE_LOOP ( 'NONE', ( #1651, #7094, #9847, #7320 ) ) ;
#472 = VECTOR ( 'NONE', #6510, 1000.000000000000000 ) ;
#473 = DIRECTION ( 'NONE',  ( -0.3826834323650958325, -0.000000000000000000, -0.9238795325112842960 ) ) ;
#474 = FACE_OUTER_BOUND ( 'NONE', #5920, .T. ) ;
#475 = ORIENTED_EDGE ( 'NONE', *, *, #8993, .T. ) ;
#476 = ADVANCED_FACE ( 'NONE', ( #3955 ), #4008, .F. ) ;
#477 = DIRECTION ( 'NONE',  ( -0.9238795325112886259, 0.000000000000000000, -0.3826834323650851188 ) ) ;
#478 = CARTESIAN_POINT ( 'NONE',  ( 52.57277582909584623, 2.000000000000000000, -18.50000000000000000 ) ) ;
#479 = CARTESIAN_POINT ( 'NONE',  ( 10.00000000000000000, 11.50000000000000000, -5.000000000000000888 ) ) ;
#480 = CARTESIAN_POINT ( 'NONE',  ( 63.89974999999994765, 2.192056395364464727, -18.50000000000000000 ) ) ;
#481 = ORIENTED_EDGE ( 'NONE', *, *, #9410, .F. ) ;
#482 = CARTESIAN_POINT ( 'NONE',  ( 79.72428806984527228, 18.50000000000000355, -13.07126799313208743 ) ) ;
#483 = VERTEX_POINT ( 'NONE', #5676 ) ;
#484 = ORIENTED_EDGE ( 'NONE', *, *, #5121, .T. ) ;
#485 = ORIENTED_EDGE ( 'NONE', *, *, #4734, .F. ) ;
#486 = ORIENTED_EDGE ( 'NONE', *, *, #3464, .F. ) ;
#487 = VECTOR ( 'NONE', #4011, 1000.000000000000000 ) ;
#488 = DIRECTION ( 'NONE',  ( -1.000000000000000000, 0.000000000000000000, -0.000000000000000000 ) ) ;
#489 = LINE ( 'NONE', #2948, #1874 ) ;
#490 = LINE ( 'NONE', #3849, #7214 ) ;
#491 = LINE ( 'NONE', #7976, #5635 ) ;
#492 = SPHERICAL_SURFACE ( 'NONE', #6155, 1.000000000000000000 ) ;
#493 = CARTESIAN_POINT ( 'NONE',  ( 59.92387953251130028, 2.000000000000000000, -7.361589488434682416 ) ) ;
#494 = EDGE_CURVE ( 'NONE', #8556, #427, #4058, .T. ) ;
#495 = ORIENTED_EDGE ( 'NONE', *, *, #9777, .T. ) ;
#496 = DIRECTION ( 'NONE',  ( 1.000000000000000000, 0.000000000000000000, 0.000000000000000000 ) ) ;
#497 = VERTEX_POINT ( 'NONE', #221 ) ;
#498 =( BOUNDED_CURVE ( )  B_SPLINE_CURVE ( 3, ( #3528, #2789, #1128, #6805 ),
 .UNSPECIFIED., .F., .F. ) 
 B_SPLINE_CURVE_WITH_KNOTS ( ( 4, 4 ),
 ( 5.342531382541426233, 6.283185307179586232 ),
 .UNSPECIFIED. ) 
 CURVE ( )  GEOMETRIC_REPRESENTATION_ITEM ( )  RATIONAL_B_SPLINE_CURVE ( ( 1.000000000000000000, 0.9276134425277018369, 0.9276134425277018369, 1.000000000000000000 ) ) 
 REPRESENTATION_ITEM ( '' )  );
#499 = VECTOR ( 'NONE', #6246, 1000.000000000000000 ) ;
#500 = ADVANCED_FACE ( 'NONE', ( #2574 ), #2729, .F. ) ;
#501 = EDGE_CURVE ( 'NONE', #2670, #2684, #9047, .T. ) ;
#502 = FACE_OUTER_BOUND ( 'NONE', #3477, .T. ) ;
#503 = CARTESIAN_POINT ( 'NONE',  ( 96.63634029509842094, 18.50000000000000355, 3.494446567024352746 ) ) ;
#504 = CARTESIAN_POINT ( 'NONE',  ( 10.00000000000000000, 10.00000000000000000, -17.09999999999999787 ) ) ;
#505 = EDGE_LOOP ( 'NONE', ( #4965, #7015, #6187, #1202, #1490, #6617 ) ) ;
#506 = DIRECTION ( 'NONE',  ( 1.000000000000000000, -0.000000000000000000, -0.000000000000000000 ) ) ;
#507 = EDGE_CURVE ( 'NONE', #7431, #2536, #9234, .T. ) ;
#508 = VECTOR ( 'NONE', #5454, 1000.000000000000000 ) ;
#509 = ORIENTED_EDGE ( 'NONE', *, *, #3006, .T. ) ;
#510 = DIRECTION ( 'NONE',  ( 0.000000000000000000, 0.000000000000000000, -1.000000000000000000 ) ) ;
#511 = ORIENTED_EDGE ( 'NONE', *, *, #1082, .T. ) ;
#512 = CARTESIAN_POINT ( 'NONE',  ( 27.87474999999994196, 20.00000000000000355, -18.50000000000000000 ) ) ;
#513 = ORIENTED_EDGE ( 'NONE', *, *, #9451, .T. ) ;
#514 = VECTOR ( 'NONE', #5896, 1000.000000000000114 ) ;
#515 = CARTESIAN_POINT ( 'NONE',  ( 49.03794430587991826, 18.50000000000000355, -8.134302868623109362 ) ) ;
#516 = AXIS2_PLACEMENT_3D ( 'NONE', #4904, #10481, #3153 ) ;
#517 = CARTESIAN_POINT ( 'NONE',  ( 40.98750000000000426, 2.000000000000000000, -1.500000000000000888 ) ) ;
#518 = VECTOR ( 'NONE', #445, 1000.000000000000000 ) ;
#519 = LINE ( 'NONE', #8689, #3313 ) ;
#520 = CARTESIAN_POINT ( 'NONE',  ( 19.79975000000000307, 2.000000000000000000, -2.893084275847621623 ) ) ;
#521 = VERTEX_POINT ( 'NONE', #8455 ) ;
#522 =( BOUNDED_CURVE ( )  B_SPLINE_CURVE ( 3, ( #6893, #8541, #7798, #2021 ),
 .UNSPECIFIED., .F., .F. ) 
 B_SPLINE_CURVE_WITH_KNOTS ( ( 4, 4 ),
 ( 4.150116409062338363, 4.712388980384689674 ),
 .UNSPECIFIED. ) 
 CURVE ( )  GEOMETRIC_REPRESENTATION_ITEM ( )  RATIONAL_B_SPLINE_CURVE ( ( 1.000000000000000000, 0.9738271993243676761, 0.9738271993243676761, 1.000000000000000000 ) ) 
 REPRESENTATION_ITEM ( '' )  );
#523 = VECTOR ( 'NONE', #568, 1000.000000000000000 ) ;
#524 = EDGE_CURVE ( 'NONE', #4665, #5748, #391, .T. ) ;
#525 = CARTESIAN_POINT ( 'NONE',  ( 39.39975000000003291, 18.50000000000000355, -5.130543437656421624 ) ) ;
#526 = EDGE_CURVE ( 'NONE', #6668, #2606, #8081, .T. ) ;
#527 = CARTESIAN_POINT ( 'NONE',  ( 65.42672417090405190, 20.00000000000000355, -18.50000000000000355 ) ) ;
#528 = EDGE_LOOP ( 'NONE', ( #6366, #4411, #4443, #7943 ) ) ;
#529 = CARTESIAN_POINT ( 'NONE',  ( 20.26314296503858969, 2.000000000000000000, -4.011813856752078244 ) ) ;
#530 = EDGE_CURVE ( 'NONE', #2168, #7829, #9160, .T. ) ;
#531 = DIRECTION ( 'NONE',  ( 0.000000000000000000, 0.000000000000000000, -1.000000000000000000 ) ) ;
#532 = CIRCLE ( 'NONE', #2736, 0.9999999999999988898 ) ;
#533 = VECTOR ( 'NONE', #1606, 1000.000000000000000 ) ;
#534 = AXIS2_PLACEMENT_3D ( 'NONE', #3437, #6711, #819 ) ;
#535 = CARTESIAN_POINT ( 'NONE',  ( 78.60000000000000853, 2.999999999999999112, -7.743065814018603277 ) ) ;
#536 = DIRECTION ( 'NONE',  ( -0.9238795325112844070, 0.000000000000000000, 0.3826834323650954994 ) ) ;
#537 = FACE_OUTER_BOUND ( 'NONE', #3215, .T. ) ;
#538 = EDGE_CURVE ( 'NONE', #76, #3791, #498, .T. ) ;
#539 = CARTESIAN_POINT ( 'NONE',  ( 38.89439220029240118, 17.50000000000000000, -1.499999999999996447 ) ) ;
#540 = EDGE_LOOP ( 'NONE', ( #3101, #7672, #10120, #368, #4143 ) ) ;
#541 = ORIENTED_EDGE ( 'NONE', *, *, #9136, .T. ) ;
#542 = EDGE_LOOP ( 'NONE', ( #5198, #10545, #3953, #4526, #3220 ) ) ;
#543 = ORIENTED_EDGE ( 'NONE', *, *, #1142, .F. ) ;
#544 = EDGE_CURVE ( 'NONE', #5027, #3190, #3588, .T. ) ;
#545 = VERTEX_POINT ( 'NONE', #1934 ) ;
#546 = AXIS2_PLACEMENT_3D ( 'NONE', #3790, #9510, #9405 ) ;
#547 = EDGE_CURVE ( 'NONE', #5780, #9445, #10273, .T. ) ;
#548 = DIRECTION ( 'NONE',  ( 0.3827076417426389376, 0.000000000000000000, 0.9238695042871519769 ) ) ;
#549 = CARTESIAN_POINT ( 'NONE',  ( 18.71406477336863361, 2.999999999999999112, -7.751619436258012641 ) ) ;
#550 = CYLINDRICAL_SURFACE ( 'NONE', #3786, 1.000000000000000888 ) ;
#551 = DIRECTION ( 'NONE',  ( -0.000000000000000000, -1.000000000000000000, -0.000000000000000000 ) ) ;
#552 = LINE ( 'NONE', #3898, #9220 ) ;
#553 = LINE ( 'NONE', #8568, #2198 ) ;
#554 = ORIENTED_EDGE ( 'NONE', *, *, #8401, .T. ) ;
#555 = CARTESIAN_POINT ( 'NONE',  ( 20.30510779970761703, 2.999999999999999112, -1.500000000000000000 ) ) ;
#556 = ADVANCED_FACE ( 'NONE', ( #1018 ), #1877, .F. ) ;
#557 = CIRCLE ( 'NONE', #6180, 2.075000000000000178 ) ;
#558 = ORIENTED_EDGE ( 'NONE', *, *, #7516, .T. ) ;
#559 = VECTOR ( 'NONE', #9920, 1000.000000000000114 ) ;
#560 = CARTESIAN_POINT ( 'NONE',  ( 103.0997499999999576, 2.414213562373092703, -12.10960480172300535 ) ) ;
#561 = CARTESIAN_POINT ( 'NONE',  ( 62.17500000000001137, 20.00000000000000355, -1.500000000000000000 ) ) ;
#562 = CARTESIAN_POINT ( 'NONE',  ( 77.51406477336863077, 2.999999999999999112, -7.751619436258012641 ) ) ;
#563 = VERTEX_POINT ( 'NONE', #5935 ) ;
#564 = CARTESIAN_POINT ( 'NONE',  ( 93.29974999999996044, 18.30794360463553261, -18.50000000000000000 ) ) ;
#565 = EDGE_CURVE ( 'NONE', #10064, #10371, #2677, .T. ) ;
#566 = EDGE_CURVE ( 'NONE', #2910, #6810, #5190, .T. ) ;
#567 = ORIENTED_EDGE ( 'NONE', *, *, #1774, .T. ) ;
#568 = DIRECTION ( 'NONE',  ( -0.000000000000000000, -1.000000000000000000, -0.000000000000000000 ) ) ;
#569 = EDGE_LOOP ( 'NONE', ( #3446, #2597, #187, #4186, #9621 ) ) ;
#570 = CARTESIAN_POINT ( 'NONE',  ( 49.19975000000001586, 2.153954234325363259, -1.500000000000000444 ) ) ;
#571 = ORIENTED_EDGE ( 'NONE', *, *, #1086, .T. ) ;
#572 = ADVANCED_FACE ( 'NONE', ( #5133 ), #8341, .T. ) ;
#573 = CARTESIAN_POINT ( 'NONE',  ( 57.43634029509841810, 18.50000000000000355, 3.494446567024352746 ) ) ;
#574 = CARTESIAN_POINT ( 'NONE',  ( 59.32141231303840101, 2.341211518780903056, -1.500000000000000222 ) ) ;
#575 = CARTESIAN_POINT ( 'NONE',  ( 34.49974999999994196, 18.08578643762691485, -12.10960480172299825 ) ) ;
#576 = VECTOR ( 'NONE', #1113, 1000.000000000000000 ) ;
#577 = DIRECTION ( 'NONE',  ( 0.000000000000000000, 0.000000000000000000, -1.000000000000000000 ) ) ;
#578 = CYLINDRICAL_SURFACE ( 'NONE', #2728, 0.9999999999999994449 ) ;
#579 = LINE ( 'NONE', #1370, #5017 ) ;
#580 = ORIENTED_EDGE ( 'NONE', *, *, #10372, .F. ) ;
#581 = CARTESIAN_POINT ( 'NONE',  ( 19.60000000000000142, 18.50000000000000355, -18.50000000000000000 ) ) ;
#582 = ADVANCED_FACE ( 'NONE', ( #964 ), #7492, .F. ) ;
#583 = EDGE_CURVE ( 'NONE', #6230, #5726, #2896, .T. ) ;
#584 = LINE ( 'NONE', #5542, #9917 ) ;
#585 = CARTESIAN_POINT ( 'NONE',  ( 64.18457362364324581, 18.11602497579403703, -18.50000000000000000 ) ) ;
#586 = EDGE_LOOP ( 'NONE', ( #7810, #5038, #3627, #9408, #9292 ) ) ;
#587 = CARTESIAN_POINT ( 'NONE',  ( 95.02500000000000568, 2.000000000000000000, 0.000000000000000000 ) ) ;
#588 = CARTESIAN_POINT ( 'NONE',  ( 85.02672417090403201, 20.00000000000000355, -18.50000000000000355 ) ) ;
#589 = VECTOR ( 'NONE', #10020, 1000.000000000000000 ) ;
#590 = VECTOR ( 'NONE', #10300, 1000.000000000000114 ) ;
#591 = CARTESIAN_POINT ( 'NONE',  ( 32.60693044602947310, 17.50000000000000000, 13.50623281810142018 ) ) ;
#592 = CARTESIAN_POINT ( 'NONE',  ( 44.29974999999996044, 18.50000000000000355, -9.496478871970266411 ) ) ;
#593 = ORIENTED_EDGE ( 'NONE', *, *, #9529, .F. ) ;
#594 = DIRECTION ( 'NONE',  ( 1.239088197126290817E-16, -0.000000000000000000, 1.000000000000000000 ) ) ;
#595 = VECTOR ( 'NONE', #6540, 1000.000000000000000 ) ;
#596 = CARTESIAN_POINT ( 'NONE',  ( 62.17500000000001137, 18.50000000000000355, 0.000000000000000000 ) ) ;
#597 = ORIENTED_EDGE ( 'NONE', *, *, #2912, .F. ) ;
#598 = DIRECTION ( 'NONE',  ( 0.3826834323650954439, 0.000000000000000000, 0.9238795325112842960 ) ) ;
#599 = ORIENTED_EDGE ( 'NONE', *, *, #3904, .F. ) ;
#600 = EDGE_LOOP ( 'NONE', ( #2707, #3312, #9007, #4531 ) ) ;
#601 = ORIENTED_EDGE ( 'NONE', *, *, #6778, .T. ) ;
#602 = ORIENTED_EDGE ( 'NONE', *, *, #3722, .F. ) ;
#603 = EDGE_CURVE ( 'NONE', #4252, #1630, #1289, .T. ) ;
#604 = VECTOR ( 'NONE', #822, 1000.000000000000227 ) ;
#605 = CARTESIAN_POINT ( 'NONE',  ( 68.60000000000000853, 18.50000000000000355, -1.500000000000000000 ) ) ;
#606 = DIRECTION ( 'NONE',  ( -1.000000000000000000, -0.000000000000000000, -0.000000000000000000 ) ) ;
#607 = LINE ( 'NONE', #3741, #8571 ) ;
#608 = CARTESIAN_POINT ( 'NONE',  ( 86.67474999999994623, 2.000000000000000000, 0.000000000000000000 ) ) ;
#609 = LINE ( 'NONE', #7872, #4444 ) ;
#610 = ADVANCED_FACE ( 'NONE', ( #6964 ), #6322, .F. ) ;
#611 = FACE_OUTER_BOUND ( 'NONE', #1062, .T. ) ;
#612 = ORIENTED_EDGE ( 'NONE', *, *, #3855, .T. ) ;
#613 = DIRECTION ( 'NONE',  ( -0.3826834323650866732, 0.000000000000000000, 0.9238795325112880708 ) ) ;
#614 = DIRECTION ( 'NONE',  ( 1.000000000000000000, 0.000000000000000000, 0.000000000000000000 ) ) ;
#615 = ADVANCED_FACE ( 'NONE', ( #3796 ), #8564, .F. ) ;
#616 = ORIENTED_EDGE ( 'NONE', *, *, #3542, .T. ) ;
#617 = CARTESIAN_POINT ( 'NONE',  ( 98.03794430587991826, 18.50000000000000355, -8.134302868623109362 ) ) ;
#618 = VERTEX_POINT ( 'NONE', #10216 ) ;
#619 = DIRECTION ( 'NONE',  ( -1.000000000000000000, 0.000000000000000000, 0.000000000000000000 ) ) ;
#620 = ORIENTED_EDGE ( 'NONE', *, *, #2184, .T. ) ;
#621 = CARTESIAN_POINT ( 'NONE',  ( 98.52141231303839675, 18.15878848121910849, -1.500000000000001332 ) ) ;
#622 = ORIENTED_EDGE ( 'NONE', *, *, #7804, .F. ) ;
#623 = DIRECTION ( 'NONE',  ( 0.3826834323650853964, 0.000000000000000000, -0.9238795325112885148 ) ) ;
#624 = CARTESIAN_POINT ( 'NONE',  ( 87.89439220029241540, 17.50000000000000000, -1.499999999999999556 ) ) ;
#625 = CARTESIAN_POINT ( 'NONE',  ( 48.69439220029240545, 17.50000000000000000, -1.499999999999999556 ) ) ;
#626 = LINE ( 'NONE', #5487, #5800 ) ;
#627 = CARTESIAN_POINT ( 'NONE',  ( 49.19975000000001586, 2.153954234325363259, -1.500000000000000444 ) ) ;
#628 = EDGE_LOOP ( 'NONE', ( #1126, #7248, #6705, #8299, #6563 ) ) ;
#629 = DIRECTION ( 'NONE',  ( -0.3826834323650958325, -0.000000000000000000, -0.9238795325112842960 ) ) ;
#630 = LINE ( 'NONE', #5326, #6859 ) ;
#631 = LINE ( 'NONE', #3979, #10532 ) ;
#632 = ORIENTED_EDGE ( 'NONE', *, *, #1125, .T. ) ;
#633 = DIRECTION ( 'NONE',  ( -0.000000000000000000, -1.000000000000000000, -0.000000000000000000 ) ) ;
#634 = ADVANCED_FACE ( 'NONE', ( #7974 ), #7023, .F. ) ;
#635 = CARTESIAN_POINT ( 'NONE',  ( 36.91246076258712350, 2.999999999999999112, 3.111763134659267127 ) ) ;
#636 = EDGE_CURVE ( 'NONE', #4374, #10375, #2841, .T. ) ;
#637 = EDGE_CURVE ( 'NONE', #2839, #7523, #7076, .T. ) ;
#638 = CARTESIAN_POINT ( 'NONE',  ( 27.87474999999994196, 18.50000000000000355, -20.00000000000000000 ) ) ;
#639 = DIRECTION ( 'NONE',  ( 0.3826834323650956105, 0.000000000000000000, 0.9238795325112842960 ) ) ;
#640 = VERTEX_POINT ( 'NONE', #6156 ) ;
#641 = DIRECTION ( 'NONE',  ( 0.000000000000000000, 0.000000000000000000, 1.000000000000000000 ) ) ;
#642 = LINE ( 'NONE', #6201, #7868 ) ;
#643 = VERTEX_POINT ( 'NONE', #4702 ) ;
#644 = CARTESIAN_POINT ( 'NONE',  ( 39.39975000000000449, 2.000000000000000000, -2.893084275847616293 ) ) ;
#645 = ORIENTED_EDGE ( 'NONE', *, *, #8134, .F. ) ;
#646 = EDGE_LOOP ( 'NONE', ( #7578, #2510, #7043, #7238, #2253, #3284, #2002 ) ) ;
#647 = ORIENTED_EDGE ( 'NONE', *, *, #6595, .T. ) ;
#648 = ORIENTED_EDGE ( 'NONE', *, *, #2203, .F. ) ;
#649 =( BOUNDED_CURVE ( )  B_SPLINE_CURVE ( 3, ( #1966, #6734, #5271, #6890 ),
 .UNSPECIFIED., .F., .F. ) 
 B_SPLINE_CURVE_WITH_KNOTS ( ( 4, 4 ),
 ( 3.141592653589793116, 4.712388980384690562 ),
 .UNSPECIFIED. ) 
 CURVE ( )  GEOMETRIC_REPRESENTATION_ITEM ( )  RATIONAL_B_SPLINE_CURVE ( ( 1.000000000000000000, 0.8047378541243648264, 0.8047378541243648264, 1.000000000000000000 ) ) 
 REPRESENTATION_ITEM ( '' )  );
#650 = CARTESIAN_POINT ( 'NONE',  ( 94.82672417090404338, 20.00000000000000355, -18.50000000000000355 ) ) ;
#651 = CARTESIAN_POINT ( 'NONE',  ( 67.71406477336863361, 2.999999999999999112, -7.751619436258012641 ) ) ;
#652 = DIRECTION ( 'NONE',  ( 1.000000000000000000, -0.000000000000000000, 4.336808689942017736E-16 ) ) ;
#653 = CARTESIAN_POINT ( 'NONE',  ( 49.19975000000000875, 18.50000000000000000, -2.396757161635501010 ) ) ;
#654 = CARTESIAN_POINT ( 'NONE',  ( 54.09974999999994338, 2.066190996450163908, -18.04903699352147939 ) ) ;
#655 = EDGE_CURVE ( 'NONE', #1538, #3370, #489, .T. ) ;
#656 = EDGE_CURVE ( 'NONE', #9686, #4822, #4792, .T. ) ;
#657 = DIRECTION ( 'NONE',  ( 0.3826990826101485665, 0.000000000000000000, 0.9238730498122297297 ) ) ;
#658 = ORIENTED_EDGE ( 'NONE', *, *, #2648, .T. ) ;
#659 = EDGE_CURVE ( 'NONE', #10287, #184, #10378, .T. ) ;
#660 = DIRECTION ( 'NONE',  ( -1.000000000000000000, 0.000000000000000000, 0.000000000000000000 ) ) ;
#661 = DIRECTION ( 'NONE',  ( -0.3826834323650958325, 0.000000000000000000, -0.9238795325112842960 ) ) ;
#662 = CARTESIAN_POINT ( 'NONE',  ( 88.40000000000000568, 20.00000000000000355, -10.35679529716193592 ) ) ;
#663 = EDGE_LOOP ( 'NONE', ( #3165, #6492, #6985, #2944, #388, #9021 ) ) ;
#664 = VERTEX_POINT ( 'NONE', #7765 ) ;
#665 = DIRECTION ( 'NONE',  ( -0.3826834323650853964, 0.000000000000000000, 0.9238795325112886259 ) ) ;
#666 = ORIENTED_EDGE ( 'NONE', *, *, #9452, .F. ) ;
#667 = CARTESIAN_POINT ( 'NONE',  ( 98.20000000000000284, 17.50000000000000000, -7.743669367409180992 ) ) ;
#668 = ORIENTED_EDGE ( 'NONE', *, *, #10417, .T. ) ;
#669 = ADVANCED_FACE ( 'NONE', ( #5401 ), #10168, .F. ) ;
#670 = LINE ( 'NONE', #3919, #5993 ) ;
#671 = VECTOR ( 'NONE', #7903, 1000.000000000000000 ) ;
#672 = CARTESIAN_POINT ( 'NONE',  ( 24.69974999999995546, 17.50000000000000000, -16.96018989328458204 ) ) ;
#673 = CARTESIAN_POINT ( 'NONE',  ( 63.42045243810036226, 2.000000000000000000, -18.11731656763490861 ) ) ;
#674 = LINE ( 'NONE', #7901, #8278 ) ;
#675 = EDGE_LOOP ( 'NONE', ( #2917, #6934, #5285, #10525, #1229 ) ) ;
#676 = CARTESIAN_POINT ( 'NONE',  ( 11.00000000000000355, 5.000000000000000000, -7.074999999999999289 ) ) ;
#677 = CARTESIAN_POINT ( 'NONE',  ( 58.99975000000001302, 18.50000000000000355, -2.396757161635507227 ) ) ;
#678 = LINE ( 'NONE', #9605, #2855 ) ;
#679 = VERTEX_POINT ( 'NONE', #6914 ) ;
#680 = CARTESIAN_POINT ( 'NONE',  ( 44.29974999999993912, 18.50000000000000355, -13.19199700201540182 ) ) ;
#681 = CARTESIAN_POINT ( 'NONE',  ( 0.000000000000000000, 0.000000000000000000, 0.000000000000000000 ) ) ;
#682 = VECTOR ( 'NONE', #7093, 1000.000000000000000 ) ;
#683 = CARTESIAN_POINT ( 'NONE',  ( 90.12474999999994907, 18.50000000000000355, -18.50000000000000000 ) ) ;
#684 = VERTEX_POINT ( 'NONE', #2039 ) ;
#685 = CARTESIAN_POINT ( 'NONE',  ( 85.02672417090403201, 18.50000000000000355, -18.50000000000000355 ) ) ;
#686 = DIRECTION ( 'NONE',  ( -0.3826834323650857850, 0.000000000000000000, 0.9238795325112884038 ) ) ;
#687 = ORIENTED_EDGE ( 'NONE', *, *, #8280, .F. ) ;
#688 = VECTOR ( 'NONE', #5937, 1000.000000000000000 ) ;
#689 = EDGE_CURVE ( 'NONE', #5007, #2839, #2200, .T. ) ;
#690 = FACE_OUTER_BOUND ( 'NONE', #2301, .T. ) ;
#691 = VERTEX_POINT ( 'NONE', #7869 ) ;
#692 = EDGE_CURVE ( 'NONE', #2595, #2739, #8143, .T. ) ;
#693 = AXIS2_PLACEMENT_3D ( 'NONE', #1907, #1151, #5161 ) ;
#694 = ORIENTED_EDGE ( 'NONE', *, *, #5334, .F. ) ;
#695 = EDGE_LOOP ( 'NONE', ( #4373, #5140, #8460, #8060 ) ) ;
#696 = AXIS2_PLACEMENT_3D ( 'NONE', #7438, #4108, #9726 ) ;
#697 = EDGE_CURVE ( 'NONE', #5918, #483, #1027, .T. ) ;
#698 = CARTESIAN_POINT ( 'NONE',  ( 71.04853194947057204, 18.50000000000000355, -15.78563399656604460 ) ) ;
#699 = PLANE ( 'NONE',  #10072 ) ;
#700 = DIRECTION ( 'NONE',  ( 4.336808689942017736E-16, 0.000000000000000000, -1.000000000000000000 ) ) ;
#701 = CARTESIAN_POINT ( 'NONE',  ( 83.78457362364325434, 18.11602497579402637, -18.50000000000000000 ) ) ;
#702 = LINE ( 'NONE', #1552, #5987 ) ;
#703 =( BOUNDED_CURVE ( )  B_SPLINE_CURVE ( 3, ( #1387, #4741, #3145, #6418 ),
 .UNSPECIFIED., .F., .F. ) 
 B_SPLINE_CURVE_WITH_KNOTS ( ( 4, 4 ),
 ( 1.570796326794905884, 2.200938728951632672 ),
 .UNSPECIFIED. ) 
 CURVE ( )  GEOMETRIC_REPRESENTATION_ITEM ( )  RATIONAL_B_SPLINE_CURVE ( ( 1.000000000000000000, 0.9671828781581000012, 0.9671828781581000012, 1.000000000000000000 ) ) 
 REPRESENTATION_ITEM ( '' )  );
#704 = DIRECTION ( 'NONE',  ( -1.000000000000000000, -0.000000000000000000, -0.000000000000000000 ) ) ;
#705 = VERTEX_POINT ( 'NONE', #440 ) ;
#706 = VECTOR ( 'NONE', #8593, 1000.000000000000000 ) ;
#707 = DIRECTION ( 'NONE',  ( -1.000000000000000000, 0.000000000000000000, -0.000000000000000000 ) ) ;
#708 = CARTESIAN_POINT ( 'NONE',  ( 93.29974999999994623, 2.999999999999999112, -12.10960480172301423 ) ) ;
#709 = CARTESIAN_POINT ( 'NONE',  ( 93.99747382369498894, 17.50000000000000000, -38.93502848658517479 ) ) ;
#710 = ORIENTED_EDGE ( 'NONE', *, *, #8979, .T. ) ;
#711 = AXIS2_PLACEMENT_3D ( 'NONE', #4961, #9834, #4905 ) ;
#712 = ORIENTED_EDGE ( 'NONE', *, *, #4679, .T. ) ;
#713 = CARTESIAN_POINT ( 'NONE',  ( 71.97500000000000853, 20.00000000000000355, 0.000000000000000000 ) ) ;
#714 = VERTEX_POINT ( 'NONE', #5669 ) ;
#715 = CARTESIAN_POINT ( 'NONE',  ( 68.38122826719632030, 18.50000000000000355, -1.882683432365091170 ) ) ;
#716 = ORIENTED_EDGE ( 'NONE', *, *, #118, .F. ) ;
#717 = VECTOR ( 'NONE', #10054, 1000.000000000000000 ) ;
#718 = ADVANCED_FACE ( 'NONE', ( #8126 ), #2512, .F. ) ;
#719 = VERTEX_POINT ( 'NONE', #6590 ) ;
#720 = CARTESIAN_POINT ( 'NONE',  ( 34.49974999999992775, 2.192056395364460730, -18.50000000000000000 ) ) ;
#721 = CARTESIAN_POINT ( 'NONE',  ( 54.09974999999995049, 18.43380900354983254, -18.04903699352148294 ) ) ;
#722 = CARTESIAN_POINT ( 'NONE',  ( 93.29974999999996044, 2.066190996450165684, -18.04903699352147939 ) ) ;
#723 = CARTESIAN_POINT ( 'NONE',  ( 96.61200000000002319, 2.000000000000000000, -1.499999999999999556 ) ) ;
#724 = ORIENTED_EDGE ( 'NONE', *, *, #2953, .T. ) ;
#725 = DIRECTION ( 'NONE',  ( -0.3826834323650853964, -0.000000000000000000, 0.9238795325112885148 ) ) ;
#726 = CARTESIAN_POINT ( 'NONE',  ( 73.69974999999993770, 17.50000000000000000, -12.10960480172301423 ) ) ;
#727 = CARTESIAN_POINT ( 'NONE',  ( 34.05516802938824128, 17.50000000000000000, -18.50000000000000355 ) ) ;
#728 = ORIENTED_EDGE ( 'NONE', *, *, #959, .F. ) ;
#729 = FACE_OUTER_BOUND ( 'NONE', #600, .T. ) ;
#730 = EDGE_CURVE ( 'NONE', #2737, #7431, #1245, .T. ) ;
#731 = CARTESIAN_POINT ( 'NONE',  ( 97.69439220029241255, 17.85125431679150765, -1.500000000000001110 ) ) ;
#732 = VECTOR ( 'NONE', #7369, 1000.000000000000000 ) ;
#733 = PRESENTATION_LAYER_ASSIGNMENT (  '', '', ( #6884 ) ) ;
#734 = DIRECTION ( 'NONE',  ( -0.000000000000000000, -1.000000000000000000, -0.000000000000000000 ) ) ;
#735 = CARTESIAN_POINT ( 'NONE',  ( 18.07474999999993770, 20.00000000000000355, -18.50000000000000000 ) ) ;
#736 = EDGE_LOOP ( 'NONE', ( #10382, #8397, #9860, #9916 ) ) ;
#737 = CARTESIAN_POINT ( 'NONE',  ( 36.22500000000000853, 18.50000000000000355, -1.500000000000000000 ) ) ;
#738 = EDGE_CURVE ( 'NONE', #5520, #4081, #1860, .T. ) ;
#739 = CARTESIAN_POINT ( 'NONE',  ( 75.42500000000001137, 20.00000000000000355, 0.000000000000000000 ) ) ;
#740 = CARTESIAN_POINT ( 'NONE',  ( 27.35114944726935704, 18.50000000000000355, -15.78539724792377896 ) ) ;
#741 = ORIENTED_EDGE ( 'NONE', *, *, #1082, .F. ) ;
#742 = CARTESIAN_POINT ( 'NONE',  ( 46.02500000000001279, 2.000000000000000000, -1.500000000000000000 ) ) ;
#743 = ORIENTED_EDGE ( 'NONE', *, *, #8993, .F. ) ;
#744 = VECTOR ( 'NONE', #1467, 1000.000000000000114 ) ;
#745 = ORIENTED_EDGE ( 'NONE', *, *, #2420, .F. ) ;
#746 = VERTEX_POINT ( 'NONE', #4804 ) ;
#747 = CARTESIAN_POINT ( 'NONE',  ( 29.59975000000002865, 18.50000000000000355, -5.130543437656453598 ) ) ;
#748 = EDGE_CURVE ( 'NONE', #8252, #4556, #8237, .T. ) ;
#749 = CARTESIAN_POINT ( 'NONE',  ( 78.59975000000000023, 2.153954234325370365, -1.500000000000000444 ) ) ;
#750 = CARTESIAN_POINT ( 'NONE',  ( 47.32300350039711390, 2.999999999999999112, -7.423951128325072091 ) ) ;
#751 = CARTESIAN_POINT ( 'NONE',  ( 29.09439220029240403, 17.50000000000000000, -1.499999999999998446 ) ) ;
#752 = FACE_OUTER_BOUND ( 'NONE', #3734, .T. ) ;
#753 = ADVANCED_FACE ( 'NONE', ( #5719 ), #3104, .F. ) ;
#754 = ORIENTED_EDGE ( 'NONE', *, *, #2044, .F. ) ;
#755 = ADVANCED_FACE ( 'NONE', ( #3262 ), #699, .F. ) ;
#756 = CARTESIAN_POINT ( 'NONE',  ( 63.89974999999994765, 17.50000000000000000, -12.10960480172301423 ) ) ;
#757 = EDGE_CURVE ( 'NONE', #10543, #3190, #1601, .T. ) ;
#758 = CARTESIAN_POINT ( 'NONE',  ( 23.77587046748864807, 2.000000000000000000, -12.49228823408810030 ) ) ;
#759 = LINE ( 'NONE', #2211, #4763 ) ;
#760 = DIRECTION ( 'NONE',  ( 0.000000000000000000, 0.000000000000000000, 1.000000000000000000 ) ) ;
#761 = AXIS2_PLACEMENT_3D ( 'NONE', #7200, #2177, #3871 ) ;
#762 = CARTESIAN_POINT ( 'NONE',  ( 48.56021982760969991, 2.000000000000000000, 3.877129999389440584 ) ) ;
#763 = ORIENTED_EDGE ( 'NONE', *, *, #133, .F. ) ;
#764 =( BOUNDED_CURVE ( )  B_SPLINE_CURVE ( 3, ( #3026, #3868, #3223, #3075 ),
 .UNSPECIFIED., .F., .F. ) 
 B_SPLINE_CURVE_WITH_KNOTS ( ( 4, 4 ),
 ( 4.150116409062343692, 4.712388980384691450 ),
 .UNSPECIFIED. ) 
 CURVE ( )  GEOMETRIC_REPRESENTATION_ITEM ( )  RATIONAL_B_SPLINE_CURVE ( ( 1.000000000000000000, 0.9738271993243678981, 0.9738271993243678981, 1.000000000000000000 ) ) 
 REPRESENTATION_ITEM ( '' )  );
#765 = EDGE_LOOP ( 'NONE', ( #6509, #5127, #6958, #6097 ) ) ;
#766 = ORIENTED_EDGE ( 'NONE', *, *, #6554, .T. ) ;
#767 = CARTESIAN_POINT ( 'NONE',  ( 88.39974999999999739, 18.34604576567463141, -1.500000000000004885 ) ) ;
#768 = ORIENTED_EDGE ( 'NONE', *, *, #9136, .F. ) ;
#769 =( BOUNDED_CURVE ( )  B_SPLINE_CURVE ( 3, ( #8377, #6076, #7740, #7632 ),
 .UNSPECIFIED., .F., .F. ) 
 B_SPLINE_CURVE_WITH_KNOTS ( ( 4, 4 ),
 ( 1.570796326794893227, 3.141592653589793116 ),
 .UNSPECIFIED. ) 
 CURVE ( )  GEOMETRIC_REPRESENTATION_ITEM ( )  RATIONAL_B_SPLINE_CURVE ( ( 1.000000000000000000, 0.8047378541243641603, 0.8047378541243641603, 1.000000000000000000 ) ) 
 REPRESENTATION_ITEM ( '' )  );
#770 = CARTESIAN_POINT ( 'NONE',  ( 71.97500000000000853, 18.50000000000000355, 0.000000000000000000 ) ) ;
#771 = LINE ( 'NONE', #7098, #5787 ) ;
#772 = FACE_OUTER_BOUND ( 'NONE', #6034, .T. ) ;
#773 = CARTESIAN_POINT ( 'NONE',  ( 29.59993749768392135, 18.50000000000000355, -10.35694617991807220 ) ) ;
#774 = CARTESIAN_POINT ( 'NONE',  ( 12.00000000000000355, 18.50000000000000355, -9.959574115793245142 ) ) ;
#775 = ORIENTED_EDGE ( 'NONE', *, *, #1514, .T. ) ;
#776 = LINE ( 'NONE', #4026, #2710 ) ;
#777 = CARTESIAN_POINT ( 'NONE',  ( 34.27364042459307569, 2.000000000000000000, 2.018727961996194420 ) ) ;
#778 = VERTEX_POINT ( 'NONE', #1496 ) ;
#779 = CARTESIAN_POINT ( 'NONE',  ( 0.000000000000000000, 2.000000000000000000, -18.50000000000000000 ) ) ;
#780 = ORIENTED_EDGE ( 'NONE', *, *, #2184, .F. ) ;
#781 = DIRECTION ( 'NONE',  ( 0.3826592221992072829, 0.000000000000000000, -0.9238895603187091687 ) ) ;
#782 = ADVANCED_FACE ( 'NONE', ( #8926 ), #4049, .F. ) ;
#783 = EDGE_CURVE ( 'NONE', #6470, #6649, #8178, .T. ) ;
#784 = CARTESIAN_POINT ( 'NONE',  ( 88.20000000000001705, 18.50000000000000355, -1.500000000000000000 ) ) ;
#785 = EDGE_CURVE ( 'NONE', #6722, #896, #6426, .T. ) ;
#786 = CARTESIAN_POINT ( 'NONE',  ( 98.20000000000000284, 20.00000000000000355, -10.35679529716193592 ) ) ;
#787 = CARTESIAN_POINT ( 'NONE',  ( 15.37904756189952415, 18.50000000000000355, -18.11731656763491927 ) ) ;
#788 = ORIENTED_EDGE ( 'NONE', *, *, #157, .F. ) ;
#789 = CARTESIAN_POINT ( 'NONE',  ( 29.60000000000000853, 17.50000000000000000, -7.743669367409185433 ) ) ;
#790 = DIRECTION ( 'NONE',  ( -1.000000000000000000, 0.000000000000000000, -0.000000000000000000 ) ) ;
#791 = CARTESIAN_POINT ( 'NONE',  ( 19.80000000000000426, 2.999999999999999112, -7.744272920799767590 ) ) ;
#792 = ORIENTED_EDGE ( 'NONE', *, *, #3043, .F. ) ;
#793 = DIRECTION ( 'NONE',  ( 0.000000000000000000, -0.000000000000000000, -1.000000000000000000 ) ) ;
#794 = VERTEX_POINT ( 'NONE', #7382 ) ;
#795 = ORIENTED_EDGE ( 'NONE', *, *, #7351, .F. ) ;
#796 = ORIENTED_EDGE ( 'NONE', *, *, #6952, .F. ) ;
#797 = EDGE_CURVE ( 'NONE', #521, #2145, #6310, .T. ) ;
#798 = LINE ( 'NONE', #8177, #9200 ) ;
#799 = CARTESIAN_POINT ( 'NONE',  ( 93.29974999999993202, 18.50000000000000355, -14.72273073147576916 ) ) ;
#800 = CARTESIAN_POINT ( 'NONE',  ( 95.02500000000000568, 2.000000000000000000, -1.500000000000000000 ) ) ;
#801 = FACE_OUTER_BOUND ( 'NONE', #10270, .T. ) ;
#802 = CARTESIAN_POINT ( 'NONE',  ( 103.5443319706116512, 17.50000000000000000, -18.50000000000000000 ) ) ;
#803 = VECTOR ( 'NONE', #2075, 1000.000000000000000 ) ;
#804 = CARTESIAN_POINT ( 'NONE',  ( 103.0997499999999576, 18.50000000000000355, -9.496478871970266411 ) ) ;
#805 = EDGE_LOOP ( 'NONE', ( #4519, #2385, #984, #9328, #185 ) ) ;
#806 = CARTESIAN_POINT ( 'NONE',  ( 21.38750000000000284, 20.00000000000000355, -1.500000000000000888 ) ) ;
#807 = DIRECTION ( 'NONE',  ( 0.3826834323650857850, 0.000000000000000000, -0.9238795325112884038 ) ) ;
#808 = DIRECTION ( 'NONE',  ( -0.000000000000000000, -1.000000000000000000, -0.000000000000000000 ) ) ;
#809 = CARTESIAN_POINT ( 'NONE',  ( 30.10510779970762485, 17.85125431679151831, -1.499999999999999778 ) ) ;
#810 = EDGE_LOOP ( 'NONE', ( #1854, #2541, #4266, #1001 ) ) ;
#811 = VERTEX_POINT ( 'NONE', #45 ) ;
#812 = ORIENTED_EDGE ( 'NONE', *, *, #1529, .T. ) ;
#813 = CARTESIAN_POINT ( 'NONE',  ( 40.32387953251129176, 2.000000000000000000, -7.361589488434682416 ) ) ;
#814 = ADVANCED_FACE ( 'NONE', ( #5611 ), #5564, .F. ) ;
#815 = EDGE_CURVE ( 'NONE', #3791, #640, #3202, .T. ) ;
#816 = ORIENTED_EDGE ( 'NONE', *, *, #9319, .T. ) ;
#817 = VECTOR ( 'NONE', #3005, 1000.000000000000000 ) ;
#818 = CARTESIAN_POINT ( 'NONE',  ( 93.29974999999996044, 18.50000000000000355, -9.496478871970266411 ) ) ;
#819 = DIRECTION ( 'NONE',  ( -0.9238795325112880708, 0.000000000000000000, -0.3826834323650866176 ) ) ;
#820 = EDGE_CURVE ( 'NONE', #865, #10343, #6476, .T. ) ;
#821 = CARTESIAN_POINT ( 'NONE',  ( 93.29974999999996044, 2.192056395364472721, -18.50000000000000000 ) ) ;
#822 = DIRECTION ( 'NONE',  ( -0.3826592221992058951, -0.000000000000000000, 0.9238895603187096128 ) ) ;
#823 = ORIENTED_EDGE ( 'NONE', *, *, #7164, .F. ) ;
#824 = CARTESIAN_POINT ( 'NONE',  ( 78.27808768696164066, 18.15878848121909428, -1.500000000000001332 ) ) ;
#825 = FACE_OUTER_BOUND ( 'NONE', #9054, .T. ) ;
#826 = ORIENTED_EDGE ( 'NONE', *, *, #9924, .T. ) ;
#827 = DIRECTION ( 'NONE',  ( 0.9238795325112846291, 0.000000000000000000, -0.3826834323650947778 ) ) ;
#828 = VERTEX_POINT ( 'NONE', #4316 ) ;
#829 = ORIENTED_EDGE ( 'NONE', *, *, #9934, .T. ) ;
#830 = DIRECTION ( 'NONE',  ( -0.3826834323650958325, -0.000000000000000000, -0.9238795325112842960 ) ) ;
#831 =( BOUNDED_CURVE ( )  B_SPLINE_CURVE ( 3, ( #7419, #7576, #252, #4942 ),
 .UNSPECIFIED., .F., .F. ) 
 B_SPLINE_CURVE_WITH_KNOTS ( ( 4, 4 ),
 ( 3.141592653589793116, 4.712388980384688786 ),
 .UNSPECIFIED. ) 
 CURVE ( )  GEOMETRIC_REPRESENTATION_ITEM ( )  RATIONAL_B_SPLINE_CURVE ( ( 1.000000000000000000, 0.8047378541243652705, 0.8047378541243652705, 1.000000000000000000 ) ) 
 REPRESENTATION_ITEM ( '' )  );
#832 = VECTOR ( 'NONE', #2655, 1000.000000000000000 ) ;
#833 = DIRECTION ( 'NONE',  ( 0.000000000000000000, 0.000000000000000000, 1.000000000000000000 ) ) ;
#834 = DIRECTION ( 'NONE',  ( -0.9238795325112892920, 0.000000000000000000, -0.3826834323650836756 ) ) ;
#835 = EDGE_LOOP ( 'NONE', ( #8734, #7107, #7121, #9045, #1509 ) ) ;
#836 = FACE_OUTER_BOUND ( 'NONE', #3178, .T. ) ;
#837 = CARTESIAN_POINT ( 'NONE',  ( 20.80000000000000426, 2.000000000000000000, -5.307901391611355102 ) ) ;
#838 = EDGE_CURVE ( 'NONE', #8339, #9406, #1922, .T. ) ;
#839 = LINE ( 'NONE', #947, #113 ) ;
#840 = ORIENTED_EDGE ( 'NONE', *, *, #4636, .T. ) ;
#841 = VECTOR ( 'NONE', #9909, 1000.000000000000000 ) ;
#842 = SURFACE_STYLE_USAGE ( .BOTH. , #3461 ) ;
#843 = VERTEX_POINT ( 'NONE', #9239 ) ;
#844 = AXIS2_PLACEMENT_3D ( 'NONE', #1921, #3630, #7591 ) ;
#845 = VERTEX_POINT ( 'NONE', #1005 ) ;
#846 = ORIENTED_EDGE ( 'NONE', *, *, #9196, .F. ) ;
#847 = LINE ( 'NONE', #7435, #1185 ) ;
#848 = ADVANCED_FACE ( 'NONE', ( #5058 ), #7483, .F. ) ;
#849 = DIRECTION ( 'NONE',  ( -0.3826834323650958325, -0.000000000000000000, -0.9238795325112842960 ) ) ;
#850 = PLANE ( 'NONE',  #711 ) ;
#851 = DIRECTION ( 'NONE',  ( -0.000000000000000000, -1.000000000000000000, -0.000000000000000000 ) ) ;
#852 = AXIS2_PLACEMENT_3D ( 'NONE', #8073, #8865, #10528 ) ;
#853 = LINE ( 'NONE', #4109, #533 ) ;
#854 = VECTOR ( 'NONE', #10086, 1000.000000000000000 ) ;
#855 = CARTESIAN_POINT ( 'NONE',  ( 68.63794430587992679, 18.50000000000000355, -8.134302868623109362 ) ) ;
#856 = ORIENTED_EDGE ( 'NONE', *, *, #9343, .T. ) ;
#857 = EDGE_CURVE ( 'NONE', #6260, #1258, #5177, .T. ) ;
#858 = VECTOR ( 'NONE', #9189, 1000.000000000000000 ) ;
#859 = VECTOR ( 'NONE', #2347, 1000.000000000000000 ) ;
#860 = DIRECTION ( 'NONE',  ( -1.000000000000000000, 0.000000000000000000, -0.000000000000000000 ) ) ;
#861 = DIRECTION ( 'NONE',  ( 0.3826834323650956105, -0.000000000000000000, 0.9238795325112842960 ) ) ;
#862 = CARTESIAN_POINT ( 'NONE',  ( 9.360219827609689958, 2.000000000000000000, 3.877129999389440584 ) ) ;
#863 = FACE_OUTER_BOUND ( 'NONE', #214, .T. ) ;
#864 = CARTESIAN_POINT ( 'NONE',  ( 11.72474999999993628, 10.00000000000000000, -18.50000000000000000 ) ) ;
#865 = VERTEX_POINT ( 'NONE', #3574 ) ;
#866 = ADVANCED_FACE ( 'NONE', ( #10044 ), #4203, .T. ) ;
#867 = VERTEX_POINT ( 'NONE', #321 ) ;
#868 = LINE ( 'NONE', #9095, #7926 ) ;
#869 = EDGE_LOOP ( 'NONE', ( #943, #5664, #1168, #8482, #3996 ) ) ;
#870 = ORIENTED_EDGE ( 'NONE', *, *, #2755, .F. ) ;
#871 = CARTESIAN_POINT ( 'NONE',  ( 27.87474999999994196, 18.50000000000000355, 0.000000000000000000 ) ) ;
#872 = VECTOR ( 'NONE', #9240, 1000.000000000000000 ) ;
#873 = EDGE_CURVE ( 'NONE', #1447, #2670, #4366, .T. ) ;
#874 = ADVANCED_FACE ( 'NONE', ( #3519 ), #3413, .F. ) ;
#875 = PLANE ( 'NONE',  #428 ) ;
#876 = ORIENTED_EDGE ( 'NONE', *, *, #2416, .T. ) ;
#877 = CARTESIAN_POINT ( 'NONE',  ( 78.59975000000002865, 18.34604576567463496, -1.500000000000001332 ) ) ;
#878 = CARTESIAN_POINT ( 'NONE',  ( 83.49974999999994907, 2.000000000000000000, -16.96018989328456428 ) ) ;
#879 = VERTEX_POINT ( 'NONE', #4257 ) ;
#880 = CARTESIAN_POINT ( 'NONE',  ( 9.800000000000000711, 18.50000000000000355, -1.500000000000000000 ) ) ;
#881 = VERTEX_POINT ( 'NONE', #2716 ) ;
#882 = EDGE_LOOP ( 'NONE', ( #10133, #2761, #3794, #2197 ) ) ;
#883 = LINE ( 'NONE', #186, #3972 ) ;
#884 = ORIENTED_EDGE ( 'NONE', *, *, #6595, .F. ) ;
#885 = EDGE_CURVE ( 'NONE', #7066, #7341, #9297, .T. ) ;
#886 = VECTOR ( 'NONE', #4589, 1000.000000000000000 ) ;
#887 = EDGE_CURVE ( 'NONE', #4249, #10461, #9129, .T. ) ;
#888 = ADVANCED_FACE ( 'NONE', ( #9177 ), #1762, .F. ) ;
#889 = VECTOR ( 'NONE', #3934, 1000.000000000000000 ) ;
#890 = LINE ( 'NONE', #6675, #7387 ) ;
#891 = LINE ( 'NONE', #4142, #9046 ) ;
#892 = ORIENTED_EDGE ( 'NONE', *, *, #5356, .T. ) ;
#893 = CARTESIAN_POINT ( 'NONE',  ( 101.3750000000000142, 2.000000000000000000, 0.000000000000000000 ) ) ;
#894 = CARTESIAN_POINT ( 'NONE',  ( 93.29974999999996044, 18.30794360463553261, -18.50000000000000000 ) ) ;
#895 = EDGE_LOOP ( 'NONE', ( #1334, #743, #9118, #352, #8107 ) ) ;
#896 = VERTEX_POINT ( 'NONE', #1978 ) ;
#897 =( BOUNDED_CURVE ( )  B_SPLINE_CURVE ( 3, ( #5858, #2547, #9115, #992 ),
 .UNSPECIFIED., .F., .F. ) 
 B_SPLINE_CURVE_WITH_KNOTS ( ( 4, 4 ),
 ( 3.141592653589793116, 4.712388980384693227 ),
 .UNSPECIFIED. ) 
 CURVE ( )  GEOMETRIC_REPRESENTATION_ITEM ( )  RATIONAL_B_SPLINE_CURVE ( ( 1.000000000000000000, 0.8047378541243641603, 0.8047378541243641603, 1.000000000000000000 ) ) 
 REPRESENTATION_ITEM ( '' )  );
#898 = ORIENTED_EDGE ( 'NONE', *, *, #8959, .F. ) ;
#899 = ORIENTED_EDGE ( 'NONE', *, *, #6791, .F. ) ;
#900 = VECTOR ( 'NONE', #473, 999.9999999999998863 ) ;
#901 = APPLICATION_CONTEXT ( 'automotive_design' ) ;
#902 = PLANE ( 'NONE',  #4238 ) ;
#903 = DIRECTION ( 'NONE',  ( -0.000000000000000000, -0.000000000000000000, 1.000000000000000000 ) ) ;
#904 = FACE_OUTER_BOUND ( 'NONE', #2527, .T. ) ;
#905 = DIRECTION ( 'NONE',  ( 0.3826592221992072829, 0.000000000000000000, -0.9238895603187091687 ) ) ;
#906 = VECTOR ( 'NONE', #5686, 1000.000000000000227 ) ;
#907 = CARTESIAN_POINT ( 'NONE',  ( 10.00000000000000000, 11.50000000000000000, -17.09999999999999787 ) ) ;
#908 = DIRECTION ( 'NONE',  ( -0.000000000000000000, -1.000000000000000000, -0.000000000000000000 ) ) ;
#909 = ORIENTED_EDGE ( 'NONE', *, *, #5093, .T. ) ;
#910 = EDGE_CURVE ( 'NONE', #8746, #4989, #5822, .T. ) ;
#911 = EDGE_CURVE ( 'NONE', #7731, #3626, #98, .T. ) ;
#912 = VECTOR ( 'NONE', #10062, 1000.000000000000000 ) ;
#913 = CARTESIAN_POINT ( 'NONE',  ( 10.00000000000000000, 11.50000000000000000, -3.000000000000001332 ) ) ;
#914 = CARTESIAN_POINT ( 'NONE',  ( 97.69439220029241255, 17.50000000000000000, -1.499999999999990674 ) ) ;
#915 = CYLINDRICAL_SURFACE ( 'NONE', #9426, 0.9999999999999991118 ) ;
#916 =( BOUNDED_CURVE ( )  B_SPLINE_CURVE ( 3, ( #8936, #1610, #4057, #7333 ),
 .UNSPECIFIED., .F., .F. ) 
 B_SPLINE_CURVE_WITH_KNOTS ( ( 4, 4 ),
 ( 3.141592653589793116, 4.712388980384689674 ),
 .UNSPECIFIED. ) 
 CURVE ( )  GEOMETRIC_REPRESENTATION_ITEM ( )  RATIONAL_B_SPLINE_CURVE ( ( 1.000000000000000000, 0.8047378541243649375, 0.8047378541243649375, 1.000000000000000000 ) ) 
 REPRESENTATION_ITEM ( '' )  );
#917 = CYLINDRICAL_SURFACE ( 'NONE', #4772, 1.000000000000003331 ) ;
#918 = EDGE_CURVE ( 'NONE', #6810, #2984, #1066, .T. ) ;
#919 = DIRECTION ( 'NONE',  ( -0.3826834323650958325, 0.000000000000000000, -0.9238795325112842960 ) ) ;
#920 = ORIENTED_EDGE ( 'NONE', *, *, #6007, .F. ) ;
#921 = AXIS2_PLACEMENT_3D ( 'NONE', #4755, #1345, #10330 ) ;
#922 = ORIENTED_EDGE ( 'NONE', *, *, #10200, .F. ) ;
#923 = LINE ( 'NONE', #4919, #906 ) ;
#924 = ORIENTED_EDGE ( 'NONE', *, *, #3905, .F. ) ;
#925 = EDGE_CURVE ( 'NONE', #1071, #3485, #7537, .T. ) ;
#926 = VECTOR ( 'NONE', #5898, 1000.000000000000000 ) ;
#927 = DIRECTION ( 'NONE',  ( 0.3826834323650958325, -0.000000000000000000, 0.9238795325112842960 ) ) ;
#928 = LINE ( 'NONE', #7456, #3739 ) ;
#929 = LINE ( 'NONE', #4127, #604 ) ;
#930 = ORIENTED_EDGE ( 'NONE', *, *, #6973, .T. ) ;
#931 = CARTESIAN_POINT ( 'NONE',  ( 18.21200000000000685, 2.000000000000000000, -1.499999999999999556 ) ) ;
#932 = CARTESIAN_POINT ( 'NONE',  ( 50.92474999999993912, 18.50000000000000355, 0.000000000000000000 ) ) ;
#933 = ORIENTED_EDGE ( 'NONE', *, *, #1073, .F. ) ;
#934 = DIRECTION ( 'NONE',  ( -0.000000000000000000, -1.000000000000000000, -0.000000000000000000 ) ) ;
#935 = VERTEX_POINT ( 'NONE', #7436 ) ;
#936 = ORIENTED_EDGE ( 'NONE', *, *, #7917, .F. ) ;
#937 = DIRECTION ( 'NONE',  ( -0.000000000000000000, -1.000000000000000000, -0.000000000000000000 ) ) ;
#938 = VERTEX_POINT ( 'NONE', #3363 ) ;
#939 = AXIS2_PLACEMENT_3D ( 'NONE', #10177, #6817, #4446 ) ;
#940 = DIRECTION ( 'NONE',  ( 0.3826834323650956105, 0.000000000000000000, 0.9238795325112842960 ) ) ;
#941 = CARTESIAN_POINT ( 'NONE',  ( 98.70510779970763338, 2.648745683208477697, -1.500000000000000444 ) ) ;
#942 = CARTESIAN_POINT ( 'NONE',  ( 24.69974999999993770, 17.50000000000000000, -12.10960480172301423 ) ) ;
#943 = ORIENTED_EDGE ( 'NONE', *, *, #8358, .T. ) ;
#944 = CARTESIAN_POINT ( 'NONE',  ( 19.80000000000000426, 18.50000000000000355, -6.661880720507354248 ) ) ;
#945 = EDGE_CURVE ( 'NONE', #3735, #6002, #2564, .T. ) ;
#946 = CARTESIAN_POINT ( 'NONE',  ( 81.77500000000001990, 20.00000000000000355, -1.500000000000000000 ) ) ;
#947 = CARTESIAN_POINT ( 'NONE',  ( 22.97500000000000142, 20.00000000000000355, -1.500000000000000000 ) ) ;
#948 = ORIENTED_EDGE ( 'NONE', *, *, #797, .F. ) ;
#949 = DIRECTION ( 'NONE',  ( 0.000000000000000000, -1.000000000000000000, 0.000000000000000000 ) ) ;
#950 = ORIENTED_EDGE ( 'NONE', *, *, #8671, .T. ) ;
#951 = EDGE_CURVE ( 'NONE', #9617, #640, #5204, .T. ) ;
#952 = EDGE_LOOP ( 'NONE', ( #7012, #4870, #2589, #1615 ) ) ;
#953 = EDGE_CURVE ( 'NONE', #938, #3872, #9918, .T. ) ;
#954 = ORIENTED_EDGE ( 'NONE', *, *, #9425, .F. ) ;
#955 = CARTESIAN_POINT ( 'NONE',  ( 99.92474999999994623, 20.00000000000000355, -20.00000000000000000 ) ) ;
#956 = DIRECTION ( 'NONE',  ( -0.9238795325112882928, 0.000000000000000000, -0.3826834323650858960 ) ) ;
#957 = FACE_OUTER_BOUND ( 'NONE', #10345, .T. ) ;
#958 = CARTESIAN_POINT ( 'NONE',  ( 101.5727758290958604, 20.00000000000000355, -18.50000000000000000 ) ) ;
#959 = EDGE_CURVE ( 'NONE', #5814, #3307, #7006, .T. ) ;
#960 = CARTESIAN_POINT ( 'NONE',  ( 69.30510779970761348, 2.999999999999999112, -1.499999999999996891 ) ) ;
#961 = LINE ( 'NONE', #10586, #2120 ) ;
#962 = ORIENTED_EDGE ( 'NONE', *, *, #1759, .F. ) ;
#963 = LINE ( 'NONE', #2623, #8391 ) ;
#964 = FACE_OUTER_BOUND ( 'NONE', #3789, .T. ) ;
#965 = CARTESIAN_POINT ( 'NONE',  ( 32.97277582909585192, 20.00000000000000355, -18.50000000000000000 ) ) ;
#966 = CARTESIAN_POINT ( 'NONE',  ( 48.56021982760969991, 18.50000000000000355, 3.877129999389440584 ) ) ;
#967 = FACE_OUTER_BOUND ( 'NONE', #5798, .T. ) ;
#968 = ADVANCED_FACE ( 'NONE', ( #4473 ), #8602, .F. ) ;
#969 = ADVANCED_FACE ( 'NONE', ( #7851 ), #8494, .F. ) ;
#970 = FACE_OUTER_BOUND ( 'NONE', #10223, .T. ) ;
#971 = VECTOR ( 'NONE', #9339, 1000.000000000000114 ) ;
#972 = ORIENTED_EDGE ( 'NONE', *, *, #7948, .F. ) ;
#973 = EDGE_CURVE ( 'NONE', #4483, #2364, #1163, .T. ) ;
#974 = ORIENTED_EDGE ( 'NONE', *, *, #8326, .F. ) ;
#975 = DIRECTION ( 'NONE',  ( -0.000000000000000000, -0.000000000000000000, 1.000000000000000000 ) ) ;
#976 = EDGE_LOOP ( 'NONE', ( #7792, #3120, #6789, #8696 ) ) ;
#977 = CARTESIAN_POINT ( 'NONE',  ( 52.37500000000000711, 20.00000000000000355, 0.000000000000000000 ) ) ;
#978 = CARTESIAN_POINT ( 'NONE',  ( 34.27364042459307569, 18.50000000000000355, 2.018727961996194420 ) ) ;
#979 = EDGE_CURVE ( 'NONE', #2926, #7459, #9347, .T. ) ;
#980 = LINE ( 'NONE', #9321, #6058 ) ;
#981 = ORIENTED_EDGE ( 'NONE', *, *, #4557, .T. ) ;
#982 = DIRECTION ( 'NONE',  ( 0.000000000000000000, 0.000000000000000000, -1.000000000000000000 ) ) ;
#983 = DIRECTION ( 'NONE',  ( 0.9238795325112841850, 0.000000000000000000, -0.3826834323650959990 ) ) ;
#984 = ORIENTED_EDGE ( 'NONE', *, *, #6712, .F. ) ;
#985 = FACE_OUTER_BOUND ( 'NONE', #6495, .T. ) ;
#986 = ORIENTED_EDGE ( 'NONE', *, *, #8112, .F. ) ;
#987 = ORIENTED_EDGE ( 'NONE', *, *, #5157, .T. ) ;
#988 = DIRECTION ( 'NONE',  ( -0.3826834323650853964, 0.000000000000000000, 0.9238795325112885148 ) ) ;
#989 = ADVANCED_FACE ( 'NONE', ( #7700 ), #3834, .F. ) ;
#990 = VERTEX_POINT ( 'NONE', #2027 ) ;
#991 = AXIS2_PLACEMENT_3D ( 'NONE', #562, #452, #3807 ) ;
#992 = CARTESIAN_POINT ( 'NONE',  ( 24.69974999999992349, 2.000000000000000000, -14.72273073147576561 ) ) ;
#993 = LINE ( 'NONE', #3555, #559 ) ;
#994 = CARTESIAN_POINT ( 'NONE',  ( 14.89974999999993877, 18.30794360463553971, -18.50000000000000000 ) ) ;
#995 = ORIENTED_EDGE ( 'NONE', *, *, #8401, .F. ) ;
#996 = CARTESIAN_POINT ( 'NONE',  ( 88.40000000000000568, 20.00000000000000355, -10.35679529716193592 ) ) ;
#997 = CARTESIAN_POINT ( 'NONE',  ( 75.42500000000001137, 18.50000000000000355, -1.500000000000000000 ) ) ;
#998 = CARTESIAN_POINT ( 'NONE',  ( 85.02672417090403201, 20.00000000000000355, -18.50000000000000355 ) ) ;
#999 = VERTEX_POINT ( 'NONE', #378 ) ;
#1000 = PRESENTATION_STYLE_ASSIGNMENT (( #842 ) ) ;
#1001 = ORIENTED_EDGE ( 'NONE', *, *, #8682, .T. ) ;
#1002 = ORIENTED_EDGE ( 'NONE', *, *, #9114, .F. ) ;
#1003 = ORIENTED_EDGE ( 'NONE', *, *, #9051, .F. ) ;
#1004 = FACE_OUTER_BOUND ( 'NONE', #8092, .T. ) ;
#1005 = CARTESIAN_POINT ( 'NONE',  ( 49.19975000000003007, 2.000000000000000000, -5.130543437656441164 ) ) ;
#1006 = PLANE ( 'NONE',  #2939 ) ;
#1007 = VECTOR ( 'NONE', #7754, 1000.000000000000114 ) ;
#1008 = DIRECTION ( 'NONE',  ( -1.000000000000000000, 0.000000000000000000, -0.000000000000000000 ) ) ;
#1009 = AXIS2_PLACEMENT_3D ( 'NONE', #650, #7925, #548 ) ;
#1010 = EDGE_CURVE ( 'NONE', #3711, #5277, #10313, .T. ) ;
#1011 = DIRECTION ( 'NONE',  ( 0.000000000000000000, -0.000000000000000000, -1.000000000000000000 ) ) ;
#1012 = ORIENTED_EDGE ( 'NONE', *, *, #8125, .T. ) ;
#1013 = VERTEX_POINT ( 'NONE', #3783 ) ;
#1014 = VERTEX_POINT ( 'NONE', #3037 ) ;
#1015 = EDGE_CURVE ( 'NONE', #6494, #2103, #5336, .T. ) ;
#1016 = VECTOR ( 'NONE', #4495, 1000.000000000000114 ) ;
#1017 = DIRECTION ( 'NONE',  ( -0.000000000000000000, -1.000000000000000000, -0.000000000000000000 ) ) ;
#1018 = FACE_OUTER_BOUND ( 'NONE', #528, .T. ) ;
#1019 = CARTESIAN_POINT ( 'NONE',  ( 39.39990018253440240, 18.50000000000000355, -10.35688186661323762 ) ) ;
#1020 = DIRECTION ( 'NONE',  ( -0.000000000000000000, -0.000000000000000000, -1.000000000000000000 ) ) ;
#1021 = EDGE_CURVE ( 'NONE', #6521, #3484, #8703, .T. ) ;
#1022 = AXIS2_PLACEMENT_3D ( 'NONE', #3444, #5152, #242 ) ;
#1023 = DIRECTION ( 'NONE',  ( -0.000000000000000000, -1.000000000000000000, -0.000000000000000000 ) ) ;
#1024 = CARTESIAN_POINT ( 'NONE',  ( 44.29974999999993202, 2.192056395364460730, -18.50000000000000000 ) ) ;
#1025 = ORIENTED_EDGE ( 'NONE', *, *, #3402, .F. ) ;
#1026 = VECTOR ( 'NONE', #6324, 1000.000000000000114 ) ;
#1028 = VERTEX_POINT ( 'NONE', #10362 ) ;
#1027 = B_SPLINE_CURVE_WITH_KNOTS ( 'NONE', 3,
 ( #2258, #1451, #5350, #1706 ),
 .UNSPECIFIED., .F., .F.,
 ( 4, 4 ),
 ( 0.000000000000000000, 1.000000000000000000 ),
 .UNSPECIFIED. ) ;
#1029 = LINE ( 'NONE', #6760, #1595 ) ;
#1030 = VECTOR ( 'NONE', #8181, 1000.000000000000000 ) ;
#1031 = FACE_OUTER_BOUND ( 'NONE', #1778, .T. ) ;
#1032 = VECTOR ( 'NONE', #851, 1000.000000000000000 ) ;
#1033 = CARTESIAN_POINT ( 'NONE',  ( 19.79975000000000307, 18.44730268558522823, -1.919915453368668645 ) ) ;
#1034 = AXIS2_PLACEMENT_3D ( 'NONE', #7461, #5643, #9757 ) ;
#1035 = CARTESIAN_POINT ( 'NONE',  ( 75.42500000000001137, 18.50000000000000355, 0.000000000000000000 ) ) ;
#1036 = ORIENTED_EDGE ( 'NONE', *, *, #9134, .T. ) ;
#1037 = CARTESIAN_POINT ( 'NONE',  ( 85.22500000000000853, 18.50000000000000355, 0.000000000000000000 ) ) ;
#1038 = DIRECTION ( 'NONE',  ( 0.3826834323650956660, 0.000000000000000000, 0.9238795325112844070 ) ) ;
#1039 = ORIENTED_EDGE ( 'NONE', *, *, #9336, .T. ) ;
#1040 = CARTESIAN_POINT ( 'NONE',  ( 73.25516802938824412, 17.50000000000000000, -18.50000000000000355 ) ) ;
#1041 = EDGE_LOOP ( 'NONE', ( #9968, #9182, #4453, #8540 ) ) ;
#1042 = ORIENTED_EDGE ( 'NONE', *, *, #2066, .T. ) ;
#1043 = FACE_OUTER_BOUND ( 'NONE', #1919, .T. ) ;
#1044 = EDGE_LOOP ( 'NONE', ( #7555, #326, #8311, #6687 ) ) ;
#1045 =( BOUNDED_CURVE ( )  B_SPLINE_CURVE ( 3, ( #994, #4354, #7631, #9279 ),
 .UNSPECIFIED., .F., .F. ) 
 B_SPLINE_CURVE_WITH_KNOTS ( ( 4, 4 ),
 ( 4.082246578227959333, 4.712388980384684345 ),
 .UNSPECIFIED. ) 
 CURVE ( )  GEOMETRIC_REPRESENTATION_ITEM ( )  RATIONAL_B_SPLINE_CURVE ( ( 1.000000000000000000, 0.9671828781581002232, 0.9671828781581002232, 1.000000000000000000 ) ) 
 REPRESENTATION_ITEM ( '' )  );
#1046 = EDGE_CURVE ( 'NONE', #2045, #1145, #10333, .T. ) ;
#1047 = VECTOR ( 'NONE', #125, 999.9999999999998863 ) ;
#1048 = VERTEX_POINT ( 'NONE', #8548 ) ;
#1049 = CARTESIAN_POINT ( 'NONE',  ( 95.39912396788582782, 18.50000000000000355, -7.041267695959975370 ) ) ;
#1050 = DIRECTION ( 'NONE',  ( 1.000000000000000000, -0.000000000000000000, -0.000000000000000000 ) ) ;
#1051 = LINE ( 'NONE', #2816, #5465 ) ;
#1052 = LINE ( 'NONE', #9224, #9891 ) ;
#1053 = VERTEX_POINT ( 'NONE', #6255 ) ;
#1054 = LINE ( 'NONE', #9282, #3737 ) ;
#1055 = CARTESIAN_POINT ( 'NONE',  ( 42.77277582909584908, 18.50000000000000355, -18.50000000000000000 ) ) ;
#1056 = EDGE_CURVE ( 'NONE', #8746, #9591, #9503, .T. ) ;
#1057 = DIRECTION ( 'NONE',  ( -1.000000000000000000, 0.000000000000000000, 0.000000000000000000 ) ) ;
#1058 = ORIENTED_EDGE ( 'NONE', *, *, #2779, .F. ) ;
#1059 = PLANE ( 'NONE',  #2449 ) ;
#1060 = VECTOR ( 'NONE', #8332, 1000.000000000000114 ) ;
#1061 = ORIENTED_EDGE ( 'NONE', *, *, #4808, .F. ) ;
#1062 = EDGE_LOOP ( 'NONE', ( #3330, #5508, #7688, #10122 ) ) ;
#1063 = VERTEX_POINT ( 'NONE', #2186 ) ;
#1064 = DIRECTION ( 'NONE',  ( 0.3826834323650958325, -0.000000000000000000, 0.9238795325112842960 ) ) ;
#1065 = ADVANCED_FACE ( 'NONE', ( #7752 ), #429, .T. ) ;
#1066 = LINE ( 'NONE', #1861, #7223 ) ;
#1067 = CARTESIAN_POINT ( 'NONE',  ( 58.58122826719633736, 18.50000000000000355, -1.882683432365084286 ) ) ;
#1068 = DIRECTION ( 'NONE',  ( 0.000000000000000000, 0.000000000000000000, -1.000000000000000000 ) ) ;
#1069 = CARTESIAN_POINT ( 'NONE',  ( 39.39975000000000449, 2.000000000000002665, -6.661277167116791631 ) ) ;
#1070 = VERTEX_POINT ( 'NONE', #6142 ) ;
#1071 = VERTEX_POINT ( 'NONE', #9399 ) ;
#1072 = EDGE_LOOP ( 'NONE', ( #3148, #8066, #5257, #816 ) ) ;
#1073 = EDGE_CURVE ( 'NONE', #7874, #10515, #2082, .T. ) ;
#1074 = CARTESIAN_POINT ( 'NONE',  ( 103.0997499999999576, 2.192056395364472721, -18.50000000000000000 ) ) ;
#1075 = AXIS2_PLACEMENT_3D ( 'NONE', #7647, #7067, #2031 ) ;
#1076 = CARTESIAN_POINT ( 'NONE',  ( 47.61200000000000898, 18.50000000000000355, -1.499999999999999556 ) ) ;
#1077 = CARTESIAN_POINT ( 'NONE',  ( 20.54219216010988447, 2.033803789237822457, -4.011813856752085350 ) ) ;
#1078 = CARTESIAN_POINT ( 'NONE',  ( 73.69974999999995191, 18.30794360463553616, -18.50000000000000000 ) ) ;
#1079 = FACE_OUTER_BOUND ( 'NONE', #290, .T. ) ;
#1080 = LINE ( 'NONE', #6702, #2698 ) ;
#1081 = VERTEX_POINT ( 'NONE', #8802 ) ;
#1082 = EDGE_CURVE ( 'NONE', #8765, #2256, #1484, .T. ) ;
#1083 = ORIENTED_EDGE ( 'NONE', *, *, #6490, .F. ) ;
#1084 = CARTESIAN_POINT ( 'NONE',  ( 63.89974999999996186, 18.50000000000000355, -16.96018989328458204 ) ) ;
#1085 = VECTOR ( 'NONE', #2483, 1000.000000000000114 ) ;
#1086 = EDGE_CURVE ( 'NONE', #5845, #2890, #4736, .T. ) ;
#1087 = ADVANCED_FACE ( 'NONE', ( #4034 ), #3299, .F. ) ;
#1088 = AXIS2_PLACEMENT_3D ( 'NONE', #2122, #577, #6074 ) ;
#1089 = CARTESIAN_POINT ( 'NONE',  ( 44.74433197061163980, 17.82569441078556949, -18.50000000000000000 ) ) ;
#1090 = DIRECTION ( 'NONE',  ( 0.000000000000000000, 1.000000000000000000, 0.000000000000000000 ) ) ;
#1091 = VECTOR ( 'NONE', #3184, 1000.000000000000114 ) ;
#1092 = CARTESIAN_POINT ( 'NONE',  ( -4.000000000000000000, 10.00000000000000000, -15.09999999999999964 ) ) ;
#1093 = EDGE_LOOP ( 'NONE', ( #106, #2011, #3756, #484 ) ) ;
#1094 = CARTESIAN_POINT ( 'NONE',  ( 88.39975000000001160, 18.08578643762690064, -7.743669367409162341 ) ) ;
#1095 = CARTESIAN_POINT ( 'NONE',  ( 58.99975000000002012, 2.153954234325363259, -1.500000000000000444 ) ) ;
#1096 = ORIENTED_EDGE ( 'NONE', *, *, #5077, .F. ) ;
#1097 = LINE ( 'NONE', #7621, #7020 ) ;
#1098 = ORIENTED_EDGE ( 'NONE', *, *, #9871, .T. ) ;
#1099 = ORIENTED_EDGE ( 'NONE', *, *, #188, .T. ) ;
#1100 = CARTESIAN_POINT ( 'NONE',  ( 68.29439220029240687, 2.999999999999999112, -1.499999999999999556 ) ) ;
#1101 = ORIENTED_EDGE ( 'NONE', *, *, #6996, .F. ) ;
#1102 = CARTESIAN_POINT ( 'NONE',  ( 78.60000000000000853, 17.50000000000000000, -7.743669367409180992 ) ) ;
#1103 = CARTESIAN_POINT ( 'NONE',  ( 73.69974999999995191, 18.50000000000000355, -9.496478871970266411 ) ) ;
#1104 = CARTESIAN_POINT ( 'NONE',  ( 37.67474999999993912, 20.00000000000000355, -18.50000000000000000 ) ) ;
#1105 = ORIENTED_EDGE ( 'NONE', *, *, #375, .F. ) ;
#1106 = DIRECTION ( 'NONE',  ( -0.000000000000000000, -1.000000000000000000, -0.000000000000000000 ) ) ;
#1107 = ADVANCED_FACE ( 'NONE', ( #7307 ), #7258, .F. ) ;
#1108 = CARTESIAN_POINT ( 'NONE',  ( 83.49974999999994907, 18.50000000000000355, -12.10960480172301423 ) ) ;
#1109 = ADVANCED_FACE ( 'NONE', ( #1586 ), #4839, .T. ) ;
#1110 = CARTESIAN_POINT ( 'NONE',  ( 86.81200000000001182, 2.000000000000000000, -1.499999999999999556 ) ) ;
#1111 = ORIENTED_EDGE ( 'NONE', *, *, #6708, .F. ) ;
#1112 =( BOUNDED_CURVE ( )  B_SPLINE_CURVE ( 3, ( #6040, #1813, #2666, #5929 ),
 .UNSPECIFIED., .F., .F. ) 
 B_SPLINE_CURVE_WITH_KNOTS ( ( 4, 4 ),
 ( 4.150116409062343692, 4.712388980384698556 ),
 .UNSPECIFIED. ) 
 CURVE ( )  GEOMETRIC_REPRESENTATION_ITEM ( )  RATIONAL_B_SPLINE_CURVE ( ( 1.000000000000000000, 0.9738271993243673430, 0.9738271993243673430, 1.000000000000000000 ) ) 
 REPRESENTATION_ITEM ( '' )  );
#1113 = DIRECTION ( 'NONE',  ( 1.000000000000000000, -0.000000000000000000, 2.105213941857293549E-15 ) ) ;
#1114 = EDGE_CURVE ( 'NONE', #7318, #1951, #8961, .T. ) ;
#1115 = B_SPLINE_CURVE_WITH_KNOTS ( 'NONE', 3,
 ( #8433, #2763, #3455, #6835 ),
 .UNSPECIFIED., .F., .F.,
 ( 4, 4 ),
 ( 0.000000000000000000, 1.000000000000000000 ),
 .UNSPECIFIED. ) ;
#1116 = ORIENTED_EDGE ( 'NONE', *, *, #7690, .T. ) ;
#1117 = VERTEX_POINT ( 'NONE', #2342 ) ;
#1118 = FACE_OUTER_BOUND ( 'NONE', #9984, .T. ) ;
#1119 = DIRECTION ( 'NONE',  ( 1.000000000000000000, -0.000000000000000000, 0.000000000000000000 ) ) ;
#1120 = CARTESIAN_POINT ( 'NONE',  ( 65.42672417090405190, 20.00000000000000355, -18.50000000000000355 ) ) ;
#1121 = CARTESIAN_POINT ( 'NONE',  ( 29.18122826719633167, 18.50000000000000355, -1.882683432365084286 ) ) ;
#1122 = CARTESIAN_POINT ( 'NONE',  ( 0.000000000000000000, 2.000000000000000000, 0.000000000000000000 ) ) ;
#1123 = VERTEX_POINT ( 'NONE', #5707 ) ;
#1124 = ORIENTED_EDGE ( 'NONE', *, *, #9623, .T. ) ;
#1125 = EDGE_CURVE ( 'NONE', #8912, #2662, #6364, .T. ) ;
#1126 = ORIENTED_EDGE ( 'NONE', *, *, #6141, .F. ) ;
#1127 = CARTESIAN_POINT ( 'NONE',  ( 11.00000000000000355, 27.21604200192311040, -2.694775461858567756 ) ) ;
#1128 = CARTESIAN_POINT ( 'NONE',  ( 53.65516802938824270, 17.82569441078556594, -18.50000000000000000 ) ) ;
#1129 = DIRECTION ( 'NONE',  ( 0.000000000000000000, 0.000000000000000000, 1.000000000000000000 ) ) ;
#1130 = CYLINDRICAL_SURFACE ( 'NONE', #6850, 0.9999999999999998890 ) ;
#1131 = CARTESIAN_POINT ( 'NONE',  ( 15.34433197061165011, 17.82569441078556949, -18.50000000000000000 ) ) ;
#1132 = DIRECTION ( 'NONE',  ( 1.000000000000000000, -0.000000000000000000, 0.000000000000000000 ) ) ;
#1133 = ORIENTED_EDGE ( 'NONE', *, *, #3309, .F. ) ;
#1134 = LINE ( 'NONE', #5248, #3472 ) ;
#1135 = EDGE_LOOP ( 'NONE', ( #7599, #4455, #4037, #449 ) ) ;
#1136 = CARTESIAN_POINT ( 'NONE',  ( 39.40000000000000568, 17.50000000000000000, -7.744272920799765814 ) ) ;
#1137 = DIRECTION ( 'NONE',  ( 0.000000000000000000, -0.000000000000000000, 1.000000000000000000 ) ) ;
#1138 = FACE_OUTER_BOUND ( 'NONE', #4918, .T. ) ;
#1139 = ORIENTED_EDGE ( 'NONE', *, *, #6873, .T. ) ;
#1140 = DIRECTION ( 'NONE',  ( 0.000000000000000000, 0.000000000000000000, -1.000000000000000000 ) ) ;
#1141 = EDGE_CURVE ( 'NONE', #2103, #3995, #9612, .T. ) ;
#1142 = EDGE_CURVE ( 'NONE', #3924, #3440, #8163, .T. ) ;
#1143 = ORIENTED_EDGE ( 'NONE', *, *, #7130, .F. ) ;
#1144 = DIRECTION ( 'NONE',  ( 1.000000000000000000, 0.000000000000000000, -0.000000000000000000 ) ) ;
#1145 = VERTEX_POINT ( 'NONE', #9708 ) ;
#1146 = DIRECTION ( 'NONE',  ( -0.3826834323650857850, 0.000000000000000000, 0.9238795325112884038 ) ) ;
#1147 = ORIENTED_EDGE ( 'NONE', *, *, #6211, .T. ) ;
#1148 = EDGE_CURVE ( 'NONE', #2116, #9858, #4687, .T. ) ;
#1149 = CARTESIAN_POINT ( 'NONE',  ( 49.70510779970763338, 17.85125431679151831, -1.500000000000001554 ) ) ;
#1150 = DIRECTION ( 'NONE',  ( 0.000000000000000000, 0.000000000000000000, -1.000000000000000000 ) ) ;
#1151 = DIRECTION ( 'NONE',  ( 0.9238895603187097239, -0.000000000000000000, 0.3826592221992059506 ) ) ;
#1152 = CARTESIAN_POINT ( 'NONE',  ( 83.49974999999993486, 18.50000000000000355, -14.72273073147575140 ) ) ;
#1153 = ORIENTED_EDGE ( 'NONE', *, *, #7678, .T. ) ;
#1154 = DIRECTION ( 'NONE',  ( 1.000000000000000000, -0.000000000000000000, -0.000000000000000000 ) ) ;
#1155 = DIRECTION ( 'NONE',  ( 0.000000000000000000, 0.000000000000000000, 1.000000000000000000 ) ) ;
#1156 = LINE ( 'NONE', #2019, #4200 ) ;
#1157 = VERTEX_POINT ( 'NONE', #6572 ) ;
#1158 = CARTESIAN_POINT ( 'NONE',  ( 20.54219216010988447, 2.033803789237822457, -4.011813856752085350 ) ) ;
#1159 = CARTESIAN_POINT ( 'NONE',  ( 19.60000000000000142, 2.000000000000000000, -18.50000000000000000 ) ) ;
#1160 = ORIENTED_EDGE ( 'NONE', *, *, #1987, .T. ) ;
#1161 = ORIENTED_EDGE ( 'NONE', *, *, #4735, .F. ) ;
#1162 = PLANE ( 'NONE',  #341 ) ;
#1163 = LINE ( 'NONE', #2990, #8925 ) ;
#1164 = CARTESIAN_POINT ( 'NONE',  ( 29.40000000000000213, 18.50000000000000355, -1.500000000000000000 ) ) ;
#1165 = PLANE ( 'NONE',  #1203 ) ;
#1166 = DIRECTION ( 'NONE',  ( -0.000000000000000000, -1.000000000000000000, -0.000000000000000000 ) ) ;
#1167 = DIRECTION ( 'NONE',  ( -0.000000000000000000, -1.000000000000000000, -0.000000000000000000 ) ) ;
#1168 = ORIENTED_EDGE ( 'NONE', *, *, #5871, .F. ) ;
#1169 = ORIENTED_EDGE ( 'NONE', *, *, #1604, .T. ) ;
#1170 = ORIENTED_EDGE ( 'NONE', *, *, #8684, .F. ) ;
#1171 = ORIENTED_EDGE ( 'NONE', *, *, #4169, .T. ) ;
#1172 = EDGE_CURVE ( 'NONE', #7315, #3440, #9820, .T. ) ;
#1173 =( BOUNDED_CURVE ( )  B_SPLINE_CURVE ( 3, ( #2368, #3116, #809, #5622 ),
 .UNSPECIFIED., .F., .F. ) 
 B_SPLINE_CURVE_WITH_KNOTS ( ( 4, 4 ),
 ( 5.274661551707035656, 6.283185307179586232 ),
 .UNSPECIFIED. ) 
 CURVE ( )  GEOMETRIC_REPRESENTATION_ITEM ( )  RATIONAL_B_SPLINE_CURVE ( ( 1.000000000000000000, 0.9170208966857377186, 0.9170208966857377186, 1.000000000000000000 ) ) 
 REPRESENTATION_ITEM ( '' )  );
#1174 = VECTOR ( 'NONE', #197, 1000.000000000000114 ) ;
#1175 = CARTESIAN_POINT ( 'NONE',  ( 31.18750000000000711, 20.00000000000000355, -1.500000000000000888 ) ) ;
#1176 = CARTESIAN_POINT ( 'NONE',  ( 48.69439220029241255, 2.648745683208485246, -1.500000000000000444 ) ) ;
#1177 = LINE ( 'NONE', #7766, #9077 ) ;
#1178 = CARTESIAN_POINT ( 'NONE',  ( 23.77587046748865873, 18.50000000000000355, -17.34287332564966988 ) ) ;
#1179 = CARTESIAN_POINT ( 'NONE',  ( 15.18457362364323515, 18.11602497579403348, -18.50000000000000000 ) ) ;
#1180 = LINE ( 'NONE', #112, #3378 ) ;
#1181 = EDGE_CURVE ( 'NONE', #9668, #2633, #9662, .T. ) ;
#1182 = VECTOR ( 'NONE', #3757, 1000.000000000000000 ) ;
#1183 = ORIENTED_EDGE ( 'NONE', *, *, #2812, .T. ) ;
#1184 = CARTESIAN_POINT ( 'NONE',  ( 49.00000000000000711, 2.000000000000000000, -1.500000000000000000 ) ) ;
#1185 = VECTOR ( 'NONE', #5009, 1000.000000000000000 ) ;
#1186 = ORIENTED_EDGE ( 'NONE', *, *, #7882, .T. ) ;
#1187 = AXIS2_PLACEMENT_3D ( 'NONE', #3911, #510, #7042 ) ;
#1188 = CARTESIAN_POINT ( 'NONE',  ( 91.77277582909586329, 2.000000000000000000, -18.50000000000000000 ) ) ;
#1189 = CARTESIAN_POINT ( 'NONE',  ( 75.22672417090403485, 20.00000000000000355, -18.50000000000000355 ) ) ;
#1190 = EDGE_CURVE ( 'NONE', #3409, #1630, #8113, .T. ) ;
#1191 = VECTOR ( 'NONE', #808, 1000.000000000000000 ) ;
#1192 = DIRECTION ( 'NONE',  ( -1.000000000000000000, 0.000000000000000000, -0.000000000000000000 ) ) ;
#1193 = VERTEX_POINT ( 'NONE', #786 ) ;
#1194 = CARTESIAN_POINT ( 'NONE',  ( 10.00000000000000000, 10.00000000000000000, -20.00000000000000000 ) ) ;
#1195 = VECTOR ( 'NONE', #1208, 1000.000000000000000 ) ;
#1196 = ORIENTED_EDGE ( 'NONE', *, *, #7823, .F. ) ;
#1197 = CARTESIAN_POINT ( 'NONE',  ( 68.60000000000000853, 18.50000000000000355, -1.500000000000000000 ) ) ;
#1198 = ORIENTED_EDGE ( 'NONE', *, *, #3086, .T. ) ;
#1199 = CARTESIAN_POINT ( 'NONE',  ( 58.49439220029240971, 18.50000000000000355, -1.499999999999999556 ) ) ;
#1200 = VECTOR ( 'NONE', #5067, 1000.000000000000000 ) ;
#1201 = EDGE_LOOP ( 'NONE', ( #4916, #3976, #7749, #9802 ) ) ;
#1202 = ORIENTED_EDGE ( 'NONE', *, *, #8544, .F. ) ;
#1203 = AXIS2_PLACEMENT_3D ( 'NONE', #269, #1068, #1008 ) ;
#1204 = ADVANCED_FACE ( 'NONE', ( #5498 ), #8753, .F. ) ;
#1205 = VECTOR ( 'NONE', #7540, 1000.000000000000114 ) ;
#1206 = LINE ( 'NONE', #7099, #3074 ) ;
#1207 = DIRECTION ( 'NONE',  ( 0.000000000000000000, 0.000000000000000000, 1.000000000000000000 ) ) ;
#1208 = DIRECTION ( 'NONE',  ( 0.000000000000000000, 0.000000000000000000, -1.000000000000000000 ) ) ;
#1209 = CARTESIAN_POINT ( 'NONE',  ( 74.17904756189955151, 18.50000000000000355, -18.11731656763492282 ) ) ;
#1210 = ORIENTED_EDGE ( 'NONE', *, *, #5199, .T. ) ;
#1211 = CARTESIAN_POINT ( 'NONE',  ( 104.8250000000000171, 2.000000000000000000, 0.000000000000000000 ) ) ;
#1212 = FACE_OUTER_BOUND ( 'NONE', #7216, .T. ) ;
#1213 = CARTESIAN_POINT ( 'NONE',  ( 59.00000000000001421, 20.00000000000000355, -10.35679529716193592 ) ) ;
#1214 = EDGE_LOOP ( 'NONE', ( #8323, #8437, #147, #8184 ) ) ;
#1215 = DIRECTION ( 'NONE',  ( -0.3826834323650853964, 0.000000000000000000, 0.9238795325112886259 ) ) ;
#1216 = EDGE_CURVE ( 'NONE', #3773, #2407, #5597, .T. ) ;
#1217 = VECTOR ( 'NONE', #311, 1000.000000000000000 ) ;
#1218 = PLANE ( 'NONE',  #1440 ) ;
#1219 = VERTEX_POINT ( 'NONE', #10468 ) ;
#1220 = ADVANCED_FACE ( 'NONE', ( #3141 ), #6460, .F. ) ;
#1221 = EDGE_CURVE ( 'NONE', #679, #5303, #9116, .T. ) ;
#1222 = DIRECTION ( 'NONE',  ( 0.3826834323650955549, 0.000000000000000000, 0.9238795325112844070 ) ) ;
#1223 = DIRECTION ( 'NONE',  ( -0.3826834323650853964, 0.000000000000000000, 0.9238795325112886259 ) ) ;
#1224 = CARTESIAN_POINT ( 'NONE',  ( 23.17277582909584766, 18.50000000000000355, -18.50000000000000000 ) ) ;
#1225 = VECTOR ( 'NONE', #3935, 1000.000000000000000 ) ;
#1226 = CARTESIAN_POINT ( 'NONE',  ( 64.18457362364324581, 2.383975024205972737, -18.50000000000000000 ) ) ;
#1227 = LINE ( 'NONE', #2782, #8078 ) ;
#1228 = ORIENTED_EDGE ( 'NONE', *, *, #7892, .F. ) ;
#1229 = ORIENTED_EDGE ( 'NONE', *, *, #8095, .F. ) ;
#1230 = EDGE_LOOP ( 'NONE', ( #10322, #3022, #7155, #8723, #1139, #9183 ) ) ;
#1231 = ORIENTED_EDGE ( 'NONE', *, *, #9254, .T. ) ;
#1232 = AXIS2_PLACEMENT_3D ( 'NONE', #6965, #2897, #9413 ) ;
#1233 = DIRECTION ( 'NONE',  ( 0.3826834323650958325, 0.000000000000000000, 0.9238795325112842960 ) ) ;
#1234 = DIRECTION ( 'NONE',  ( 0.9238795325112844070, 0.000000000000000000, -0.3826834323650955549 ) ) ;
#1235 = CARTESIAN_POINT ( 'NONE',  ( 106.0000000000000142, 18.50000000000000355, -2.693568355077375909 ) ) ;
#1236 = DIRECTION ( 'NONE',  ( 0.3826834323650853964, 0.000000000000000000, -0.9238795325112885148 ) ) ;
#1237 = LINE ( 'NONE', #9362, #2914 ) ;
#1238 = DIRECTION ( 'NONE',  ( -0.9238795325112841850, 0.000000000000000000, 0.3826834323650959990 ) ) ;
#1239 = ADVANCED_FACE ( 'NONE', ( #1844 ), #5042, .F. ) ;
#1240 = EDGE_CURVE ( 'NONE', #1983, #6660, #993, .T. ) ;
#1241 = VERTEX_POINT ( 'NONE', #2651 ) ;
#1242 = DIRECTION ( 'NONE',  ( -0.000000000000000000, -1.000000000000000000, -0.000000000000000000 ) ) ;
#1243 = ORIENTED_EDGE ( 'NONE', *, *, #7658, .T. ) ;
#1244 = VECTOR ( 'NONE', #8331, 1000.000000000000000 ) ;
#1245 =( BOUNDED_CURVE ( )  B_SPLINE_CURVE ( 3, ( #10580, #9024, #5767, #749 ),
 .UNSPECIFIED., .F., .F. ) 
 B_SPLINE_CURVE_WITH_KNOTS ( ( 4, 4 ),
 ( 0.000000000000000000, 1.008523755472561678 ),
 .UNSPECIFIED. ) 
 CURVE ( )  GEOMETRIC_REPRESENTATION_ITEM ( )  RATIONAL_B_SPLINE_CURVE ( ( 1.000000000000000000, 0.9170208966857359423, 0.9170208966857359423, 1.000000000000000000 ) ) 
 REPRESENTATION_ITEM ( '' )  );
#1246 = VECTOR ( 'NONE', #10159, 1000.000000000000000 ) ;
#1247 = EDGE_CURVE ( 'NONE', #10016, #4799, #10027, .T. ) ;
#1248 = CARTESIAN_POINT ( 'NONE',  ( 85.02672417090403201, 20.00000000000000355, -18.50000000000000355 ) ) ;
#1249 = FACE_OUTER_BOUND ( 'NONE', #4816, .T. ) ;
#1250 = CARTESIAN_POINT ( 'NONE',  ( 68.80000000000001137, 2.999999999999999112, -7.743669367409184545 ) ) ;
#1251 = ORIENTED_EDGE ( 'NONE', *, *, #507, .T. ) ;
#1252 = DIRECTION ( 'NONE',  ( -0.3826834323650956105, 0.000000000000000000, -0.9238795325112842960 ) ) ;
#1253 = VECTOR ( 'NONE', #1956, 999.9999999999998863 ) ;
#1254 = ORIENTED_EDGE ( 'NONE', *, *, #7206, .F. ) ;
#1255 = LINE ( 'NONE', #5956, #4255 ) ;
#1256 = ORIENTED_EDGE ( 'NONE', *, *, #2405, .T. ) ;
#1257 = PLANE ( 'NONE',  #9789 ) ;
#1258 = VERTEX_POINT ( 'NONE', #193 ) ;
#1259 = EDGE_CURVE ( 'NONE', #7819, #7920, #8317, .T. ) ;
#1260 = ORIENTED_EDGE ( 'NONE', *, *, #9584, .F. ) ;
#1261 = AXIS2_PLACEMENT_3D ( 'NONE', #5673, #8933, #4909 ) ;
#1262 = DIRECTION ( 'NONE',  ( -0.000000000000000000, -1.000000000000000000, -0.000000000000000000 ) ) ;
#1263 = PLANE ( 'NONE',  #7930 ) ;
#1264 = CARTESIAN_POINT ( 'NONE',  ( 103.0997499999999576, 20.00000000000000355, -9.496478871970266411 ) ) ;
#1265 = CARTESIAN_POINT ( 'NONE',  ( 46.02500000000001279, 20.00000000000000355, 0.000000000000000000 ) ) ;
#1266 = VERTEX_POINT ( 'NONE', #9972 ) ;
#1267 = CARTESIAN_POINT ( 'NONE',  ( 22.97500000000000142, 20.00000000000000355, -1.500000000000000000 ) ) ;
#1268 = LINE ( 'NONE', #1429, #5482 ) ;
#1269 = CARTESIAN_POINT ( 'NONE',  ( 44.29974999999994623, 2.999999999999999112, -12.10960480172301068 ) ) ;
#1270 = ORIENTED_EDGE ( 'NONE', *, *, #9887, .T. ) ;
#1271 = FACE_OUTER_BOUND ( 'NONE', #7429, .T. ) ;
#1272 = DIRECTION ( 'NONE',  ( -0.000000000000000000, -0.000000000000000000, 1.000000000000000000 ) ) ;
#1273 = ORIENTED_EDGE ( 'NONE', *, *, #10106, .F. ) ;
#1274 = EDGE_CURVE ( 'NONE', #6117, #3811, #7471, .T. ) ;
#1275 = CARTESIAN_POINT ( 'NONE',  ( 77.03634029509841241, 18.50000000000000355, 3.494446567024352746 ) ) ;
#1276 = FACE_OUTER_BOUND ( 'NONE', #5450, .T. ) ;
#1277 = FACE_OUTER_BOUND ( 'NONE', #8609, .T. ) ;
#1278 = CARTESIAN_POINT ( 'NONE',  ( 58.99975000000001302, 2.000000000000000000, -2.893084275847616738 ) ) ;
#1279 = ORIENTED_EDGE ( 'NONE', *, *, #6052, .F. ) ;
#1280 = EDGE_CURVE ( 'NONE', #7785, #2143, #4298, .T. ) ;
#1281 = CARTESIAN_POINT ( 'NONE',  ( 78.59993749768391069, 18.50000000000000355, -10.35694617991806865 ) ) ;
#1282 = VERTEX_POINT ( 'NONE', #1746 ) ;
#1283 = ORIENTED_EDGE ( 'NONE', *, *, #4390, .F. ) ;
#1284 = EDGE_CURVE ( 'NONE', #9485, #6681, #890, .T. ) ;
#1285 = EDGE_LOOP ( 'NONE', ( #10425, #7957 ) ) ;
#1286 = VERTEX_POINT ( 'NONE', #5099 ) ;
#1287 = EDGE_CURVE ( 'NONE', #1447, #1837, #831, .T. ) ;
#1288 = CARTESIAN_POINT ( 'NONE',  ( 68.79993749768391353, 18.50000000000000355, -10.35694617991806865 ) ) ;
#1289 = LINE ( 'NONE', #8718, #7697 ) ;
#1290 = CARTESIAN_POINT ( 'NONE',  ( 68.79989330582617413, 2.000000000000000000, -10.35683949133576931 ) ) ;
#1291 = PLANE ( 'NONE',  #10253 ) ;
#1292 = CARTESIAN_POINT ( 'NONE',  ( 12.00000000000000355, 2.999999999999999112, -2.694775461858567756 ) ) ;
#1293 = CARTESIAN_POINT ( 'NONE',  ( 63.89974999999994765, 18.50000000000000355, -12.10960480172301423 ) ) ;
#1294 = ORIENTED_EDGE ( 'NONE', *, *, #4246, .T. ) ;
#1295 = CARTESIAN_POINT ( 'NONE',  ( 54.09974999999994338, 17.50000000000000000, -12.10960480172301423 ) ) ;
#1296 = ORIENTED_EDGE ( 'NONE', *, *, #1930, .F. ) ;
#1297 = EDGE_CURVE ( 'NONE', #3294, #881, #9222, .T. ) ;
#1298 = EDGE_CURVE ( 'NONE', #4133, #1808, #4997, .T. ) ;
#1299 = CARTESIAN_POINT ( 'NONE',  ( 16.62500000000000355, 2.000000000000000000, -1.500000000000000000 ) ) ;
#1300 = DIRECTION ( 'NONE',  ( 0.3826834323650956660, 0.000000000000000000, 0.9238795325112844070 ) ) ;
#1301 = EDGE_CURVE ( 'NONE', #4483, #3548, #6623, .T. ) ;
#1302 = CARTESIAN_POINT ( 'NONE',  ( 73.69974999999995191, 18.30794360463553616, -18.50000000000000000 ) ) ;
#1303 = ORIENTED_EDGE ( 'NONE', *, *, #10237, .F. ) ;
#1304 = PLANE ( 'NONE',  #2214 ) ;
#1305 = AXIS2_PLACEMENT_3D ( 'NONE', #9599, #3973, #4827 ) ;
#1306 = ORIENTED_EDGE ( 'NONE', *, *, #2581, .T. ) ;
#1307 = ORIENTED_EDGE ( 'NONE', *, *, #5240, .F. ) ;
#1308 = CARTESIAN_POINT ( 'NONE',  ( 10.00000000000000000, 11.50000000000000000, -17.09999999999999787 ) ) ;
#1309 = EDGE_LOOP ( 'NONE', ( #9499, #5463, #4243, #6930 ) ) ;
#1310 = EDGE_CURVE ( 'NONE', #4597, #4133, #2701, .T. ) ;
#1311 = CARTESIAN_POINT ( 'NONE',  ( 85.63265059588094630, 17.50000000000000000, -35.47020525877104546 ) ) ;
#1312 = FACE_OUTER_BOUND ( 'NONE', #8522, .T. ) ;
#1313 = CARTESIAN_POINT ( 'NONE',  ( 70.52474999999994054, 18.50000000000000355, -20.00000000000000000 ) ) ;
#1314 = CARTESIAN_POINT ( 'NONE',  ( 0.000000000000000000, 2.000000000000000000, -20.00000000000000000 ) ) ;
#1315 = VERTEX_POINT ( 'NONE', #9866 ) ;
#1316 = CARTESIAN_POINT ( 'NONE',  ( 77.47557472363467923, 18.50000000000000355, -13.07079449584754727 ) ) ;
#1317 = EDGE_CURVE ( 'NONE', #618, #3123, #5966, .T. ) ;
#1318 = DIRECTION ( 'NONE',  ( -1.000000000000000000, -0.000000000000000000, -2.732708689314444103E-16 ) ) ;
#1319 = DIRECTION ( 'NONE',  ( 0.000000000000000000, -1.000000000000000000, 0.000000000000000000 ) ) ;
#1320 = VERTEX_POINT ( 'NONE', #6832 ) ;
#1321 = VECTOR ( 'NONE', #9107, 1000.000000000000000 ) ;
#1322 = DIRECTION ( 'NONE',  ( -0.000000000000000000, -1.000000000000000000, -0.000000000000000000 ) ) ;
#1323 = CARTESIAN_POINT ( 'NONE',  ( 65.62500000000001421, 2.000000000000000000, 0.000000000000000000 ) ) ;
#1324 = CARTESIAN_POINT ( 'NONE',  ( 92.85516802938825265, 2.674305589214434065, -18.50000000000000000 ) ) ;
#1325 = CARTESIAN_POINT ( 'NONE',  ( 69.56182383839120575, 2.000000000000000000, -8.516986300988198977 ) ) ;
#1326 = PLANE ( 'NONE',  #4440 ) ;
#1327 = EDGE_CURVE ( 'NONE', #434, #6716, #9301, .T. ) ;
#1328 = CARTESIAN_POINT ( 'NONE',  ( 19.80000000000000426, 2.999999999999999112, -7.744272920799767590 ) ) ;
#1329 = VERTEX_POINT ( 'NONE', #136 ) ;
#1330 = FACE_OUTER_BOUND ( 'NONE', #3612, .T. ) ;
#1331 = VERTEX_POINT ( 'NONE', #9011 ) ;
#1332 = ORIENTED_EDGE ( 'NONE', *, *, #9204, .F. ) ;
#1333 = EDGE_LOOP ( 'NONE', ( #7808, #5553, #6059, #920, #6422, #1438 ) ) ;
#1334 = ORIENTED_EDGE ( 'NONE', *, *, #7850, .T. ) ;
#1335 = VECTOR ( 'NONE', #1132, 1000.000000000000000 ) ;
#1336 = DIRECTION ( 'NONE',  ( 0.000000000000000000, 0.000000000000000000, -1.000000000000000000 ) ) ;
#1337 = EDGE_CURVE ( 'NONE', #1480, #9445, #2600, .T. ) ;
#1338 = EDGE_CURVE ( 'NONE', #9020, #2369, #6128, .T. ) ;
#1339 = DIRECTION ( 'NONE',  ( 0.3826834323650956660, -0.000000000000000000, 0.9238795325112844070 ) ) ;
#1340 = DIRECTION ( 'NONE',  ( -0.000000000000000000, -1.000000000000000000, -0.000000000000000000 ) ) ;
#1341 = CARTESIAN_POINT ( 'NONE',  ( 98.20000000000000284, 20.00000000000000355, -10.35679529716193592 ) ) ;
#1342 = CARTESIAN_POINT ( 'NONE',  ( 63.89974999999996186, 20.00000000000000355, -9.496478871970266411 ) ) ;
#1343 = CARTESIAN_POINT ( 'NONE',  ( 83.49974999999993486, 18.50000000000000355, -14.72273073147575140 ) ) ;
#1344 = ORIENTED_EDGE ( 'NONE', *, *, #6, .T. ) ;
#1345 = DIRECTION ( 'NONE',  ( -0.9238795325112884038, 0.000000000000000000, -0.3826834323650857850 ) ) ;
#1346 = EDGE_CURVE ( 'NONE', #7759, #2662, #9278, .T. ) ;
#1347 = VERTEX_POINT ( 'NONE', #10243 ) ;
#1348 = AXIS2_PLACEMENT_3D ( 'NONE', #3977, #10507, #3179 ) ;
#1349 = ADVANCED_FACE ( 'NONE', ( #1312 ), #1263, .T. ) ;
#1350 = ADVANCED_FACE ( 'NONE', ( #6184 ), #2069, .F. ) ;
#1351 = CARTESIAN_POINT ( 'NONE',  ( 103.0997499999999292, 2.000000000000000000, -14.72273073147576739 ) ) ;
#1352 = CARTESIAN_POINT ( 'NONE',  ( 0.000000000000000000, 2.000000000000000000, 0.000000000000000000 ) ) ;
#1353 = CARTESIAN_POINT ( 'NONE',  ( 35.67524443537455170, 18.50000000000000355, -6.658584263594879538 ) ) ;
#1354 = ORIENTED_EDGE ( 'NONE', *, *, #1274, .T. ) ;
#1355 = AXIS2_PLACEMENT_3D ( 'NONE', #1127, #9308, #3644 ) ;
#1356 = CARTESIAN_POINT ( 'NONE',  ( 52.57277582909584623, 20.00000000000000355, -18.50000000000000000 ) ) ;
#1357 = AXIS2_PLACEMENT_3D ( 'NONE', #8660, #9779, #6474 ) ;
#1358 = VERTEX_POINT ( 'NONE', #10189 ) ;
#1359 = CARTESIAN_POINT ( 'NONE',  ( 60.72474999999994338, 20.00000000000000355, -20.00000000000000000 ) ) ;
#1360 = ORIENTED_EDGE ( 'NONE', *, *, #524, .T. ) ;
#1361 = DIRECTION ( 'NONE',  ( 0.000000000000000000, 0.000000000000000000, -1.000000000000000000 ) ) ;
#1362 = ORIENTED_EDGE ( 'NONE', *, *, #7270, .F. ) ;
#1363 = AXIS2_PLACEMENT_3D ( 'NONE', #9633, #614, #10539 ) ;
#1364 = DIRECTION ( 'NONE',  ( 0.000000000000000000, 0.000000000000000000, -1.000000000000000000 ) ) ;
#1365 = VECTOR ( 'NONE', #6214, 1000.000000000000114 ) ;
#1366 = DIRECTION ( 'NONE',  ( 0.3826834323650853964, -0.000000000000000000, -0.9238795325112885148 ) ) ;
#1367 = VECTOR ( 'NONE', #1571, 1000.000000000000114 ) ;
#1368 = CARTESIAN_POINT ( 'NONE',  ( 88.39975000000002581, 2.000000000000000000, -5.130543437656422512 ) ) ;
#1369 = DIRECTION ( 'NONE',  ( -0.3826834323650958325, -0.000000000000000000, -0.9238795325112842960 ) ) ;
#1370 = CARTESIAN_POINT ( 'NONE',  ( 16.62500000000000355, 2.000000000000000000, 0.000000000000000000 ) ) ;
#1371 = VERTEX_POINT ( 'NONE', #1368 ) ;
#1372 = DIRECTION ( 'NONE',  ( 0.000000000000000000, -0.000000000000000000, 1.000000000000000000 ) ) ;
#1373 = LINE ( 'NONE', #3032, #8724 ) ;
#1374 = LINE ( 'NONE', #7843, #7469 ) ;
#1375 = VERTEX_POINT ( 'NONE', #2175 ) ;
#1376 = LINE ( 'NONE', #4627, #3126 ) ;
#1377 = ADVANCED_FACE ( 'NONE', ( #5321 ), #10085, .T. ) ;
#1378 = LINE ( 'NONE', #9344, #6049 ) ;
#1379 = VECTOR ( 'NONE', #4380, 1000.000000000000000 ) ;
#1380 = VECTOR ( 'NONE', #7326, 1000.000000000000000 ) ;
#1381 = VECTOR ( 'NONE', #6212, 1000.000000000000114 ) ;
#1382 = ADVANCED_FACE ( 'NONE', ( #6022 ), #7899, .T. ) ;
#1383 = DIRECTION ( 'NONE',  ( 0.3826834323650853964, 0.000000000000000000, -0.9238795325112886259 ) ) ;
#1384 = CARTESIAN_POINT ( 'NONE',  ( 37.67474999999993912, 2.000000000000000000, 0.000000000000000000 ) ) ;
#1385 = VERTEX_POINT ( 'NONE', #5216 ) ;
#1386 = LINE ( 'NONE', #10315, #358 ) ;
#1387 = CARTESIAN_POINT ( 'NONE',  ( 34.49974999999994196, 18.50000000000000355, -16.96018989328458559 ) ) ;
#1388 = AXIS2_PLACEMENT_3D ( 'NONE', #8244, #9842, #860 ) ;
#1389 = ORIENTED_EDGE ( 'NONE', *, *, #5073, .F. ) ;
#1390 = CARTESIAN_POINT ( 'NONE',  ( 88.39974999999999739, 2.153954234325370365, -1.500000000000000444 ) ) ;
#1391 = ORIENTED_EDGE ( 'NONE', *, *, #8562, .T. ) ;
#1392 = VERTEX_POINT ( 'NONE', #4619 ) ;
#1393 = VERTEX_POINT ( 'NONE', #8479 ) ;
#1394 = ORIENTED_EDGE ( 'NONE', *, *, #9660, .F. ) ;
#1395 =( BOUNDED_CURVE ( )  B_SPLINE_CURVE ( 3, ( #726, #5791, #3290, #7250 ),
 .UNSPECIFIED., .F., .F. ) 
 B_SPLINE_CURVE_WITH_KNOTS ( ( 4, 4 ),
 ( 3.141592653589793116, 4.712388980384695003 ),
 .UNSPECIFIED. ) 
 CURVE ( )  GEOMETRIC_REPRESENTATION_ITEM ( )  RATIONAL_B_SPLINE_CURVE ( ( 1.000000000000000000, 0.8047378541243637162, 0.8047378541243637162, 1.000000000000000000 ) ) 
 REPRESENTATION_ITEM ( '' )  );
#1396 = EDGE_CURVE ( 'NONE', #3606, #1627, #4562, .T. ) ;
#1397 = CARTESIAN_POINT ( 'NONE',  ( 29.27808768696162645, 2.341211518780904832, -1.500000000000000444 ) ) ;
#1398 = CARTESIAN_POINT ( 'NONE',  ( 98.61827173280370573, 2.000000000000000000, -1.882683432365092058 ) ) ;
#1399 = CARTESIAN_POINT ( 'NONE',  ( 54.09974999999992917, 2.192056395364460730, -18.50000000000000000 ) ) ;
#1400 = CARTESIAN_POINT ( 'NONE',  ( -4.000000000000000000, 11.50000000000000000, -4.999999999999999112 ) ) ;
#1401 = CARTESIAN_POINT ( 'NONE',  ( 67.07474999999995191, 2.000000000000000000, 0.000000000000000000 ) ) ;
#1402 = DIRECTION ( 'NONE',  ( -0.3826592221992058951, -0.000000000000000000, 0.9238895603187096128 ) ) ;
#1403 = AXIS2_PLACEMENT_3D ( 'NONE', #8393, #1223, #8448 ) ;
#1404 = EDGE_CURVE ( 'NONE', #10343, #7650, #7680, .T. ) ;
#1405 = ORIENTED_EDGE ( 'NONE', *, *, #10334, .F. ) ;
#1406 = VECTOR ( 'NONE', #6729, 1000.000000000000000 ) ;
#1407 = DIRECTION ( 'NONE',  ( -1.000000000000000000, 0.000000000000000000, 0.000000000000000000 ) ) ;
#1408 = CARTESIAN_POINT ( 'NONE',  ( 0.000000000000000000, 2.000000000000000000, -20.00000000000000000 ) ) ;
#1409 = EDGE_CURVE ( 'NONE', #2901, #5695, #5427, .T. ) ;
#1410 = CARTESIAN_POINT ( 'NONE',  ( 44.29974999999994623, 2.000000000000000444, -17.51835138363012589 ) ) ;
#1411 = ORIENTED_EDGE ( 'NONE', *, *, #8665, .F. ) ;
#1412 = CARTESIAN_POINT ( 'NONE',  ( 18.07474999999993770, 2.000000000000000000, -18.50000000000000000 ) ) ;
#1413 = ORIENTED_EDGE ( 'NONE', *, *, #3931, .T. ) ;
#1414 = DIRECTION ( 'NONE',  ( 0.3826834323650853964, -0.000000000000000000, -0.9238795325112885148 ) ) ;
#1415 = ORIENTED_EDGE ( 'NONE', *, *, #8141, .F. ) ;
#1416 = CYLINDRICAL_SURFACE ( 'NONE', #6727, 2.075000000000000178 ) ;
#1417 = EDGE_CURVE ( 'NONE', #9407, #293, #8588, .T. ) ;
#1418 = EDGE_CURVE ( 'NONE', #9566, #5762, #519, .T. ) ;
#1419 = VERTEX_POINT ( 'NONE', #6885 ) ;
#1420 = CARTESIAN_POINT ( 'NONE',  ( 91.77277582909586329, 20.00000000000000355, -18.50000000000000000 ) ) ;
#1421 = CARTESIAN_POINT ( 'NONE',  ( -4.000000000000000888, 11.50000000000000000, -2.999999999999999112 ) ) ;
#1422 = CARTESIAN_POINT ( 'NONE',  ( 24.69974999999995191, 2.999999999999999112, -16.96018989328458204 ) ) ;
#1423 = VECTOR ( 'NONE', #7959, 1000.000000000000000 ) ;
#1424 = LINE ( 'NONE', #5888, #1647 ) ;
#1425 = LINE ( 'NONE', #3078, #8030 ) ;
#1426 = CARTESIAN_POINT ( 'NONE',  ( 88.40000000000000568, 2.999999999999999112, -7.743669367409181881 ) ) ;
#1427 = ORIENTED_EDGE ( 'NONE', *, *, #783, .T. ) ;
#1428 = DIRECTION ( 'NONE',  ( -0.9238795325112844070, 0.000000000000000000, 0.3826834323650954994 ) ) ;
#1429 = CARTESIAN_POINT ( 'NONE',  ( -4.000000000000000000, 10.00000000000000000, -17.09999999999999787 ) ) ;
#1430 = DIRECTION ( 'NONE',  ( -1.000000000000000000, 0.000000000000000000, -0.000000000000000000 ) ) ;
#1431 = ORIENTED_EDGE ( 'NONE', *, *, #2879, .T. ) ;
#1432 = DIRECTION ( 'NONE',  ( -1.000000000000000000, 0.000000000000000000, 0.000000000000000000 ) ) ;
#1433 = VECTOR ( 'NONE', #3538, 1000.000000000000000 ) ;
#1434 = EDGE_CURVE ( 'NONE', #7822, #155, #4461, .T. ) ;
#1435 = EDGE_CURVE ( 'NONE', #427, #691, #2977, .T. ) ;
#1436 = CARTESIAN_POINT ( 'NONE',  ( 0.000000000000000000, 2.000000000000000000, -1.500000000000000000 ) ) ;
#1437 = PLANE ( 'NONE',  #3613 ) ;
#1438 = ORIENTED_EDGE ( 'NONE', *, *, #6708, .T. ) ;
#1439 = FACE_OUTER_BOUND ( 'NONE', #471, .T. ) ;
#1440 = AXIS2_PLACEMENT_3D ( 'NONE', #3723, #7002, #531 ) ;
#1441 = FACE_OUTER_BOUND ( 'NONE', #3399, .T. ) ;
#1442 = ADVANCED_FACE ( 'NONE', ( #464 ), #2013, .F. ) ;
#1443 = ORIENTED_EDGE ( 'NONE', *, *, #697, .T. ) ;
#1444 = CARTESIAN_POINT ( 'NONE',  ( 80.32474999999993770, 18.50000000000000355, -20.00000000000000000 ) ) ;
#1445 = ORIENTED_EDGE ( 'NONE', *, *, #9785, .T. ) ;
#1446 = ORIENTED_EDGE ( 'NONE', *, *, #10093, .T. ) ;
#1447 = VERTEX_POINT ( 'NONE', #6940 ) ;
#1448 = ORIENTED_EDGE ( 'NONE', *, *, #2326, .T. ) ;
#1449 = VECTOR ( 'NONE', #7505, 1000.000000000000000 ) ;
#1450 = CARTESIAN_POINT ( 'NONE',  ( 13.17500000000000249, 18.50000000000000355, -1.500000000000000000 ) ) ;
#1451 = CARTESIAN_POINT ( 'NONE',  ( 51.44853194947056352, 18.50000000000000355, -15.78563399656604460 ) ) ;
#1452 = CARTESIAN_POINT ( 'NONE',  ( 20.30510779970761703, 17.50000000000000000, -1.500000000000000000 ) ) ;
#1453 = CARTESIAN_POINT ( 'NONE',  ( 63.89974999999994765, 2.192056395364464727, -18.50000000000000000 ) ) ;
#1454 = DIRECTION ( 'NONE',  ( 0.9238795325112844070, 0.000000000000000000, -0.3826834323650956660 ) ) ;
#1455 = EDGE_CURVE ( 'NONE', #4900, #9699, #6242, .T. ) ;
#1456 = AXIS2_PLACEMENT_3D ( 'NONE', #2687, #3902, #10383 ) ;
#1457 =( BOUNDED_CURVE ( )  B_SPLINE_CURVE ( 3, ( #6023, #4405, #4241, #1799 ),
 .UNSPECIFIED., .F., .F. ) 
 B_SPLINE_CURVE_WITH_KNOTS ( ( 4, 4 ),
 ( 0.000000000000000000, 1.008523755472549244 ),
 .UNSPECIFIED. ) 
 CURVE ( )  GEOMETRIC_REPRESENTATION_ITEM ( )  RATIONAL_B_SPLINE_CURVE ( ( 1.000000000000000000, 0.9170208966857380517, 0.9170208966857380517, 1.000000000000000000 ) ) 
 REPRESENTATION_ITEM ( '' )  );
#1458 = FACE_OUTER_BOUND ( 'NONE', #354, .T. ) ;
#1459 = ORIENTED_EDGE ( 'NONE', *, *, #8825, .F. ) ;
#1460 = PLANE ( 'NONE',  #80 ) ;
#1461 = DIRECTION ( 'NONE',  ( -0.3826834323650853964, 0.000000000000000000, 0.9238795325112885148 ) ) ;
#1462 = CARTESIAN_POINT ( 'NONE',  ( 91.77277582909586329, 18.50000000000000355, -18.50000000000000000 ) ) ;
#1463 = EDGE_LOOP ( 'NONE', ( #9306, #5734, #6178, #2723, #8883 ) ) ;
#1464 = EDGE_LOOP ( 'NONE', ( #10370, #7569, #4160, #4236 ) ) ;
#1465 = DIRECTION ( 'NONE',  ( 0.000000000000000000, 0.000000000000000000, -1.000000000000000000 ) ) ;
#1466 = VERTEX_POINT ( 'NONE', #3077 ) ;
#1467 = DIRECTION ( 'NONE',  ( -0.3826834323650853964, 0.000000000000000000, 0.9238795325112885148 ) ) ;
#1468 = EDGE_LOOP ( 'NONE', ( #9703, #6409, #7302, #1160 ) ) ;
#1469 = FACE_OUTER_BOUND ( 'NONE', #1526, .T. ) ;
#1470 = CARTESIAN_POINT ( 'NONE',  ( 34.05516802938824128, 2.999999999999999112, -18.50000000000000355 ) ) ;
#1471 = EDGE_CURVE ( 'NONE', #8160, #10293, #1946, .T. ) ;
#1472 = EDGE_CURVE ( 'NONE', #7761, #2387, #4507, .T. ) ;
#1473 = CARTESIAN_POINT ( 'NONE',  ( 44.01492637635664806, 2.383975024205975402, -18.50000000000000000 ) ) ;
#1474 = CARTESIAN_POINT ( 'NONE',  ( 43.85516802938823844, 17.50000000000000000, -18.50000000000000355 ) ) ;
#1475 = CARTESIAN_POINT ( 'NONE',  ( 49.52141231303839675, 2.341211518780903056, -1.500000000000000222 ) ) ;
#1476 = ORIENTED_EDGE ( 'NONE', *, *, #4470, .T. ) ;
#1477 = PLANE ( 'NONE',  #1348 ) ;
#1478 = CARTESIAN_POINT ( 'NONE',  ( 63.67364042459307427, 2.000000000000000000, 2.018727961996194420 ) ) ;
#1479 = DIRECTION ( 'NONE',  ( 0.3826834323650956105, 0.000000000000000000, 0.9238795325112842960 ) ) ;
#1480 = VERTEX_POINT ( 'NONE', #625 ) ;
#1481 = DIRECTION ( 'NONE',  ( 0.000000000000000000, 0.000000000000000000, 1.000000000000000000 ) ) ;
#1482 = CARTESIAN_POINT ( 'NONE',  ( 38.89439220029240829, 2.999999999999999112, -1.499999999999999556 ) ) ;
#1483 = EDGE_CURVE ( 'NONE', #3190, #6438, #82, .T. ) ;
#1484 = LINE ( 'NONE', #4786, #5339 ) ;
#1485 = PLANE ( 'NONE',  #7381 ) ;
#1486 = AXIS2_PLACEMENT_3D ( 'NONE', #9169, #1850, #7796 ) ;
#1487 = ORIENTED_EDGE ( 'NONE', *, *, #8148, .T. ) ;
#1488 = CARTESIAN_POINT ( 'NONE',  ( 49.19975000000003007, 2.000000000000000000, -5.130543437656441164 ) ) ;
#1489 = DIRECTION ( 'NONE',  ( 0.3826834323650956105, -0.000000000000000000, 0.9238795325112842960 ) ) ;
#1490 = ORIENTED_EDGE ( 'NONE', *, *, #501, .F. ) ;
#1491 = CARTESIAN_POINT ( 'NONE',  ( 16.42672417090403414, 2.000000000000000000, -18.50000000000000355 ) ) ;
#1492 = ORIENTED_EDGE ( 'NONE', *, *, #3629, .T. ) ;
#1493 = ORIENTED_EDGE ( 'NONE', *, *, #3657, .T. ) ;
#1494 = EDGE_LOOP ( 'NONE', ( #4746, #5560, #7859, #3428 ) ) ;
#1495 = LINE ( 'NONE', #3945, #1381 ) ;
#1496 = CARTESIAN_POINT ( 'NONE',  ( 19.79975000000000307, 2.000000000000000000, -2.893084275847621623 ) ) ;
#1497 = CARTESIAN_POINT ( 'NONE',  ( 63.89974999999994765, 2.000000000000000000, -16.96018989328458204 ) ) ;
#1498 = DIRECTION ( 'NONE',  ( -0.000000000000000000, -0.000000000000000000, 1.000000000000000000 ) ) ;
#1499 = PLANE ( 'NONE',  #1548 ) ;
#1500 = AXIS2_PLACEMENT_3D ( 'NONE', #10227, #2909, #7036 ) ;
#1501 = PLANE ( 'NONE',  #406 ) ;
#1502 = ORIENTED_EDGE ( 'NONE', *, *, #5051, .F. ) ;
#1503 = ADVANCED_FACE ( 'NONE', ( #967 ), #7995, .F. ) ;
#1504 = FACE_OUTER_BOUND ( 'NONE', #10364, .T. ) ;
#1505 = DIRECTION ( 'NONE',  ( 0.9238795325112844070, 0.000000000000000000, -0.3826834323650956660 ) ) ;
#1506 = EDGE_CURVE ( 'NONE', #497, #76, #8553, .T. ) ;
#1507 = DIRECTION ( 'NONE',  ( 0.000000000000000000, 0.000000000000000000, -1.000000000000000000 ) ) ;
#1508 = EDGE_LOOP ( 'NONE', ( #6121, #10368, #666, #2325, #8319 ) ) ;
#1509 = ORIENTED_EDGE ( 'NONE', *, *, #9934, .F. ) ;
#1510 = CARTESIAN_POINT ( 'NONE',  ( 95.95114944726935846, 18.50000000000000355, -15.78539724792377896 ) ) ;
#1511 = ORIENTED_EDGE ( 'NONE', *, *, #7402, .F. ) ;
#1512 = CARTESIAN_POINT ( 'NONE',  ( 19.47808768696162574, 2.341211518780904832, -1.500000000000000444 ) ) ;
#1513 = ORIENTED_EDGE ( 'NONE', *, *, #4079, .T. ) ;
#1514 = EDGE_CURVE ( 'NONE', #1939, #7731, #7245, .T. ) ;
#1515 =( BOUNDED_CURVE ( )  B_SPLINE_CURVE ( 3, ( #233, #9956, #3488, #6761 ),
 .UNSPECIFIED., .F., .F. ) 
 B_SPLINE_CURVE_WITH_KNOTS ( ( 4, 4 ),
 ( 4.150116409062342804, 4.712388980384691450 ),
 .UNSPECIFIED. ) 
 CURVE ( )  GEOMETRIC_REPRESENTATION_ITEM ( )  RATIONAL_B_SPLINE_CURVE ( ( 1.000000000000000000, 0.9738271993243678981, 0.9738271993243678981, 1.000000000000000000 ) ) 
 REPRESENTATION_ITEM ( '' )  );
#1516 = PLANE ( 'NONE',  #8647 ) ;
#1517 = CARTESIAN_POINT ( 'NONE',  ( 34.05516802938824128, 2.674305589214435397, -18.50000000000000000 ) ) ;
#1518 = VECTOR ( 'NONE', #7104, 1000.000000000000114 ) ;
#1519 = PLANE ( 'NONE',  #2165 ) ;
#1520 = LINE ( 'NONE', #1881, #10242 ) ;
#1521 = LINE ( 'NONE', #4879, #4506 ) ;
#1522 = ORIENTED_EDGE ( 'NONE', *, *, #10346, .F. ) ;
#1523 = CARTESIAN_POINT ( 'NONE',  ( 60.58750000000001279, 20.00000000000000355, -1.500000000000000888 ) ) ;
#1524 = DIRECTION ( 'NONE',  ( 0.3826834323650853964, 0.000000000000000000, -0.9238795325112886259 ) ) ;
#1525 = CARTESIAN_POINT ( 'NONE',  ( 49.19975000000000875, 2.000000000000000000, -2.893084275847616738 ) ) ;
#1526 = EDGE_LOOP ( 'NONE', ( #7059, #5922, #8643, #3388 ) ) ;
#1527 = LINE ( 'NONE', #3930, #2788 ) ;
#1528 = VECTOR ( 'NONE', #2366, 1000.000000000000000 ) ;
#1529 = EDGE_CURVE ( 'NONE', #4564, #9686, #5486, .T. ) ;
#1530 = VECTOR ( 'NONE', #5529, 999.9999999999998863 ) ;
#1531 = DIRECTION ( 'NONE',  ( -0.3826834323650956105, 0.000000000000000000, -0.9238795325112842960 ) ) ;
#1532 = DIRECTION ( 'NONE',  ( 0.3826834323650956105, 0.000000000000000000, 0.9238795325112842960 ) ) ;
#1533 = ORIENTED_EDGE ( 'NONE', *, *, #3043, .T. ) ;
#1534 = CARTESIAN_POINT ( 'NONE',  ( 0.000000000000000000, 2.000000000000000000, 0.000000000000000000 ) ) ;
#1535 = ADVANCED_FACE ( 'NONE', ( #2436 ), #4022, .T. ) ;
#1536 = DIRECTION ( 'NONE',  ( 1.000000000000000000, -0.000000000000000000, 0.000000000000000000 ) ) ;
#1537 = CARTESIAN_POINT ( 'NONE',  ( 28.47557472363467923, 18.50000000000000355, -13.07079449584754727 ) ) ;
#1538 = VERTEX_POINT ( 'NONE', #8743 ) ;
#1539 = CIRCLE ( 'NONE', #7692, 1.000000000000000888 ) ;
#1540 = DIRECTION ( 'NONE',  ( -0.000000000000000000, -1.000000000000000000, -0.000000000000000000 ) ) ;
#1541 = ORIENTED_EDGE ( 'NONE', *, *, #4476, .F. ) ;
#1542 = EDGE_CURVE ( 'NONE', #1466, #9536, #8835, .T. ) ;
#1543 = ORIENTED_EDGE ( 'NONE', *, *, #3600, .T. ) ;
#1544 = ADVANCED_FACE ( 'NONE', ( #5692 ), #10503, .F. ) ;
#1545 = ORIENTED_EDGE ( 'NONE', *, *, #1317, .T. ) ;
#1546 = VECTOR ( 'NONE', #3317, 1000.000000000000000 ) ;
#1547 = CARTESIAN_POINT ( 'NONE',  ( 68.79975000000001728, 18.50000000000000355, -2.893084275847659370 ) ) ;
#1548 = AXIS2_PLACEMENT_3D ( 'NONE', #7228, #10484, #2154 ) ;
#1549 = DIRECTION ( 'NONE',  ( -0.3826834323650957770, 0.000000000000000000, -0.9238795325112841850 ) ) ;
#1550 = DIRECTION ( 'NONE',  ( 1.000000000000000000, 0.000000000000000000, 0.000000000000000000 ) ) ;
#1551 = FACE_OUTER_BOUND ( 'NONE', #2697, .T. ) ;
#1552 = CARTESIAN_POINT ( 'NONE',  ( 19.80000000000000782, 18.50000000000000355, -7.743065814018601500 ) ) ;
#1553 = CARTESIAN_POINT ( 'NONE',  ( 14.89974999999993699, 17.50000000000000000, -12.10960480172301423 ) ) ;
#1554 = VERTEX_POINT ( 'NONE', #6293 ) ;
#1555 = VECTOR ( 'NONE', #7743, 1000.000000000000000 ) ;
#1556 = DIRECTION ( 'NONE',  ( 0.000000000000000000, 0.000000000000000000, -1.000000000000000000 ) ) ;
#1557 = DIRECTION ( 'NONE',  ( 0.000000000000000000, 0.000000000000000000, -1.000000000000000000 ) ) ;
#1558 = CARTESIAN_POINT ( 'NONE',  ( 18.07474999999993770, 18.50000000000000355, -18.50000000000000000 ) ) ;
#1559 = EDGE_CURVE ( 'NONE', #5094, #3687, #3175, .T. ) ;
#1560 = ADVANCED_FACE ( 'NONE', ( #772 ), #1519, .F. ) ;
#1561 = DIRECTION ( 'NONE',  ( -1.000000000000000000, -0.000000000000000000, -0.000000000000000000 ) ) ;
#1562 = EDGE_LOOP ( 'NONE', ( #8378, #8710, #1251, #716, #4781, #5151 ) ) ;
#1563 = ORIENTED_EDGE ( 'NONE', *, *, #1736, .T. ) ;
#1564 = EDGE_CURVE ( 'NONE', #8452, #10239, #8949, .T. ) ;
#1565 = EDGE_LOOP ( 'NONE', ( #6771, #7639, #9245, #9653 ) ) ;
#1566 = CARTESIAN_POINT ( 'NONE',  ( 88.72141231303838538, 18.15878848121910849, -1.499999999999997780 ) ) ;
#1567 = ORIENTED_EDGE ( 'NONE', *, *, #9836, .F. ) ;
#1568 = VECTOR ( 'NONE', #1878, 1000.000000000000114 ) ;
#1569 = DIRECTION ( 'NONE',  ( 0.3826834323650857850, 0.000000000000000000, -0.9238795325112884038 ) ) ;
#1570 = CARTESIAN_POINT ( 'NONE',  ( 65.62500000000001421, 20.00000000000000355, -1.500000000000000000 ) ) ;
#1571 = DIRECTION ( 'NONE',  ( 0.3826834323650853964, 0.000000000000000000, -0.9238795325112885148 ) ) ;
#1572 = DIRECTION ( 'NONE',  ( 0.3826834323650853964, 0.000000000000000000, -0.9238795325112886259 ) ) ;
#1573 = ORIENTED_EDGE ( 'NONE', *, *, #9644, .T. ) ;
#1574 = CARTESIAN_POINT ( 'NONE',  ( 93.29974999999993202, 2.000000000000000000, -14.72273073147576739 ) ) ;
#1575 = CARTESIAN_POINT ( 'NONE',  ( 62.17500000000001137, 2.000000000000000000, 0.000000000000000000 ) ) ;
#1576 = EDGE_LOOP ( 'NONE', ( #5506, #3638, #9266, #5530 ) ) ;
#1577 = CARTESIAN_POINT ( 'NONE',  ( 68.80000000000001137, 2.999999999999999112, -7.743669367409184545 ) ) ;
#1578 = ORIENTED_EDGE ( 'NONE', *, *, #2465, .F. ) ;
#1579 = DIRECTION ( 'NONE',  ( -0.9238795325112844070, 0.000000000000000000, 0.3826834323650954994 ) ) ;
#1580 = EDGE_CURVE ( 'NONE', #640, #1329, #73, .T. ) ;
#1581 = CARTESIAN_POINT ( 'NONE',  ( 26.42500000000000426, 20.00000000000000355, -1.500000000000000000 ) ) ;
#1582 = VECTOR ( 'NONE', #7643, 1000.000000000000000 ) ;
#1583 =( BOUNDED_CURVE ( )  B_SPLINE_CURVE ( 3, ( #1351, #7880, #560, #7824 ),
 .UNSPECIFIED., .F., .T. ) 
 B_SPLINE_CURVE_WITH_KNOTS ( ( 4, 4 ),
 ( 1.570796326794892561, 3.141592653589793116 ),
 .UNSPECIFIED. ) 
 CURVE ( )  GEOMETRIC_REPRESENTATION_ITEM ( )  RATIONAL_B_SPLINE_CURVE ( ( 1.000000000000000000, 0.8047378541243640493, 0.8047378541243640493, 1.000000000000000000 ) ) 
 REPRESENTATION_ITEM ( '' )  );
#1584 = VECTOR ( 'NONE', #2932, 1000.000000000000114 ) ;
#1585 = B_SPLINE_CURVE_WITH_KNOTS ( 'NONE', 3,
 ( #403, #5147, #5252, #2689 ),
 .UNSPECIFIED., .F., .F.,
 ( 4, 4 ),
 ( 0.000000000000000000, 1.000000000000000000 ),
 .UNSPECIFIED. ) ;
#1586 = FACE_OUTER_BOUND ( 'NONE', #6374, .T. ) ;
#1587 = DIRECTION ( 'NONE',  ( 0.3826834323650853964, -0.000000000000000000, -0.9238795325112885148 ) ) ;
#1588 = ORIENTED_EDGE ( 'NONE', *, *, #4888, .T. ) ;
#1589 = CARTESIAN_POINT ( 'NONE',  ( 19.80000000000000426, 18.50000000000000355, -10.35739885055255627 ) ) ;
#1590 = DIRECTION ( 'NONE',  ( -0.000000000000000000, -1.000000000000000000, -0.000000000000000000 ) ) ;
#1591 = CARTESIAN_POINT ( 'NONE',  ( 78.60000000000000853, 7.500000000000007105, -10.35619174377131557 ) ) ;
#1592 = EDGE_LOOP ( 'NONE', ( #2725, #9019, #1686, #10321 ) ) ;
#1593 = CARTESIAN_POINT ( 'NONE',  ( 88.20000000000001705, 2.000000000000000000, -1.500000000000000000 ) ) ;
#1594 = ORIENTED_EDGE ( 'NONE', *, *, #6289, .F. ) ;
#1595 = VECTOR ( 'NONE', #9199, 1000.000000000000114 ) ;
#1596 = ORIENTED_EDGE ( 'NONE', *, *, #3516, .F. ) ;
#1597 = ORIENTED_EDGE ( 'NONE', *, *, #3456, .F. ) ;
#1598 = VECTOR ( 'NONE', #361, 1000.000000000000114 ) ;
#1599 = CARTESIAN_POINT ( 'NONE',  ( 29.60000000000000853, 17.50000000000000000, -7.743669367409185433 ) ) ;
#1600 = VECTOR ( 'NONE', #4686, 1000.000000000000000 ) ;
#1601 = LINE ( 'NONE', #6377, #9727 ) ;
#1602 = CYLINDRICAL_SURFACE ( 'NONE', #4803, 0.9999999999999991118 ) ;
#1604 = EDGE_CURVE ( 'NONE', #2431, #7597, #1424, .T. ) ;
#1603 = LINE ( 'NONE', #3264, #6162 ) ;
#1605 = ADVANCED_FACE ( 'NONE', ( #164 ), #6701, .F. ) ;
#1606 = DIRECTION ( 'NONE',  ( -1.000000000000000000, -0.000000000000000000, -2.732708689314432271E-16 ) ) ;
#1607 = CARTESIAN_POINT ( 'NONE',  ( 19.80000000000000426, 20.00000000000000355, -10.35619174377131557 ) ) ;
#1608 = ORIENTED_EDGE ( 'NONE', *, *, #7961, .F. ) ;
#1609 = ADVANCED_FACE ( 'NONE', ( #8344 ), #2627, .F. ) ;
#1610 = CARTESIAN_POINT ( 'NONE',  ( 11.00000000000000178, 18.08578643762690774, -2.694775461858565979 ) ) ;
#1611 = DIRECTION ( 'NONE',  ( 0.000000000000000000, 0.000000000000000000, -1.000000000000000000 ) ) ;
#1612 = DIRECTION ( 'NONE',  ( 0.3826834323650955549, -0.000000000000000000, 0.9238795325112844070 ) ) ;
#1613 = CARTESIAN_POINT ( 'NONE',  ( 39.90510779970761490, 2.999999999999999112, -1.500000000000000000 ) ) ;
#1614 = FACE_OUTER_BOUND ( 'NONE', #4739, .T. ) ;
#1615 = ORIENTED_EDGE ( 'NONE', *, *, #3692, .T. ) ;
#1616 = ORIENTED_EDGE ( 'NONE', *, *, #2093, .T. ) ;
#1617 = ORIENTED_EDGE ( 'NONE', *, *, #6671, .T. ) ;
#1618 = FACE_OUTER_BOUND ( 'NONE', #9717, .T. ) ;
#1619 = ORIENTED_EDGE ( 'NONE', *, *, #9008, .T. ) ;
#1620 = EDGE_CURVE ( 'NONE', #6463, #8713, #3124, .T. ) ;
#1621 = CARTESIAN_POINT ( 'NONE',  ( 54.09974999999994338, 18.30794360463553261, -18.50000000000000000 ) ) ;
#1622 = DIRECTION ( 'NONE',  ( -0.000000000000000000, -1.000000000000000000, -0.000000000000000000 ) ) ;
#1623 = B_SPLINE_CURVE_WITH_KNOTS ( 'NONE', 3,
 ( #1055, #5165, #8435, #3620 ),
 .UNSPECIFIED., .F., .F.,
 ( 4, 4 ),
 ( 0.000000000000000000, 1.000000000000000000 ),
 .UNSPECIFIED. ) ;
#1624 = CARTESIAN_POINT ( 'NONE',  ( 34.49974999999994196, 1.999999999999998446, -13.19199700201540004 ) ) ;
#1625 = LINE ( 'NONE', #7295, #8546 ) ;
#1626 = LINE ( 'NONE', #4176, #4161 ) ;
#1627 = VERTEX_POINT ( 'NONE', #3572 ) ;
#1628 = CARTESIAN_POINT ( 'NONE',  ( 88.39975000000001160, 2.000000000000000000, -2.893084275847624731 ) ) ;
#1629 = CARTESIAN_POINT ( 'NONE',  ( 54.09974999999993628, 18.50000000000000355, -14.72273073147576916 ) ) ;
#1630 = VERTEX_POINT ( 'NONE', #3867 ) ;
#1631 = CARTESIAN_POINT ( 'NONE',  ( 10.00000000000000000, 11.50000000000000000, -17.09999999999999787 ) ) ;
#1632 = ORIENTED_EDGE ( 'NONE', *, *, #3206, .F. ) ;
#1633 = VERTEX_POINT ( 'NONE', #7945 ) ;
#1634 = LINE ( 'NONE', #5855, #7750 ) ;
#1635 = DIRECTION ( 'NONE',  ( -1.000000000000000000, 0.000000000000000000, -0.000000000000000000 ) ) ;
#1636 = ADVANCED_FACE ( 'NONE', ( #7146 ), #10295, .F. ) ;
#1637 = B_SPLINE_CURVE_WITH_KNOTS ( 'NONE', 3,
 ( #7679, #5320, #9437, #10298 ),
 .UNSPECIFIED., .F., .F.,
 ( 4, 4 ),
 ( 0.000000000000000000, 1.000000000000000000 ),
 .UNSPECIFIED. ) ;
#1638 = EDGE_CURVE ( 'NONE', #10394, #10287, #10397, .T. ) ;
#1639 = CARTESIAN_POINT ( 'NONE',  ( 16.62500000000000355, 18.50000000000000355, 0.000000000000000000 ) ) ;
#1640 = DIRECTION ( 'NONE',  ( -0.3826834323650958325, 0.000000000000000000, -0.9238795325112842960 ) ) ;
#1641 = ORIENTED_EDGE ( 'NONE', *, *, #6554, .F. ) ;
#1642 = DIRECTION ( 'NONE',  ( 1.000000000000000000, -0.000000000000000000, 0.000000000000000000 ) ) ;
#1643 = LINE ( 'NONE', #946, #8045 ) ;
#1644 = ADVANCED_FACE ( 'NONE', ( #10098 ), #1516, .F. ) ;
#1645 = CARTESIAN_POINT ( 'NONE',  ( 23.17277582909584766, 2.000000000000000000, -18.50000000000000000 ) ) ;
#1646 = ORIENTED_EDGE ( 'NONE', *, *, #9509, .T. ) ;
#1647 = VECTOR ( 'NONE', #7495, 1000.000000000000000 ) ;
#1648 = FACE_OUTER_BOUND ( 'NONE', #882, .T. ) ;
#1649 = VERTEX_POINT ( 'NONE', #9293 ) ;
#1650 = ORIENTED_EDGE ( 'NONE', *, *, #6350, .T. ) ;
#1651 = ORIENTED_EDGE ( 'NONE', *, *, #7821, .T. ) ;
#1652 = DIRECTION ( 'NONE',  ( 0.000000000000000000, 0.000000000000000000, 1.000000000000000000 ) ) ;
#1653 = ADVANCED_FACE ( 'NONE', ( #5535 ), #2280, .F. ) ;
#1654 = DIRECTION ( 'NONE',  ( 0.9238795325112842960, 0.000000000000000000, -0.3826834323650958325 ) ) ;
#1655 = LINE ( 'NONE', #9130, #5318 ) ;
#1656 = CARTESIAN_POINT ( 'NONE',  ( 98.20000000000000284, 20.00000000000000355, -10.35679529716193592 ) ) ;
#1657 = LINE ( 'NONE', #5724, #8038 ) ;
#1658 = AXIS2_PLACEMENT_3D ( 'NONE', #3342, #6455, #827 ) ;
#1659 = CARTESIAN_POINT ( 'NONE',  ( 58.80000000000000426, 2.000000000000000000, -1.500000000000000000 ) ) ;
#1660 = ORIENTED_EDGE ( 'NONE', *, *, #1542, .T. ) ;
#1661 = EDGE_CURVE ( 'NONE', #9106, #1028, #4771, .T. ) ;
#1662 = ADVANCED_FACE ( 'NONE', ( #6351 ), #7048, .F. ) ;
#1663 = LINE ( 'NONE', #6543, #9238 ) ;
#1664 = CARTESIAN_POINT ( 'NONE',  ( 68.79975000000003149, 18.50000000000000355, -6.661277167116793407 ) ) ;
#1665 = FACE_OUTER_BOUND ( 'NONE', #4978, .T. ) ;
#1666 =( BOUNDED_CURVE ( )  B_SPLINE_CURVE ( 3, ( #570, #6287, #7095, #10344 ),
 .UNSPECIFIED., .F., .F. ) 
 B_SPLINE_CURVE_WITH_KNOTS ( ( 4, 4 ),
 ( 4.150116409062343692, 4.712388980384691450 ),
 .UNSPECIFIED. ) 
 CURVE ( )  GEOMETRIC_REPRESENTATION_ITEM ( )  RATIONAL_B_SPLINE_CURVE ( ( 1.000000000000000000, 0.9738271993243678981, 0.9738271993243678981, 1.000000000000000000 ) ) 
 REPRESENTATION_ITEM ( '' )  );
#1667 = CARTESIAN_POINT ( 'NONE',  ( 29.59975000000001444, 2.414213562373094035, -7.743669367409196980 ) ) ;
#1668 = CYLINDRICAL_SURFACE ( 'NONE', #1841, 1.000000000000003331 ) ;
#1669 = VERTEX_POINT ( 'NONE', #9597 ) ;
#1670 = EDGE_CURVE ( 'NONE', #1928, #2892, #1997, .T. ) ;
#1671 = ORIENTED_EDGE ( 'NONE', *, *, #1046, .F. ) ;
#1672 = DIRECTION ( 'NONE',  ( -0.000000000000000000, -1.000000000000000000, -0.000000000000000000 ) ) ;
#1673 = VERTEX_POINT ( 'NONE', #8791 ) ;
#1674 = ADVANCED_FACE ( 'NONE', ( #1469 ), #8046, .F. ) ;
#1675 = ADVANCED_FACE ( 'NONE', ( #6036 ), #5483, .F. ) ;
#1676 = AXIS2_PLACEMENT_3D ( 'NONE', #9713, #2401, #10220 ) ;
#1677 = DIRECTION ( 'NONE',  ( 0.000000000000000000, 0.000000000000000000, 1.000000000000000000 ) ) ;
#1678 = DIRECTION ( 'NONE',  ( 0.000000000000000000, -1.000000000000000000, 0.000000000000000000 ) ) ;
#1679 = CYLINDRICAL_SURFACE ( 'NONE', #6579, 0.9999999999999991118 ) ;
#1680 = ORIENTED_EDGE ( 'NONE', *, *, #9232, .T. ) ;
#1681 = DIRECTION ( 'NONE',  ( 0.000000000000000000, 0.000000000000000000, -1.000000000000000000 ) ) ;
#1682 = CARTESIAN_POINT ( 'NONE',  ( 103.0997499999999292, 18.50000000000000355, -14.72273073147576561 ) ) ;
#1683 = ORIENTED_EDGE ( 'NONE', *, *, #10236, .F. ) ;
#1684 = PLANE ( 'NONE',  #4719 ) ;
#1685 = EDGE_LOOP ( 'NONE', ( #6415, #7902, #3305, #459, #4457 ) ) ;
#1686 = ORIENTED_EDGE ( 'NONE', *, *, #1015, .F. ) ;
#1687 = DIRECTION ( 'NONE',  ( -1.000000000000000000, 0.000000000000000000, -0.000000000000000000 ) ) ;
#1688 = ORIENTED_EDGE ( 'NONE', *, *, #2542, .T. ) ;
#1689 = VECTOR ( 'NONE', #1154, 1000.000000000000000 ) ;
#1690 = DIRECTION ( 'NONE',  ( -1.000000000000000000, -0.000000000000000000, -5.463695987328507701E-16 ) ) ;
#1691 = DIRECTION ( 'NONE',  ( 0.3826834323650956660, -0.000000000000000000, 0.9238795325112844070 ) ) ;
#1692 = ORIENTED_EDGE ( 'NONE', *, *, #9902, .F. ) ;
#1693 = CARTESIAN_POINT ( 'NONE',  ( 89.98750000000001137, 18.50000000000000355, -1.500000000000000888 ) ) ;
#1694 = EDGE_CURVE ( 'NONE', #3883, #3197, #3917, .T. ) ;
#1695 = CARTESIAN_POINT ( 'NONE',  ( 20.80000000000000426, 2.000000000000000000, -7.545360553420119132 ) ) ;
#1696 = CARTESIAN_POINT ( 'NONE',  ( 103.5443319706116512, 18.50000000000000355, -18.50000000000000000 ) ) ;
#1697 = ORIENTED_EDGE ( 'NONE', *, *, #10237, .T. ) ;
#1698 = DIRECTION ( 'NONE',  ( 0.000000000000000000, -0.000000000000000000, 1.000000000000000000 ) ) ;
#1699 = ORIENTED_EDGE ( 'NONE', *, *, #3855, .F. ) ;
#1700 = VECTOR ( 'NONE', #1233, 999.9999999999998863 ) ;
#1701 = VERTEX_POINT ( 'NONE', #10453 ) ;
#1702 = EDGE_LOOP ( 'NONE', ( #6372, #2888, #7667, #1254, #6553 ) ) ;
#1703 = ORIENTED_EDGE ( 'NONE', *, *, #6052, .T. ) ;
#1704 = ADVANCED_FACE ( 'NONE', ( #5373 ), #8634, .F. ) ;
#1705 = LINE ( 'NONE', #4153, #7363 ) ;
#1706 = CARTESIAN_POINT ( 'NONE',  ( 49.19993749768391922, 18.50000000000000355, -10.35694617991806865 ) ) ;
#1707 = CARTESIAN_POINT ( 'NONE',  ( 98.19975000000000875, 2.153954234325370365, -1.500000000000000444 ) ) ;
#1708 = VECTOR ( 'NONE', #10241, 1000.000000000000000 ) ;
#1709 = LINE ( 'NONE', #6428, #6682 ) ;
#1710 = CARTESIAN_POINT ( 'NONE',  ( 107.0000000000000284, 18.08578643762690774, -10.15727937639170797 ) ) ;
#1711 = AXIS2_PLACEMENT_3D ( 'NONE', #6676, #2601, #9163 ) ;
#1712 = VECTOR ( 'NONE', #3271, 1000.000000000000114 ) ;
#1713 = LINE ( 'NONE', #804, #2974 ) ;
#1714 = EDGE_CURVE ( 'NONE', #8954, #7530, #3487, .T. ) ;
#1715 = ORIENTED_EDGE ( 'NONE', *, *, #460, .F. ) ;
#1716 = AXIS2_PLACEMENT_3D ( 'NONE', #5671, #8928, #2360 ) ;
#1717 = LINE ( 'NONE', #6486, #7883 ) ;
#1718 = DIRECTION ( 'NONE',  ( -1.000000000000000000, 0.000000000000000000, 0.000000000000000000 ) ) ;
#1719 = CARTESIAN_POINT ( 'NONE',  ( 47.61200000000000898, 20.00000000000000355, -1.499999999999999556 ) ) ;
#1720 = CARTESIAN_POINT ( 'NONE',  ( 88.20000000000001705, 2.000000000000000000, -18.50000000000000000 ) ) ;
#1721 = ORIENTED_EDGE ( 'NONE', *, *, #9451, .F. ) ;
#1722 = EDGE_CURVE ( 'NONE', #8591, #4612, #7000, .T. ) ;
#1723 = VECTOR ( 'NONE', #9857, 1000.000000000000114 ) ;
#1724 = ORIENTED_EDGE ( 'NONE', *, *, #1795, .F. ) ;
#1725 = LINE ( 'NONE', #4872, #1085 ) ;
#1726 = ORIENTED_EDGE ( 'NONE', *, *, #9196, .T. ) ;
#1727 =( BOUNDED_CURVE ( )  B_SPLINE_CURVE ( 3, ( #3234, #3387, #7409, #2441 ),
 .UNSPECIFIED., .F., .F. ) 
 B_SPLINE_CURVE_WITH_KNOTS ( ( 4, 4 ),
 ( 3.141592653589793116, 4.712388980384691450 ),
 .UNSPECIFIED. ) 
 CURVE ( )  GEOMETRIC_REPRESENTATION_ITEM ( )  RATIONAL_B_SPLINE_CURVE ( ( 1.000000000000000000, 0.8047378541243646044, 0.8047378541243646044, 1.000000000000000000 ) ) 
 REPRESENTATION_ITEM ( '' )  );
#1728 = EDGE_CURVE ( 'NONE', #263, #1928, #1929, .T. ) ;
#1729 = PLANE ( 'NONE',  #8613 ) ;
#1730 = CARTESIAN_POINT ( 'NONE',  ( 93.74433197061163980, 18.50000000000000355, -18.50000000000000000 ) ) ;
#1731 = VECTOR ( 'NONE', #1587, 1000.000000000000114 ) ;
#1732 = LINE ( 'NONE', #5741, #9123 ) ;
#1733 = VERTEX_POINT ( 'NONE', #6355 ) ;
#1734 = CARTESIAN_POINT ( 'NONE',  ( 23.77587046748864807, 2.000000000000000000, -12.49228823408810030 ) ) ;
#1735 = EDGE_CURVE ( 'NONE', #3672, #9356, #7839, .T. ) ;
#1736 = EDGE_CURVE ( 'NONE', #7284, #4423, #674, .T. ) ;
#1737 = FACE_OUTER_BOUND ( 'NONE', #3491, .T. ) ;
#1738 = ORIENTED_EDGE ( 'NONE', *, *, #5466, .T. ) ;
#1739 = DIRECTION ( 'NONE',  ( 0.000000000000000000, 0.000000000000000000, -1.000000000000000000 ) ) ;
#1740 = VERTEX_POINT ( 'NONE', #10351 ) ;
#1741 = ORIENTED_EDGE ( 'NONE', *, *, #583, .T. ) ;
#1742 = DIRECTION ( 'NONE',  ( 0.000000000000000000, 1.000000000000000000, -0.000000000000000000 ) ) ;
#1743 = ORIENTED_EDGE ( 'NONE', *, *, #7467, .T. ) ;
#1744 = VECTOR ( 'NONE', #6699, 999.9999999999998863 ) ;
#1745 = DIRECTION ( 'NONE',  ( 0.9238795325112892920, 0.000000000000000000, 0.3826834323650836756 ) ) ;
#1746 = CARTESIAN_POINT ( 'NONE',  ( 49.20000000000000995, 20.00000000000000355, -10.35679529716193592 ) ) ;
#1747 = CARTESIAN_POINT ( 'NONE',  ( 10.00000000000000000, 11.50000000000000000, -5.000000000000000888 ) ) ;
#1748 = ORIENTED_EDGE ( 'NONE', *, *, #9355, .T. ) ;
#1749 = CARTESIAN_POINT ( 'NONE',  ( 101.5727758290958604, 18.50000000000000355, -18.50000000000000000 ) ) ;
#1750 = LINE ( 'NONE', #10567, #7704 ) ;
#1751 = PLANE ( 'NONE',  #3189 ) ;
#1752 = ORIENTED_EDGE ( 'NONE', *, *, #1958, .T. ) ;
#1753 = CYLINDRICAL_SURFACE ( 'NONE', #4139, 1.000000000000000888 ) ;
#1754 = ORIENTED_EDGE ( 'NONE', *, *, #8474, .F. ) ;
#1755 = ORIENTED_EDGE ( 'NONE', *, *, #1148, .F. ) ;
#1756 = ORIENTED_EDGE ( 'NONE', *, *, #10554, .T. ) ;
#1757 = VECTOR ( 'NONE', #10571, 1000.000000000000000 ) ;
#1758 = ADVANCED_FACE ( 'NONE', ( #2124 ), #2979, .T. ) ;
#1759 = EDGE_CURVE ( 'NONE', #9111, #427, #6244, .T. ) ;
#1760 = DIRECTION ( 'NONE',  ( 0.3826834323650853964, 0.000000000000000000, -0.9238795325112885148 ) ) ;
#1761 = EDGE_CURVE ( 'NONE', #3724, #5142, #9601, .T. ) ;
#1762 = PLANE ( 'NONE',  #2104 ) ;
#1763 = DIRECTION ( 'NONE',  ( -0.9238795325112846291, 0.000000000000000000, 0.3826834323650947778 ) ) ;
#1764 = LINE ( 'NONE', #958, #3419 ) ;
#1765 = VECTOR ( 'NONE', #8162, 999.9999999999998863 ) ;
#1766 = CARTESIAN_POINT ( 'NONE',  ( 73.69974999999992349, 1.999999999999996225, -13.19199700201540537 ) ) ;
#1767 = DIRECTION ( 'NONE',  ( -0.000000000000000000, -1.000000000000000000, -0.000000000000000000 ) ) ;
#1768 = ORIENTED_EDGE ( 'NONE', *, *, #9509, .F. ) ;
#1769 = VECTOR ( 'NONE', #9449, 1000.000000000000000 ) ;
#1770 = FACE_OUTER_BOUND ( 'NONE', #7277, .T. ) ;
#1771 = DIRECTION ( 'NONE',  ( 0.9238795325112844070, 0.000000000000000000, -0.3826834323650956660 ) ) ;
#1772 = FACE_OUTER_BOUND ( 'NONE', #9132, .T. ) ;
#1773 = CARTESIAN_POINT ( 'NONE',  ( 29.59975000000001444, 1.999999999999998668, -6.661277167116804065 ) ) ;
#1774 = EDGE_CURVE ( 'NONE', #5957, #8252, #3923, .T. ) ;
#1775 = DIRECTION ( 'NONE',  ( 0.000000000000000000, 0.000000000000000000, 1.000000000000000000 ) ) ;
#1776 = ORIENTED_EDGE ( 'NONE', *, *, #6289, .T. ) ;
#1777 = VECTOR ( 'NONE', #5029, 1000.000000000000000 ) ;
#1778 = EDGE_LOOP ( 'NONE', ( #1362, #10182, #6220, #9057, #6062, #3545, #8308 ) ) ;
#1779 = CARTESIAN_POINT ( 'NONE',  ( 58.99975000000002723, 18.50000000000000000, -6.661277167116769427 ) ) ;
#1780 = ORIENTED_EDGE ( 'NONE', *, *, #2872, .F. ) ;
#1781 = AXIS2_PLACEMENT_3D ( 'NONE', #2637, #9149, #3490 ) ;
#1782 = CARTESIAN_POINT ( 'NONE',  ( 55.62672417090404053, 20.00000000000000355, -18.50000000000000355 ) ) ;
#1783 = FACE_OUTER_BOUND ( 'NONE', #5478, .T. ) ;
#1784 = CARTESIAN_POINT ( 'NONE',  ( 54.09974999999994338, 18.08578643762691129, -12.10960480172300002 ) ) ;
#1785 = VERTEX_POINT ( 'NONE', #6186 ) ;
#1786 = CARTESIAN_POINT ( 'NONE',  ( 44.58457362364323018, 2.383975024205967408, -18.50000000000000355 ) ) ;
#1787 = DIRECTION ( 'NONE',  ( -0.3826834323650954994, -0.000000000000000000, -0.9238795325112842960 ) ) ;
#1788 = VERTEX_POINT ( 'NONE', #1426 ) ;
#1789 = FACE_OUTER_BOUND ( 'NONE', #10387, .T. ) ;
#1790 = EDGE_LOOP ( 'NONE', ( #2247, #2337, #327, #4614, #8738, #9515, #8970 ) ) ;
#1791 = VERTEX_POINT ( 'NONE', #3079 ) ;
#1792 = FACE_OUTER_BOUND ( 'NONE', #8102, .T. ) ;
#1793 = ORIENTED_EDGE ( 'NONE', *, *, #5988, .T. ) ;
#1794 =( BOUNDED_CURVE ( )  B_SPLINE_CURVE ( 3, ( #7946, #2227, #574, #10502 ),
 .UNSPECIFIED., .F., .F. ) 
 B_SPLINE_CURVE_WITH_KNOTS ( ( 4, 4 ),
 ( 0.000000000000000000, 1.008523755472549244 ),
 .UNSPECIFIED. ) 
 CURVE ( )  GEOMETRIC_REPRESENTATION_ITEM ( )  RATIONAL_B_SPLINE_CURVE ( ( 1.000000000000000000, 0.9170208966857380517, 0.9170208966857380517, 1.000000000000000000 ) ) 
 REPRESENTATION_ITEM ( '' )  );
#1795 = EDGE_CURVE ( 'NONE', #9397, #5780, #7065, .T. ) ;
#1796 = ADVANCED_FACE ( 'NONE', ( #9440 ), #9652, .F. ) ;
#1797 = LINE ( 'NONE', #2599, #9730 ) ;
#1798 = DIRECTION ( 'NONE',  ( 0.000000000000000000, 0.000000000000000000, 1.000000000000000000 ) ) ;
#1799 = CARTESIAN_POINT ( 'NONE',  ( 29.59975000000000733, 2.153954234325363259, -1.500000000000000444 ) ) ;
#1800 = ORIENTED_EDGE ( 'NONE', *, *, #5924, .T. ) ;
#1801 = LINE ( 'NONE', #9226, #2208 ) ;
#1802 = CARTESIAN_POINT ( 'NONE',  ( 63.45516802938824696, 2.999999999999999112, -18.50000000000000355 ) ) ;
#1803 = DIRECTION ( 'NONE',  ( 1.000000000000000000, -0.000000000000000000, 0.000000000000000000 ) ) ;
#1804 = ORIENTED_EDGE ( 'NONE', *, *, #6529, .T. ) ;
#1805 = CARTESIAN_POINT ( 'NONE',  ( 88.40000000000000568, 2.999999999999999112, -7.743669367409181881 ) ) ;
#1806 = EDGE_CURVE ( 'NONE', #2998, #9568, #8822, .T. ) ;
#1807 = ORIENTED_EDGE ( 'NONE', *, *, #1506, .T. ) ;
#1808 = VERTEX_POINT ( 'NONE', #5539 ) ;
#1809 = VERTEX_POINT ( 'NONE', #4510 ) ;
#1810 = CARTESIAN_POINT ( 'NONE',  ( 49.19975000000001586, 2.153954234325363259, -1.500000000000000444 ) ) ;
#1811 = DIRECTION ( 'NONE',  ( 1.000000000000000000, 0.000000000000000000, 0.000000000000000000 ) ) ;
#1812 = LINE ( 'NONE', #4418, #1060 ) ;
#1813 = CARTESIAN_POINT ( 'NONE',  ( 88.39974999999999739, 18.44730268558522823, -1.919915453368663982 ) ) ;
#1814 = DIRECTION ( 'NONE',  ( 0.000000000000000000, 0.000000000000000000, -1.000000000000000000 ) ) ;
#1815 = ORIENTED_EDGE ( 'NONE', *, *, #4375, .F. ) ;
#1816 = EDGE_LOOP ( 'NONE', ( #3100, #6800, #8443, #812 ) ) ;
#1817 = CARTESIAN_POINT ( 'NONE',  ( 91.57500000000001705, 18.50000000000000355, 0.000000000000000000 ) ) ;
#1818 = CARTESIAN_POINT ( 'NONE',  ( 49.19975000000001586, 2.153954234325363259, -1.500000000000000444 ) ) ;
#1819 = DIRECTION ( 'NONE',  ( -0.9238795325112844070, 0.000000000000000000, 0.3826834323650956660 ) ) ;
#1820 = LINE ( 'NONE', #393, #7181 ) ;
#1821 = DIRECTION ( 'NONE',  ( 0.9238795325112880708, 0.000000000000000000, 0.3826834323650866176 ) ) ;
#1822 = CARTESIAN_POINT ( 'NONE',  ( 93.29974999999996044, 2.000000000000000000, -16.96018989328456428 ) ) ;
#1823 = DIRECTION ( 'NONE',  ( 0.3826834323650962211, -0.000000000000000000, 0.9238795325112840739 ) ) ;
#1824 = VECTOR ( 'NONE', #8436, 1000.000000000000000 ) ;
#1825 = VERTEX_POINT ( 'NONE', #8691 ) ;
#1826 = EDGE_CURVE ( 'NONE', #2662, #302, #579, .T. ) ;
#1827 = ORIENTED_EDGE ( 'NONE', *, *, #656, .T. ) ;
#1828 = DIRECTION ( 'NONE',  ( 0.3826834323650857850, 0.000000000000000000, -0.9238795325112884038 ) ) ;
#1829 = EDGE_CURVE ( 'NONE', #10536, #3687, #5588, .T. ) ;
#1830 = CARTESIAN_POINT ( 'NONE',  ( 55.62672417090404053, 18.50000000000000355, -18.50000000000000355 ) ) ;
#1831 = CYLINDRICAL_SURFACE ( 'NONE', #1781, 1.000000000000003331 ) ;
#1832 = EDGE_LOOP ( 'NONE', ( #6738, #5241, #10407, #376 ) ) ;
#1833 = LINE ( 'NONE', #1037, #3064 ) ;
#1834 = PLANE ( 'NONE',  #8217 ) ;
#1835 = EDGE_LOOP ( 'NONE', ( #8158, #4869, #6924, #4880, #5084, #1838 ) ) ;
#1836 = LINE ( 'NONE', #6069, #165 ) ;
#1837 = VERTEX_POINT ( 'NONE', #3714 ) ;
#1838 = ORIENTED_EDGE ( 'NONE', *, *, #2621, .T. ) ;
#1839 = CARTESIAN_POINT ( 'NONE',  ( 44.74433197061164691, 17.50000000000000000, -18.50000000000000355 ) ) ;
#1840 = ORIENTED_EDGE ( 'NONE', *, *, #6588, .F. ) ;
#1841 = AXIS2_PLACEMENT_3D ( 'NONE', #4815, #2525, #8988 ) ;
#1842 = ADVANCED_FACE ( 'NONE', ( #6404 ), #8638, .F. ) ;
#1843 = DIRECTION ( 'NONE',  ( 0.000000000000000000, -1.000000000000000000, 0.000000000000000000 ) ) ;
#1844 = FACE_OUTER_BOUND ( 'NONE', #7809, .T. ) ;
#1845 = CARTESIAN_POINT ( 'NONE',  ( 48.69439220029240545, 17.50000000000000000, -1.499999999999999556 ) ) ;
#1846 = CARTESIAN_POINT ( 'NONE',  ( 90.12474999999994907, 2.000000000000000000, -18.50000000000000000 ) ) ;
#1847 = ORIENTED_EDGE ( 'NONE', *, *, #530, .F. ) ;
#1848 = CARTESIAN_POINT ( 'NONE',  ( 34.49974999999992775, 2.192056395364460730, -18.50000000000000000 ) ) ;
#1849 = CARTESIAN_POINT ( 'NONE',  ( 106.2747499999999405, 18.50000000000000355, -20.00000000000000000 ) ) ;
#1850 = DIRECTION ( 'NONE',  ( -0.9238795325112885148, 0.000000000000000000, -0.3826834323650853964 ) ) ;
#1851 = ORIENTED_EDGE ( 'NONE', *, *, #9051, .T. ) ;
#1852 =( BOUNDED_CURVE ( )  B_SPLINE_CURVE ( 3, ( #4752, #4705, #654, #8025 ),
 .UNSPECIFIED., .F., .F. ) 
 B_SPLINE_CURVE_WITH_KNOTS ( ( 4, 4 ),
 ( 1.570796326794901887, 2.200938728951629564 ),
 .UNSPECIFIED. ) 
 CURVE ( )  GEOMETRIC_REPRESENTATION_ITEM ( )  RATIONAL_B_SPLINE_CURVE ( ( 1.000000000000000000, 0.9671828781580998902, 0.9671828781580998902, 1.000000000000000000 ) ) 
 REPRESENTATION_ITEM ( '' )  );
#1853 = LINE ( 'NONE', #5107, #4821 ) ;
#1854 = ORIENTED_EDGE ( 'NONE', *, *, #10024, .T. ) ;
#1855 = VECTOR ( 'NONE', #3873, 1000.000000000000000 ) ;
#1856 = ORIENTED_EDGE ( 'NONE', *, *, #10265, .T. ) ;
#1857 = ORIENTED_EDGE ( 'NONE', *, *, #3346, .T. ) ;
#1858 = EDGE_CURVE ( 'NONE', #9898, #9965, #5610, .T. ) ;
#1859 = LINE ( 'NONE', #5116, #9553 ) ;
#1860 =( BOUNDED_CURVE ( )  B_SPLINE_CURVE ( 3, ( #4960, #4000, #3895, #799 ),
 .UNSPECIFIED., .F., .F. ) 
 B_SPLINE_CURVE_WITH_KNOTS ( ( 4, 4 ),
 ( 3.141592653589793116, 4.712388980384697668 ),
 .UNSPECIFIED. ) 
 CURVE ( )  GEOMETRIC_REPRESENTATION_ITEM ( )  RATIONAL_B_SPLINE_CURVE ( ( 1.000000000000000000, 0.8047378541243631611, 0.8047378541243631611, 1.000000000000000000 ) ) 
 REPRESENTATION_ITEM ( '' )  );
#1861 = CARTESIAN_POINT ( 'NONE',  ( 68.80000000000001137, 2.999999999999999112, -7.743065814018605053 ) ) ;
#1862 = CARTESIAN_POINT ( 'NONE',  ( 19.29439220029239976, 17.50000000000000000, -1.499999999999999556 ) ) ;
#1863 = VECTOR ( 'NONE', #5311, 1000.000000000000000 ) ;
#1864 = DIRECTION ( 'NONE',  ( 1.000000000000000000, -0.000000000000000000, -0.000000000000000000 ) ) ;
#1865 = AXIS2_PLACEMENT_3D ( 'NONE', #5934, #9186, #488 ) ;
#1866 = VECTOR ( 'NONE', #6710, 1000.000000000000114 ) ;
#1867 = CARTESIAN_POINT ( 'NONE',  ( 24.69974999999993770, 17.50000000000000000, -12.10960480172301601 ) ) ;
#1868 = EDGE_CURVE ( 'NONE', #7819, #4929, #1732, .T. ) ;
#1869 = ORIENTED_EDGE ( 'NONE', *, *, #7172, .T. ) ;
#1870 = ORIENTED_EDGE ( 'NONE', *, *, #7213, .T. ) ;
#1871 = ADVANCED_FACE ( 'NONE', ( #8259 ), #8101, .F. ) ;
#1872 = ORIENTED_EDGE ( 'NONE', *, *, #1472, .T. ) ;
#1873 = AXIS2_PLACEMENT_3D ( 'NONE', #8996, #1678, #5030 ) ;
#1874 = VECTOR ( 'NONE', #9466, 1000.000000000000000 ) ;
#1875 = CARTESIAN_POINT ( 'NONE',  ( 49.20000000000000995, 13.00000000000000533, -10.35619174377131380 ) ) ;
#1876 = VECTOR ( 'NONE', #7715, 1000.000000000000000 ) ;
#1877 = PLANE ( 'NONE',  #5801 ) ;
#1878 = DIRECTION ( 'NONE',  ( -0.3826834323650853964, 0.000000000000000000, 0.9238795325112885148 ) ) ;
#1879 = CARTESIAN_POINT ( 'NONE',  ( 88.90510779970762201, 2.999999999999999112, -1.500000000000000000 ) ) ;
#1880 = AXIS2_PLACEMENT_3D ( 'NONE', #4715, #665, #9431 ) ;
#1881 = CARTESIAN_POINT ( 'NONE',  ( 36.02672417090403911, 18.50000000000000355, -18.50000000000000355 ) ) ;
#1882 = LINE ( 'NONE', #166, #5941 ) ;
#1883 = ORIENTED_EDGE ( 'NONE', *, *, #2000, .T. ) ;
#1884 = ORIENTED_EDGE ( 'NONE', *, *, #973, .T. ) ;
#1885 = VECTOR ( 'NONE', #7117, 1000.000000000000114 ) ;
#1886 = EDGE_CURVE ( 'NONE', #293, #2408, #5556, .T. ) ;
#1887 = AXIS2_PLACEMENT_3D ( 'NONE', #9987, #6793, #2829 ) ;
#1888 = ADVANCED_FACE ( 'NONE', ( #10551 ), #1679, .F. ) ;
#1889 = LINE ( 'NONE', #9367, #1866 ) ;
#1890 = DIRECTION ( 'NONE',  ( -0.000000000000000000, -0.000000000000000000, 1.000000000000000000 ) ) ;
#1891 = AXIS2_PLACEMENT_3D ( 'NONE', #9209, #7508, #292 ) ;
#1892 = EDGE_CURVE ( 'NONE', #4708, #3994, #4928, .T. ) ;
#1893 = FACE_OUTER_BOUND ( 'NONE', #2491, .T. ) ;
#1894 = ORIENTED_EDGE ( 'NONE', *, *, #4598, .T. ) ;
#1895 = FACE_OUTER_BOUND ( 'NONE', #540, .T. ) ;
#1896 = CARTESIAN_POINT ( 'NONE',  ( 17.92300350039710821, 2.999999999999999112, -7.423951128325072091 ) ) ;
#1897 = ORIENTED_EDGE ( 'NONE', *, *, #9837, .F. ) ;
#1898 = CARTESIAN_POINT ( 'NONE',  ( 73.41492637635666085, 18.11602497579402282, -18.50000000000000000 ) ) ;
#1899 = ORIENTED_EDGE ( 'NONE', *, *, #8560, .F. ) ;
#1900 = EDGE_LOOP ( 'NONE', ( #9914, #8206, #6019, #7800, #3965, #3745, #6030, #3637 ) ) ;
#1901 = DIRECTION ( 'NONE',  ( -0.9238795325112884038, 0.000000000000000000, -0.3826834323650857850 ) ) ;
#1902 = ORIENTED_EDGE ( 'NONE', *, *, #460, .T. ) ;
#1903 = VECTOR ( 'NONE', #6148, 1000.000000000000114 ) ;
#1904 = ORIENTED_EDGE ( 'NONE', *, *, #4995, .T. ) ;
#1905 = DIRECTION ( 'NONE',  ( 0.3826834323650956105, 0.000000000000000000, 0.9238795325112842960 ) ) ;
#1906 = CARTESIAN_POINT ( 'NONE',  ( 104.8250000000000171, 18.50000000000000355, 0.000000000000000000 ) ) ;
#1907 = CARTESIAN_POINT ( 'NONE',  ( 59.00000000000001421, 20.00000000000000355, -10.35679529716193592 ) ) ;
#1908 = LINE ( 'NONE', #5323, #7178 ) ;
#1909 = VERTEX_POINT ( 'NONE', #8837 ) ;
#1910 = LINE ( 'NONE', #5103, #1689 ) ;
#1911 = EDGE_CURVE ( 'NONE', #6284, #1701, #929, .T. ) ;
#1912 = DIRECTION ( 'NONE',  ( -0.000000000000000000, -1.000000000000000000, -0.000000000000000000 ) ) ;
#1913 = CARTESIAN_POINT ( 'NONE',  ( 37.81200000000001182, 18.50000000000000355, -1.499999999999999556 ) ) ;
#1914 = VERTEX_POINT ( 'NONE', #8998 ) ;
#1915 = PLANE ( 'NONE',  #4481 ) ;
#1916 = VECTOR ( 'NONE', #1550, 1000.000000000000000 ) ;
#1917 = ORIENTED_EDGE ( 'NONE', *, *, #7642, .T. ) ;
#1918 = ORIENTED_EDGE ( 'NONE', *, *, #1216, .T. ) ;
#1919 = EDGE_LOOP ( 'NONE', ( #1945, #8921, #9830, #541 ) ) ;
#1920 = VECTOR ( 'NONE', #7520, 1000.000000000000000 ) ;
#1921 = CARTESIAN_POINT ( 'NONE',  ( 86.83634029509840957, 18.50000000000000355, 3.494446567024352746 ) ) ;
#1922 = LINE ( 'NONE', #8286, #9208 ) ;
#1923 = LINE ( 'NONE', #6744, #872 ) ;
#1924 = LINE ( 'NONE', #8496, #5812 ) ;
#1925 = CARTESIAN_POINT ( 'NONE',  ( 32.77500000000000568, 20.00000000000000355, 0.000000000000000000 ) ) ;
#1926 = ORIENTED_EDGE ( 'NONE', *, *, #8682, .F. ) ;
#1927 = ORIENTED_EDGE ( 'NONE', *, *, #2465, .T. ) ;
#1928 = VERTEX_POINT ( 'NONE', #6505 ) ;
#1929 =( BOUNDED_CURVE ( )  B_SPLINE_CURVE ( 3, ( #10302, #7997, #2233, #3825 ),
 .UNSPECIFIED., .F., .F. ) 
 B_SPLINE_CURVE_WITH_KNOTS ( ( 4, 4 ),
 ( 3.141592653589793116, 4.082246578227959333 ),
 .UNSPECIFIED. ) 
 CURVE ( )  GEOMETRIC_REPRESENTATION_ITEM ( )  RATIONAL_B_SPLINE_CURVE ( ( 1.000000000000000000, 0.9276134425277009488, 0.9276134425277009488, 1.000000000000000000 ) ) 
 REPRESENTATION_ITEM ( '' )  );
#1930 = EDGE_CURVE ( 'NONE', #6191, #3942, #1626, .T. ) ;
#1931 = PLANE ( 'NONE',  #5963 ) ;
#1932 = ADVANCED_FACE ( 'NONE', ( #122 ), #875, .T. ) ;
#1933 = VECTOR ( 'NONE', #1322, 1000.000000000000000 ) ;
#1934 = CARTESIAN_POINT ( 'NONE',  ( 85.02672417090403201, 2.000000000000000000, -18.50000000000000355 ) ) ;
#1935 = DIRECTION ( 'NONE',  ( -0.000000000000000000, -1.000000000000000000, -0.000000000000000000 ) ) ;
#1936 = DIRECTION ( 'NONE',  ( -0.3826834323650853964, -0.000000000000000000, 0.9238795325112885148 ) ) ;
#1937 = CARTESIAN_POINT ( 'NONE',  ( 98.96182383839121144, 18.50000000000000355, -8.516986300988198977 ) ) ;
#1938 = CARTESIAN_POINT ( 'NONE',  ( 30.72428806984528649, 18.50000000000000355, -13.07126799313208920 ) ) ;
#1939 = VERTEX_POINT ( 'NONE', #2438 ) ;
#1940 = B_SPLINE_CURVE_WITH_KNOTS ( 'NONE', 3,
 ( #2038, #1875, #5291, #4484 ),
 .UNSPECIFIED., .F., .F.,
 ( 4, 4 ),
 ( 0.000000000000000000, 1.000000000000000000 ),
 .UNSPECIFIED. ) ;
#1941 = ORIENTED_EDGE ( 'NONE', *, *, #5399, .F. ) ;
#1942 = CARTESIAN_POINT ( 'NONE',  ( 34.94433197061164265, 18.50000000000000355, -18.50000000000000000 ) ) ;
#1943 = ADVANCED_FACE ( 'NONE', ( #5694 ), #3177, .T. ) ;
#1944 = VECTOR ( 'NONE', #6496, 1000.000000000000114 ) ;
#1945 = ORIENTED_EDGE ( 'NONE', *, *, #10002, .F. ) ;
#1946 = CIRCLE ( 'NONE', #6047, 1.000000000000000666 ) ;
#1947 = CARTESIAN_POINT ( 'NONE',  ( 41.12474999999994196, 2.000000000000000000, 0.000000000000000000 ) ) ;
#1948 = CARTESIAN_POINT ( 'NONE',  ( 63.61492637635665659, 18.11602497579402282, -18.50000000000000000 ) ) ;
#1949 = VECTOR ( 'NONE', #2770, 1000.000000000000000 ) ;
#1950 = CARTESIAN_POINT ( 'NONE',  ( 31.81586917305801521, 17.50000000000000000, 13.17856451016852048 ) ) ;
#1951 = VERTEX_POINT ( 'NONE', #8154 ) ;
#1952 = DIRECTION ( 'NONE',  ( 1.000000000000000000, 0.000000000000000000, 0.000000000000000000 ) ) ;
#1953 = ORIENTED_EDGE ( 'NONE', *, *, #4843, .T. ) ;
#1954 = DIRECTION ( 'NONE',  ( -0.3826834323650853964, -0.000000000000000000, 0.9238795325112885148 ) ) ;
#1955 = ORIENTED_EDGE ( 'NONE', *, *, #910, .T. ) ;
#1956 = DIRECTION ( 'NONE',  ( 0.3826834323650958325, -0.000000000000000000, 0.9238795325112842960 ) ) ;
#1957 = ORIENTED_EDGE ( 'NONE', *, *, #6472, .F. ) ;
#1958 = EDGE_CURVE ( 'NONE', #5835, #1480, #6449, .T. ) ;
#1959 = EDGE_LOOP ( 'NONE', ( #3171, #5504, #4015, #2382, #3393 ) ) ;
#1960 = FACE_OUTER_BOUND ( 'NONE', #10392, .T. ) ;
#1961 = DIRECTION ( 'NONE',  ( 1.000000000000000000, 0.000000000000000000, 0.000000000000000000 ) ) ;
#1962 = DIRECTION ( 'NONE',  ( -0.000000000000000000, -1.000000000000000000, -0.000000000000000000 ) ) ;
#1963 = CARTESIAN_POINT ( 'NONE',  ( 16.62500000000000355, 20.00000000000000355, -1.500000000000000000 ) ) ;
#1964 = ORIENTED_EDGE ( 'NONE', *, *, #7490, .F. ) ;
#1965 = CARTESIAN_POINT ( 'NONE',  ( 75.22672417090403485, 20.00000000000000355, -18.50000000000000355 ) ) ;
#1966 = CARTESIAN_POINT ( 'NONE',  ( 63.89974999999994765, 2.999999999999999112, -12.10960480172301423 ) ) ;
#1967 = LINE ( 'NONE', #470, #803 ) ;
#1968 = ORIENTED_EDGE ( 'NONE', *, *, #6918, .T. ) ;
#1969 = VECTOR ( 'NONE', #861, 1000.000000000000114 ) ;
#1970 = DIRECTION ( 'NONE',  ( 0.000000000000000000, 0.000000000000000000, 1.000000000000000000 ) ) ;
#1971 = EDGE_CURVE ( 'NONE', #705, #2644, #9053, .T. ) ;
#1972 = CARTESIAN_POINT ( 'NONE',  ( 106.0000000000000142, 2.000000000000000000, -7.720907847203148044 ) ) ;
#1973 = VERTEX_POINT ( 'NONE', #6659 ) ;
#1974 = ORIENTED_EDGE ( 'NONE', *, *, #5108, .F. ) ;
#1975 = DIRECTION ( 'NONE',  ( -0.3826834323650958325, 0.000000000000000000, -0.9238795325112842960 ) ) ;
#1976 = LINE ( 'NONE', #2613, #8382 ) ;
#1977 = EDGE_CURVE ( 'NONE', #8584, #8989, #1521, .T. ) ;
#1978 = CARTESIAN_POINT ( 'NONE',  ( 99.78750000000000853, 20.00000000000000355, -1.500000000000000888 ) ) ;
#1979 = DIRECTION ( 'NONE',  ( -0.9238695042871526431, 0.000000000000000000, 0.3827076417426375499 ) ) ;
#1980 = CARTESIAN_POINT ( 'NONE',  ( 77.96021982760970559, 2.000000000000000000, 3.877129999389440584 ) ) ;
#1981 = DIRECTION ( 'NONE',  ( 1.000000000000000000, 0.000000000000000000, 0.000000000000000000 ) ) ;
#1982 = CARTESIAN_POINT ( 'NONE',  ( 72.77587046748864452, 2.000000000000000000, -12.49228823408810030 ) ) ;
#1983 = VERTEX_POINT ( 'NONE', #723 ) ;
#1984 = ORIENTED_EDGE ( 'NONE', *, *, #3629, .F. ) ;
#1985 = ORIENTED_EDGE ( 'NONE', *, *, #6141, .T. ) ;
#1986 = ORIENTED_EDGE ( 'NONE', *, *, #3782, .T. ) ;
#1987 = EDGE_CURVE ( 'NONE', #9798, #2910, #4075, .T. ) ;
#1988 = DIRECTION ( 'NONE',  ( -0.000000000000000000, -1.000000000000000000, -0.000000000000000000 ) ) ;
#1989 = CARTESIAN_POINT ( 'NONE',  ( 79.10510779970761064, 2.999999999999999112, -1.499999999999996891 ) ) ;
#1990 = CARTESIAN_POINT ( 'NONE',  ( 48.78122826719634020, 18.50000000000000355, -1.882683432365080733 ) ) ;
#1991 = LINE ( 'NONE', #6808, #1876 ) ;
#1992 = CARTESIAN_POINT ( 'NONE',  ( 29.60000000000000497, 7.500000000000007105, -10.35619174377131380 ) ) ;
#1993 = ORIENTED_EDGE ( 'NONE', *, *, #5887, .F. ) ;
#1994 = LINE ( 'NONE', #9145, #4993 ) ;
#1995 = EDGE_CURVE ( 'NONE', #9430, #10448, #19, .T. ) ;
#1996 = ORIENTED_EDGE ( 'NONE', *, *, #7718, .T. ) ;
#1997 =( BOUNDED_CURVE ( )  B_SPLINE_CURVE ( 3, ( #8833, #3025, #9647, #6290 ),
 .UNSPECIFIED., .F., .F. ) 
 B_SPLINE_CURVE_WITH_KNOTS ( ( 4, 4 ),
 ( 5.342531382541416463, 6.283185307179586232 ),
 .UNSPECIFIED. ) 
 CURVE ( )  GEOMETRIC_REPRESENTATION_ITEM ( )  RATIONAL_B_SPLINE_CURVE ( ( 1.000000000000000000, 0.9276134425277003936, 0.9276134425277003936, 1.000000000000000000 ) ) 
 REPRESENTATION_ITEM ( '' )  );
#1998 = CARTESIAN_POINT ( 'NONE',  ( 39.07808768696162360, 18.15878848121909428, -1.499999999999999556 ) ) ;
#1999 = DIRECTION ( 'NONE',  ( -0.000000000000000000, -1.000000000000000000, -0.000000000000000000 ) ) ;
#2000 = EDGE_CURVE ( 'NONE', #9041, #9233, #980, .T. ) ;
#2001 = DIRECTION ( 'NONE',  ( -4.336808689942017736E-16, 0.000000000000000000, 1.000000000000000000 ) ) ;
#2002 = ORIENTED_EDGE ( 'NONE', *, *, #9078, .T. ) ;
#2003 = DIRECTION ( 'NONE',  ( 0.000000000000000000, -0.000000000000000000, 1.000000000000000000 ) ) ;
#2004 = ORIENTED_EDGE ( 'NONE', *, *, #4823, .F. ) ;
#2005 = CARTESIAN_POINT ( 'NONE',  ( 78.59975000000001444, 1.999999999999999556, -6.661277167116780085 ) ) ;
#2006 = VERTEX_POINT ( 'NONE', #4339 ) ;
#2007 = CARTESIAN_POINT ( 'NONE',  ( 77.67612046748874377, 18.50000000000000355, -7.360382381653505668 ) ) ;
#2008 = EDGE_CURVE ( 'NONE', #6877, #2703, #1585, .T. ) ;
#2009 = EDGE_CURVE ( 'NONE', #8713, #1219, #4227, .T. ) ;
#2010 = ORIENTED_EDGE ( 'NONE', *, *, #9044, .F. ) ;
#2011 = ORIENTED_EDGE ( 'NONE', *, *, #4226, .F. ) ;
#2012 = CARTESIAN_POINT ( 'NONE',  ( 49.52141231303840385, 18.15878848121910139, -1.500000000000001554 ) ) ;
#2013 = CYLINDRICAL_SURFACE ( 'NONE', #58, 0.9999999999999991118 ) ;
#2014 = LINE ( 'NONE', #5267, #6845 ) ;
#2015 = ORIENTED_EDGE ( 'NONE', *, *, #8268, .T. ) ;
#2016 =( BOUNDED_CURVE ( )  B_SPLINE_CURVE ( 3, ( #767, #1566, #4016, #4820 ),
 .UNSPECIFIED., .F., .F. ) 
 B_SPLINE_CURVE_WITH_KNOTS ( ( 4, 4 ),
 ( 5.274661551707024998, 6.283185307179586232 ),
 .UNSPECIFIED. ) 
 CURVE ( )  GEOMETRIC_REPRESENTATION_ITEM ( )  RATIONAL_B_SPLINE_CURVE ( ( 1.000000000000000000, 0.9170208966857359423, 0.9170208966857359423, 1.000000000000000000 ) ) 
 REPRESENTATION_ITEM ( '' )  );
#2017 = CARTESIAN_POINT ( 'NONE',  ( 69.30510779970762769, 2.648745683208485246, -1.500000000000000444 ) ) ;
#2018 = DIRECTION ( 'NONE',  ( -0.9238795325112886259, 0.000000000000000000, -0.3826834323650851188 ) ) ;
#2019 = CARTESIAN_POINT ( 'NONE',  ( 68.79999999999999716, 20.00000000000000355, -10.35679529716193592 ) ) ;
#2020 = ORIENTED_EDGE ( 'NONE', *, *, #9559, .F. ) ;
#2021 = CARTESIAN_POINT ( 'NONE',  ( 68.79975000000000307, 2.000000000000000000, -2.893084275847627396 ) ) ;
#2022 = DIRECTION ( 'NONE',  ( 1.000000000000000000, -0.000000000000000000, 0.000000000000000000 ) ) ;
#2023 = ORIENTED_EDGE ( 'NONE', *, *, #5809, .T. ) ;
#2024 = ORIENTED_EDGE ( 'NONE', *, *, #4471, .F. ) ;
#2025 = EDGE_CURVE ( 'NONE', #10130, #8675, #6714, .T. ) ;
#2026 = EDGE_CURVE ( 'NONE', #196, #679, #3439, .T. ) ;
#2027 = CARTESIAN_POINT ( 'NONE',  ( 88.39974999999999739, 18.50000000000000355, -2.893084275847628284 ) ) ;
#2028 = CARTESIAN_POINT ( 'NONE',  ( 19.29439220029240332, 17.85125431679152896, -1.500000000000000666 ) ) ;
#2029 = DIRECTION ( 'NONE',  ( -0.000000000000000000, -1.000000000000000000, -0.000000000000000000 ) ) ;
#2030 = CARTESIAN_POINT ( 'NONE',  ( 98.19975000000003718, 18.49999999999999289, -6.661277167116760545 ) ) ;
#2031 = DIRECTION ( 'NONE',  ( 0.3826592221992072829, 0.000000000000000000, -0.9238895603187091687 ) ) ;
#2032 = ORIENTED_EDGE ( 'NONE', *, *, #3542, .F. ) ;
#2033 = ORIENTED_EDGE ( 'NONE', *, *, #10297, .F. ) ;
#2034 = ORIENTED_EDGE ( 'NONE', *, *, #9172, .F. ) ;
#2035 = ORIENTED_EDGE ( 'NONE', *, *, #6417, .F. ) ;
#2036 = ADVANCED_FACE ( 'NONE', ( #1138 ), #1831, .F. ) ;
#2037 = VECTOR ( 'NONE', #629, 999.9999999999998863 ) ;
#2038 = CARTESIAN_POINT ( 'NONE',  ( 49.19993749768391922, 18.50000000000000355, -10.35694617991806865 ) ) ;
#2039 = CARTESIAN_POINT ( 'NONE',  ( 44.74433197061164691, 17.50000000000000000, -18.50000000000000000 ) ) ;
#2040 = CARTESIAN_POINT ( 'NONE',  ( 68.80000000000001137, 7.500000000000007105, -10.35619174377131557 ) ) ;
#2041 = DIRECTION ( 'NONE',  ( -0.9238795325112841850, 0.000000000000000000, 0.3826834323650959990 ) ) ;
#2042 = DIRECTION ( 'NONE',  ( -0.000000000000000000, -1.000000000000000000, -0.000000000000000000 ) ) ;
#2043 = DIRECTION ( 'NONE',  ( -0.3826834323650853964, -0.000000000000000000, 0.9238795325112885148 ) ) ;
#2044 = EDGE_CURVE ( 'NONE', #1973, #7341, #178, .T. ) ;
#2045 = VERTEX_POINT ( 'NONE', #6012 ) ;
#2046 = CARTESIAN_POINT ( 'NONE',  ( 11.00000000000000355, 2.999999999999999112, -10.15848648317290071 ) ) ;
#2047 = VECTOR ( 'NONE', #2488, 1000.000000000000000 ) ;
#2048 = ORIENTED_EDGE ( 'NONE', *, *, #565, .T. ) ;
#2049 = VECTOR ( 'NONE', #10445, 1000.000000000000000 ) ;
#2050 = CARTESIAN_POINT ( 'NONE',  ( 96.47474999999994338, 20.00000000000000355, -20.00000000000000000 ) ) ;
#2051 = FACE_OUTER_BOUND ( 'NONE', #4147, .T. ) ;
#2052 = VECTOR ( 'NONE', #5215, 1000.000000000000114 ) ;
#2053 = CARTESIAN_POINT ( 'NONE',  ( 68.80000000000001137, 17.50000000000000000, -7.743669367409183657 ) ) ;
#2054 = ORIENTED_EDGE ( 'NONE', *, *, #6517, .F. ) ;
#2055 = CARTESIAN_POINT ( 'NONE',  ( 44.74433197061164691, 2.999999999999999112, -18.50000000000000000 ) ) ;
#2056 = AXIS2_PLACEMENT_3D ( 'NONE', #3695, #6863, #5193 ) ;
#2057 = ORIENTED_EDGE ( 'NONE', *, *, #9971, .T. ) ;
#2058 = DIRECTION ( 'NONE',  ( 0.000000000000000000, 0.000000000000000000, -1.000000000000000000 ) ) ;
#2059 = VERTEX_POINT ( 'NONE', #10129 ) ;
#2060 = DIRECTION ( 'NONE',  ( 1.000000000000000000, 0.000000000000000000, 0.000000000000000000 ) ) ;
#2061 = ORIENTED_EDGE ( 'NONE', *, *, #1564, .T. ) ;
#2062 = EDGE_CURVE ( 'NONE', #7523, #5816, #5950, .T. ) ;
#2063 = EDGE_LOOP ( 'NONE', ( #2580, #2125, #3117, #5736, #5575, #5589, #8971, #5685 ) ) ;
#2064 = VECTOR ( 'NONE', #4906, 1000.000000000000000 ) ;
#2065 = VECTOR ( 'NONE', #5878, 999.9999999999998863 ) ;
#2066 = EDGE_CURVE ( 'NONE', #1219, #8037, #7562, .T. ) ;
#2067 = EDGE_CURVE ( 'NONE', #7286, #7985, #6715, .T. ) ;
#2068 = LINE ( 'NONE', #6073, #7517 ) ;
#2069 = PLANE ( 'NONE',  #7580 ) ;
#2070 = PLANE ( 'NONE',  #8877 ) ;
#2071 = CARTESIAN_POINT ( 'NONE',  ( 73.69974999999998033, 18.50000000000000355, -17.51835138363012589 ) ) ;
#2072 = ORIENTED_EDGE ( 'NONE', *, *, #8920, .T. ) ;
#2073 = FACE_OUTER_BOUND ( 'NONE', #5607, .T. ) ;
#2074 = CARTESIAN_POINT ( 'NONE',  ( 40.18069240087213245, 17.50000000000000000, 16.64338773798257165 ) ) ;
#2075 = DIRECTION ( 'NONE',  ( -0.000000000000000000, -1.000000000000000000, -0.000000000000000000 ) ) ;
#2076 = ORIENTED_EDGE ( 'NONE', *, *, #7390, .T. ) ;
#2077 = LINE ( 'NONE', #8644, #5173 ) ;
#2078 = CARTESIAN_POINT ( 'NONE',  ( 39.07808768696162360, 2.341211518780904832, -1.500000000000000444 ) ) ;
#2079 = ADVANCED_FACE ( 'NONE', ( #9102 ), #237, .F. ) ;
#2080 = VERTEX_POINT ( 'NONE', #7666 ) ;
#2081 =( BOUNDED_CURVE ( )  B_SPLINE_CURVE ( 3, ( #8945, #4067, #8991, #448 ),
 .UNSPECIFIED., .F., .F. ) 
 B_SPLINE_CURVE_WITH_KNOTS ( ( 4, 4 ),
 ( 5.342531382541426233, 6.283185307179586232 ),
 .UNSPECIFIED. ) 
 CURVE ( )  GEOMETRIC_REPRESENTATION_ITEM ( )  RATIONAL_B_SPLINE_CURVE ( ( 1.000000000000000000, 0.9276134425277018369, 0.9276134425277018369, 1.000000000000000000 ) ) 
 REPRESENTATION_ITEM ( '' )  );
#2082 = LINE ( 'NONE', #6413, #9942 ) ;
#2083 = LINE ( 'NONE', #5441, #3438 ) ;
#2084 = DIRECTION ( 'NONE',  ( -0.3826834323650957770, 0.000000000000000000, -0.9238795325112841850 ) ) ;
#2085 = AXIS2_PLACEMENT_3D ( 'NONE', #4367, #5059, #7644 ) ;
#2086 = CARTESIAN_POINT ( 'NONE',  ( 34.05516802938824128, 18.50000000000000355, -18.50000000000000355 ) ) ;
#2087 = LINE ( 'NONE', #4370, #1903 ) ;
#2088 = ORIENTED_EDGE ( 'NONE', *, *, #9971, .F. ) ;
#2089 = ORIENTED_EDGE ( 'NONE', *, *, #1346, .F. ) ;
#2090 = ORIENTED_EDGE ( 'NONE', *, *, #6903, .T. ) ;
#2091 = ORIENTED_EDGE ( 'NONE', *, *, #6974, .T. ) ;
#2092 = EDGE_CURVE ( 'NONE', #5921, #2669, #8414, .T. ) ;
#2093 = EDGE_CURVE ( 'NONE', #1371, #8612, #10069, .T. ) ;
#2094 = VECTOR ( 'NONE', #3374, 1000.000000000000000 ) ;
#2095 = ADVANCED_FACE ( 'NONE', ( #1893 ), #3658, .T. ) ;
#2096 = CARTESIAN_POINT ( 'NONE',  ( 101.5727758290958604, 18.50000000000000355, -18.50000000000000000 ) ) ;
#2097 = DIRECTION ( 'NONE',  ( 0.3826834323650853964, -0.000000000000000000, -0.9238795325112885148 ) ) ;
#2098 = LINE ( 'NONE', #392, #6193 ) ;
#2099 = DIRECTION ( 'NONE',  ( 0.000000000000000000, 0.000000000000000000, -1.000000000000000000 ) ) ;
#2100 = DIRECTION ( 'NONE',  ( -0.3826834323650958325, -0.000000000000000000, -0.9238795325112842960 ) ) ;
#2101 = LINE ( 'NONE', #9826, #4738 ) ;
#2102 = ORIENTED_EDGE ( 'NONE', *, *, #1435, .F. ) ;
#2103 = VERTEX_POINT ( 'NONE', #2746 ) ;
#2104 = AXIS2_PLACEMENT_3D ( 'NONE', #6848, #5117, #9079 ) ;
#2105 = EDGE_CURVE ( 'NONE', #182, #10574, #7614, .T. ) ;
#2106 = COLOUR_RGB ( '',0.7921568627450980005, 0.8196078431372548767, 0.9333333333333333481 ) ;
#2107 = EDGE_CURVE ( 'NONE', #8211, #9462, #8359, .T. ) ;
#2108 = DIRECTION ( 'NONE',  ( 0.000000000000000000, 1.000000000000000000, 0.000000000000000000 ) ) ;
#2109 = PLANE ( 'NONE',  #9886 ) ;
#2110 = LINE ( 'NONE', #2269, #4569 ) ;
#2111 = ORIENTED_EDGE ( 'NONE', *, *, #3866, .T. ) ;
#2112 = CARTESIAN_POINT ( 'NONE',  ( 44.74433197061162559, 2.674305589214430956, -18.50000000000000355 ) ) ;
#2113 = VECTOR ( 'NONE', #9690, 1000.000000000000114 ) ;
#2114 = VERTEX_POINT ( 'NONE', #1092 ) ;
#2115 = LINE ( 'NONE', #4664, #523 ) ;
#2116 = VERTEX_POINT ( 'NONE', #289 ) ;
#2117 = DIRECTION ( 'NONE',  ( 0.000000000000000000, 0.000000000000000000, -1.000000000000000000 ) ) ;
#2118 = ORIENTED_EDGE ( 'NONE', *, *, #637, .F. ) ;
#2119 = EDGE_CURVE ( 'NONE', #7985, #7315, #5524, .T. ) ;
#2120 = VECTOR ( 'NONE', #1767, 1000.000000000000000 ) ;
#2121 = CARTESIAN_POINT ( 'NONE',  ( 24.69974999999995191, 17.50000000000000000, -16.96018989328458915 ) ) ;
#2122 = CARTESIAN_POINT ( 'NONE',  ( 0.000000000000000000, 18.50000000000000355, -1.500000000000000000 ) ) ;
#2123 = LINE ( 'NONE', #1313, #8197 ) ;
#2124 = FACE_OUTER_BOUND ( 'NONE', #4291, .T. ) ;
#2125 = ORIENTED_EDGE ( 'NONE', *, *, #7056, .F. ) ;
#2126 = DIRECTION ( 'NONE',  ( -0.000000000000000000, -1.000000000000000000, -0.000000000000000000 ) ) ;
#2127 = DIRECTION ( 'NONE',  ( -1.000000000000000000, -0.000000000000000000, -5.463695987328531367E-16 ) ) ;
#2128 = CARTESIAN_POINT ( 'NONE',  ( 24.69974999999995191, 2.999999999999999112, -16.96018989328458204 ) ) ;
#2129 = ORIENTED_EDGE ( 'NONE', *, *, #2105, .T. ) ;
#2130 = CARTESIAN_POINT ( 'NONE',  ( 44.29974999999993202, 2.000000000000000000, -14.72273073147576028 ) ) ;
#2131 = VECTOR ( 'NONE', #16, 1000.000000000000000 ) ;
#2132 = DIRECTION ( 'NONE',  ( 1.000000000000000000, -0.000000000000000000, 0.000000000000000000 ) ) ;
#2133 = EDGE_CURVE ( 'NONE', #8220, #5782, #8781, .T. ) ;
#2134 = EDGE_CURVE ( 'NONE', #8957, #2387, #5948, .T. ) ;
#2135 = VECTOR ( 'NONE', #2212, 1000.000000000000000 ) ;
#2136 = DIRECTION ( 'NONE',  ( -0.9238795325112844070, 0.000000000000000000, 0.3826834323650956660 ) ) ;
#2137 = DIRECTION ( 'NONE',  ( -1.000000000000000000, 0.000000000000000000, -0.000000000000000000 ) ) ;
#2138 = FACE_OUTER_BOUND ( 'NONE', #10269, .T. ) ;
#2139 = EDGE_CURVE ( 'NONE', #9407, #8464, #8577, .T. ) ;
#2140 = ORIENTED_EDGE ( 'NONE', *, *, #5199, .F. ) ;
#2141 = FACE_OUTER_BOUND ( 'NONE', #2254, .T. ) ;
#2142 = ORIENTED_EDGE ( 'NONE', *, *, #7368, .F. ) ;
#2143 = VERTEX_POINT ( 'NONE', #7089 ) ;
#2144 = EDGE_CURVE ( 'NONE', #9798, #2984, #3008, .T. ) ;
#2145 = VERTEX_POINT ( 'NONE', #9369 ) ;
#2146 = EDGE_CURVE ( 'NONE', #10394, #4922, #3062, .T. ) ;
#2147 = ORIENTED_EDGE ( 'NONE', *, *, #7526, .T. ) ;
#2148 =( BOUNDED_CURVE ( )  B_SPLINE_CURVE ( 3, ( #9104, #1786, #2112, #2055 ),
 .UNSPECIFIED., .F., .F. ) 
 B_SPLINE_CURVE_WITH_KNOTS ( ( 4, 4 ),
 ( 2.200938728951621570, 3.141592653589793116 ),
 .UNSPECIFIED. ) 
 CURVE ( )  GEOMETRIC_REPRESENTATION_ITEM ( )  RATIONAL_B_SPLINE_CURVE ( ( 1.000000000000000000, 0.9276134425277000606, 0.9276134425277000606, 1.000000000000000000 ) ) 
 REPRESENTATION_ITEM ( '' )  );
#2149 = DIRECTION ( 'NONE',  ( 0.3826834323650958325, 0.000000000000000000, 0.9238795325112842960 ) ) ;
#2150 = B_SPLINE_CURVE_WITH_KNOTS ( 'NONE', 3,
 ( #6999, #10251, #8438, #9231 ),
 .UNSPECIFIED., .F., .F.,
 ( 4, 4 ),
 ( 0.000000000000000000, 1.000000000000000000 ),
 .UNSPECIFIED. ) ;
#2151 = DIRECTION ( 'NONE',  ( -0.3826834323650857850, 0.000000000000000000, 0.9238795325112884038 ) ) ;
#2152 = DIRECTION ( 'NONE',  ( 0.000000000000000000, 0.000000000000000000, -1.000000000000000000 ) ) ;
#2153 = CARTESIAN_POINT ( 'NONE',  ( 39.81827173280368726, 2.000000000000000000, -1.882683432365092058 ) ) ;
#2154 = DIRECTION ( 'NONE',  ( 0.000000000000000000, 0.000000000000000000, 1.000000000000000000 ) ) ;
#2155 = CARTESIAN_POINT ( 'NONE',  ( 26.22672417090403485, 18.50000000000000355, -18.50000000000000355 ) ) ;
#2156 = ORIENTED_EDGE ( 'NONE', *, *, #8493, .T. ) ;
#2157 = FACE_OUTER_BOUND ( 'NONE', #3182, .T. ) ;
#2158 = VERTEX_POINT ( 'NONE', #504 ) ;
#2159 = DIRECTION ( 'NONE',  ( 0.000000000000000000, -1.000000000000000000, 0.000000000000000000 ) ) ;
#2160 = FACE_OUTER_BOUND ( 'NONE', #3167, .T. ) ;
#2161 = ADVANCED_FACE ( 'NONE', ( #2964 ), #3014, .T. ) ;
#2162 = PLANE ( 'NONE',  #1500 ) ;
#2163 = ORIENTED_EDGE ( 'NONE', *, *, #748, .F. ) ;
#2164 = DIRECTION ( 'NONE',  ( -1.000000000000000000, 0.000000000000000000, 0.000000000000000000 ) ) ;
#2165 = AXIS2_PLACEMENT_3D ( 'NONE', #7198, #5638, #8793 ) ;
#2166 = VERTEX_POINT ( 'NONE', #7778 ) ;
#2167 = CARTESIAN_POINT ( 'NONE',  ( 16.62500000000000355, 18.50000000000000355, 0.000000000000000000 ) ) ;
#2168 = VERTEX_POINT ( 'NONE', #6116 ) ;
#2169 = DIRECTION ( 'NONE',  ( 0.000000000000000000, 0.000000000000000000, 1.000000000000000000 ) ) ;
#2170 = ORIENTED_EDGE ( 'NONE', *, *, #8034, .T. ) ;
#2171 = EDGE_CURVE ( 'NONE', #4070, #3960, #145, .T. ) ;
#2172 = CARTESIAN_POINT ( 'NONE',  ( 24.69974999999995191, 2.999999999999999112, -16.96018989328458204 ) ) ;
#2173 = DIRECTION ( 'NONE',  ( -1.000000000000000000, 0.000000000000000000, -0.000000000000000000 ) ) ;
#2174 = CARTESIAN_POINT ( 'NONE',  ( 13.37277582909584694, 20.00000000000000355, -18.50000000000000000 ) ) ;
#2175 = CARTESIAN_POINT ( 'NONE',  ( 38.89439220029240829, 17.50000000000000000, -1.499999999999999556 ) ) ;
#2176 = LINE ( 'NONE', #465, #7695 ) ;
#2177 = DIRECTION ( 'NONE',  ( 0.3826834323650853964, 0.000000000000000000, -0.9238795325112886259 ) ) ;
#2178 = EDGE_LOOP ( 'NONE', ( #1133, #2398, #1511, #7542, #8002 ) ) ;
#2179 = LINE ( 'NONE', #2981, #151 ) ;
#2180 = CARTESIAN_POINT ( 'NONE',  ( 58.80000000000000426, 18.50000000000000355, -18.50000000000000000 ) ) ;
#2181 = DIRECTION ( 'NONE',  ( -0.3826834323650954439, 0.000000000000000000, -0.9238795325112842960 ) ) ;
#2182 = ORIENTED_EDGE ( 'NONE', *, *, #3023, .T. ) ;
#2183 = LINE ( 'NONE', #5437, #4985 ) ;
#2184 = EDGE_CURVE ( 'NONE', #2669, #1393, #4605, .T. ) ;
#2185 = PLANE ( 'NONE',  #9799 ) ;
#2186 = CARTESIAN_POINT ( 'NONE',  ( 88.39989330582618265, 2.000000000000000000, -10.35683949133576753 ) ) ;
#2187 = LINE ( 'NONE', #3038, #4459 ) ;
#2188 = ORIENTED_EDGE ( 'NONE', *, *, #6549, .T. ) ;
#2189 = DIRECTION ( 'NONE',  ( 0.000000000000000000, 0.000000000000000000, 1.000000000000000000 ) ) ;
#2190 = ADVANCED_FACE ( 'NONE', ( #7884 ), #6338, .F. ) ;
#2191 = CARTESIAN_POINT ( 'NONE',  ( 57.27474999999994054, 18.50000000000000355, -18.50000000000000000 ) ) ;
#2192 = ORIENTED_EDGE ( 'NONE', *, *, #7642, .F. ) ;
#2193 = FACE_OUTER_BOUND ( 'NONE', #5421, .T. ) ;
#2194 = ORIENTED_EDGE ( 'NONE', *, *, #2459, .F. ) ;
#2195 = ORIENTED_EDGE ( 'NONE', *, *, #2427, .F. ) ;
#2196 = ORIENTED_EDGE ( 'NONE', *, *, #9785, .F. ) ;
#2197 = ORIENTED_EDGE ( 'NONE', *, *, #1995, .T. ) ;
#2198 = VECTOR ( 'NONE', #3744, 1000.000000000000114 ) ;
#2199 = EDGE_CURVE ( 'NONE', #8211, #9481, #9588, .T. ) ;
#2200 = LINE ( 'NONE', #8661, #2726 ) ;
#2201 = CARTESIAN_POINT ( 'NONE',  ( 57.41200000000001324, 18.50000000000000355, -1.499999999999999556 ) ) ;
#2203 = EDGE_CURVE ( 'NONE', #6077, #10064, #2110, .T. ) ;
#2202 = LINE ( 'NONE', #8720, #1026 ) ;
#2204 = ADVANCED_FACE ( 'NONE', ( #3755 ), #2162, .T. ) ;
#2205 = DIRECTION ( 'NONE',  ( -0.000000000000000000, -1.000000000000000000, -0.000000000000000000 ) ) ;
#2206 =( BOUNDED_CURVE ( )  B_SPLINE_CURVE ( 3, ( #8074, #6477, #9725, #2413 ),
 .UNSPECIFIED., .F., .F. ) 
 B_SPLINE_CURVE_WITH_KNOTS ( ( 4, 4 ),
 ( 4.150116409062345468, 4.712388980384701220 ),
 .UNSPECIFIED. ) 
 CURVE ( )  GEOMETRIC_REPRESENTATION_ITEM ( )  RATIONAL_B_SPLINE_CURVE ( ( 1.000000000000000000, 0.9738271993243673430, 0.9738271993243673430, 1.000000000000000000 ) ) 
 REPRESENTATION_ITEM ( '' )  );
#2207 = ORIENTED_EDGE ( 'NONE', *, *, #2315, .T. ) ;
#2208 = VECTOR ( 'NONE', #1106, 1000.000000000000000 ) ;
#2209 = EDGE_CURVE ( 'NONE', #4372, #5845, #3906, .T. ) ;
#2210 = CARTESIAN_POINT ( 'NONE',  ( 78.40000000000000568, 18.50000000000000355, -18.50000000000000000 ) ) ;
#2211 = CARTESIAN_POINT ( 'NONE',  ( 93.07364042459307996, 2.000000000000000000, 2.018727961996194420 ) ) ;
#2212 = DIRECTION ( 'NONE',  ( 1.000000000000000000, -0.000000000000000000, -0.000000000000000000 ) ) ;
#2213 = ORIENTED_EDGE ( 'NONE', *, *, #119, .F. ) ;
#2214 = AXIS2_PLACEMENT_3D ( 'NONE', #7038, #4551, #7886 ) ;
#2215 = LINE ( 'NONE', #5474, #6319 ) ;
#2216 = AXIS2_PLACEMENT_3D ( 'NONE', #10578, #44, #8234 ) ;
#2217 = ORIENTED_EDGE ( 'NONE', *, *, #10547, .F. ) ;
#2218 = CARTESIAN_POINT ( 'NONE',  ( 85.22500000000000853, 2.000000000000000000, 0.000000000000000000 ) ) ;
#2219 = ORIENTED_EDGE ( 'NONE', *, *, #7658, .F. ) ;
#2220 = CARTESIAN_POINT ( 'NONE',  ( 24.69974999999993415, 18.08578643762691129, -12.10960480172300713 ) ) ;
#2221 = VERTEX_POINT ( 'NONE', #7186 ) ;
#2222 = AXIS2_PLACEMENT_3D ( 'NONE', #8106, #7510, #4082 ) ;
#2223 = EDGE_CURVE ( 'NONE', #9774, #8555, #9480, .T. ) ;
#2224 = EDGE_CURVE ( 'NONE', #3900, #447, #6650, .T. ) ;
#2225 = EDGE_CURVE ( 'NONE', #10303, #2296, #7137, .T. ) ;
#2226 = DIRECTION ( 'NONE',  ( 0.000000000000000000, 0.000000000000000000, -1.000000000000000000 ) ) ;
#2227 = CARTESIAN_POINT ( 'NONE',  ( 59.50510779970762343, 2.648745683208483026, -1.500000000000000222 ) ) ;
#2228 = VECTOR ( 'NONE', #4749, 1000.000000000000114 ) ;
#2229 = LINE ( 'NONE', #1720, #4939 ) ;
#2230 = AXIS2_PLACEMENT_3D ( 'NONE', #3350, #1691, #33 ) ;
#2231 = DIRECTION ( 'NONE',  ( -0.000000000000000000, -0.000000000000000000, 1.000000000000000000 ) ) ;
#2232 = CARTESIAN_POINT ( 'NONE',  ( 74.43104658510004867, 17.50000000000000000, 30.83034895717167245 ) ) ;
#2233 = CARTESIAN_POINT ( 'NONE',  ( 34.78457362364323302, 18.11602497579402993, -18.50000000000000000 ) ) ;
#2234 = ORIENTED_EDGE ( 'NONE', *, *, #10450, .F. ) ;
#2235 = FACE_OUTER_BOUND ( 'NONE', #5476, .T. ) ;
#2236 = AXIS2_PLACEMENT_3D ( 'NONE', #651, #6101, #10325 ) ;
#2237 = CARTESIAN_POINT ( 'NONE',  ( 49.19975000000002296, 18.34604576567463852, -1.500000000000001332 ) ) ;
#2238 = CARTESIAN_POINT ( 'NONE',  ( 57.27474999999994054, 20.00000000000000355, -18.50000000000000000 ) ) ;
#2239 = EDGE_LOOP ( 'NONE', ( #10281, #6618, #9103, #1993, #6880 ) ) ;
#2240 = DIRECTION ( 'NONE',  ( 0.000000000000000000, 0.000000000000000000, 1.000000000000000000 ) ) ;
#2241 =( NAMED_UNIT ( * ) PLANE_ANGLE_UNIT ( ) SI_UNIT ( $, .RADIAN. ) );
#2242 = AXIS2_PLACEMENT_3D ( 'NONE', #3694, #335, #1236 ) ;
#2243 = VECTOR ( 'NONE', #2668, 1000.000000000000000 ) ;
#2244 = ADVANCED_FACE ( 'NONE', ( #9636 ), #1668, .F. ) ;
#2245 = CARTESIAN_POINT ( 'NONE',  ( 93.29974999999996044, 2.192056395364472721, -18.50000000000000000 ) ) ;
#2246 = CARTESIAN_POINT ( 'NONE',  ( 73.41492637635663243, 2.383975024205970517, -18.50000000000000000 ) ) ;
#2247 = ORIENTED_EDGE ( 'NONE', *, *, #10125, .T. ) ;
#2248 = LINE ( 'NONE', #4475, #1007 ) ;
#2249 = PLANE ( 'NONE',  #2922 ) ;
#2250 = AXIS2_PLACEMENT_3D ( 'NONE', #2074, #4247, #10354 ) ;
#2251 = EDGE_LOOP ( 'NONE', ( #4498, #5301, #8850, #9691, #1111 ) ) ;
#2252 = DIRECTION ( 'NONE',  ( 1.000000000000000000, -0.000000000000000000, 0.000000000000000000 ) ) ;
#2253 = ORIENTED_EDGE ( 'NONE', *, *, #1240, .T. ) ;
#2254 = EDGE_LOOP ( 'NONE', ( #3293, #6787, #7342, #8087 ) ) ;
#2255 = ORIENTED_EDGE ( 'NONE', *, *, #1661, .F. ) ;
#2256 = VERTEX_POINT ( 'NONE', #7396 ) ;
#2257 = CARTESIAN_POINT ( 'NONE',  ( 93.29974999999996044, 18.50000000000000000, -17.51835138363014366 ) ) ;
#2258 = CARTESIAN_POINT ( 'NONE',  ( 52.57277582909584623, 18.50000000000000355, -18.50000000000000000 ) ) ;
#2259 = CARTESIAN_POINT ( 'NONE',  ( 24.69974999999995191, 18.50000000000000355, -16.96018989328458204 ) ) ;
#2260 = CARTESIAN_POINT ( 'NONE',  ( 10.00000000000000178, 10.00000000000000000, -5.000000000000000888 ) ) ;
#2261 = CARTESIAN_POINT ( 'NONE',  ( 52.57277582909584623, 18.50000000000000355, -18.50000000000000000 ) ) ;
#2262 = LINE ( 'NONE', #8669, #9625 ) ;
#2263 = AXIS2_PLACEMENT_3D ( 'NONE', #10276, #9467, #5514 ) ;
#2264 = ORIENTED_EDGE ( 'NONE', *, *, #4636, .F. ) ;
#2265 = EDGE_CURVE ( 'NONE', #6879, #5593, #3275, .T. ) ;
#2266 = EDGE_CURVE ( 'NONE', #6703, #7265, #2425, .T. ) ;
#2267 = AXIS2_PLACEMENT_3D ( 'NONE', #9765, #8848, #5652 ) ;
#2268 = CYLINDRICAL_SURFACE ( 'NONE', #7504, 0.9999999999999998890 ) ;
#2269 = CARTESIAN_POINT ( 'NONE',  ( 60.72474999999994338, 20.00000000000000355, -18.50000000000000000 ) ) ;
#2270 = VERTEX_POINT ( 'NONE', #5777 ) ;
#2271 = FACE_OUTER_BOUND ( 'NONE', #2533, .T. ) ;
#2272 = ADVANCED_FACE ( 'NONE', ( #4972 ), #9038, .F. ) ;
#2273 = ORIENTED_EDGE ( 'NONE', *, *, #4808, .T. ) ;
#2274 = DIRECTION ( 'NONE',  ( -0.3826834323650853964, 0.000000000000000000, 0.9238795325112885148 ) ) ;
#2275 = ORIENTED_EDGE ( 'NONE', *, *, #8982, .T. ) ;
#2276 = CARTESIAN_POINT ( 'NONE',  ( 19.79975000000000307, 2.153954234325363259, -1.500000000000000444 ) ) ;
#2277 = AXIS2_PLACEMENT_3D ( 'NONE', #9288, #1215, #4412 ) ;
#2278 = ORIENTED_EDGE ( 'NONE', *, *, #3412, .T. ) ;
#2279 =( BOUNDED_CURVE ( )  B_SPLINE_CURVE ( 3, ( #5659, #3194, #3991, #4489 ),
 .UNSPECIFIED., .F., .F. ) 
 B_SPLINE_CURVE_WITH_KNOTS ( ( 4, 4 ),
 ( 5.274661551707035656, 6.283185307179586232 ),
 .UNSPECIFIED. ) 
 CURVE ( )  GEOMETRIC_REPRESENTATION_ITEM ( )  RATIONAL_B_SPLINE_CURVE ( ( 1.000000000000000000, 0.9170208966857377186, 0.9170208966857377186, 1.000000000000000000 ) ) 
 REPRESENTATION_ITEM ( '' )  );
#2280 = PLANE ( 'NONE',  #5398 ) ;
#2281 = DIRECTION ( 'NONE',  ( -1.000000000000000000, -0.000000000000000000, -0.000000000000000000 ) ) ;
#2282 = VECTOR ( 'NONE', #10222, 1000.000000000000114 ) ;
#2283 = CARTESIAN_POINT ( 'NONE',  ( 97.56021982760969991, 2.000000000000000000, 3.877129999389440584 ) ) ;
#2284 = LINE ( 'NONE', #4724, #9210 ) ;
#2285 = CARTESIAN_POINT ( 'NONE',  ( 19.60000000000000142, 2.000000000000000000, -18.50000000000000000 ) ) ;
#2286 = ORIENTED_EDGE ( 'NONE', *, *, #1806, .T. ) ;
#2287 = LINE ( 'NONE', #4077, #4065 ) ;
#2288 = CARTESIAN_POINT ( 'NONE',  ( 58.99975000000002012, 18.44730268558522113, -1.919915453368668867 ) ) ;
#2289 = DIRECTION ( 'NONE',  ( 0.3826834323650956105, 0.000000000000000000, 0.9238795325112842960 ) ) ;
#2290 = ORIENTED_EDGE ( 'NONE', *, *, #9962, .F. ) ;
#2291 = CARTESIAN_POINT ( 'NONE',  ( 44.29974999999995333, 18.08578643762690774, -12.10960480172300890 ) ) ;
#2292 = LINE ( 'NONE', #4783, #4325 ) ;
#2293 = VECTOR ( 'NONE', #8978, 1000.000000000000000 ) ;
#2294 = DIRECTION ( 'NONE',  ( 0.9238795325112880708, 0.000000000000000000, 0.3826834323650866176 ) ) ;
#2295 = DIRECTION ( 'NONE',  ( -1.000000000000000000, 0.000000000000000000, 0.000000000000000000 ) ) ;
#2296 = VERTEX_POINT ( 'NONE', #4061 ) ;
#2297 = CARTESIAN_POINT ( 'NONE',  ( 46.02500000000001279, 2.000000000000000000, 0.000000000000000000 ) ) ;
#2298 = AXIS2_PLACEMENT_3D ( 'NONE', #635, #6459, #9705 ) ;
#2299 = EDGE_CURVE ( 'NONE', #2158, #8755, #4118, .T. ) ;
#2300 = CARTESIAN_POINT ( 'NONE',  ( 14.45516802938823453, 2.674305589214432732, -18.50000000000000000 ) ) ;
#2301 = EDGE_LOOP ( 'NONE', ( #8007, #5742, #2032, #4424, #4848, #4698, #3338 ) ) ;
#2302 = CARTESIAN_POINT ( 'NONE',  ( 39.40000000000001279, 2.999999999999999112, -7.743065814018597948 ) ) ;
#2303 = VERTEX_POINT ( 'NONE', #9741 ) ;
#2304 = EDGE_LOOP ( 'NONE', ( #6317, #7410, #8017, #981 ) ) ;
#2305 = ORIENTED_EDGE ( 'NONE', *, *, #2891, .F. ) ;
#2306 = ADVANCED_FACE ( 'NONE', ( #1614 ), #8192, .F. ) ;
#2307 = VECTOR ( 'NONE', #2001, 1000.000000000000000 ) ;
#2308 = CARTESIAN_POINT ( 'NONE',  ( 104.2752444353745602, 2.000000000000000000, -6.658584263594879538 ) ) ;
#2309 = CARTESIAN_POINT ( 'NONE',  ( 54.09974999999995049, 2.414213562373093591, -12.10960480172300713 ) ) ;
#2310 = LINE ( 'NONE', #2949, #886 ) ;
#2311 = DIRECTION ( 'NONE',  ( -0.000000000000000000, -1.000000000000000000, -0.000000000000000000 ) ) ;
#2312 = CARTESIAN_POINT ( 'NONE',  ( 98.20000000000000284, 2.999999999999999112, -7.743669367409181881 ) ) ;
#2313 = AXIS2_PLACEMENT_3D ( 'NONE', #2210, #9526, #4602 ) ;
#2314 = CARTESIAN_POINT ( 'NONE',  ( 26.22672417090403485, 2.000000000000000000, -18.50000000000000355 ) ) ;
#2315 = EDGE_CURVE ( 'NONE', #935, #4099, #4761, .T. ) ;
#2316 = ORIENTED_EDGE ( 'NONE', *, *, #8329, .T. ) ;
#2317 = PLANE ( 'NONE',  #3328 ) ;
#2318 = CARTESIAN_POINT ( 'NONE',  ( 19.80000000000000782, 2.999999999999999112, -7.743065814018601500 ) ) ;
#2319 = DIRECTION ( 'NONE',  ( 0.000000000000000000, 0.000000000000000000, -1.000000000000000000 ) ) ;
#2320 = ORIENTED_EDGE ( 'NONE', *, *, #8510, .T. ) ;
#2321 = VERTEX_POINT ( 'NONE', #5681 ) ;
#2322 = CARTESIAN_POINT ( 'NONE',  ( 58.49439220029240971, 2.999999999999999112, -1.499999999999999556 ) ) ;
#2323 = ORIENTED_EDGE ( 'NONE', *, *, #8315, .T. ) ;
#2324 = LINE ( 'NONE', #715, #2113 ) ;
#2325 = ORIENTED_EDGE ( 'NONE', *, *, #9472, .F. ) ;
#2326 = EDGE_CURVE ( 'NONE', #9568, #3711, #6376, .T. ) ;
#2327 = DIRECTION ( 'NONE',  ( 0.9238795325112882928, 0.000000000000000000, 0.3826834323650858960 ) ) ;
#2328 = LINE ( 'NONE', #3971, #8701 ) ;
#2329 = CARTESIAN_POINT ( 'NONE',  ( 34.49974999999992775, 2.000000000000000000, -14.72273073147576028 ) ) ;
#2330 = CARTESIAN_POINT ( 'NONE',  ( 15.34433197061163945, 2.999999999999999112, -18.50000000000000000 ) ) ;
#2331 = CARTESIAN_POINT ( 'NONE',  ( 73.69974999999995191, 1.999999999999999556, -17.51835138363012234 ) ) ;
#2332 = ORIENTED_EDGE ( 'NONE', *, *, #5945, .T. ) ;
#2333 = ADVANCED_FACE ( 'NONE', ( #8250 ), #2479, .F. ) ;
#2334 = ADVANCED_FACE ( 'NONE', ( #8882 ), #5732, .T. ) ;
#2335 = LINE ( 'NONE', #72, #7035 ) ;
#2336 = DIRECTION ( 'NONE',  ( 1.000000000000000000, -0.000000000000000000, 2.105213941857293549E-15 ) ) ;
#2337 = ORIENTED_EDGE ( 'NONE', *, *, #2986, .T. ) ;
#2338 = CARTESIAN_POINT ( 'NONE',  ( 54.38457362364324155, 18.11602497579401927, -18.50000000000000355 ) ) ;
#2339 = APPLICATION_PROTOCOL_DEFINITION ( 'draft international standard', 'automotive_design', 1998, #10463 ) ;
#2340 = B_SPLINE_CURVE_WITH_KNOTS ( 'NONE', 3,
 ( #5536, #2376, #5484, #8741, #10549, #7897 ),
 .UNSPECIFIED., .F., .F.,
 ( 4, 2, 4 ),
 ( 0.000000000000000000, 0.0005556708855957184735, 0.001111341771191436947 ),
 .UNSPECIFIED. ) ;
#2341 =( BOUNDED_CURVE ( )  B_SPLINE_CURVE ( 3, ( #4542, #4592, #6274, #1343 ),
 .UNSPECIFIED., .F., .F. ) 
 B_SPLINE_CURVE_WITH_KNOTS ( ( 4, 4 ),
 ( 3.141592653589793116, 4.712388980384691450 ),
 .UNSPECIFIED. ) 
 CURVE ( )  GEOMETRIC_REPRESENTATION_ITEM ( )  RATIONAL_B_SPLINE_CURVE ( ( 1.000000000000000000, 0.8047378541243646044, 0.8047378541243646044, 1.000000000000000000 ) ) 
 REPRESENTATION_ITEM ( '' )  );
#2342 = CARTESIAN_POINT ( 'NONE',  ( 107.0000000000000142, 2.999999999999999112, -2.693568355077375909 ) ) ;
#2343 = DIRECTION ( 'NONE',  ( 0.000000000000000000, 0.000000000000000000, 1.000000000000000000 ) ) ;
#2344 = VECTOR ( 'NONE', #5972, 1000.000000000000000 ) ;
#2345 = VERTEX_POINT ( 'NONE', #10493 ) ;
#2346 = DIRECTION ( 'NONE',  ( -0.3826834323650853964, 0.000000000000000000, 0.9238795325112885148 ) ) ;
#2347 = DIRECTION ( 'NONE',  ( -0.000000000000000000, -1.000000000000000000, -0.000000000000000000 ) ) ;
#2348 = CARTESIAN_POINT ( 'NONE',  ( 56.51246076258713202, 2.999999999999999112, 3.111763134659267127 ) ) ;
#2349 = ORIENTED_EDGE ( 'NONE', *, *, #8633, .F. ) ;
#2350 = DIRECTION ( 'NONE',  ( -0.9238795325112846291, 0.000000000000000000, 0.3826834323650947778 ) ) ;
#2351 = ORIENTED_EDGE ( 'NONE', *, *, #4324, .T. ) ;
#2352 = ORIENTED_EDGE ( 'NONE', *, *, #6742, .T. ) ;
#2353 = ORIENTED_EDGE ( 'NONE', *, *, #3892, .T. ) ;
#2354 = EDGE_CURVE ( 'NONE', #2772, #5839, #1173, .T. ) ;
#2355 = EDGE_CURVE ( 'NONE', #879, #5726, #9685, .T. ) ;
#2356 = CARTESIAN_POINT ( 'NONE',  ( 68.79975000000001728, 18.50000000000000355, -2.396757161635528988 ) ) ;
#2357 = ADVANCED_FACE ( 'NONE', ( #3214 ), #6547, .T. ) ;
#2358 = CARTESIAN_POINT ( 'NONE',  ( 54.09974999999993628, 1.999999999999998446, -13.19199700201540004 ) ) ;
#2359 = CARTESIAN_POINT ( 'NONE',  ( 0.000000000000000000, 2.000000000000000000, 0.000000000000000000 ) ) ;
#2360 = DIRECTION ( 'NONE',  ( -0.9238795325112885148, 0.000000000000000000, -0.3826834323650856184 ) ) ;
#2361 = LINE ( 'NONE', #3156, #6503 ) ;
#2362 = VECTOR ( 'NONE', #2319, 1000.000000000000000 ) ;
#2363 = CARTESIAN_POINT ( 'NONE',  ( 87.89439220029241540, 18.50000000000000355, -1.499999999999999556 ) ) ;
#2364 = VERTEX_POINT ( 'NONE', #6809 ) ;
#2365 = FACE_OUTER_BOUND ( 'NONE', #8161, .T. ) ;
#2366 = DIRECTION ( 'NONE',  ( 1.000000000000000000, 0.000000000000000000, 0.000000000000000000 ) ) ;
#2367 = EDGE_CURVE ( 'NONE', #5094, #7480, #4522, .T. ) ;
#2368 = CARTESIAN_POINT ( 'NONE',  ( 29.59975000000001444, 18.34604576567463852, -1.499999999999999556 ) ) ;
#2369 = VERTEX_POINT ( 'NONE', #9258 ) ;
#2370 = VERTEX_POINT ( 'NONE', #4330 ) ;
#2371 = DIRECTION ( 'NONE',  ( -0.000000000000000000, -1.000000000000000000, -0.000000000000000000 ) ) ;
#2372 = ORIENTED_EDGE ( 'NONE', *, *, #4645, .F. ) ;
#2373 = CARTESIAN_POINT ( 'NONE',  ( 24.69974999999992349, 18.50000000000000355, -14.72273073147575850 ) ) ;
#2374 = EDGE_LOOP ( 'NONE', ( #9637, #10473, #7151, #8995 ) ) ;
#2375 = LINE ( 'NONE', #5634, #4587 ) ;
#2376 = CARTESIAN_POINT ( 'NONE',  ( 11.00000000000000355, 2.949941852945455523, -4.628263003027051958 ) ) ;
#2377 = AXIS2_PLACEMENT_3D ( 'NONE', #4357, #256, #4408 ) ;
#2378 = VECTOR ( 'NONE', #1622, 1000.000000000000000 ) ;
#2379 = CARTESIAN_POINT ( 'NONE',  ( 54.09974999999994338, 18.50000000000000355, -16.96018989328458559 ) ) ;
#2380 = DIRECTION ( 'NONE',  ( 0.000000000000000000, 0.000000000000000000, -1.000000000000000000 ) ) ;
#2381 = CARTESIAN_POINT ( 'NONE',  ( 64.34433197061164833, 17.50000000000000000, -18.50000000000000000 ) ) ;
#2382 = ORIENTED_EDGE ( 'NONE', *, *, #2543, .F. ) ;
#2383 = CARTESIAN_POINT ( 'NONE',  ( 26.22672417090403485, 20.00000000000000355, -18.50000000000000355 ) ) ;
#2384 = CARTESIAN_POINT ( 'NONE',  ( 91.57500000000001705, 18.50000000000000355, -1.500000000000000000 ) ) ;
#2385 = ORIENTED_EDGE ( 'NONE', *, *, #2448, .F. ) ;
#2386 = CARTESIAN_POINT ( 'NONE',  ( 39.20000000000000284, 18.50000000000000355, -18.50000000000000000 ) ) ;
#2387 = VERTEX_POINT ( 'NONE', #1024 ) ;
#2388 = LINE ( 'NONE', #6458, #1423 ) ;
#2389 = ADVANCED_FACE ( 'NONE', ( #970 ), #5023, .T. ) ;
#2390 = CYLINDRICAL_SURFACE ( 'NONE', #9958, 1.000000000000003331 ) ;
#2391 = VECTOR ( 'NONE', #4981, 1000.000000000000000 ) ;
#2392 = ADVANCED_FACE ( 'NONE', ( #7606 ), #2795, .F. ) ;
#2393 = EDGE_CURVE ( 'NONE', #9356, #2904, #1882, .T. ) ;
#2394 = VECTOR ( 'NONE', #6730, 1000.000000000000114 ) ;
#2395 = VECTOR ( 'NONE', #2371, 1000.000000000000000 ) ;
#2396 = CARTESIAN_POINT ( 'NONE',  ( 106.4120000000000203, 20.00000000000000355, -1.499999999999999556 ) ) ;
#2397 = CARTESIAN_POINT ( 'NONE',  ( 87.89439220029240118, 2.648745683208489687, -1.500000000000000222 ) ) ;
#2398 = ORIENTED_EDGE ( 'NONE', *, *, #4047, .F. ) ;
#2399 = CARTESIAN_POINT ( 'NONE',  ( 31.18750000000000711, 2.000000000000000000, -1.500000000000000888 ) ) ;
#2400 = DIRECTION ( 'NONE',  ( -0.000000000000000000, -1.000000000000000000, -0.000000000000000000 ) ) ;
#2401 = DIRECTION ( 'NONE',  ( -1.000000000000000000, 0.000000000000000000, 0.000000000000000000 ) ) ;
#2402 = ORIENTED_EDGE ( 'NONE', *, *, #8425, .F. ) ;
#2403 = VECTOR ( 'NONE', #1498, 1000.000000000000000 ) ;
#2404 = CARTESIAN_POINT ( 'NONE',  ( 106.0000000000000142, 2.000000000000000000, -9.958367009011999116 ) ) ;
#2405 = EDGE_CURVE ( 'NONE', #2644, #4677, #337, .T. ) ;
#2406 = ORIENTED_EDGE ( 'NONE', *, *, #3193, .F. ) ;
#2407 = VERTEX_POINT ( 'NONE', #7496 ) ;
#2408 = VERTEX_POINT ( 'NONE', #3533 ) ;
#2409 = VECTOR ( 'NONE', #1652, 1000.000000000000000 ) ;
#2410 = CYLINDRICAL_SURFACE ( 'NONE', #2216, 1.000000000000003331 ) ;
#2411 = AXIS2_PLACEMENT_3D ( 'NONE', #932, #4179, #10508 ) ;
#2412 = CARTESIAN_POINT ( 'NONE',  ( 46.02500000000001279, 18.50000000000000355, 0.000000000000000000 ) ) ;
#2413 = CARTESIAN_POINT ( 'NONE',  ( 98.19975000000000875, 18.50000000000000355, -2.893084275847624731 ) ) ;
#2414 = FACE_OUTER_BOUND ( 'NONE', #4480, .T. ) ;
#2415 = CARTESIAN_POINT ( 'NONE',  ( 106.0000000000000142, 2.000000000000000000, -10.15727937639168488 ) ) ;
#2416 = EDGE_CURVE ( 'NONE', #10162, #10153, #8459, .T. ) ;
#2417 = EDGE_CURVE ( 'NONE', #7480, #4128, #6329, .T. ) ;
#2418 = CARTESIAN_POINT ( 'NONE',  ( 45.82672417090404338, 18.50000000000000355, -18.50000000000000355 ) ) ;
#2419 = ORIENTED_EDGE ( 'NONE', *, *, #7233, .F. ) ;
#2420 = EDGE_CURVE ( 'NONE', #9271, #6875, #7657, .T. ) ;
#2421 = LINE ( 'NONE', #7139, #5141 ) ;
#2422 = CARTESIAN_POINT ( 'NONE',  ( 36.02672417090403911, 18.50000000000000355, -18.50000000000000355 ) ) ;
#2423 = DIRECTION ( 'NONE',  ( 0.3826834323650853964, -0.000000000000000000, -0.9238795325112885148 ) ) ;
#2424 = CARTESIAN_POINT ( 'NONE',  ( 42.57500000000000284, 20.00000000000000355, 0.000000000000000000 ) ) ;
#2425 = LINE ( 'NONE', #864, #2362 ) ;
#2426 = VERTEX_POINT ( 'NONE', #10057 ) ;
#2427 = EDGE_CURVE ( 'NONE', #2509, #10536, #280, .T. ) ;
#2428 = ORIENTED_EDGE ( 'NONE', *, *, #1284, .F. ) ;
#2429 = ORIENTED_EDGE ( 'NONE', *, *, #4324, .F. ) ;
#2430 = DIRECTION ( 'NONE',  ( 0.02556636395044233762, 0.000000000000000000, -0.9996731270942283976 ) ) ;
#2431 = VERTEX_POINT ( 'NONE', #2733 ) ;
#2432 = EDGE_CURVE ( 'NONE', #4900, #9863, #1180, .T. ) ;
#2433 = EDGE_CURVE ( 'NONE', #7933, #9774, #3427, .T. ) ;
#2434 = CARTESIAN_POINT ( 'NONE',  ( 53.65516802938824270, 2.999999999999999112, -18.50000000000000355 ) ) ;
#2435 = CARTESIAN_POINT ( 'NONE',  ( 108.0000000000000000, 0.000000000000000000, 0.000000000000000000 ) ) ;
#2436 = FACE_OUTER_BOUND ( 'NONE', #8513, .T. ) ;
#2437 = DIRECTION ( 'NONE',  ( 0.3826834323650853964, 0.000000000000000000, -0.9238795325112886259 ) ) ;
#2438 = CARTESIAN_POINT ( 'NONE',  ( 80.32474999999993770, 20.00000000000000355, -20.00000000000000000 ) ) ;
#2439 = ORIENTED_EDGE ( 'NONE', *, *, #8176, .T. ) ;
#2440 = CARTESIAN_POINT ( 'NONE',  ( 24.69974999999995902, 2.000000000000000000, -9.496478871970266411 ) ) ;
#2441 = CARTESIAN_POINT ( 'NONE',  ( 44.29974999999993202, 2.000000000000000000, -14.72273073147576028 ) ) ;
#2442 = ORIENTED_EDGE ( 'NONE', *, *, #4926, .F. ) ;
#2443 = CARTESIAN_POINT ( 'NONE',  ( 75.22672417090403485, 20.00000000000000355, -18.50000000000000355 ) ) ;
#2444 = VERTEX_POINT ( 'NONE', #5889 ) ;
#2445 = ORIENTED_EDGE ( 'NONE', *, *, #951, .F. ) ;
#2446 = CARTESIAN_POINT ( 'NONE',  ( 73.69974999999995191, 2.192056395364472721, -18.50000000000000000 ) ) ;
#2447 = DIRECTION ( 'NONE',  ( 0.3826834323650956660, -0.000000000000000000, 0.9238795325112844070 ) ) ;
#2448 = EDGE_CURVE ( 'NONE', #10091, #794, #5939, .T. ) ;
#2449 = AXIS2_PLACEMENT_3D ( 'NONE', #6631, #91, #1698 ) ;
#2450 = CARTESIAN_POINT ( 'NONE',  ( 59.76182383839120149, 18.50000000000000355, -8.516986300988198977 ) ) ;
#2451 = CARTESIAN_POINT ( 'NONE',  ( 88.07808768696160939, 2.341211518780913714, -1.500000000000000222 ) ) ;
#2452 = ORIENTED_EDGE ( 'NONE', *, *, #381, .T. ) ;
#2453 = DIRECTION ( 'NONE',  ( -0.000000000000000000, -1.000000000000000000, -0.000000000000000000 ) ) ;
#2454 = CARTESIAN_POINT ( 'NONE',  ( 19.60000000000000142, 18.50000000000000355, -1.500000000000000000 ) ) ;
#2455 = DIRECTION ( 'NONE',  ( -0.3826834323650956105, 0.000000000000000000, -0.9238795325112842960 ) ) ;
#2456 = VERTEX_POINT ( 'NONE', #3376 ) ;
#2457 = CARTESIAN_POINT ( 'NONE',  ( 88.90510779970762201, 2.648745683208477697, -1.500000000000000444 ) ) ;
#2458 = ORIENTED_EDGE ( 'NONE', *, *, #5391, .F. ) ;
#2459 = EDGE_CURVE ( 'NONE', #9281, #1241, #1080, .T. ) ;
#2460 = EDGE_CURVE ( 'NONE', #4841, #8477, #9892, .T. ) ;
#2461 = AXIS2_PLACEMENT_3D ( 'NONE', #8423, #2060, #2117 ) ;
#2462 = ORIENTED_EDGE ( 'NONE', *, *, #8358, .F. ) ;
#2463 = ORIENTED_EDGE ( 'NONE', *, *, #5523, .F. ) ;
#2464 = VECTOR ( 'NONE', #9162, 1000.000000000000000 ) ;
#2465 = EDGE_CURVE ( 'NONE', #1669, #9020, #7551, .T. ) ;
#2466 = DIRECTION ( 'NONE',  ( 0.000000000000000000, 0.000000000000000000, 1.000000000000000000 ) ) ;
#2467 = DIRECTION ( 'NONE',  ( -0.000000000000000000, -1.000000000000000000, -0.000000000000000000 ) ) ;
#2468 = DIRECTION ( 'NONE',  ( -1.000000000000000000, 0.000000000000000000, 1.239088197126290817E-16 ) ) ;
#2469 = LINE ( 'NONE', #1656, #2064 ) ;
#2470 = LINE ( 'NONE', #6538, #1030 ) ;
#2471 = EDGE_CURVE ( 'NONE', #3543, #6584, #2279, .T. ) ;
#2472 = EDGE_CURVE ( 'NONE', #999, #3466, #2341, .T. ) ;
#2473 = DIRECTION ( 'NONE',  ( -0.3826834323650956105, 0.000000000000000000, -0.9238795325112842960 ) ) ;
#2474 = ORIENTED_EDGE ( 'NONE', *, *, #1181, .F. ) ;
#2475 = PLANE ( 'NONE',  #9063 ) ;
#2476 = CARTESIAN_POINT ( 'NONE',  ( 37.15114944726936130, 18.50000000000000355, -15.78539724792377896 ) ) ;
#2477 = CARTESIAN_POINT ( 'NONE',  ( 105.1991239678858392, 18.50000000000000355, -7.041267695959975370 ) ) ;
#2478 = DIRECTION ( 'NONE',  ( 0.3826834323650853964, 0.000000000000000000, -0.9238795325112885148 ) ) ;
#2479 = CYLINDRICAL_SURFACE ( 'NONE', #9692, 1.000000000000003331 ) ;
#2480 = ORIENTED_EDGE ( 'NONE', *, *, #10200, .T. ) ;
#2481 = ORIENTED_EDGE ( 'NONE', *, *, #1638, .F. ) ;
#2482 = ORIENTED_EDGE ( 'NONE', *, *, #2107, .T. ) ;
#2483 = DIRECTION ( 'NONE',  ( -0.3826834323650956105, 0.000000000000000000, -0.9238795325112842960 ) ) ;
#2484 = ORIENTED_EDGE ( 'NONE', *, *, #8683, .T. ) ;
#2485 =( BOUNDED_CURVE ( )  B_SPLINE_CURVE ( 3, ( #6524, #3990, #10518, #3192 ),
 .UNSPECIFIED., .F., .F. ) 
 B_SPLINE_CURVE_WITH_KNOTS ( ( 4, 4 ),
 ( 4.150116409062347245, 4.712388980384692339 ),
 .UNSPECIFIED. ) 
 CURVE ( )  GEOMETRIC_REPRESENTATION_ITEM ( )  RATIONAL_B_SPLINE_CURVE ( ( 1.000000000000000000, 0.9738271993243682312, 0.9738271993243682312, 1.000000000000000000 ) ) 
 REPRESENTATION_ITEM ( '' )  );
#2486 = EDGE_CURVE ( 'NONE', #828, #155, #8063, .T. ) ;
#2487 = CARTESIAN_POINT ( 'NONE',  ( 14.89974999999995475, 20.00000000000000355, -9.496478871970266411 ) ) ;
#2488 = DIRECTION ( 'NONE',  ( -0.000000000000000000, -1.000000000000000000, -0.000000000000000000 ) ) ;
#2489 = DIRECTION ( 'NONE',  ( -1.000000000000000000, -0.000000000000000000, -2.732708689314432271E-16 ) ) ;
#2490 = CARTESIAN_POINT ( 'NONE',  ( 78.92141231303840243, 18.15878848121909428, -1.500000000000001110 ) ) ;
#2491 = EDGE_LOOP ( 'NONE', ( #6512, #6732, #8054, #5627 ) ) ;
#2492 = DIRECTION ( 'NONE',  ( -0.000000000000000000, -0.000000000000000000, -1.000000000000000000 ) ) ;
#2493 = ORIENTED_EDGE ( 'NONE', *, *, #494, .T. ) ;
#2494 = PLANE ( 'NONE',  #9680 ) ;
#2495 = ORIENTED_EDGE ( 'NONE', *, *, #1046, .T. ) ;
#2496 = VERTEX_POINT ( 'NONE', #2952 ) ;
#2497 = CARTESIAN_POINT ( 'NONE',  ( 28.01200000000000756, 20.00000000000000355, -1.499999999999999556 ) ) ;
#2498 = ORIENTED_EDGE ( 'NONE', *, *, #3456, .T. ) ;
#2499 = EDGE_CURVE ( 'NONE', #9617, #497, #553, .T. ) ;
#2500 = CARTESIAN_POINT ( 'NONE',  ( 25.62362953251123443, 18.48393634977020028, -17.34287332564967699 ) ) ;
#2501 = VERTEX_POINT ( 'NONE', #9416 ) ;
#2502 = CARTESIAN_POINT ( 'NONE',  ( 78.40000000000000568, 2.000000000000000000, -18.50000000000000000 ) ) ;
#2503 = ADVANCED_FACE ( 'NONE', ( #3800 ), #5405, .F. ) ;
#2504 = CYLINDRICAL_SURFACE ( 'NONE', #2933, 1.000000000000000888 ) ;
#2505 = CARTESIAN_POINT ( 'NONE',  ( 95.02500000000000568, 18.50000000000000355, 0.000000000000000000 ) ) ;
#2506 = EDGE_LOOP ( 'NONE', ( #3288, #5480, #3661, #9474 ) ) ;
#2507 = LINE ( 'NONE', #5169, #5516 ) ;
#2508 = ORIENTED_EDGE ( 'NONE', *, *, #4902, .T. ) ;
#2509 = VERTEX_POINT ( 'NONE', #7080 ) ;
#2510 = ORIENTED_EDGE ( 'NONE', *, *, #6791, .T. ) ;
#2511 = FACE_OUTER_BOUND ( 'NONE', #5183, .T. ) ;
#2512 = PLANE ( 'NONE',  #4599 ) ;
#2513 = CARTESIAN_POINT ( 'NONE',  ( 101.3750000000000142, 20.00000000000000355, -1.500000000000000000 ) ) ;
#2514 = DIRECTION ( 'NONE',  ( 1.000000000000000000, -0.000000000000000000, 2.105213941857288816E-15 ) ) ;
#2515 = CARTESIAN_POINT ( 'NONE',  ( 91.57500000000001705, 2.000000000000000000, 0.000000000000000000 ) ) ;
#2516 = LINE ( 'NONE', #1659, #8440 ) ;
#2517 = EDGE_CURVE ( 'NONE', #1048, #7454, #10329, .T. ) ;
#2518 = ORIENTED_EDGE ( 'NONE', *, *, #8268, .F. ) ;
#2519 = ADVANCED_FACE ( 'NONE', ( #6218 ), #7818, .F. ) ;
#2520 = DIRECTION ( 'NONE',  ( 0.000000000000000000, -1.000000000000000000, 0.000000000000000000 ) ) ;
#2521 = ADVANCED_FACE ( 'NONE', ( #7027 ), #7768, .F. ) ;
#2522 = LINE ( 'NONE', #806, #8547 ) ;
#2523 = CARTESIAN_POINT ( 'NONE',  ( 31.32474999999994125, 18.50000000000000355, -20.00000000000000000 ) ) ;
#2524 = FACE_OUTER_BOUND ( 'NONE', #5168, .T. ) ;
#2525 = DIRECTION ( 'NONE',  ( -0.3826834323650958325, 0.000000000000000000, -0.9238795325112842960 ) ) ;
#2526 = ORIENTED_EDGE ( 'NONE', *, *, #8232, .F. ) ;
#2527 = EDGE_LOOP ( 'NONE', ( #7918, #8784, #5578, #2219, #4730 ) ) ;
#2528 = CARTESIAN_POINT ( 'NONE',  ( 98.19993749768391922, 18.50000000000000355, -10.35694617991806865 ) ) ;
#2529 = VERTEX_POINT ( 'NONE', #5603 ) ;
#2530 = CARTESIAN_POINT ( 'NONE',  ( 38.76021982760969564, 18.50000000000000355, 3.877129999389440584 ) ) ;
#2531 = CARTESIAN_POINT ( 'NONE',  ( 98.19975000000002296, 2.052697314414772212, -1.919915453368662428 ) ) ;
#2532 = CARTESIAN_POINT ( 'NONE',  ( 48.69439220029240545, 17.50000000000000000, -1.499999999999996003 ) ) ;
#2533 = EDGE_LOOP ( 'NONE', ( #1692, #5544, #4861, #8800 ) ) ;
#2534 = PLANE ( 'NONE',  #7171 ) ;
#2535 = FACE_OUTER_BOUND ( 'NONE', #1041, .T. ) ;
#2536 = VERTEX_POINT ( 'NONE', #6160 ) ;
#2537 = DIRECTION ( 'NONE',  ( -1.000000000000000000, 0.000000000000000000, -0.000000000000000000 ) ) ;
#2538 = ORIENTED_EDGE ( 'NONE', *, *, #5919, .T. ) ;
#2539 = ORIENTED_EDGE ( 'NONE', *, *, #7145, .F. ) ;
#2540 = PLANE ( 'NONE',  #2967 ) ;
#2541 = ORIENTED_EDGE ( 'NONE', *, *, #7980, .F. ) ;
#2542 = EDGE_CURVE ( 'NONE', #8142, #7480, #6815, .T. ) ;
#2543 = EDGE_CURVE ( 'NONE', #6642, #2915, #6968, .T. ) ;
#2544 =( BOUNDED_CURVE ( )  B_SPLINE_CURVE ( 3, ( #6905, #3685, #5340, #4525 ),
 .UNSPECIFIED., .F., .F. ) 
 B_SPLINE_CURVE_WITH_KNOTS ( ( 4, 4 ),
 ( 1.570796326794901887, 2.200938728951632672 ),
 .UNSPECIFIED. ) 
 CURVE ( )  GEOMETRIC_REPRESENTATION_ITEM ( )  RATIONAL_B_SPLINE_CURVE ( ( 1.000000000000000000, 0.9671828781580995571, 0.9671828781580995571, 1.000000000000000000 ) ) 
 REPRESENTATION_ITEM ( '' )  );
#2545 = ADVANCED_FACE ( 'NONE', ( #6466 ), #8915, .F. ) ;
#2546 = AXIS2_PLACEMENT_3D ( 'NONE', #6784, #5164, #7474 ) ;
#2547 = CARTESIAN_POINT ( 'NONE',  ( 24.69974999999994125, 2.414213562373092703, -12.10960480172301068 ) ) ;
#2548 = DIRECTION ( 'NONE',  ( -0.3826834323650958325, -0.000000000000000000, -0.9238795325112842960 ) ) ;
#2549 = DIRECTION ( 'NONE',  ( -0.000000000000000000, -0.000000000000000000, -1.000000000000000000 ) ) ;
#2550 = ORIENTED_EDGE ( 'NONE', *, *, #4699, .F. ) ;
#2551 = LINE ( 'NONE', #1589, #7003 ) ;
#2552 = CARTESIAN_POINT ( 'NONE',  ( 26.22672417090403485, 18.50000000000000355, -18.50000000000000355 ) ) ;
#2553 = CARTESIAN_POINT ( 'NONE',  ( 103.0997499999999718, 18.50000000000000355, -16.96018989328457138 ) ) ;
#2554 = ORIENTED_EDGE ( 'NONE', *, *, #3331, .F. ) ;
#2555 = VECTOR ( 'NONE', #4452, 1000.000000000000000 ) ;
#2556 = LINE ( 'NONE', #9071, #7922 ) ;
#2557 = EDGE_LOOP ( 'NONE', ( #9861, #1671, #1161, #2194, #2170 ) ) ;
#2558 = VECTOR ( 'NONE', #2149, 999.9999999999998863 ) ;
#2559 = ORIENTED_EDGE ( 'NONE', *, *, #10002, .T. ) ;
#2560 = ORIENTED_EDGE ( 'NONE', *, *, #6980, .F. ) ;
#2561 = ADVANCED_FACE ( 'NONE', ( #2900 ), #3648, .F. ) ;
#2562 = VECTOR ( 'NONE', #4289, 1000.000000000000000 ) ;
#2563 = DIRECTION ( 'NONE',  ( -0.3826834323650958325, -0.000000000000000000, -0.9238795325112842960 ) ) ;
#2564 = LINE ( 'NONE', #5010, #218 ) ;
#2565 = CARTESIAN_POINT ( 'NONE',  ( 60.72474999999994338, 2.000000000000000000, -20.00000000000000000 ) ) ;
#2566 = CARTESIAN_POINT ( 'NONE',  ( 37.67474999999993912, 20.00000000000000355, -20.00000000000000000 ) ) ;
#2567 = VECTOR ( 'NONE', #7353, 1000.000000000000114 ) ;
#2568 = AXIS2_PLACEMENT_3D ( 'NONE', #6053, #4326, #4212 ) ;
#2569 = CARTESIAN_POINT ( 'NONE',  ( 18.07474999999993770, 18.50000000000000355, 0.000000000000000000 ) ) ;
#2570 = EDGE_LOOP ( 'NONE', ( #3080, #3063, #8807, #5489, #8627 ) ) ;
#2571 = VECTOR ( 'NONE', #2617, 1000.000000000000000 ) ;
#2572 = VECTOR ( 'NONE', #5567, 1000.000000000000000 ) ;
#2573 = CARTESIAN_POINT ( 'NONE',  ( 63.89974999999997607, 18.08578643762691129, -12.10960480172300713 ) ) ;
#2574 = FACE_OUTER_BOUND ( 'NONE', #7786, .T. ) ;
#2575 = CARTESIAN_POINT ( 'NONE',  ( 54.54433197061165117, 17.50000000000000000, -18.50000000000000355 ) ) ;
#2576 = DIRECTION ( 'NONE',  ( 0.000000000000000000, -0.000000000000000000, -1.000000000000000000 ) ) ;
#2577 = DIRECTION ( 'NONE',  ( -0.000000000000000000, -1.000000000000000000, -0.000000000000000000 ) ) ;
#2578 = ORIENTED_EDGE ( 'NONE', *, *, #2928, .T. ) ;
#2579 = AXIS2_PLACEMENT_3D ( 'NONE', #5954, #5034, #8418 ) ;
#2580 = ORIENTED_EDGE ( 'NONE', *, *, #6549, .F. ) ;
#2581 = EDGE_CURVE ( 'NONE', #10238, #5126, #7716, .T. ) ;
#2582 = EDGE_CURVE ( 'NONE', #4612, #6896, #7319, .T. ) ;
#2583 = ORIENTED_EDGE ( 'NONE', *, *, #6266, .T. ) ;
#2584 = DIRECTION ( 'NONE',  ( 0.3826834323650853964, 0.000000000000000000, -0.9238795325112885148 ) ) ;
#2585 = DIRECTION ( 'NONE',  ( -0.000000000000000000, -1.000000000000000000, -0.000000000000000000 ) ) ;
#2586 = EDGE_CURVE ( 'NONE', #8500, #9287, #2101, .T. ) ;
#2587 = VECTOR ( 'NONE', #85, 1000.000000000000000 ) ;
#2588 = CARTESIAN_POINT ( 'NONE',  ( 78.59975000000002865, 18.34604576567463496, -1.500000000000001332 ) ) ;
#2589 = ORIENTED_EDGE ( 'NONE', *, *, #1141, .F. ) ;
#2590 = CARTESIAN_POINT ( 'NONE',  ( 88.39975000000004002, 18.50000000000000355, -5.130543437656451822 ) ) ;
#2591 = CYLINDRICAL_SURFACE ( 'NONE', #1891, 0.9999999999999991118 ) ;
#2592 = ORIENTED_EDGE ( 'NONE', *, *, #2953, .F. ) ;
#2593 = CARTESIAN_POINT ( 'NONE',  ( 57.27474999999994054, 2.000000000000000000, 0.000000000000000000 ) ) ;
#2594 = ORIENTED_EDGE ( 'NONE', *, *, #6000, .T. ) ;
#2595 = VERTEX_POINT ( 'NONE', #894 ) ;
#2596 = CARTESIAN_POINT ( 'NONE',  ( 73.69974999999992349, 2.000000000000000000, -14.72273073147576739 ) ) ;
#2597 = ORIENTED_EDGE ( 'NONE', *, *, #1559, .F. ) ;
#2598 = VECTOR ( 'NONE', #4164, 999.9999999999998863 ) ;
#2599 = CARTESIAN_POINT ( 'NONE',  ( 96.47474999999994338, 20.00000000000000355, -20.00000000000000000 ) ) ;
#2600 = LINE ( 'NONE', #416, #5704 ) ;
#2601 = DIRECTION ( 'NONE',  ( 0.9238795325112842960, 0.000000000000000000, -0.3826834323650958325 ) ) ;
#2602 = VERTEX_POINT ( 'NONE', #791 ) ;
#2603 = CYLINDRICAL_SURFACE ( 'NONE', #2546, 1.000000000000003109 ) ;
#2604 = CARTESIAN_POINT ( 'NONE',  ( 65.42672417090405190, 18.50000000000000355, -18.50000000000000355 ) ) ;
#2605 = DIRECTION ( 'NONE',  ( 0.000000000000000000, -1.000000000000000000, 0.000000000000000000 ) ) ;
#2606 = VERTEX_POINT ( 'NONE', #9771 ) ;
#2607 = CARTESIAN_POINT ( 'NONE',  ( 101.3750000000000142, 18.50000000000000355, 0.000000000000000000 ) ) ;
#2608 = EDGE_LOOP ( 'NONE', ( #6888, #1541, #3710, #10234, #404 ) ) ;
#2609 = VECTOR ( 'NONE', #8648, 1000.000000000000000 ) ;
#2610 = ORIENTED_EDGE ( 'NONE', *, *, #2326, .F. ) ;
#2611 = VERTEX_POINT ( 'NONE', #998 ) ;
#2612 = VECTOR ( 'NONE', #7428, 1000.000000000000114 ) ;
#2613 = CARTESIAN_POINT ( 'NONE',  ( 49.00000000000000711, 2.000000000000000000, -18.50000000000000000 ) ) ;
#2614 = EDGE_CURVE ( 'NONE', #7923, #3377, #142, .T. ) ;
#2615 =( BOUNDED_CURVE ( )  B_SPLINE_CURVE ( 3, ( #7443, #6599, #109, #8031 ),
 .UNSPECIFIED., .F., .F. ) 
 B_SPLINE_CURVE_WITH_KNOTS ( ( 4, 4 ),
 ( 1.570796326794897668, 3.141592653589793116 ),
 .UNSPECIFIED. ) 
 CURVE ( )  GEOMETRIC_REPRESENTATION_ITEM ( )  RATIONAL_B_SPLINE_CURVE ( ( 1.000000000000000000, 0.8047378541243652705, 0.8047378541243652705, 1.000000000000000000 ) ) 
 REPRESENTATION_ITEM ( '' )  );
#2616 = CARTESIAN_POINT ( 'NONE',  ( 69.30510779970761348, 17.50000000000000000, -1.500000000000000000 ) ) ;
#2617 = DIRECTION ( 'NONE',  ( 0.3826834323650857850, 0.000000000000000000, -0.9238795325112884038 ) ) ;
#2618 = AXIS2_PLACEMENT_3D ( 'NONE', #6018, #9272, #1146 ) ;
#2619 = LINE ( 'NONE', #2415, #8373 ) ;
#2620 = ORIENTED_EDGE ( 'NONE', *, *, #3371, .T. ) ;
#2621 = EDGE_CURVE ( 'NONE', #2444, #9812, #9982, .T. ) ;
#2622 = VECTOR ( 'NONE', #6032, 1000.000000000000000 ) ;
#2623 = CARTESIAN_POINT ( 'NONE',  ( 106.0761204674887352, 18.50000000000000355, -9.774595944026582828 ) ) ;
#2624 = DIRECTION ( 'NONE',  ( -0.000000000000000000, -1.000000000000000000, -0.000000000000000000 ) ) ;
#2625 = DIRECTION ( 'NONE',  ( -0.3826834323650853964, -0.000000000000000000, 0.9238795325112885148 ) ) ;
#2626 = PLANE ( 'NONE',  #5471 ) ;
#2627 = PLANE ( 'NONE',  #7627 ) ;
#2628 = CARTESIAN_POINT ( 'NONE',  ( 96.61200000000002319, 20.00000000000000355, -1.499999999999999556 ) ) ;
#2629 = ORIENTED_EDGE ( 'NONE', *, *, #5656, .F. ) ;
#2630 = EDGE_CURVE ( 'NONE', #8282, #3512, #7747, .T. ) ;
#2631 = VERTEX_POINT ( 'NONE', #3459 ) ;
#2632 = DIRECTION ( 'NONE',  ( 0.000000000000000000, -1.000000000000000000, 0.000000000000000000 ) ) ;
#2633 = VERTEX_POINT ( 'NONE', #9872 ) ;
#2634 = AXIS2_PLACEMENT_3D ( 'NONE', #7406, #9854, #8049 ) ;
#2635 = DIRECTION ( 'NONE',  ( 1.000000000000000000, -0.000000000000000000, 0.000000000000000000 ) ) ;
#2636 = PLANE ( 'NONE',  #5096 ) ;
#2637 = CARTESIAN_POINT ( 'NONE',  ( 68.90300414025287523, 17.50000000000000000, -28.54055880314278681 ) ) ;
#2638 = ORIENTED_EDGE ( 'NONE', *, *, #3657, .F. ) ;
#2639 = DIRECTION ( 'NONE',  ( 0.3826834323650853964, -0.000000000000000000, -0.9238795325112885148 ) ) ;
#2640 = DIRECTION ( 'NONE',  ( 0.9238795325112841850, 0.000000000000000000, -0.3826834323650959990 ) ) ;
#2641 = ORIENTED_EDGE ( 'NONE', *, *, #7773, .T. ) ;
#2642 = FACE_OUTER_BOUND ( 'NONE', #7972, .T. ) ;
#2643 = ORIENTED_EDGE ( 'NONE', *, *, #7145, .T. ) ;
#2644 = VERTEX_POINT ( 'NONE', #7425 ) ;
#2645 = CARTESIAN_POINT ( 'NONE',  ( 52.57277582909584623, 20.00000000000000355, -18.50000000000000000 ) ) ;
#2646 = VERTEX_POINT ( 'NONE', #1645 ) ;
#2647 = EDGE_CURVE ( 'NONE', #5558, #7242, #4896, .T. ) ;
#2648 = EDGE_CURVE ( 'NONE', #746, #679, #5864, .T. ) ;
#2649 = EDGE_CURVE ( 'NONE', #4894, #865, #839, .T. ) ;
#2650 = FACE_OUTER_BOUND ( 'NONE', #339, .T. ) ;
#2651 = CARTESIAN_POINT ( 'NONE',  ( 34.49974999999994907, 2.000000000000000000, -16.96018989328457849 ) ) ;
#2652 = LINE ( 'NONE', #8533, #3244 ) ;
#2653 = FACE_OUTER_BOUND ( 'NONE', #8015, .T. ) ;
#2654 = ORIENTED_EDGE ( 'NONE', *, *, #9988, .F. ) ;
#2655 = DIRECTION ( 'NONE',  ( -0.000000000000000000, -1.000000000000000000, -0.000000000000000000 ) ) ;
#2656 = DIRECTION ( 'NONE',  ( -0.000000000000000000, -1.000000000000000000, -0.000000000000000000 ) ) ;
#2657 = CARTESIAN_POINT ( 'NONE',  ( 0.000000000000000000, 10.00000000000000000, -20.00000000000000000 ) ) ;
#2658 = ORIENTED_EDGE ( 'NONE', *, *, #3311, .T. ) ;
#2659 = CARTESIAN_POINT ( 'NONE',  ( 88.40000000000000568, 17.50000000000000000, -7.743669367409180992 ) ) ;
#2660 = EDGE_LOOP ( 'NONE', ( #10070, #1307, #3842, #3237, #8777 ) ) ;
#2661 = ORIENTED_EDGE ( 'NONE', *, *, #1287, .T. ) ;
#2662 = VERTEX_POINT ( 'NONE', #4248 ) ;
#2663 = DIRECTION ( 'NONE',  ( 0.000000000000000000, 0.000000000000000000, -1.000000000000000000 ) ) ;
#2664 = DIRECTION ( 'NONE',  ( 0.000000000000000000, 0.000000000000000000, -1.000000000000000000 ) ) ;
#2665 = FACE_OUTER_BOUND ( 'NONE', #8760, .T. ) ;
#2667 = VECTOR ( 'NONE', #7294, 1000.000000000000000 ) ;
#2666 = CARTESIAN_POINT ( 'NONE',  ( 88.39974999999998317, 18.50000000000000355, -2.396757161635506339 ) ) ;
#2668 = DIRECTION ( 'NONE',  ( -0.000000000000000000, -1.000000000000000000, -0.000000000000000000 ) ) ;
#2669 = VERTEX_POINT ( 'NONE', #89 ) ;
#2670 = VERTEX_POINT ( 'NONE', #7374 ) ;
#2671 = ORIENTED_EDGE ( 'NONE', *, *, #8269, .F. ) ;
#2672 = EDGE_CURVE ( 'NONE', #7265, #9525, #8276, .T. ) ;
#2673 = ADVANCED_FACE ( 'NONE', ( #3403 ), #6680, .T. ) ;
#2674 =( BOUNDED_CURVE ( )  B_SPLINE_CURVE ( 3, ( #7816, #7128, #4751, #9521 ),
 .UNSPECIFIED., .F., .F. ) 
 B_SPLINE_CURVE_WITH_KNOTS ( ( 4, 4 ),
 ( 2.200938728951644219, 3.141592653589793116 ),
 .UNSPECIFIED. ) 
 CURVE ( )  GEOMETRIC_REPRESENTATION_ITEM ( )  RATIONAL_B_SPLINE_CURVE ( ( 1.000000000000000000, 0.9276134425277036133, 0.9276134425277036133, 1.000000000000000000 ) ) 
 REPRESENTATION_ITEM ( '' )  );
#2675 = EDGE_CURVE ( 'NONE', #1630, #10557, #5810, .T. ) ;
#2676 = PLANE ( 'NONE',  #1865 ) ;
#2677 = LINE ( 'NONE', #5831, #1200 ) ;
#2678 = CARTESIAN_POINT ( 'NONE',  ( 60.58750000000001279, 2.000000000000000000, -1.500000000000000888 ) ) ;
#2679 = CARTESIAN_POINT ( 'NONE',  ( 29.60000000000000497, 12.66666666666666607, -7.744272920799767590 ) ) ;
#2680 = CARTESIAN_POINT ( 'NONE',  ( 78.59975000000000023, 2.153954234325370365, -1.500000000000000444 ) ) ;
#2681 = CARTESIAN_POINT ( 'NONE',  ( 70.38750000000000284, 18.50000000000000355, -1.500000000000000888 ) ) ;
#2682 = VECTOR ( 'NONE', #9813, 1000.000000000000000 ) ;
#2683 = EDGE_LOOP ( 'NONE', ( #7770, #8804, #1596, #9324 ) ) ;
#2684 = VERTEX_POINT ( 'NONE', #9927 ) ;
#2685 = DIRECTION ( 'NONE',  ( 0.000000000000000000, 1.000000000000000000, 0.000000000000000000 ) ) ;
#2686 = EDGE_CURVE ( 'NONE', #9595, #4025, #2963, .T. ) ;
#2687 = CARTESIAN_POINT ( 'NONE',  ( 37.83634029509841668, 18.50000000000000355, 3.494446567024352746 ) ) ;
#2688 = CARTESIAN_POINT ( 'NONE',  ( 40.98750000000000426, 18.50000000000000355, -1.500000000000000888 ) ) ;
#2689 = CARTESIAN_POINT ( 'NONE',  ( 58.99989330582618408, 2.000000000000000000, -10.35683949133576398 ) ) ;
#2690 = ORIENTED_EDGE ( 'NONE', *, *, #6027, .T. ) ;
#2691 = DIRECTION ( 'NONE',  ( 0.000000000000000000, -0.000000000000000000, 1.000000000000000000 ) ) ;
#2692 = CARTESIAN_POINT ( 'NONE',  ( 10.00000000000000178, 20.00000000000000355, 0.000000000000000000 ) ) ;
#2693 = ORIENTED_EDGE ( 'NONE', *, *, #1346, .T. ) ;
#2694 = ORIENTED_EDGE ( 'NONE', *, *, #8605, .T. ) ;
#2695 = ORIENTED_EDGE ( 'NONE', *, *, #6326, .T. ) ;
#2696 = CARTESIAN_POINT ( 'NONE',  ( 26.42500000000000426, 2.000000000000000000, -1.500000000000000000 ) ) ;
#2697 = EDGE_LOOP ( 'NONE', ( #4056, #10558, #9108, #7465 ) ) ;
#2698 = VECTOR ( 'NONE', #6648, 999.9999999999998863 ) ;
#2699 = ORIENTED_EDGE ( 'NONE', *, *, #7557, .F. ) ;
#2700 = LINE ( 'NONE', #3450, #10412 ) ;
#2701 = LINE ( 'NONE', #8429, #4668 ) ;
#2702 = CARTESIAN_POINT ( 'NONE',  ( 18.07474999999993770, 2.000000000000000000, -0.000000000000000000 ) ) ;
#2703 = VERTEX_POINT ( 'NONE', #6629 ) ;
#2704 = CARTESIAN_POINT ( 'NONE',  ( 59.00000000000001421, 20.00000000000000355, -10.35679529716193592 ) ) ;
#2705 = LINE ( 'NONE', #2820, #1555 ) ;
#2706 = CARTESIAN_POINT ( 'NONE',  ( 29.59975000000001444, 18.34604576567463852, -1.499999999999999556 ) ) ;
#2707 = ORIENTED_EDGE ( 'NONE', *, *, #8959, .T. ) ;
#2708 = CARTESIAN_POINT ( 'NONE',  ( 18.21200000000000685, 20.00000000000000355, -1.499999999999999556 ) ) ;
#2709 = ORIENTED_EDGE ( 'NONE', *, *, #5497, .T. ) ;
#2710 = VECTOR ( 'NONE', #10553, 1000.000000000000000 ) ;
#2711 = ADVANCED_FACE ( 'NONE', ( #9069 ), #1751, .F. ) ;
#2712 = ORIENTED_EDGE ( 'NONE', *, *, #7892, .T. ) ;
#2713 = EDGE_CURVE ( 'NONE', #7625, #10339, #4371, .T. ) ;
#2714 = EDGE_LOOP ( 'NONE', ( #3164, #3891, #10034, #9273, #1869, #4910 ) ) ;
#2715 = CARTESIAN_POINT ( 'NONE',  ( 55.62672417090404053, 20.00000000000000355, -18.50000000000000355 ) ) ;
#2716 = CARTESIAN_POINT ( 'NONE',  ( 11.72474999999993628, 20.00000000000000355, -20.00000000000000000 ) ) ;
#2717 = FACE_OUTER_BOUND ( 'NONE', #9194, .T. ) ;
#2718 = VECTOR ( 'NONE', #6913, 999.9999999999998863 ) ;
#2719 = LINE ( 'NONE', #5120, #5649 ) ;
#2720 = EDGE_CURVE ( 'NONE', #5148, #6703, #8118, .T. ) ;
#2721 = AXIS2_PLACEMENT_3D ( 'NONE', #7271, #4903, #9832 ) ;
#2722 = CARTESIAN_POINT ( 'NONE',  ( 32.77500000000000568, 2.000000000000000000, 0.000000000000000000 ) ) ;
#2723 = ORIENTED_EDGE ( 'NONE', *, *, #4269, .F. ) ;
#2724 = EDGE_LOOP ( 'NONE', ( #5065, #7201, #4871, #7860 ) ) ;
#2725 = ORIENTED_EDGE ( 'NONE', *, *, #8474, .T. ) ;
#2726 = VECTOR ( 'NONE', #2097, 1000.000000000000114 ) ;
#2727 = CARTESIAN_POINT ( 'NONE',  ( 103.0997499999999718, 1.999999999999999556, -17.51835138363012234 ) ) ;
#2728 = AXIS2_PLACEMENT_3D ( 'NONE', #2232, #8690, #7838 ) ;
#2729 = CYLINDRICAL_SURFACE ( 'NONE', #3591, 1.000000000000000888 ) ;
#2730 = PLANE ( 'NONE',  #6368 ) ;
#2731 = CARTESIAN_POINT ( 'NONE',  ( 88.39975000000002581, 2.000000000000000000, -5.130543437656422512 ) ) ;
#2732 = DIRECTION ( 'NONE',  ( 0.000000000000000000, 0.000000000000000000, 1.000000000000000000 ) ) ;
#2733 = CARTESIAN_POINT ( 'NONE',  ( 75.22672417090403485, 18.50000000000000355, -18.50000000000000355 ) ) ;
#2734 = ORIENTED_EDGE ( 'NONE', *, *, #10256, .F. ) ;
#2735 = ADVANCED_FACE ( 'NONE', ( #4304 ), #6029, .F. ) ;
#2736 = AXIS2_PLACEMENT_3D ( 'NONE', #1422, #4010, #4673 ) ;
#2737 = VERTEX_POINT ( 'NONE', #7584 ) ;
#2738 = DIRECTION ( 'NONE',  ( 0.000000000000000000, 0.000000000000000000, -1.000000000000000000 ) ) ;
#2739 = VERTEX_POINT ( 'NONE', #2930 ) ;
#2740 = AXIS2_PLACEMENT_3D ( 'NONE', #4650, #1454, #8079 ) ;
#2741 = VECTOR ( 'NONE', #2466, 1000.000000000000000 ) ;
#2742 = DIRECTION ( 'NONE',  ( -1.000000000000000000, 0.000000000000000000, -0.000000000000000000 ) ) ;
#2743 = CARTESIAN_POINT ( 'NONE',  ( 47.47474999999994338, 18.50000000000000355, 0.000000000000000000 ) ) ;
#2744 = EDGE_CURVE ( 'NONE', #2364, #1053, #1156, .T. ) ;
#2745 = AXIS2_PLACEMENT_3D ( 'NONE', #8104, #1524, #8052 ) ;
#2746 = CARTESIAN_POINT ( 'NONE',  ( -4.000000000000000000, 11.50000000000000000, -15.09999999999999964 ) ) ;
#2747 = ORIENTED_EDGE ( 'NONE', *, *, #6873, .F. ) ;
#2748 = PLANE ( 'NONE',  #3908 ) ;
#2749 = VERTEX_POINT ( 'NONE', #4410 ) ;
#2750 = LINE ( 'NONE', #6016, #3410 ) ;
#2751 = ORIENTED_EDGE ( 'NONE', *, *, #9192, .T. ) ;
#2752 = PLANE ( 'NONE',  #2618 ) ;
#2753 = EDGE_LOOP ( 'NONE', ( #8426, #7401, #7967, #1752 ) ) ;
#2754 = B_SPLINE_CURVE_WITH_KNOTS ( 'NONE', 3,
 ( #667, #5531, #8787, #3963 ),
 .UNSPECIFIED., .F., .F.,
 ( 4, 4 ),
 ( 0.06060606060606065632, 0.9393939393939395588 ),
 .UNSPECIFIED. ) ;
#2755 = EDGE_CURVE ( 'NONE', #4665, #6877, #2822, .T. ) ;
#2756 = AXIS2_PLACEMENT_3D ( 'NONE', #6215, #652, #700 ) ;
#2757 = DIRECTION ( 'NONE',  ( -1.000000000000000000, -0.000000000000000000, -2.732708689314444103E-16 ) ) ;
#2758 = DIRECTION ( 'NONE',  ( -0.000000000000000000, -1.000000000000000000, -0.000000000000000000 ) ) ;
#2759 = CARTESIAN_POINT ( 'NONE',  ( 68.29439220029240687, 17.50000000000000000, -1.499999999999999556 ) ) ;
#2760 = CARTESIAN_POINT ( 'NONE',  ( 58.99975000000002723, 18.34604576567463496, -1.500000000000001332 ) ) ;
#2761 = ORIENTED_EDGE ( 'NONE', *, *, #7908, .T. ) ;
#2762 =( BOUNDED_CURVE ( )  B_SPLINE_CURVE ( 3, ( #8554, #5448, #5283, #8608 ),
 .UNSPECIFIED., .F., .F. ) 
 B_SPLINE_CURVE_WITH_KNOTS ( ( 4, 4 ),
 ( 3.141592653589793116, 4.082246578227955780 ),
 .UNSPECIFIED. ) 
 CURVE ( )  GEOMETRIC_REPRESENTATION_ITEM ( )  RATIONAL_B_SPLINE_CURVE ( ( 1.000000000000000000, 0.9276134425277013928, 0.9276134425277013928, 1.000000000000000000 ) ) 
 REPRESENTATION_ITEM ( '' )  );
#2763 = CARTESIAN_POINT ( 'NONE',  ( 61.24853194947056778, 18.50000000000000355, -15.78563399656604460 ) ) ;
#2764 = LINE ( 'NONE', #8538, #4448 ) ;
#2765 = CARTESIAN_POINT ( 'NONE',  ( 81.97277582909586613, 20.00000000000000355, -18.50000000000000000 ) ) ;
#2766 = ORIENTED_EDGE ( 'NONE', *, *, #5015, .F. ) ;
#2767 = CARTESIAN_POINT ( 'NONE',  ( 76.87474999999993486, 18.50000000000000355, -20.00000000000000000 ) ) ;
#2768 = ADVANCED_FACE ( 'NONE', ( #5272 ), #3509, .F. ) ;
#2769 = VECTOR ( 'NONE', #46, 1000.000000000000000 ) ;
#2770 = DIRECTION ( 'NONE',  ( -0.000000000000000000, -1.000000000000000000, -0.000000000000000000 ) ) ;
#2771 = ORIENTED_EDGE ( 'NONE', *, *, #3112, .T. ) ;
#2772 = VERTEX_POINT ( 'NONE', #2706 ) ;
#2773 = VECTOR ( 'NONE', #84, 1000.000000000000000 ) ;
#2774 = DIRECTION ( 'NONE',  ( -1.000000000000000000, 0.000000000000000000, 1.239088197126290817E-16 ) ) ;
#2775 = CARTESIAN_POINT ( 'NONE',  ( 103.0997499999999576, 2.192056395364472721, -18.50000000000000000 ) ) ;
#2776 = DIRECTION ( 'NONE',  ( -0.000000000000000000, -1.000000000000000000, -0.000000000000000000 ) ) ;
#2777 = LINE ( 'NONE', #5233, #4967 ) ;
#2778 = CARTESIAN_POINT ( 'NONE',  ( 40.98750000000000426, 20.00000000000000355, -1.500000000000000888 ) ) ;
#2779 = EDGE_CURVE ( 'NONE', #3440, #184, #9392, .T. ) ;
#2780 = EDGE_CURVE ( 'NONE', #7286, #10394, #8539, .T. ) ;
#2781 = CARTESIAN_POINT ( 'NONE',  ( 90.08638791454794159, 18.50000000000000355, -18.50000000000000000 ) ) ;
#2782 = CARTESIAN_POINT ( 'NONE',  ( 54.09974999999994338, 17.50000000000000000, -12.10960480172301423 ) ) ;
#2783 = ORIENTED_EDGE ( 'NONE', *, *, #4100, .F. ) ;
#2784 = EDGE_LOOP ( 'NONE', ( #8520, #8501, #3761, #4529 ) ) ;
#2785 = ORIENTED_EDGE ( 'NONE', *, *, #1694, .T. ) ;
#2786 = EDGE_CURVE ( 'NONE', #9406, #9485, #10033, .T. ) ;
#2787 = LINE ( 'NONE', #9358, #8700 ) ;
#2788 = VECTOR ( 'NONE', #2985, 1000.000000000000114 ) ;
#2789 = CARTESIAN_POINT ( 'NONE',  ( 53.81492637635665943, 18.11602497579402637, -18.50000000000000000 ) ) ;
#2790 = CARTESIAN_POINT ( 'NONE',  ( 81.97277582909586613, 20.00000000000000355, -18.50000000000000000 ) ) ;
#2792 = EDGE_CURVE ( 'NONE', #6494, #8755, #312, .T. ) ;
#2791 = CARTESIAN_POINT ( 'NONE',  ( 53.65516802938824270, 2.999999999999999112, -18.50000000000000355 ) ) ;
#2793 = EDGE_CURVE ( 'NONE', #5817, #6260, #1967, .T. ) ;
#2794 = CYLINDRICAL_SURFACE ( 'NONE', #9729, 0.9999999999999994449 ) ;
#2795 = PLANE ( 'NONE',  #10546 ) ;
#2796 = ORIENTED_EDGE ( 'NONE', *, *, #7774, .F. ) ;
#2797 = CARTESIAN_POINT ( 'NONE',  ( 37.67474999999993912, 18.50000000000000355, -20.00000000000000000 ) ) ;
#2798 = VECTOR ( 'NONE', #4085, 1000.000000000000114 ) ;
#2799 = VERTEX_POINT ( 'NONE', #1110 ) ;
#2800 = DIRECTION ( 'NONE',  ( -0.9238795325112846291, 0.000000000000000000, 0.3826834323650947778 ) ) ;
#2801 = CARTESIAN_POINT ( 'NONE',  ( 39.90510779970761490, 17.50000000000000000, -1.500000000000000000 ) ) ;
#2802 = VECTOR ( 'NONE', #4110, 1000.000000000000000 ) ;
#2803 = DIRECTION ( 'NONE',  ( -0.000000000000000000, -1.000000000000000000, -0.000000000000000000 ) ) ;
#2804 = ORIENTED_EDGE ( 'NONE', *, *, #8112, .T. ) ;
#2805 = DIRECTION ( 'NONE',  ( -1.000000000000000000, -0.000000000000000000, -0.000000000000000000 ) ) ;
#2806 = VERTEX_POINT ( 'NONE', #4467 ) ;
#2807 = PLANE ( 'NONE',  #9390 ) ;
#2808 = EDGE_LOOP ( 'NONE', ( #419, #6383, #9259, #9720, #2712 ) ) ;
#2809 = DIRECTION ( 'NONE',  ( 0.3826592221992059506, 0.000000000000000000, -0.9238895603187097239 ) ) ;
#2810 = ORIENTED_EDGE ( 'NONE', *, *, #2885, .T. ) ;
#2811 = EDGE_CURVE ( 'NONE', #7204, #4956, #6134, .T. ) ;
#2812 = EDGE_CURVE ( 'NONE', #545, #9863, #8594, .T. ) ;
#2813 = ORIENTED_EDGE ( 'NONE', *, *, #785, .T. ) ;
#2814 = LINE ( 'NONE', #4460, #8543 ) ;
#2815 = DIRECTION ( 'NONE',  ( -0.3826834323650853964, -0.000000000000000000, 0.9238795325112885148 ) ) ;
#2816 = CARTESIAN_POINT ( 'NONE',  ( 93.29974999999994623, 18.50000000000000355, -12.10960480172301423 ) ) ;
#2817 = DIRECTION ( 'NONE',  ( 0.9238795325112842960, 0.000000000000000000, -0.3826834323650958325 ) ) ;
#2818 = ORIENTED_EDGE ( 'NONE', *, *, #9382, .T. ) ;
#2819 = CARTESIAN_POINT ( 'NONE',  ( 55.62672417090404053, 18.50000000000000355, -18.50000000000000355 ) ) ;
#2820 = CARTESIAN_POINT ( 'NONE',  ( 19.29439220029239976, 18.50000000000000355, -1.499999999999999556 ) ) ;
#2821 = ADVANCED_FACE ( 'NONE', ( #5327 ), #4514, .F. ) ;
#2822 = LINE ( 'NONE', #1213, #8149 ) ;
#2823 = VERTEX_POINT ( 'NONE', #7744 ) ;
#2824 = AXIS2_PLACEMENT_3D ( 'NONE', #6387, #1407, #4654 ) ;
#2825 = DIRECTION ( 'NONE',  ( -0.000000000000000000, -1.000000000000000000, -0.000000000000000000 ) ) ;
#2826 = LINE ( 'NONE', #2934, #1769 ) ;
#2827 = ORIENTED_EDGE ( 'NONE', *, *, #5371, .F. ) ;
#2828 = ORIENTED_EDGE ( 'NONE', *, *, #10296, .F. ) ;
#2829 = DIRECTION ( 'NONE',  ( 0.3826834323650856740, 0.000000000000000000, -0.9238795325112884038 ) ) ;
#2830 = EDGE_CURVE ( 'NONE', #896, #1466, #6837, .T. ) ;
#2831 = CARTESIAN_POINT ( 'NONE',  ( 97.78122826719632599, 18.50000000000000355, -1.882683432365084286 ) ) ;
#2832 = CYLINDRICAL_SURFACE ( 'NONE', #3103, 1.000000000000003331 ) ;
#2833 = FACE_OUTER_BOUND ( 'NONE', #3149, .T. ) ;
#2834 = LINE ( 'NONE', #1122, #6166 ) ;
#2835 = FACE_OUTER_BOUND ( 'NONE', #2557, .T. ) ;
#2836 = ORIENTED_EDGE ( 'NONE', *, *, #4645, .T. ) ;
#2837 = ORIENTED_EDGE ( 'NONE', *, *, #3007, .T. ) ;
#2838 = VERTEX_POINT ( 'NONE', #2765 ) ;
#2839 = VERTEX_POINT ( 'NONE', #6080 ) ;
#2840 = CARTESIAN_POINT ( 'NONE',  ( 65.62500000000001421, 18.50000000000000355, 0.000000000000000000 ) ) ;
#2841 = LINE ( 'NONE', #6270, #10583 ) ;
#2842 = CARTESIAN_POINT ( 'NONE',  ( 59.50510779970763764, 17.85125431679151831, -1.500000000000001554 ) ) ;
#2843 = CARTESIAN_POINT ( 'NONE',  ( 88.40000000000001990, 17.50000000000000000, -7.744272920799770255 ) ) ;
#2844 = LINE ( 'NONE', #4329, #518 ) ;
#2845 = B_SPLINE_CURVE_WITH_KNOTS ( 'NONE', 3,
 ( #9360, #8616, #2040, #1290 ),
 .UNSPECIFIED., .F., .F.,
 ( 4, 4 ),
 ( 0.000000000000000000, 1.000000000000000000 ),
 .UNSPECIFIED. ) ;
#2846 = CARTESIAN_POINT ( 'NONE',  ( 39.40000000000000568, 7.833333333333334814, -7.744272920799767590 ) ) ;
#2847 = EDGE_CURVE ( 'NONE', #9445, #1070, #3621, .T. ) ;
#2848 = ORIENTED_EDGE ( 'NONE', *, *, #1435, .T. ) ;
#2849 = FACE_BOUND ( 'NONE', #10575, .T. ) ;
#2850 = ORIENTED_EDGE ( 'NONE', *, *, #5136, .F. ) ;
#2851 = ADVANCED_FACE ( 'NONE', ( #422 ), #3676, .T. ) ;
#2852 = EDGE_CURVE ( 'NONE', #4956, #7779, #6997, .T. ) ;
#2853 = CARTESIAN_POINT ( 'NONE',  ( 44.74433197061164691, 17.50000000000000000, -18.50000000000000000 ) ) ;
#2854 = PLANE ( 'NONE',  #6493 ) ;
#2855 = VECTOR ( 'NONE', #7058, 1000.000000000000000 ) ;
#2856 = CARTESIAN_POINT ( 'NONE',  ( 44.29974999999993912, 2.066190996450163908, -18.04903699352147939 ) ) ;
#2857 = ORIENTED_EDGE ( 'NONE', *, *, #2793, .T. ) ;
#2858 = CARTESIAN_POINT ( 'NONE',  ( 14.45516802938823453, 17.82569441078556949, -18.50000000000000000 ) ) ;
#2859 = EDGE_CURVE ( 'NONE', #2910, #2881, #4104, .T. ) ;
#2860 = ORIENTED_EDGE ( 'NONE', *, *, #8758, .T. ) ;
#2861 = DIRECTION ( 'NONE',  ( 0.3826834323650853964, -0.000000000000000000, -0.9238795325112885148 ) ) ;
#2862 = VERTEX_POINT ( 'NONE', #6190 ) ;
#2863 = CARTESIAN_POINT ( 'NONE',  ( 83.49974999999994907, 2.000000000000000000, -16.96018989328456428 ) ) ;
#2864 = ORIENTED_EDGE ( 'NONE', *, *, #10337, .F. ) ;
#2865 = ORIENTED_EDGE ( 'NONE', *, *, #530, .T. ) ;
#2866 = CARTESIAN_POINT ( 'NONE',  ( 76.87474999999993486, 20.00000000000000355, -20.00000000000000000 ) ) ;
#2867 = DIRECTION ( 'NONE',  ( 0.9238795325112844070, 0.000000000000000000, -0.3826834323650956660 ) ) ;
#2868 = CARTESIAN_POINT ( 'NONE',  ( 16.42672417090403414, 20.00000000000000355, -18.50000000000000355 ) ) ;
#2869 = DIRECTION ( 'NONE',  ( 0.3826834323650853964, 0.000000000000000000, -0.9238795325112885148 ) ) ;
#2870 = ORIENTED_EDGE ( 'NONE', *, *, #1216, .F. ) ;
#2871 = DIRECTION ( 'NONE',  ( 0.9238795325112846291, 0.000000000000000000, -0.3826834323650947778 ) ) ;
#2872 = EDGE_CURVE ( 'NONE', #3512, #5695, #3362, .T. ) ;
#2873 = DIRECTION ( 'NONE',  ( -0.000000000000000000, -1.000000000000000000, -0.000000000000000000 ) ) ;
#2874 = ADVANCED_FACE ( 'NONE', ( #3875 ), #5434, .F. ) ;
#2875 = DIRECTION ( 'NONE',  ( 1.000000000000000000, -0.000000000000000000, 0.000000000000000000 ) ) ;
#2876 = ORIENTED_EDGE ( 'NONE', *, *, #4798, .T. ) ;
#2877 = AXIS2_PLACEMENT_3D ( 'NONE', #4439, #10279, #1238 ) ;
#2878 = CARTESIAN_POINT ( 'NONE',  ( 39.39975000000002581, 2.000000000000000000, -5.130543437656442052 ) ) ;
#2879 = EDGE_CURVE ( 'NONE', #7191, #6423, #438, .T. ) ;
#2880 = CARTESIAN_POINT ( 'NONE',  ( 78.60000000000002274, 7.833333333333334814, -7.744272920799765814 ) ) ;
#2881 = VERTEX_POINT ( 'NONE', #7906 ) ;
#2882 = DIRECTION ( 'NONE',  ( 0.3826834323650958325, 0.000000000000000000, 0.9238795325112842960 ) ) ;
#2883 = LINE ( 'NONE', #5118, #9764 ) ;
#2884 = DIRECTION ( 'NONE',  ( -0.3826834323650958325, 0.000000000000000000, -0.9238795325112842960 ) ) ;
#2885 = EDGE_CURVE ( 'NONE', #1701, #10424, #631, .T. ) ;
#2886 = DIRECTION ( 'NONE',  ( -0.000000000000000000, -1.000000000000000000, -0.000000000000000000 ) ) ;
#2887 = DIRECTION ( 'NONE',  ( 1.000000000000000000, -0.000000000000000000, 0.000000000000000000 ) ) ;
#2888 = ORIENTED_EDGE ( 'NONE', *, *, #6669, .F. ) ;
#2889 = ORIENTED_EDGE ( 'NONE', *, *, #3216, .F. ) ;
#2890 = VERTEX_POINT ( 'NONE', #8053 ) ;
#2891 = EDGE_CURVE ( 'NONE', #5654, #8584, #1374, .T. ) ;
#2892 = VERTEX_POINT ( 'NONE', #727 ) ;
#2893 =( BOUNDED_CURVE ( )  B_SPLINE_CURVE ( 3, ( #1328, #7855, #4145, #1695 ),
 .UNSPECIFIED., .F., .F. ) 
 B_SPLINE_CURVE_WITH_KNOTS ( ( 4, 4 ),
 ( 3.141592653589793116, 4.712388980384690562 ),
 .UNSPECIFIED. ) 
 CURVE ( )  GEOMETRIC_REPRESENTATION_ITEM ( )  RATIONAL_B_SPLINE_CURVE ( ( 1.000000000000000000, 0.8047378541243648264, 0.8047378541243648264, 1.000000000000000000 ) ) 
 REPRESENTATION_ITEM ( '' )  );
#2894 = VECTOR ( 'NONE', #7684, 1000.000000000000000 ) ;
#2895 = PLANE ( 'NONE',  #1357 ) ;
#2896 = LINE ( 'NONE', #3848, #5467 ) ;
#2897 = DIRECTION ( 'NONE',  ( 1.000000000000000000, 0.000000000000000000, 0.000000000000000000 ) ) ;
#2898 = PLANE ( 'NONE',  #4431 ) ;
#2899 = CARTESIAN_POINT ( 'NONE',  ( 80.32474999999993770, 20.00000000000000355, -20.00000000000000000 ) ) ;
#2900 = FACE_OUTER_BOUND ( 'NONE', #8782, .T. ) ;
#2901 = VERTEX_POINT ( 'NONE', #4625 ) ;
#2902 = CARTESIAN_POINT ( 'NONE',  ( 83.49974999999994907, 18.50000000000000355, -16.96018989328461402 ) ) ;
#2903 = VECTOR ( 'NONE', #3752, 1000.000000000000114 ) ;
#2904 = VERTEX_POINT ( 'NONE', #1525 ) ;
#2905 = AXIS2_PLACEMENT_3D ( 'NONE', #2167, #619, #5420 ) ;
#2906 = DIRECTION ( 'NONE',  ( 0.3827076417426389376, 0.000000000000000000, 0.9238695042871519769 ) ) ;
#2907 = PLANE ( 'NONE',  #3747 ) ;
#2908 = VECTOR ( 'NONE', #4214, 1000.000000000000114 ) ;
#2909 = DIRECTION ( 'NONE',  ( 0.9238795325112844070, 0.000000000000000000, -0.3826834323650956660 ) ) ;
#2910 = VERTEX_POINT ( 'NONE', #7106 ) ;
#2911 = CARTESIAN_POINT ( 'NONE',  ( 14.45516802938823631, 17.50000000000000000, -18.50000000000000355 ) ) ;
#2912 = EDGE_CURVE ( 'NONE', #8439, #2772, #3704, .T. ) ;
#2913 = ADVANCED_FACE ( 'NONE', ( #6248 ), #10509, .F. ) ;
#2914 = VECTOR ( 'NONE', #7026, 999.9999999999998863 ) ;
#2915 = VERTEX_POINT ( 'NONE', #5592 ) ;
#2916 = CARTESIAN_POINT ( 'NONE',  ( 97.07557472363468776, 18.50000000000000355, -13.07079449584754727 ) ) ;
#2917 = ORIENTED_EDGE ( 'NONE', *, *, #3753, .T. ) ;
#2918 = LINE ( 'NONE', #297, #5180 ) ;
#2919 = ORIENTED_EDGE ( 'NONE', *, *, #911, .T. ) ;
#2920 = VECTOR ( 'NONE', #10046, 1000.000000000000114 ) ;
#2921 = EDGE_CURVE ( 'NONE', #7530, #2529, #9516, .T. ) ;
#2922 = AXIS2_PLACEMENT_3D ( 'NONE', #9616, #5503, #686 ) ;
#2923 = CARTESIAN_POINT ( 'NONE',  ( 67.21200000000001751, 20.00000000000000355, -1.499999999999999556 ) ) ;
#2924 = DIRECTION ( 'NONE',  ( -0.3826834323650956105, 0.000000000000000000, -0.9238795325112842960 ) ) ;
#2925 = DIRECTION ( 'NONE',  ( 0.000000000000000000, -0.000000000000000000, -1.000000000000000000 ) ) ;
#2926 = VERTEX_POINT ( 'NONE', #527 ) ;
#2927 = CARTESIAN_POINT ( 'NONE',  ( 69.12141231303839106, 2.341211518780906609, -1.500000000000000444 ) ) ;
#2928 = EDGE_CURVE ( 'NONE', #5748, #4076, #3776, .T. ) ;
#2929 = CARTESIAN_POINT ( 'NONE',  ( 89.16182383839120007, 2.000000000000000000, -8.516986300988198977 ) ) ;
#2930 = CARTESIAN_POINT ( 'NONE',  ( 92.85516802938823844, 17.50000000000000000, -18.50000000000000355 ) ) ;
#2931 = EDGE_LOOP ( 'NONE', ( #5014, #1964, #8899, #950 ) ) ;
#2932 = DIRECTION ( 'NONE',  ( -0.3826834323650853964, 0.000000000000000000, 0.9238795325112885148 ) ) ;
#2933 = AXIS2_PLACEMENT_3D ( 'NONE', #9870, #5756, #8275 ) ;
#2934 = CARTESIAN_POINT ( 'NONE',  ( 65.62500000000001421, 20.00000000000000355, -1.500000000000000000 ) ) ;
#2935 = EDGE_LOOP ( 'NONE', ( #4350, #7122, #7862, #2694 ) ) ;
#2936 = CARTESIAN_POINT ( 'NONE',  ( -4.000000000000000000, 11.50000000000000000, -17.09999999999999787 ) ) ;
#2937 = DIRECTION ( 'NONE',  ( -0.000000000000000000, -1.000000000000000000, -0.000000000000000000 ) ) ;
#2938 = CARTESIAN_POINT ( 'NONE',  ( 88.81827173280369436, 2.000000000000000000, -1.882683432365092058 ) ) ;
#2939 = AXIS2_PLACEMENT_3D ( 'NONE', #4258, #3470, #5983 ) ;
#2940 = ORIENTED_EDGE ( 'NONE', *, *, #8094, .F. ) ;
#2941 = DIRECTION ( 'NONE',  ( 0.000000000000000000, 0.000000000000000000, -1.000000000000000000 ) ) ;
#2942 = ORIENTED_EDGE ( 'NONE', *, *, #1580, .T. ) ;
#2943 = ORIENTED_EDGE ( 'NONE', *, *, #7910, .F. ) ;
#2944 = ORIENTED_EDGE ( 'NONE', *, *, #6061, .F. ) ;
#2945 = ORIENTED_EDGE ( 'NONE', *, *, #1409, .T. ) ;
#2946 = EDGE_CURVE ( 'NONE', #4708, #5772, #678, .T. ) ;
#2947 = DIRECTION ( 'NONE',  ( -0.3826834323650866732, 0.000000000000000000, 0.9238795325112880708 ) ) ;
#2948 = CARTESIAN_POINT ( 'NONE',  ( 71.97500000000000853, 20.00000000000000355, 0.000000000000000000 ) ) ;
#2949 = CARTESIAN_POINT ( 'NONE',  ( 106.4120000000000203, 18.50000000000000355, -1.499999999999999556 ) ) ;
#2950 = LINE ( 'NONE', #2153, #7021 ) ;
#2951 = LINE ( 'NONE', #9415, #173 ) ;
#2952 = CARTESIAN_POINT ( 'NONE',  ( 14.89974999999992278, 2.000000000000000000, -14.72273073147576206 ) ) ;
#2953 = EDGE_CURVE ( 'NONE', #7329, #7761, #3928, .T. ) ;
#2954 = ORIENTED_EDGE ( 'NONE', *, *, #7446, .F. ) ;
#2955 =( BOUNDED_CURVE ( )  B_SPLINE_CURVE ( 3, ( #8289, #1710, #4963, #153 ),
 .UNSPECIFIED., .F., .F. ) 
 B_SPLINE_CURVE_WITH_KNOTS ( ( 4, 4 ),
 ( 3.141592653589793116, 4.712388980384689674 ),
 .UNSPECIFIED. ) 
 CURVE ( )  GEOMETRIC_REPRESENTATION_ITEM ( )  RATIONAL_B_SPLINE_CURVE ( ( 1.000000000000000000, 0.8047378541243649375, 0.8047378541243649375, 1.000000000000000000 ) ) 
 REPRESENTATION_ITEM ( '' )  );
#2956 = CARTESIAN_POINT ( 'NONE',  ( 41.12474999999994196, 2.000000000000000000, -18.50000000000000000 ) ) ;
#2957 = ORIENTED_EDGE ( 'NONE', *, *, #7983, .F. ) ;
#2958 = AXIS2_PLACEMENT_3D ( 'NONE', #5386, #2136, #7801 ) ;
#2959 = VECTOR ( 'NONE', #9302, 1000.000000000000000 ) ;
#2960 = FACE_OUTER_BOUND ( 'NONE', #2980, .T. ) ;
#2961 = CARTESIAN_POINT ( 'NONE',  ( 34.49974999999994196, 18.50000000000000355, -16.96018989328458559 ) ) ;
#2962 = ADVANCED_FACE ( 'NONE', ( #3133 ), #6408, .T. ) ;
#2963 =( BOUNDED_CURVE ( )  B_SPLINE_CURVE ( 3, ( #4041, #4948, #4194, #2553 ),
 .UNSPECIFIED., .F., .F. ) 
 B_SPLINE_CURVE_WITH_KNOTS ( ( 4, 4 ),
 ( 4.082246578227932687, 4.712388980384663029 ),
 .UNSPECIFIED. ) 
 CURVE ( )  GEOMETRIC_REPRESENTATION_ITEM ( )  RATIONAL_B_SPLINE_CURVE ( ( 1.000000000000000000, 0.9671828781580995571, 0.9671828781580995571, 1.000000000000000000 ) ) 
 REPRESENTATION_ITEM ( '' )  );
#2964 = FACE_OUTER_BOUND ( 'NONE', #9873, .T. ) ;
#2965 = ORIENTED_EDGE ( 'NONE', *, *, #6802, .T. ) ;
#2966 = CARTESIAN_POINT ( 'NONE',  ( 88.07808768696160939, 18.15878848121908362, -1.500000000000004885 ) ) ;
#2967 = AXIS2_PLACEMENT_3D ( 'NONE', #3239, #4936, #1687 ) ;
#2968 = ORIENTED_EDGE ( 'NONE', *, *, #229, .T. ) ;
#2969 = CARTESIAN_POINT ( 'NONE',  ( 98.19975000000000875, 18.50000000000000355, -2.893084275847624731 ) ) ;
#2970 = ORIENTED_EDGE ( 'NONE', *, *, #1181, .T. ) ;
#2971 = EDGE_LOOP ( 'NONE', ( #8214, #6726, #5899, #7633, #1917, #10176 ) ) ;
#2972 = VECTOR ( 'NONE', #5375, 1000.000000000000000 ) ;
#2973 = ADVANCED_FACE ( 'NONE', ( #7301 ), #1684, .F. ) ;
#2974 = VECTOR ( 'NONE', #7440, 1000.000000000000000 ) ;
#2975 = DIRECTION ( 'NONE',  ( 1.000000000000000000, 0.000000000000000000, 0.000000000000000000 ) ) ;
#2976 = DIRECTION ( 'NONE',  ( -1.000000000000000000, -0.000000000000000000, -2.732708689314432271E-16 ) ) ;
#2977 = LINE ( 'NONE', #9331, #6568 ) ;
#2978 = CARTESIAN_POINT ( 'NONE',  ( 78.59975000000002865, 18.44730268558522823, -1.919915453368663760 ) ) ;
#2979 = PLANE ( 'NONE',  #4851 ) ;
#2980 = EDGE_LOOP ( 'NONE', ( #5052, #8517, #2207, #10266 ) ) ;
#2981 = CARTESIAN_POINT ( 'NONE',  ( 54.09974999999994338, 18.50000000000000355, -12.10960480172301423 ) ) ;
#2982 = LINE ( 'NONE', #1478, #7536 ) ;
#2983 = CARTESIAN_POINT ( 'NONE',  ( 29.40000000000000213, 18.50000000000000355, -1.500000000000000000 ) ) ;
#2984 = VERTEX_POINT ( 'NONE', #1577 ) ;
#2985 = DIRECTION ( 'NONE',  ( -0.3826834323650856740, 0.000000000000000000, 0.9238795325112884038 ) ) ;
#2986 = EDGE_CURVE ( 'NONE', #5772, #4221, #24, .T. ) ;
#2987 = DIRECTION ( 'NONE',  ( 1.000000000000000000, 0.000000000000000000, -0.000000000000000000 ) ) ;
#2988 = ADVANCED_FACE ( 'NONE', ( #3236 ), #75, .F. ) ;
#2989 = ADVANCED_FACE ( 'NONE', ( #8264 ), #2494, .F. ) ;
#2990 = CARTESIAN_POINT ( 'NONE',  ( 68.79999999999999716, 20.00000000000000355, -10.35679529716193592 ) ) ;
#2991 = FACE_OUTER_BOUND ( 'NONE', #9508, .T. ) ;
#2992 = DIRECTION ( 'NONE',  ( 1.000000000000000000, 0.000000000000000000, -1.239088197126290817E-16 ) ) ;
#2993 = DIRECTION ( 'NONE',  ( 0.000000000000000000, 0.000000000000000000, 1.000000000000000000 ) ) ;
#2994 = ORIENTED_EDGE ( 'NONE', *, *, #9836, .T. ) ;
#2995 = DIRECTION ( 'NONE',  ( -0.3827076417426376054, -0.000000000000000000, -0.9238695042871525320 ) ) ;
#2996 = ORIENTED_EDGE ( 'NONE', *, *, #4753, .T. ) ;
#2997 = VERTEX_POINT ( 'NONE', #7411 ) ;
#2998 = VERTEX_POINT ( 'NONE', #6616 ) ;
#2999 = ORIENTED_EDGE ( 'NONE', *, *, #9425, .T. ) ;
#3000 = PLANE ( 'NONE',  #6830 ) ;
#3001 = CARTESIAN_POINT ( 'NONE',  ( 107.0000000000000142, 18.08578643762691129, -2.693568355077331056 ) ) ;
#3002 = DIRECTION ( 'NONE',  ( -0.000000000000000000, -0.000000000000000000, -1.000000000000000000 ) ) ;
#3003 = DIRECTION ( 'NONE',  ( 0.000000000000000000, 0.000000000000000000, 1.000000000000000000 ) ) ;
#3004 = LINE ( 'NONE', #6273, #2572 ) ;
#3005 = DIRECTION ( 'NONE',  ( -0.000000000000000000, -1.000000000000000000, -0.000000000000000000 ) ) ;
#3006 = EDGE_CURVE ( 'NONE', #5835, #1070, #127, .T. ) ;
#3007 = EDGE_CURVE ( 'NONE', #10520, #9641, #4933, .T. ) ;
#3008 = B_SPLINE_CURVE_WITH_KNOTS ( 'NONE', 3,
 ( #2053, #8674, #5472, #1250 ),
 .UNSPECIFIED., .F., .F.,
 ( 4, 4 ),
 ( 0.06060606060606065632, 0.9393939393939395588 ),
 .UNSPECIFIED. ) ;
#3009 = CARTESIAN_POINT ( 'NONE',  ( 20.30510779970761703, 2.648745683208483026, -1.500000000000000222 ) ) ;
#3010 = ORIENTED_EDGE ( 'NONE', *, *, #3833, .T. ) ;
#3011 = ADVANCED_FACE ( 'NONE', ( #1789 ), #3292, .F. ) ;
#3012 = CARTESIAN_POINT ( 'NONE',  ( 26.42500000000000426, 20.00000000000000355, 0.000000000000000000 ) ) ;
#3013 = DIRECTION ( 'NONE',  ( -0.000000000000000000, -0.000000000000000000, -1.000000000000000000 ) ) ;
#3014 = PLANE ( 'NONE',  #4218 ) ;
#3015 = EDGE_LOOP ( 'NONE', ( #5328, #1296, #7856, #3708, #8788 ) ) ;
#3016 = CARTESIAN_POINT ( 'NONE',  ( 93.74433197061165401, 17.82569441078556238, -18.49999999999999645 ) ) ;
#3017 = VECTOR ( 'NONE', #7097, 1000.000000000000000 ) ;
#3018 = ORIENTED_EDGE ( 'NONE', *, *, #8111, .F. ) ;
#3019 = LINE ( 'NONE', #9592, #1530 ) ;
#3020 = ORIENTED_EDGE ( 'NONE', *, *, #4078, .F. ) ;
#3021 = CARTESIAN_POINT ( 'NONE',  ( 19.80000000000000426, 2.999999999999999112, -7.744272920799767590 ) ) ;
#3022 = ORIENTED_EDGE ( 'NONE', *, *, #10165, .T. ) ;
#3023 = EDGE_CURVE ( 'NONE', #7907, #2158, #5036, .T. ) ;
#3024 =( BOUNDED_CURVE ( )  B_SPLINE_CURVE ( 3, ( #7830, #10342, #7141, #7782 ),
 .UNSPECIFIED., .F., .F. ) 
 B_SPLINE_CURVE_WITH_KNOTS ( ( 4, 4 ),
 ( 4.082246578227958445, 4.712388980384687898 ),
 .UNSPECIFIED. ) 
 CURVE ( )  GEOMETRIC_REPRESENTATION_ITEM ( )  RATIONAL_B_SPLINE_CURVE ( ( 1.000000000000000000, 0.9671828781580998902, 0.9671828781580998902, 1.000000000000000000 ) ) 
 REPRESENTATION_ITEM ( '' )  );
#3025 = CARTESIAN_POINT ( 'NONE',  ( 34.21492637635664380, 18.11602497579403348, -18.50000000000000355 ) ) ;
#3026 = CARTESIAN_POINT ( 'NONE',  ( 58.99975000000002012, 2.153954234325363259, -1.500000000000000444 ) ) ;
#3027 = CARTESIAN_POINT ( 'NONE',  ( 39.39975000000000449, 2.000000000000000000, -2.893084275847616293 ) ) ;
#3028 = CARTESIAN_POINT ( 'NONE',  ( 66.92300350039711532, 2.999999999999999112, -7.423951128325072091 ) ) ;
#3029 = CARTESIAN_POINT ( 'NONE',  ( 102.6551680293882498, 18.50000000000000355, -18.50000000000000355 ) ) ;
#3030 = VERTEX_POINT ( 'NONE', #9859 ) ;
#3031 = CARTESIAN_POINT ( 'NONE',  ( 24.69974999999994836, 2.000000000000000000, -16.96018989328458559 ) ) ;
#3032 = CARTESIAN_POINT ( 'NONE',  ( 104.8250000000000171, 2.000000000000000000, 0.000000000000000000 ) ) ;
#3033 = CARTESIAN_POINT ( 'NONE',  ( 19.80000000000000071, 18.49999996443527550, -5.130744622132419330 ) ) ;
#3034 = ORIENTED_EDGE ( 'NONE', *, *, #9243, .T. ) ;
#3035 = AXIS2_PLACEMENT_3D ( 'NONE', #5381, #1319, #5543 ) ;
#3036 = CARTESIAN_POINT ( 'NONE',  ( 73.69974999999996612, 18.50000000000000355, -16.96018989328458204 ) ) ;
#3037 = CARTESIAN_POINT ( 'NONE',  ( 14.89974999999992278, 18.50000000000000355, -14.72273073147576028 ) ) ;
#3038 = CARTESIAN_POINT ( 'NONE',  ( 19.80000000000000426, 17.50000000000000000, -7.744272920799769366 ) ) ;
#3039 = ORIENTED_EDGE ( 'NONE', *, *, #2209, .T. ) ;
#3040 = CARTESIAN_POINT ( 'NONE',  ( 29.43794430587992039, 18.50000000000000355, -8.134302868623109362 ) ) ;
#3041 = LINE ( 'NONE', #5555, #8204 ) ;
#3042 = ORIENTED_EDGE ( 'NONE', *, *, #6140, .T. ) ;
#3043 = EDGE_CURVE ( 'NONE', #746, #2644, #7463, .T. ) ;
#3044 = CARTESIAN_POINT ( 'NONE',  ( 18.07474999999993770, 20.00000000000000355, -20.00000000000000000 ) ) ;
#3045 = ORIENTED_EDGE ( 'NONE', *, *, #945, .T. ) ;
#3046 = ORIENTED_EDGE ( 'NONE', *, *, #7446, .T. ) ;
#3047 = ADVANCED_FACE ( 'NONE', ( #9702 ), #7359, .T. ) ;
#3048 = ORIENTED_EDGE ( 'NONE', *, *, #3283, .T. ) ;
#3049 = ORIENTED_EDGE ( 'NONE', *, *, #2354, .F. ) ;
#3050 = VECTOR ( 'NONE', #6920, 1000.000000000000000 ) ;
#3051 = EDGE_CURVE ( 'NONE', #2166, #935, #3389, .T. ) ;
#3052 = CARTESIAN_POINT ( 'NONE',  ( 16.07524443537454317, 18.50000000000000355, -6.658584263594879538 ) ) ;
#3053 = CARTESIAN_POINT ( 'NONE',  ( 92.85516802938823844, 17.50000000000000000, -18.50000000000000355 ) ) ;
#3054 = LINE ( 'NONE', #2359, #1916 ) ;
#3055 = CARTESIAN_POINT ( 'NONE',  ( 83.94433197061165686, 17.82569441078556949, -18.50000000000000000 ) ) ;
#3056 = DIRECTION ( 'NONE',  ( 0.3826350148337051005, 0.000000000000000000, -0.9238995862230972023 ) ) ;
#3057 = DIRECTION ( 'NONE',  ( -0.000000000000000000, -0.000000000000000000, -1.000000000000000000 ) ) ;
#3058 = EDGE_LOOP ( 'NONE', ( #1306, #8419, #1448, #3719, #3618, #6814 ) ) ;
#3059 = AXIS2_PLACEMENT_3D ( 'NONE', #5501, #4523, #641 ) ;
#3060 = DIRECTION ( 'NONE',  ( -1.000000000000000000, 0.000000000000000000, -0.000000000000000000 ) ) ;
#3061 = CARTESIAN_POINT ( 'NONE',  ( 29.59975000000002865, 18.50000000000000355, -5.130543437656453598 ) ) ;
#3062 = LINE ( 'NONE', #662, #10312 ) ;
#3063 = ORIENTED_EDGE ( 'NONE', *, *, #5549, .F. ) ;
#3064 = VECTOR ( 'NONE', #10071, 1000.000000000000000 ) ;
#3065 = CARTESIAN_POINT ( 'NONE',  ( 96.47474999999994338, 2.000000000000000000, -18.50000000000000000 ) ) ;
#3066 = ORIENTED_EDGE ( 'NONE', *, *, #2786, .T. ) ;
#3067 = CARTESIAN_POINT ( 'NONE',  ( 19.80000000000000782, 17.50000000000000000, -7.743065814018601500 ) ) ;
#3068 = ORIENTED_EDGE ( 'NONE', *, *, #8249, .F. ) ;
#3069 = DIRECTION ( 'NONE',  ( 1.000000000000000000, -0.000000000000000000, 2.105213941857284477E-15 ) ) ;
#3070 = ORIENTED_EDGE ( 'NONE', *, *, #8399, .T. ) ;
#3071 = AXIS2_PLACEMENT_3D ( 'NONE', #9688, #6439, #8040 ) ;
#3072 = ADVANCED_FACE ( 'NONE', ( #985 ), #8903, .F. ) ;
#3073 = DIRECTION ( 'NONE',  ( 0.3826834323650956105, 0.000000000000000000, 0.9238795325112842960 ) ) ;
#3074 = VECTOR ( 'NONE', #463, 1000.000000000000000 ) ;
#3075 = CARTESIAN_POINT ( 'NONE',  ( 58.99975000000001302, 2.000000000000000000, -2.893084275847616738 ) ) ;
#3076 = VECTOR ( 'NONE', #8618, 1000.000000000000000 ) ;
#3077 = CARTESIAN_POINT ( 'NONE',  ( 99.78750000000000853, 2.000000000000000000, -1.500000000000000888 ) ) ;
#3078 = CARTESIAN_POINT ( 'NONE',  ( 37.81200000000001182, 20.00000000000000355, -1.499999999999999556 ) ) ;
#3079 = CARTESIAN_POINT ( 'NONE',  ( 98.19989330582617981, 2.000000000000000000, -10.35683949133576753 ) ) ;
#3080 = ORIENTED_EDGE ( 'NONE', *, *, #1728, .F. ) ;
#3081 = DIRECTION ( 'NONE',  ( -0.000000000000000000, -1.000000000000000000, -0.000000000000000000 ) ) ;
#3082 = VECTOR ( 'NONE', #6645, 1000.000000000000000 ) ;
#3083 = LINE ( 'NONE', #3927, #5658 ) ;
#3084 = ORIENTED_EDGE ( 'NONE', *, *, #10555, .F. ) ;
#3085 = CARTESIAN_POINT ( 'NONE',  ( 19.80000000000000426, 18.50000000000000355, -10.35619174377131380 ) ) ;
#3086 = EDGE_CURVE ( 'NONE', #7389, #545, #6564, .T. ) ;
#3087 = AXIS2_PLACEMENT_3D ( 'NONE', #5060, #323, #7702 ) ;
#3088 = VECTOR ( 'NONE', #101, 1000.000000000000000 ) ;
#3089 =( BOUNDED_CURVE ( )  B_SPLINE_CURVE ( 3, ( #2853, #1089, #7611, #287 ),
 .UNSPECIFIED., .F., .F. ) 
 B_SPLINE_CURVE_WITH_KNOTS ( ( 4, 4 ),
 ( 3.141592653589793116, 4.082246578227948675 ),
 .UNSPECIFIED. ) 
 CURVE ( )  GEOMETRIC_REPRESENTATION_ITEM ( )  RATIONAL_B_SPLINE_CURVE ( ( 1.000000000000000000, 0.9276134425277025031, 0.9276134425277025031, 1.000000000000000000 ) ) 
 REPRESENTATION_ITEM ( '' )  );
#3090 = DIRECTION ( 'NONE',  ( 1.000000000000000000, -0.000000000000000000, -1.239088197126290817E-16 ) ) ;
#3091 = LINE ( 'NONE', #5552, #9249 ) ;
#3092 = ORIENTED_EDGE ( 'NONE', *, *, #5263, .F. ) ;
#3093 = CYLINDRICAL_SURFACE ( 'NONE', #3395, 1.000000000000002665 ) ;
#3094 = ADVANCED_FACE ( 'NONE', ( #9912 ), #8955, .T. ) ;
#3095 = LINE ( 'NONE', #9457, #6685 ) ;
#3096 = VECTOR ( 'NONE', #6598, 1000.000000000000000 ) ;
#3097 = ORIENTED_EDGE ( 'NONE', *, *, #1722, .T. ) ;
#3098 = CARTESIAN_POINT ( 'NONE',  ( 11.00000000000000355, 2.999999999999999112, -2.694775461858569088 ) ) ;
#3099 = ORIENTED_EDGE ( 'NONE', *, *, #8236, .T. ) ;
#3100 = ORIENTED_EDGE ( 'NONE', *, *, #6385, .T. ) ;
#3101 = ORIENTED_EDGE ( 'NONE', *, *, #5722, .T. ) ;
#3102 = CARTESIAN_POINT ( 'NONE',  ( 93.29974999999994623, 18.43380900354983254, -18.04903699352148294 ) ) ;
#3103 = AXIS2_PLACEMENT_3D ( 'NONE', #5279, #8549, #5928 ) ;
#3104 = PLANE ( 'NONE',  #8709 ) ;
#3105 = DIRECTION ( 'NONE',  ( 1.674864028128318568E-16, 0.000000000000000000, 1.000000000000000000 ) ) ;
#3106 = CARTESIAN_POINT ( 'NONE',  ( -10.00000000000000000, 10.00000000000000000, 0.000000000000000000 ) ) ;
#3107 = DIRECTION ( 'NONE',  ( 0.3826834323650853964, -0.000000000000000000, -0.9238795325112885148 ) ) ;
#3108 = DIRECTION ( 'NONE',  ( -0.9238795325112884038, 0.000000000000000000, -0.3826834323650857850 ) ) ;
#3109 = EDGE_CURVE ( 'NONE', #9106, #5209, #5645, .T. ) ;
#3110 = VECTOR ( 'NONE', #1612, 1000.000000000000114 ) ;
#3111 = ORIENTED_EDGE ( 'NONE', *, *, #5874, .F. ) ;
#3112 = EDGE_CURVE ( 'NONE', #6716, #1825, #4449, .T. ) ;
#3113 = EDGE_CURVE ( 'NONE', #6339, #4841, #9270, .T. ) ;
#3114 = FACE_OUTER_BOUND ( 'NONE', #2935, .T. ) ;
#3115 = FACE_OUTER_BOUND ( 'NONE', #1214, .T. ) ;
#3116 = CARTESIAN_POINT ( 'NONE',  ( 29.92141231303840243, 18.15878848121910139, -1.499999999999999778 ) ) ;
#3117 = ORIENTED_EDGE ( 'NONE', *, *, #4823, .T. ) ;
#3118 = ORIENTED_EDGE ( 'NONE', *, *, #5783, .T. ) ;
#3119 = CARTESIAN_POINT ( 'NONE',  ( 0.000000000000000000, 2.000000000000000000, 0.000000000000000000 ) ) ;
#3120 = ORIENTED_EDGE ( 'NONE', *, *, #3274, .F. ) ;
#3121 = CARTESIAN_POINT ( 'NONE',  ( 24.69974999999993770, 17.50000000000000000, -12.10960480172301423 ) ) ;
#3122 = VECTOR ( 'NONE', #3356, 1000.000000000000000 ) ;
#3123 = VERTEX_POINT ( 'NONE', #3497 ) ;
#3124 = LINE ( 'NONE', #3818, #4876 ) ;
#3125 = DIRECTION ( 'NONE',  ( -0.9238795325112885148, 0.000000000000000000, -0.3826834323650853964 ) ) ;
#3126 = VECTOR ( 'NONE', #633, 1000.000000000000000 ) ;
#3127 = DIRECTION ( 'NONE',  ( -0.000000000000000000, -0.000000000000000000, -1.000000000000000000 ) ) ;
#3128 = CARTESIAN_POINT ( 'NONE',  ( 24.69974999999995191, 2.999999999999999112, -16.96018989328458204 ) ) ;
#3129 = DIRECTION ( 'NONE',  ( 1.000000000000000000, -0.000000000000000000, 0.000000000000000000 ) ) ;
#3130 = ORIENTED_EDGE ( 'NONE', *, *, #2720, .T. ) ;
#3131 = LINE ( 'NONE', #1523, #9540 ) ;
#3132 = DIRECTION ( 'NONE',  ( -0.3826834323650856740, 0.000000000000000000, 0.9238795325112884038 ) ) ;
#3133 = FACE_OUTER_BOUND ( 'NONE', #2714, .T. ) ;
#3134 = ORIENTED_EDGE ( 'NONE', *, *, #1958, .F. ) ;
#3135 = CARTESIAN_POINT ( 'NONE',  ( 78.60000000000000853, 20.00000000000000355, -10.35679529716193592 ) ) ;
#3136 = ADVANCED_FACE ( 'NONE', ( #7671 ), #9966, .T. ) ;
#3137 = ADVANCED_FACE ( 'NONE', ( #4395 ), #5210, .T. ) ;
#3138 = DIRECTION ( 'NONE',  ( 0.000000000000000000, 0.000000000000000000, 1.000000000000000000 ) ) ;
#3139 = VECTOR ( 'NONE', #3057, 1000.000000000000000 ) ;
#3140 = ADVANCED_FACE ( 'NONE', ( #5313 ), #2807, .T. ) ;
#3141 = FACE_OUTER_BOUND ( 'NONE', #1900, .T. ) ;
#3142 = LINE ( 'NONE', #9400, #8739 ) ;
#3143 = ORIENTED_EDGE ( 'NONE', *, *, #7992, .T. ) ;
#3144 = DIRECTION ( 'NONE',  ( -1.000000000000000000, 0.000000000000000000, -0.000000000000000000 ) ) ;
#3145 = CARTESIAN_POINT ( 'NONE',  ( 34.49974999999994196, 18.43380900354983254, -18.04903699352147584 ) ) ;
#3146 = VERTEX_POINT ( 'NONE', #6878 ) ;
#3147 = LINE ( 'NONE', #6420, #3122 ) ;
#3148 = ORIENTED_EDGE ( 'NONE', *, *, #7583, .T. ) ;
#3149 = EDGE_LOOP ( 'NONE', ( #4046, #10572, #6445, #8175 ) ) ;
#3150 = ORIENTED_EDGE ( 'NONE', *, *, #3458, .F. ) ;
#3151 = EDGE_CURVE ( 'NONE', #8989, #10307, #9154, .T. ) ;
#3152 = AXIS2_PLACEMENT_3D ( 'NONE', #5083, #6065, #1192 ) ;
#3153 = DIRECTION ( 'NONE',  ( 1.000000000000000000, 0.000000000000000000, 0.000000000000000000 ) ) ;
#3154 = CARTESIAN_POINT ( 'NONE',  ( 10.00000000000000000, 20.00000000000000355, -10.35739885055255627 ) ) ;
#3155 = CARTESIAN_POINT ( 'NONE',  ( 108.0000000000000142, 20.00000000000000355, 0.000000000000000000 ) ) ;
#3156 = CARTESIAN_POINT ( 'NONE',  ( 18.21200000000000685, 20.00000000000000355, -1.499999999999999556 ) ) ;
#3157 = CYLINDRICAL_SURFACE ( 'NONE', #1261, 1.000000000000003109 ) ;
#3158 = ORIENTED_EDGE ( 'NONE', *, *, #6161, .F. ) ;
#3159 = CYLINDRICAL_SURFACE ( 'NONE', #356, 0.9999999999999991118 ) ;
#3160 = CARTESIAN_POINT ( 'NONE',  ( 26.42500000000000426, 20.00000000000000355, 0.000000000000000000 ) ) ;
#3161 =( BOUNDED_CURVE ( )  B_SPLINE_CURVE ( 3, ( #5329, #6410, #9657, #3981 ),
 .UNSPECIFIED., .F., .F. ) 
 B_SPLINE_CURVE_WITH_KNOTS ( ( 4, 4 ),
 ( 5.342531382541433338, 6.283185307179586232 ),
 .UNSPECIFIED. ) 
 CURVE ( )  GEOMETRIC_REPRESENTATION_ITEM ( )  RATIONAL_B_SPLINE_CURVE ( ( 1.000000000000000000, 0.9276134425277029472, 0.9276134425277029472, 1.000000000000000000 ) ) 
 REPRESENTATION_ITEM ( '' )  );
#3162 = EDGE_CURVE ( 'NONE', #3876, #7625, #1836, .T. ) ;
#3163 = DIRECTION ( 'NONE',  ( -1.000000000000000000, 0.000000000000000000, 0.000000000000000000 ) ) ;
#3164 = ORIENTED_EDGE ( 'NONE', *, *, #4399, .T. ) ;
#3165 = ORIENTED_EDGE ( 'NONE', *, *, #5766, .T. ) ;
#3166 = FACE_OUTER_BOUND ( 'NONE', #3649, .T. ) ;
#3167 = EDGE_LOOP ( 'NONE', ( #8581, #1897, #2033, #9950 ) ) ;
#3168 = CARTESIAN_POINT ( 'NONE',  ( 49.96182383839119723, 18.50000000000000355, -8.516986300988198977 ) ) ;
#3169 = EDGE_CURVE ( 'NONE', #295, #5277, #3421, .T. ) ;
#3170 = EDGE_CURVE ( 'NONE', #3960, #10238, #5264, .T. ) ;
#3171 = ORIENTED_EDGE ( 'NONE', *, *, #8920, .F. ) ;
#3172 = DIRECTION ( 'NONE',  ( -0.3826834323650857850, 0.000000000000000000, 0.9238795325112884038 ) ) ;
#3173 = PLANE ( 'NONE',  #8186 ) ;
#3174 = EDGE_CURVE ( 'NONE', #3465, #5973, #1255, .T. ) ;
#3175 = LINE ( 'NONE', #9696, #5908 ) ;
#3176 = DIRECTION ( 'NONE',  ( 1.000000000000000000, -0.000000000000000000, 2.105213941857293549E-15 ) ) ;
#3177 = PLANE ( 'NONE',  #2634 ) ;
#3178 = EDGE_LOOP ( 'NONE', ( #1793, #8990, #9155, #10271, #8810, #7355 ) ) ;
#3179 = DIRECTION ( 'NONE',  ( -1.000000000000000000, 0.000000000000000000, -0.000000000000000000 ) ) ;
#3180 = CARTESIAN_POINT ( 'NONE',  ( -4.000000000000000000, 11.50000000000000000, -4.999999999999999112 ) ) ;
#3181 = CARTESIAN_POINT ( 'NONE',  ( 26.42500000000000426, 18.50000000000000355, -1.500000000000000000 ) ) ;
#3182 = EDGE_LOOP ( 'NONE', ( #6943, #34, #6970, #10250 ) ) ;
#3183 = CARTESIAN_POINT ( 'NONE',  ( 54.54433197061165117, 17.50000000000000000, -18.50000000000000000 ) ) ;
#3184 = DIRECTION ( 'NONE',  ( 0.3826834323650853964, 0.000000000000000000, -0.9238795325112885148 ) ) ;
#3185 = EDGE_CURVE ( 'NONE', #4568, #3924, #9212, .T. ) ;
#3186 = ADVANCED_FACE ( 'NONE', ( #2642 ), #183, .F. ) ;
#3187 = DIRECTION ( 'NONE',  ( -0.3826834323650958325, -0.000000000000000000, -0.9238795325112842960 ) ) ;
#3188 = CYLINDRICAL_SURFACE ( 'NONE', #2230, 1.000000000000002665 ) ;
#3189 = AXIS2_PLACEMENT_3D ( 'NONE', #7476, #2605, #9121 ) ;
#3190 = VERTEX_POINT ( 'NONE', #6721 ) ;
#3191 = CARTESIAN_POINT ( 'NONE',  ( 52.37500000000000711, 18.50000000000000355, 0.000000000000000000 ) ) ;
#3192 = CARTESIAN_POINT ( 'NONE',  ( 29.59975000000000378, 18.50000000000000355, -2.893084275847612741 ) ) ;
#3193 = EDGE_CURVE ( 'NONE', #10515, #7017, #5089, .T. ) ;
#3194 = CARTESIAN_POINT ( 'NONE',  ( 20.12141231303839817, 18.15878848121910139, -1.500000000000000444 ) ) ;
#3195 = EDGE_LOOP ( 'NONE', ( #6511, #2693, #10475, #10192, #6799, #15, #571 ) ) ;
#3196 = CARTESIAN_POINT ( 'NONE',  ( 74.87524443537455454, 18.50000000000000355, -6.658584263594879538 ) ) ;
#3197 = VERTEX_POINT ( 'NONE', #8366 ) ;
#3198 = EDGE_LOOP ( 'NONE', ( #241, #6633, #6223, #1650 ) ) ;
#3199 = ORIENTED_EDGE ( 'NONE', *, *, #1604, .F. ) ;
#3200 = CARTESIAN_POINT ( 'NONE',  ( 29.59975000000002154, 18.50000000000000355, -6.661277167116807618 ) ) ;
#3201 = EDGE_CURVE ( 'NONE', #6002, #9995, #7568, .T. ) ;
#3202 = LINE ( 'NONE', #8815, #2228 ) ;
#3203 = CARTESIAN_POINT ( 'NONE',  ( 83.49974999999994907, 18.50000000000000355, -16.96018989328461402 ) ) ;
#3204 = CARTESIAN_POINT ( 'NONE',  ( 29.59989330582617839, 2.000000000000000000, -10.35683949133576576 ) ) ;
#3205 = DIRECTION ( 'NONE',  ( 0.9238995862230972023, -0.000000000000000000, 0.3826350148337051005 ) ) ;
#3206 = EDGE_CURVE ( 'NONE', #4234, #7920, #1097, .T. ) ;
#3207 = VECTOR ( 'NONE', #8626, 1000.000000000000000 ) ;
#3208 = LINE ( 'NONE', #5826, #2802 ) ;
#3209 = ORIENTED_EDGE ( 'NONE', *, *, #8525, .T. ) ;
#3210 = DIRECTION ( 'NONE',  ( 0.3826834323650958325, -0.000000000000000000, 0.9238795325112842960 ) ) ;
#3211 = CARTESIAN_POINT ( 'NONE',  ( 68.79975000000003149, 18.08578643762690774, -7.743669367409189874 ) ) ;
#3212 = DIRECTION ( 'NONE',  ( 0.000000000000000000, -0.000000000000000000, 1.000000000000000000 ) ) ;
#3213 = DIRECTION ( 'NONE',  ( 0.000000000000000000, 0.000000000000000000, -1.000000000000000000 ) ) ;
#3214 = FACE_OUTER_BOUND ( 'NONE', #9262, .T. ) ;
#3215 = EDGE_LOOP ( 'NONE', ( #10180, #8119, #3689, #250 ) ) ;
#3216 = EDGE_CURVE ( 'NONE', #5839, #5027, #2750, .T. ) ;
#3217 = ORIENTED_EDGE ( 'NONE', *, *, #8338, .T. ) ;
#3218 = VECTOR ( 'NONE', #725, 1000.000000000000114 ) ;
#3219 = VERTEX_POINT ( 'NONE', #6285 ) ;
#3220 = ORIENTED_EDGE ( 'NONE', *, *, #5319, .T. ) ;
#3221 =( BOUNDED_CURVE ( )  B_SPLINE_CURVE ( 3, ( #3265, #9131, #1766, #9082 ),
 .UNSPECIFIED., .F., .F. ) 
 B_SPLINE_CURVE_WITH_KNOTS ( ( 4, 4 ),
 ( 3.141592653589793116, 4.712388980384694115 ),
 .UNSPECIFIED. ) 
 CURVE ( )  GEOMETRIC_REPRESENTATION_ITEM ( )  RATIONAL_B_SPLINE_CURVE ( ( 1.000000000000000000, 0.8047378541243640493, 0.8047378541243640493, 1.000000000000000000 ) ) 
 REPRESENTATION_ITEM ( '' )  );
#3222 = DIRECTION ( 'NONE',  ( -0.000000000000000000, -1.000000000000000000, -0.000000000000000000 ) ) ;
#3223 = CARTESIAN_POINT ( 'NONE',  ( 58.99975000000001302, 1.999999999999998668, -2.396757161635501898 ) ) ;
#3224 = VECTOR ( 'NONE', #10014, 1000.000000000000000 ) ;
#3225 = AXIS2_PLACEMENT_3D ( 'NONE', #605, #1336, #5348 ) ;
#3226 = ADVANCED_FACE ( 'NONE', ( #5477 ), #10391, .F. ) ;
#3227 = EDGE_CURVE ( 'NONE', #3030, #1649, #9484, .T. ) ;
#3228 = VECTOR ( 'NONE', #927, 999.9999999999998863 ) ;
#3229 = CARTESIAN_POINT ( 'NONE',  ( 107.0000000000000142, 17.50000000000000000, -2.693568355077366583 ) ) ;
#3230 = CARTESIAN_POINT ( 'NONE',  ( 98.19975000000002296, 2.000000000000000000, -2.893084275847624731 ) ) ;
#3231 = DIRECTION ( 'NONE',  ( -1.000000000000000000, -0.000000000000000000, -0.000000000000000000 ) ) ;
#3232 = ORIENTED_EDGE ( 'NONE', *, *, #1417, .T. ) ;
#3233 = CARTESIAN_POINT ( 'NONE',  ( 88.40000000000000568, 20.00000000000000355, -10.35679529716193592 ) ) ;
#3234 = CARTESIAN_POINT ( 'NONE',  ( 44.29974999999994623, 2.999999999999999112, -12.10960480172301423 ) ) ;
#3235 = ORIENTED_EDGE ( 'NONE', *, *, #3954, .F. ) ;
#3236 = FACE_OUTER_BOUND ( 'NONE', #10523, .T. ) ;
#3237 = ORIENTED_EDGE ( 'NONE', *, *, #3394, .F. ) ;
#3238 = ORIENTED_EDGE ( 'NONE', *, *, #2921, .T. ) ;
#3239 = CARTESIAN_POINT ( 'NONE',  ( 49.00000000000000711, 18.50000000000000355, -1.500000000000000000 ) ) ;
#3240 = CARTESIAN_POINT ( 'NONE',  ( 86.67474999999994623, 2.000000000000000000, -20.00000000000000000 ) ) ;
#3241 = ADVANCED_FACE ( 'NONE', ( #6394 ), #4611, .T. ) ;
#3242 = VECTOR ( 'NONE', #1890, 1000.000000000000000 ) ;
#3243 = VECTOR ( 'NONE', #6636, 1000.000000000000000 ) ;
#3244 = VECTOR ( 'NONE', #5912, 1000.000000000000000 ) ;
#3245 = EDGE_CURVE ( 'NONE', #3409, #714, #10290, .T. ) ;
#3246 = EDGE_CURVE ( 'NONE', #3510, #6077, #8678, .T. ) ;
#3247 = AXIS2_PLACEMENT_3D ( 'NONE', #1197, #2058, #353 ) ;
#3248 = CARTESIAN_POINT ( 'NONE',  ( 10.00000000000000000, 11.50000000000000000, -15.10000000000000142 ) ) ;
#3249 = CARTESIAN_POINT ( 'NONE',  ( 81.77500000000001990, 18.50000000000000355, -1.500000000000000000 ) ) ;
#3250 = ORIENTED_EDGE ( 'NONE', *, *, #9962, .T. ) ;
#3251 = DIRECTION ( 'NONE',  ( -1.000000000000000000, 0.000000000000000000, -0.000000000000000000 ) ) ;
#3252 = LINE ( 'NONE', #3457, #9582 ) ;
#3253 = ORIENTED_EDGE ( 'NONE', *, *, #8018, .T. ) ;
#3254 = AXIS2_PLACEMENT_3D ( 'NONE', #1049, #7418, #940 ) ;
#3255 = CARTESIAN_POINT ( 'NONE',  ( 88.90510779970762201, 2.999999999999999112, -1.500000000000000000 ) ) ;
#3256 = VERTEX_POINT ( 'NONE', #6233 ) ;
#3257 = AXIS2_PLACEMENT_3D ( 'NONE', #2454, #8117, #790 ) ;
#3258 = EDGE_LOOP ( 'NONE', ( #3813, #1578, #6783, #6677 ) ) ;
#3259 = VERTEX_POINT ( 'NONE', #10233 ) ;
#3260 = VECTOR ( 'NONE', #9099, 1000.000000000000000 ) ;
#3261 = CARTESIAN_POINT ( 'NONE',  ( 21.52474999999994054, 18.50000000000000355, -18.50000000000000000 ) ) ;
#3262 = FACE_OUTER_BOUND ( 'NONE', #3195, .T. ) ;
#3263 = DIRECTION ( 'NONE',  ( 0.000000000000000000, 0.000000000000000000, -1.000000000000000000 ) ) ;
#3264 = CARTESIAN_POINT ( 'NONE',  ( 92.85516802938825265, 2.999999999999999112, -18.50000000000001066 ) ) ;
#3265 = CARTESIAN_POINT ( 'NONE',  ( 73.69974999999993770, 2.999999999999999112, -12.10960480172301423 ) ) ;
#3266 = CARTESIAN_POINT ( 'NONE',  ( 106.2747499999999405, 2.000000000000000000, -20.00000000000000000 ) ) ;
#3267 = ORIENTED_EDGE ( 'NONE', *, *, #9748, .F. ) ;
#3268 = EDGE_CURVE ( 'NONE', #9406, #7219, #6982, .T. ) ;
#3269 = AXIS2_PLACEMENT_3D ( 'NONE', #8187, #4113, #10537 ) ;
#3270 = FACE_OUTER_BOUND ( 'NONE', #1790, .T. ) ;
#3271 = DIRECTION ( 'NONE',  ( 0.3826834323650853964, -0.000000000000000000, -0.9238795325112885148 ) ) ;
#3272 = LINE ( 'NONE', #9946, #5502 ) ;
#3273 = CARTESIAN_POINT ( 'NONE',  ( 90.12474999999994907, 20.00000000000000355, -20.00000000000000000 ) ) ;
#3274 = EDGE_CURVE ( 'NONE', #1701, #7480, #2115, .T. ) ;
#3275 = LINE ( 'NONE', #4915, #6462 ) ;
#3276 = ORIENTED_EDGE ( 'NONE', *, *, #2092, .T. ) ;
#3277 = VECTOR ( 'NONE', #3727, 1000.000000000000000 ) ;
#3278 = ORIENTED_EDGE ( 'NONE', *, *, #4208, .T. ) ;
#3279 = ORIENTED_EDGE ( 'NONE', *, *, #4757, .T. ) ;
#3280 = DIRECTION ( 'NONE',  ( -0.000000000000000000, -0.000000000000000000, 1.000000000000000000 ) ) ;
#3281 = EDGE_LOOP ( 'NONE', ( #8578, #9983, #10013, #846, #8310 ) ) ;
#3282 = VECTOR ( 'NONE', #1050, 1000.000000000000000 ) ;
#3283 = EDGE_CURVE ( 'NONE', #2611, #4900, #3862, .T. ) ;
#3284 = ORIENTED_EDGE ( 'NONE', *, *, #4313, .F. ) ;
#3285 = DIRECTION ( 'NONE',  ( 1.000000000000000000, 0.000000000000000000, 0.000000000000000000 ) ) ;
#3286 = DIRECTION ( 'NONE',  ( -0.3826834323650958325, -0.000000000000000000, -0.9238795325112842960 ) ) ;
#3287 = DIRECTION ( 'NONE',  ( 1.000000000000000000, -0.000000000000000000, -0.000000000000000000 ) ) ;
#3288 = ORIENTED_EDGE ( 'NONE', *, *, #5511, .T. ) ;
#3289 = CARTESIAN_POINT ( 'NONE',  ( 63.89974999999996186, 2.000000000000000000, -9.496478871970266411 ) ) ;
#3290 = CARTESIAN_POINT ( 'NONE',  ( 73.69974999999993770, 18.50000000000000711, -13.19199700201540715 ) ) ;
#3291 = ORIENTED_EDGE ( 'NONE', *, *, #9417, .F. ) ;
#3292 = CYLINDRICAL_SURFACE ( 'NONE', #1658, 1.000000000000003109 ) ;
#3293 = ORIENTED_EDGE ( 'NONE', *, *, #3625, .T. ) ;
#3294 = VERTEX_POINT ( 'NONE', #6343 ) ;
#3295 = CARTESIAN_POINT ( 'NONE',  ( 0.000000000000000000, 18.50000000000000355, 0.000000000000000000 ) ) ;
#3296 =( BOUNDED_CURVE ( )  B_SPLINE_CURVE ( 3, ( #7472, #2451, #2397, #5804 ),
 .UNSPECIFIED., .F., .F. ) 
 B_SPLINE_CURVE_WITH_KNOTS ( ( 4, 4 ),
 ( 2.133068898117262080, 3.141592653589793116 ),
 .UNSPECIFIED. ) 
 CURVE ( )  GEOMETRIC_REPRESENTATION_ITEM ( )  RATIONAL_B_SPLINE_CURVE ( ( 1.000000000000000000, 0.9170208966857409383, 0.9170208966857409383, 1.000000000000000000 ) ) 
 REPRESENTATION_ITEM ( '' )  );
#3297 = EDGE_CURVE ( 'NONE', #2345, #2407, #3024, .T. ) ;
#3298 = VECTOR ( 'NONE', #2995, 1000.000000000000114 ) ;
#3299 = PLANE ( 'NONE',  #6881 ) ;
#3300 = DIRECTION ( 'NONE',  ( -0.9238795325112846291, 0.000000000000000000, 0.3826834323650947778 ) ) ;
#3301 = VERTEX_POINT ( 'NONE', #3067 ) ;
#3302 = PLANE ( 'NONE',  #9026 ) ;
#3303 = ADVANCED_FACE ( 'NONE', ( #7987 ), #5368, .F. ) ;
#3304 = DIRECTION ( 'NONE',  ( -0.9238795325112844070, 0.000000000000000000, 0.3826834323650954994 ) ) ;
#3305 = ORIENTED_EDGE ( 'NONE', *, *, #5053, .F. ) ;
#3306 = CARTESIAN_POINT ( 'NONE',  ( 67.23634029509841525, 18.50000000000000355, 3.494446567024352746 ) ) ;
#3307 = VERTEX_POINT ( 'NONE', #2969 ) ;
#3308 = VECTOR ( 'NONE', #9803, 1000.000000000000000 ) ;
#3309 = EDGE_CURVE ( 'NONE', #7953, #7709, #3019, .T. ) ;
#3310 = ORIENTED_EDGE ( 'NONE', *, *, #9114, .T. ) ;
#3311 = EDGE_CURVE ( 'NONE', #4081, #990, #9534, .T. ) ;
#3312 = ORIENTED_EDGE ( 'NONE', *, *, #3162, .F. ) ;
#3313 = VECTOR ( 'NONE', #3615, 1000.000000000000114 ) ;
#3314 = LINE ( 'NONE', #3361, #4927 ) ;
#3315 = CARTESIAN_POINT ( 'NONE',  ( 0.000000000000000000, 2.000000000000000000, 0.000000000000000000 ) ) ;
#3316 = CYLINDRICAL_SURFACE ( 'NONE', #1403, 0.9999999999999998890 ) ;
#3317 = DIRECTION ( 'NONE',  ( 1.000000000000000000, -0.000000000000000000, -0.000000000000000000 ) ) ;
#3318 = PLANE ( 'NONE',  #8552 ) ;
#3319 = DIRECTION ( 'NONE',  ( 1.000000000000000000, 0.000000000000000000, 0.000000000000000000 ) ) ;
#3320 = ORIENTED_EDGE ( 'NONE', *, *, #10099, .T. ) ;
#3321 = VECTOR ( 'NONE', #7296, 999.9999999999998863 ) ;
#3322 = CARTESIAN_POINT ( 'NONE',  ( 0.000000000000000000, 2.000000000000000000, 0.000000000000000000 ) ) ;
#3323 = CARTESIAN_POINT ( 'NONE',  ( 14.89974999999993699, 2.999999999999999112, -12.10960480172301423 ) ) ;
#3324 = DIRECTION ( 'NONE',  ( -0.3826834323650956105, 0.000000000000000000, -0.9238795325112842960 ) ) ;
#3325 = CARTESIAN_POINT ( 'NONE',  ( 39.90510779970761490, 2.648745683208483026, -1.500000000000000222 ) ) ;
#3326 = EDGE_CURVE ( 'NONE', #1315, #6823, #8785, .T. ) ;
#3327 = EDGE_CURVE ( 'NONE', #9109, #8211, #3709, .T. ) ;
#3328 = AXIS2_PLACEMENT_3D ( 'NONE', #8985, #7392, #1611 ) ;
#3329 = CARTESIAN_POINT ( 'NONE',  ( 11.00000000000000711, 2.414213562373094479, -10.15848648317290071 ) ) ;
#3330 = ORIENTED_EDGE ( 'NONE', *, *, #4019, .F. ) ;
#3331 = EDGE_CURVE ( 'NONE', #1286, #4556, #5576, .T. ) ;
#3332 = ORIENTED_EDGE ( 'NONE', *, *, #235, .T. ) ;
#3333 = LINE ( 'NONE', #813, #1944 ) ;
#3334 = ORIENTED_EDGE ( 'NONE', *, *, #8016, .T. ) ;
#3335 = DIRECTION ( 'NONE',  ( -0.000000000000000000, -1.000000000000000000, -0.000000000000000000 ) ) ;
#3336 = CARTESIAN_POINT ( 'NONE',  ( 108.0000000000000000, 2.000000000000000000, -20.00000000000000000 ) ) ;
#3337 = CARTESIAN_POINT ( 'NONE',  ( 50.92474999999993912, 20.00000000000000355, -20.00000000000000000 ) ) ;
#3338 = ORIENTED_EDGE ( 'NONE', *, *, #5584, .F. ) ;
#3339 = DIRECTION ( 'NONE',  ( -0.000000000000000000, -1.000000000000000000, -0.000000000000000000 ) ) ;
#3340 = FACE_OUTER_BOUND ( 'NONE', #3015, .T. ) ;
#3341 = ORIENTED_EDGE ( 'NONE', *, *, #659, .F. ) ;
#3342 = CARTESIAN_POINT ( 'NONE',  ( 96.32300350039712100, 2.999999999999999112, -7.423951128325072091 ) ) ;
#3343 = EDGE_LOOP ( 'NONE', ( #10478, #4362, #7220, #2889, #3049 ) ) ;
#3344 = EDGE_LOOP ( 'NONE', ( #5170, #9329, #3793, #2538 ) ) ;
#3345 = DIRECTION ( 'NONE',  ( -0.000000000000000000, -1.000000000000000000, -0.000000000000000000 ) ) ;
#3346 = EDGE_CURVE ( 'NONE', #2080, #8891, #7386, .T. ) ;
#3347 = VERTEX_POINT ( 'NONE', #2322 ) ;
#3348 = DIRECTION ( 'NONE',  ( -1.000000000000000000, -0.000000000000000000, -0.000000000000000000 ) ) ;
#3349 = DIRECTION ( 'NONE',  ( 0.000000000000000000, -1.000000000000000000, 0.000000000000000000 ) ) ;
#3350 = CARTESIAN_POINT ( 'NONE',  ( 34.65264995602519349, 17.50000000000000000, -14.35359758395332719 ) ) ;
#3351 = ORIENTED_EDGE ( 'NONE', *, *, #4629, .T. ) ;
#3352 = CARTESIAN_POINT ( 'NONE',  ( 49.19975000000002296, 2.414213562373096700, -7.743669367409177440 ) ) ;
#3353 = CARTESIAN_POINT ( 'NONE',  ( 103.5790475618995572, 18.50000000000000355, -18.11731656763491927 ) ) ;
#3354 = DIRECTION ( 'NONE',  ( -1.000000000000000000, 0.000000000000000000, 0.000000000000000000 ) ) ;
#3355 = ORIENTED_EDGE ( 'NONE', *, *, #4402, .T. ) ;
#3356 = DIRECTION ( 'NONE',  ( -1.000000000000000000, -0.000000000000000000, -0.000000000000000000 ) ) ;
#3357 = ORIENTED_EDGE ( 'NONE', *, *, #1310, .F. ) ;
#3358 = ORIENTED_EDGE ( 'NONE', *, *, #4281, .T. ) ;
#3359 = ORIENTED_EDGE ( 'NONE', *, *, #3515, .T. ) ;
#3360 = AXIS2_PLACEMENT_3D ( 'NONE', #2505, #3354, #5758 ) ;
#3361 = CARTESIAN_POINT ( 'NONE',  ( 29.40000000000000213, 2.000000000000000000, -18.50000000000000000 ) ) ;
#3362 =( BOUNDED_CURVE ( )  B_SPLINE_CURVE ( 3, ( #8642, #4729, #7154, #8695 ),
 .UNSPECIFIED., .F., .F. ) 
 B_SPLINE_CURVE_WITH_KNOTS ( ( 4, 4 ),
 ( 2.200938728951644219, 3.141592653589793116 ),
 .UNSPECIFIED. ) 
 CURVE ( )  GEOMETRIC_REPRESENTATION_ITEM ( )  RATIONAL_B_SPLINE_CURVE ( ( 1.000000000000000000, 0.9276134425277036133, 0.9276134425277036133, 1.000000000000000000 ) ) 
 REPRESENTATION_ITEM ( '' )  );
#3363 = CARTESIAN_POINT ( 'NONE',  ( 92.85516802938823844, 3.000000000000000888, -18.50000000000000355 ) ) ;
#3364 = CYLINDRICAL_SURFACE ( 'NONE', #9930, 1.000000000000003109 ) ;
#3366 = ADVANCED_FACE ( 'NONE', ( #3166 ), #4765, .T. ) ;
#3365 = LINE ( 'NONE', #4205, #347 ) ;
#3367 = EDGE_CURVE ( 'NONE', #881, #7265, #3961, .T. ) ;
#3368 = CARTESIAN_POINT ( 'NONE',  ( 55.82500000000001705, 20.00000000000000355, 0.000000000000000000 ) ) ;
#3369 = LINE ( 'NONE', #8290, #3478 ) ;
#3370 = VERTEX_POINT ( 'NONE', #713 ) ;
#3371 = EDGE_CURVE ( 'NONE', #2116, #1669, #7240, .T. ) ;
#3372 = FACE_OUTER_BOUND ( 'NONE', #5408, .T. ) ;
#3373 = DIRECTION ( 'NONE',  ( 0.3826834323650860625, 0.000000000000000000, -0.9238795325112882928 ) ) ;
#3374 = DIRECTION ( 'NONE',  ( -1.000000000000000000, 0.000000000000000000, -2.732708689314432271E-16 ) ) ;
#3375 = DIRECTION ( 'NONE',  ( -0.9238795325112884038, 0.000000000000000000, -0.3826834323650857850 ) ) ;
#3376 = CARTESIAN_POINT ( 'NONE',  ( 59.00000000000001421, 2.999999999999999112, -7.743669367409185433 ) ) ;
#3377 = VERTEX_POINT ( 'NONE', #6887 ) ;
#3378 = VECTOR ( 'NONE', #5246, 1000.000000000000000 ) ;
#3379 = ORIENTED_EDGE ( 'NONE', *, *, #1298, .F. ) ;
#3380 = CARTESIAN_POINT ( 'NONE',  ( 59.00000000000001421, 17.50000000000000000, -7.743669367409185433 ) ) ;
#3381 = ORIENTED_EDGE ( 'NONE', *, *, #7486, .T. ) ;
#3382 = FACE_OUTER_BOUND ( 'NONE', #60, .T. ) ;
#3383 = LINE ( 'NONE', #4924, #514 ) ;
#3384 = CARTESIAN_POINT ( 'NONE',  ( 99.92474999999994623, 18.50000000000000355, -18.50000000000000000 ) ) ;
#3385 = VERTEX_POINT ( 'NONE', #6731 ) ;
#3386 = CARTESIAN_POINT ( 'NONE',  ( 41.12474999999994196, 18.50000000000000355, -20.00000000000000000 ) ) ;
#3387 = CARTESIAN_POINT ( 'NONE',  ( 44.29974999999995333, 2.414213562373093591, -12.10960480172300713 ) ) ;
#3388 = ORIENTED_EDGE ( 'NONE', *, *, #9085, .T. ) ;
#3389 = LINE ( 'NONE', #9003, #4036 ) ;
#3390 = ORIENTED_EDGE ( 'NONE', *, *, #6391, .F. ) ;
#3391 = ORIENTED_EDGE ( 'NONE', *, *, #1015, .T. ) ;
#3392 = PLANE ( 'NONE',  #8427 ) ;
#3393 = ORIENTED_EDGE ( 'NONE', *, *, #7948, .T. ) ;
#3394 = EDGE_CURVE ( 'NONE', #8821, #3462, #5891, .T. ) ;
#3395 = AXIS2_PLACEMENT_3D ( 'NONE', #10206, #2884, #7803 ) ;
#3396 = PLANE ( 'NONE',  #3415 ) ;
#3397 = DIRECTION ( 'NONE',  ( -0.000000000000000000, -1.000000000000000000, -0.000000000000000000 ) ) ;
#3398 = FACE_OUTER_BOUND ( 'NONE', #6560, .T. ) ;
#3399 = EDGE_LOOP ( 'NONE', ( #1183, #8705, #3583, #1186, #1198 ) ) ;
#3400 = CARTESIAN_POINT ( 'NONE',  ( 98.19993749768391922, 18.50000000000000355, -10.35694617991806865 ) ) ;
#3401 = CARTESIAN_POINT ( 'NONE',  ( 98.19975000000000875, 18.34604576567463141, -1.500000000000001332 ) ) ;
#3402 = EDGE_CURVE ( 'NONE', #9922, #6286, #1052, .T. ) ;
#3403 = FACE_OUTER_BOUND ( 'NONE', #5600, .T. ) ;
#3404 = ORIENTED_EDGE ( 'NONE', *, *, #1247, .F. ) ;
#3405 =( NAMED_UNIT ( * ) SI_UNIT ( $, .STERADIAN. ) SOLID_ANGLE_UNIT ( ) );
#3406 = ORIENTED_EDGE ( 'NONE', *, *, #5549, .T. ) ;
#3407 = AXIS2_PLACEMENT_3D ( 'NONE', #4337, #8575, #6927 ) ;
#3408 = ORIENTED_EDGE ( 'NONE', *, *, #3931, .F. ) ;
#3409 = VERTEX_POINT ( 'NONE', #6942 ) ;
#3410 = VECTOR ( 'NONE', #1414, 1000.000000000000114 ) ;
#3411 = CARTESIAN_POINT ( 'NONE',  ( 97.69439220029241255, 18.50000000000000355, -1.499999999999999556 ) ) ;
#3412 = EDGE_CURVE ( 'NONE', #2799, #3123, #10191, .T. ) ;
#3413 = PLANE ( 'NONE',  #3463 ) ;
#3414 = FACE_OUTER_BOUND ( 'NONE', #8171, .T. ) ;
#3415 = AXIS2_PLACEMENT_3D ( 'NONE', #9161, #1843, #5098 ) ;
#3416 = CARTESIAN_POINT ( 'NONE',  ( 93.74433197061163980, 17.50000000000000000, -18.49999999999999645 ) ) ;
#3417 = FACE_OUTER_BOUND ( 'NONE', #5442, .T. ) ;
#3418 = ORIENTED_EDGE ( 'NONE', *, *, #5679, .T. ) ;
#3419 = VECTOR ( 'NONE', #1864, 1000.000000000000000 ) ;
#3420 = VECTOR ( 'NONE', #2886, 1000.000000000000000 ) ;
#3421 =( BOUNDED_CURVE ( )  B_SPLINE_CURVE ( 3, ( #3662, #2005, #9325, #5258 ),
 .UNSPECIFIED., .F., .F. ) 
 B_SPLINE_CURVE_WITH_KNOTS ( ( 4, 4 ),
 ( 1.570796326794897668, 3.141592653589793116 ),
 .UNSPECIFIED. ) 
 CURVE ( )  GEOMETRIC_REPRESENTATION_ITEM ( )  RATIONAL_B_SPLINE_CURVE ( ( 1.000000000000000000, 0.8047378541243652705, 0.8047378541243652705, 1.000000000000000000 ) ) 
 REPRESENTATION_ITEM ( '' )  );
#3422 = CARTESIAN_POINT ( 'NONE',  ( 58.49439220029240971, 17.50000000000000000, -1.499999999999999556 ) ) ;
#3423 = CARTESIAN_POINT ( 'NONE',  ( 78.09439220029240403, 2.999999999999999112, -1.499999999999999556 ) ) ;
#3424 = LINE ( 'NONE', #862, #209 ) ;
#3425 = PLANE ( 'NONE',  #8029 ) ;
#3426 = DIRECTION ( 'NONE',  ( -1.000000000000000000, 0.000000000000000000, -0.000000000000000000 ) ) ;
#3427 = LINE ( 'NONE', #8509, #7309 ) ;
#3428 = ORIENTED_EDGE ( 'NONE', *, *, #9295, .T. ) ;
#3429 = EDGE_CURVE ( 'NONE', #2456, #8283, #1908, .T. ) ;
#3430 = VECTOR ( 'NONE', #2873, 1000.000000000000000 ) ;
#3431 = VERTEX_POINT ( 'NONE', #1104 ) ;
#3432 = LINE ( 'NONE', #8253, #5691 ) ;
#3433 = ORIENTED_EDGE ( 'NONE', *, *, #7587, .T. ) ;
#3434 = EDGE_CURVE ( 'NONE', #8842, #9463, #5218, .T. ) ;
#3435 = ADVANCED_FACE ( 'NONE', ( #2653 ), #3557, .F. ) ;
#3436 = DIRECTION ( 'NONE',  ( -8.673617379884035472E-17, 0.000000000000000000, -1.000000000000000000 ) ) ;
#3437 = CARTESIAN_POINT ( 'NONE',  ( 66.06622335728594919, 17.50000000000000000, 27.36552572935762129 ) ) ;
#3438 = VECTOR ( 'NONE', #2937, 1000.000000000000000 ) ;
#3439 = LINE ( 'NONE', #8468, #1449 ) ;
#3440 = VERTEX_POINT ( 'NONE', #1846 ) ;
#3441 = FACE_OUTER_BOUND ( 'NONE', #1832, .T. ) ;
#3442 = DIRECTION ( 'NONE',  ( 0.3826834323650956660, -0.000000000000000000, 0.9238795325112844070 ) ) ;
#3443 = EDGE_LOOP ( 'NONE', ( #206, #6972, #6276, #226 ) ) ;
#3444 = CARTESIAN_POINT ( 'NONE',  ( 64.59751995710436745, 18.50000000000000355, 2.401411394361280482 ) ) ;
#3445 = ORIENTED_EDGE ( 'NONE', *, *, #9900, .F. ) ;
#3446 = ORIENTED_EDGE ( 'NONE', *, *, #1829, .T. ) ;
#3447 = DIRECTION ( 'NONE',  ( 0.3826834323650853964, -0.000000000000000000, -0.9238795325112885148 ) ) ;
#3448 = VERTEX_POINT ( 'NONE', #1963 ) ;
#3449 = VECTOR ( 'NONE', #7393, 1000.000000000000114 ) ;
#3450 = CARTESIAN_POINT ( 'NONE',  ( 9.800000000000000711, 2.000000000000000000, -18.50000000000000000 ) ) ;
#3451 = CARTESIAN_POINT ( 'NONE',  ( 55.82500000000001705, 18.50000000000000355, 0.000000000000000000 ) ) ;
#3452 = PLANE ( 'NONE',  #1711 ) ;
#3453 = LINE ( 'NONE', #2702, #6500 ) ;
#3454 = ORIENTED_EDGE ( 'NONE', *, *, #9902, .T. ) ;
#3455 = CARTESIAN_POINT ( 'NONE',  ( 60.12428806984528507, 18.50000000000000355, -13.07126799313208920 ) ) ;
#3456 = EDGE_CURVE ( 'NONE', #8591, #2168, #5101, .T. ) ;
#3457 = CARTESIAN_POINT ( 'NONE',  ( 32.77500000000000568, 2.000000000000000000, 0.000000000000000000 ) ) ;
#3458 = EDGE_CURVE ( 'NONE', #10506, #1117, #769, .T. ) ;
#3459 = CARTESIAN_POINT ( 'NONE',  ( 93.74433197061163980, 17.50000000000000000, -18.50000000000000000 ) ) ;
#3460 = ORIENTED_EDGE ( 'NONE', *, *, #785, .F. ) ;
#3461 = SURFACE_SIDE_STYLE ('',( #7478 ) ) ;
#3462 = VERTEX_POINT ( 'NONE', #308 ) ;
#3463 = AXIS2_PLACEMENT_3D ( 'NONE', #210, #6743, #7592 ) ;
#3464 = EDGE_CURVE ( 'NONE', #5593, #5209, #3453, .T. ) ;
#3465 = VERTEX_POINT ( 'NONE', #8481 ) ;
#3466 = VERTEX_POINT ( 'NONE', #1152 ) ;
#3467 = VECTOR ( 'NONE', #10369, 1000.000000000000000 ) ;
#3468 = FACE_OUTER_BOUND ( 'NONE', #6856, .T. ) ;
#3469 = CARTESIAN_POINT ( 'NONE',  ( 36.02672417090403911, 20.00000000000000355, -18.50000000000000355 ) ) ;
#3470 = DIRECTION ( 'NONE',  ( -1.000000000000000000, 0.000000000000000000, 0.000000000000000000 ) ) ;
#3471 = CARTESIAN_POINT ( 'NONE',  ( 45.82672417090404338, 20.00000000000000355, -18.50000000000000355 ) ) ;
#3472 = VECTOR ( 'NONE', #10007, 999.9999999999998863 ) ;
#3473 = DIRECTION ( 'NONE',  ( 0.3826834323650958325, 0.000000000000000000, 0.9238795325112842960 ) ) ;
#3474 = ORIENTED_EDGE ( 'NONE', *, *, #9529, .T. ) ;
#3475 = ORIENTED_EDGE ( 'NONE', *, *, #8335, .T. ) ;
#3476 = ADVANCED_FACE ( 'NONE', ( #4300 ), #6833, .F. ) ;
#3477 = EDGE_LOOP ( 'NONE', ( #3092, #7831, #2638, #2539 ) ) ;
#3478 = VECTOR ( 'NONE', #908, 1000.000000000000000 ) ;
#3479 = DIRECTION ( 'NONE',  ( 0.9238795325112846291, 0.000000000000000000, -0.3826834323650947778 ) ) ;
#3480 = DIRECTION ( 'NONE',  ( 0.000000000000000000, 0.000000000000000000, -1.000000000000000000 ) ) ;
#3481 = CARTESIAN_POINT ( 'NONE',  ( 11.00000000000000355, 2.999999999999999112, -10.15848648317290071 ) ) ;
#3482 = FACE_OUTER_BOUND ( 'NONE', #4340, .T. ) ;
#3483 = DIRECTION ( 'NONE',  ( 1.000000000000000000, 0.000000000000000000, 0.000000000000000000 ) ) ;
#3484 = VERTEX_POINT ( 'NONE', #5968 ) ;
#3485 = VERTEX_POINT ( 'NONE', #8534 ) ;
#3486 = DIRECTION ( 'NONE',  ( 0.3826834323650956105, -0.000000000000000000, 0.9238795325112842960 ) ) ;
#3487 = CIRCLE ( 'NONE', #3666, 1.000000000000000888 ) ;
#3488 = CARTESIAN_POINT ( 'NONE',  ( 29.59975000000000378, 1.999999999999998668, -2.396757161635506783 ) ) ;
#3489 = CARTESIAN_POINT ( 'NONE',  ( 19.79975000000000307, 18.50000000000000355, -2.893084275847614517 ) ) ;
#3490 = DIRECTION ( 'NONE',  ( -0.9238795325112844070, 0.000000000000000000, 0.3826834323650955549 ) ) ;
#3491 = EDGE_LOOP ( 'NONE', ( #3279, #933, #8122, #2480 ) ) ;
#3492 = CYLINDRICAL_SURFACE ( 'NONE', #9197, 1.000000000000000888 ) ;
#3493 = EDGE_CURVE ( 'NONE', #881, #3385, #6782, .T. ) ;
#3494 = ADVANCED_FACE ( 'NONE', ( #10142 ), #6024, .F. ) ;
#3495 = LINE ( 'NONE', #9105, #6516 ) ;
#3496 = ORIENTED_EDGE ( 'NONE', *, *, #3763, .T. ) ;
#3497 = CARTESIAN_POINT ( 'NONE',  ( 83.49974999999994907, 2.000000000000000000, -9.496478871970266411 ) ) ;
#3498 = EDGE_LOOP ( 'NONE', ( #8336, #8730, #3217, #9381, #3130, #9354, #5230, #599, #7371, #4642, #8828 ) ) ;
#3499 = ORIENTED_EDGE ( 'NONE', *, *, #235, .F. ) ;
#3500 = CARTESIAN_POINT ( 'NONE',  ( 58.99975000000003433, 2.000000000000000000, -5.130543437656441164 ) ) ;
#3501 = ORIENTED_EDGE ( 'NONE', *, *, #9585, .T. ) ;
#3502 = EDGE_CURVE ( 'NONE', #9463, #3960, #10390, .T. ) ;
#3503 = FACE_OUTER_BOUND ( 'NONE', #10087, .T. ) ;
#3504 = DIRECTION ( 'NONE',  ( -0.000000000000000000, -1.000000000000000000, -0.000000000000000000 ) ) ;
#3505 = DIRECTION ( 'NONE',  ( 0.000000000000000000, -1.000000000000000000, 0.000000000000000000 ) ) ;
#3506 = ORIENTED_EDGE ( 'NONE', *, *, #5533, .F. ) ;
#3507 = CARTESIAN_POINT ( 'NONE',  ( 19.80000000000000426, 17.50000000000000000, -7.744272920799767590 ) ) ;
#3508 = FACE_OUTER_BOUND ( 'NONE', #3343, .T. ) ;
#3509 = PLANE ( 'NONE',  #1486 ) ;
#3510 = VERTEX_POINT ( 'NONE', #3671 ) ;
#3511 = DIRECTION ( 'NONE',  ( -0.3826990826101485665, -0.000000000000000000, -0.9238730498122296186 ) ) ;
#3512 = VERTEX_POINT ( 'NONE', #7896 ) ;
#3513 = ORIENTED_EDGE ( 'NONE', *, *, #4843, .F. ) ;
#3514 = ORIENTED_EDGE ( 'NONE', *, *, #3722, .T. ) ;
#3515 = EDGE_CURVE ( 'NONE', #7341, #6531, #897, .T. ) ;
#3516 = EDGE_CURVE ( 'NONE', #9581, #196, #1797, .T. ) ;
#3517 = DIRECTION ( 'NONE',  ( 1.000000000000000000, -0.000000000000000000, 2.105213941857293549E-15 ) ) ;
#3518 = EDGE_CURVE ( 'NONE', #1393, #5606, #6728, .T. ) ;
#3519 = FACE_OUTER_BOUND ( 'NONE', #10486, .T. ) ;
#3520 = DIRECTION ( 'NONE',  ( 1.000000000000000000, -0.000000000000000000, 0.000000000000000000 ) ) ;
#3521 = DIRECTION ( 'NONE',  ( -1.000000000000000000, 0.000000000000000000, -0.000000000000000000 ) ) ;
#3522 = LINE ( 'NONE', #1867, #9906 ) ;
#3523 = ORIENTED_EDGE ( 'NONE', *, *, #1670, .T. ) ;
#3524 = VERTEX_POINT ( 'NONE', #9865 ) ;
#3525 = ORIENTED_EDGE ( 'NONE', *, *, #1172, .T. ) ;
#3526 = EDGE_CURVE ( 'NONE', #8556, #5957, #5802, .T. ) ;
#3527 = PLANE ( 'NONE',  #1355 ) ;
#3528 = CARTESIAN_POINT ( 'NONE',  ( 54.09974999999994338, 18.30794360463553261, -18.50000000000000000 ) ) ;
#3529 = DIRECTION ( 'NONE',  ( -0.000000000000000000, 0.000000000000000000, 1.000000000000000000 ) ) ;
#3530 = LINE ( 'NONE', #9140, #7348 ) ;
#3531 = ADVANCED_FACE ( 'NONE', ( #6021 ), #5041, .F. ) ;
#3532 = DIRECTION ( 'NONE',  ( 0.3826834323650853964, 0.000000000000000000, -0.9238795325112886259 ) ) ;
#3533 = CARTESIAN_POINT ( 'NONE',  ( 12.00000000000000355, 18.50000000000000355, -9.959574115793245142 ) ) ;
#3534 = AXIS2_PLACEMENT_3D ( 'NONE', #9444, #6299, #1479 ) ;
#3535 = ORIENTED_EDGE ( 'NONE', *, *, #1396, .F. ) ;
#3536 = EDGE_CURVE ( 'NONE', #8612, #295, #7470, .T. ) ;
#3537 = VERTEX_POINT ( 'NONE', #8428 ) ;
#3538 = DIRECTION ( 'NONE',  ( 0.000000000000000000, 0.000000000000000000, -1.000000000000000000 ) ) ;
#3539 = VERTEX_POINT ( 'NONE', #7629 ) ;
#3540 = LINE ( 'NONE', #1136, #9646 ) ;
#3541 = CARTESIAN_POINT ( 'NONE',  ( 108.0000000000000142, 18.50000000000000355, -10.35619174377131380 ) ) ;
#3542 = EDGE_CURVE ( 'NONE', #10160, #10557, #2700, .T. ) ;
#3543 = VERTEX_POINT ( 'NONE', #135 ) ;
#3544 = PLANE ( 'NONE',  #7675 ) ;
#3545 = ORIENTED_EDGE ( 'NONE', *, *, #2355, .F. ) ;
#3546 = DIRECTION ( 'NONE',  ( -0.000000000000000000, -1.000000000000000000, -0.000000000000000000 ) ) ;
#3547 = ORIENTED_EDGE ( 'NONE', *, *, #6607, .F. ) ;
#3548 = VERTEX_POINT ( 'NONE', #7519 ) ;
#3549 = DIRECTION ( 'NONE',  ( 0.3826834323650956105, -0.000000000000000000, 0.9238795325112842960 ) ) ;
#3550 = EDGE_LOOP ( 'NONE', ( #5792, #6998, #8260, #7609, #8999, #7115 ) ) ;
#3551 = VECTOR ( 'NONE', #7264, 1000.000000000000000 ) ;
#3552 = ADVANCED_FACE ( 'NONE', ( #2650 ), #6779, .F. ) ;
#3553 = EDGE_CURVE ( 'NONE', #4396, #5867, #4188, .T. ) ;
#3554 = CARTESIAN_POINT ( 'NONE',  ( 69.21827173280368584, 2.000000000000000000, -1.882683432365097387 ) ) ;
#3555 = CARTESIAN_POINT ( 'NONE',  ( 94.47524443537454886, 2.000000000000000000, -6.658584263594879538 ) ) ;
#3556 = CARTESIAN_POINT ( 'NONE',  ( 49.19975000000002296, 18.34604576567463852, -1.500000000000001332 ) ) ;
#3557 = PLANE ( 'NONE',  #5632 ) ;
#3558 = ORIENTED_EDGE ( 'NONE', *, *, #443, .T. ) ;
#3559 = CARTESIAN_POINT ( 'NONE',  ( 57.87557472363468491, 18.50000000000000355, -13.07079449584754371 ) ) ;
#3560 = DIRECTION ( 'NONE',  ( 0.3826834323650958325, 0.000000000000000000, 0.9238795325112842960 ) ) ;
#3561 = DIRECTION ( 'NONE',  ( -1.000000000000000000, -0.000000000000000000, -0.000000000000000000 ) ) ;
#3562 = VERTEX_POINT ( 'NONE', #1102 ) ;
#3563 = CARTESIAN_POINT ( 'NONE',  ( 76.87474999999993486, 20.00000000000000355, -18.50000000000000000 ) ) ;
#3564 = ADVANCED_FACE ( 'NONE', ( #3503 ), #3396, .F. ) ;
#3565 = CARTESIAN_POINT ( 'NONE',  ( 39.20000000000000284, 2.000000000000000000, -1.500000000000000000 ) ) ;
#3566 = VECTOR ( 'NONE', #3937, 1000.000000000000000 ) ;
#3567 = ORIENTED_EDGE ( 'NONE', *, *, #30, .T. ) ;
#3568 = ORIENTED_EDGE ( 'NONE', *, *, #4078, .T. ) ;
#3569 = ADVANCED_FACE ( 'NONE', ( #9277 ), #9919, .F. ) ;
#3570 = ADVANCED_FACE ( 'NONE', ( #10026 ), #5965, .F. ) ;
#3571 =( BOUNDED_CURVE ( )  B_SPLINE_CURVE ( 3, ( #8483, #5970, #10031, #1848 ),
 .UNSPECIFIED., .F., .F. ) 
 B_SPLINE_CURVE_WITH_KNOTS ( ( 4, 4 ),
 ( 1.570796326794900555, 2.200938728951629564 ),
 .UNSPECIFIED. ) 
 CURVE ( )  GEOMETRIC_REPRESENTATION_ITEM ( )  RATIONAL_B_SPLINE_CURVE ( ( 1.000000000000000000, 0.9671828781580998902, 0.9671828781580998902, 1.000000000000000000 ) ) 
 REPRESENTATION_ITEM ( '' )  );
#3572 = CARTESIAN_POINT ( 'NONE',  ( 44.29974999999993912, 18.50000000000000355, -14.72273073147576028 ) ) ;
#3573 = CARTESIAN_POINT ( 'NONE',  ( 76.87474999999993486, 20.00000000000000355, -20.00000000000000000 ) ) ;
#3574 = CARTESIAN_POINT ( 'NONE',  ( 21.38750000000000284, 20.00000000000000355, -1.500000000000000888 ) ) ;
#3575 = DIRECTION ( 'NONE',  ( -1.000000000000000000, 0.000000000000000000, -0.000000000000000000 ) ) ;
#3576 = CIRCLE ( 'NONE', #4925, 1.000000000000000222 ) ;
#3577 = CARTESIAN_POINT ( 'NONE',  ( 11.58750000000000213, 20.00000000000000355, -1.500000000000000888 ) ) ;
#3578 = VECTOR ( 'NONE', #5667, 1000.000000000000000 ) ;
#3579 = FACE_OUTER_BOUND ( 'NONE', #5962, .T. ) ;
#3580 = LINE ( 'NONE', #1982, #8929 ) ;
#3581 = ORIENTED_EDGE ( 'NONE', *, *, #7760, .T. ) ;
#3582 = ORIENTED_EDGE ( 'NONE', *, *, #437, .T. ) ;
#3583 = ORIENTED_EDGE ( 'NONE', *, *, #3283, .F. ) ;
#3584 = VECTOR ( 'NONE', #9640, 1000.000000000000000 ) ;
#3585 = AXIS2_PLACEMENT_3D ( 'NONE', #57, #3213, #8742 ) ;
#3586 = AXIS2_PLACEMENT_3D ( 'NONE', #549, #9359, #5457 ) ;
#3587 = LINE ( 'NONE', #6860, #5453 ) ;
#3588 = LINE ( 'NONE', #10053, #9901 ) ;
#3589 = CARTESIAN_POINT ( 'NONE',  ( 70.52474999999994054, 20.00000000000000355, -20.00000000000000000 ) ) ;
#3590 = CARTESIAN_POINT ( 'NONE',  ( 88.39975000000001160, 2.414213562373094923, -7.743669367409170334 ) ) ;
#3591 = AXIS2_PLACEMENT_3D ( 'NONE', #5019, #3480, #9251 ) ;
#3592 = FACE_OUTER_BOUND ( 'NONE', #4311, .T. ) ;
#3593 = CARTESIAN_POINT ( 'NONE',  ( 29.59989330582617839, 2.000000000000000000, -10.35683949133576576 ) ) ;
#3594 = EDGE_CURVE ( 'NONE', #9514, #5918, #5159, .T. ) ;
#3595 = AXIS2_PLACEMENT_3D ( 'NONE', #7788, #3822, #4618 ) ;
#3596 = ORIENTED_EDGE ( 'NONE', *, *, #8033, .F. ) ;
#3597 = CARTESIAN_POINT ( 'NONE',  ( 107.9238795325112932, 2.000000000000000000, -3.076251787442469077 ) ) ;
#3598 = EDGE_LOOP ( 'NONE', ( #3652, #2234, #3291, #7037 ) ) ;
#3599 = VECTOR ( 'NONE', #1489, 1000.000000000000114 ) ;
#3600 = EDGE_CURVE ( 'NONE', #9954, #2321, #305, .T. ) ;
#3601 = DIRECTION ( 'NONE',  ( 1.000000000000000000, 0.000000000000000000, -8.673617379884035472E-17 ) ) ;
#3602 = DIRECTION ( 'NONE',  ( 0.9238795325112885148, -0.000000000000000000, 0.3826834323650853964 ) ) ;
#3603 = VECTOR ( 'NONE', #9964, 1000.000000000000114 ) ;
#3604 = CARTESIAN_POINT ( 'NONE',  ( 102.1758704674886644, 2.000000000000000000, -12.49228823408810030 ) ) ;
#3605 = ORIENTED_EDGE ( 'NONE', *, *, #1971, .F. ) ;
#3606 = VERTEX_POINT ( 'NONE', #6831 ) ;
#3607 = DIRECTION ( 'NONE',  ( 1.000000000000000000, 0.000000000000000000, -0.000000000000000000 ) ) ;
#3608 = EDGE_LOOP ( 'NONE', ( #668, #4360, #9269, #8511, #2999, #123 ) ) ;
#3609 = DIRECTION ( 'NONE',  ( 0.9238895603187097239, -0.000000000000000000, 0.3826592221992059506 ) ) ;
#3610 = ORIENTED_EDGE ( 'NONE', *, *, #8326, .T. ) ;
#3611 = ADVANCED_FACE ( 'NONE', ( #1960 ), #8478, .F. ) ;
#3612 = EDGE_LOOP ( 'NONE', ( #4883, #8670, #795, #1487 ) ) ;
#3613 = AXIS2_PLACEMENT_3D ( 'NONE', #7963, #7210, #2137 ) ;
#3614 = LINE ( 'NONE', #6241, #5799 ) ;
#3615 = DIRECTION ( 'NONE',  ( -0.3826834323650956105, 0.000000000000000000, -0.9238795325112842960 ) ) ;
#3616 = CARTESIAN_POINT ( 'NONE',  ( 59.76182383839120149, 2.000000000000000000, -8.516986300988198977 ) ) ;
#3617 = CARTESIAN_POINT ( 'NONE',  ( 84.67524443537455170, 2.000000000000000000, -6.658584263594879538 ) ) ;
#3618 = ORIENTED_EDGE ( 'NONE', *, *, #2171, .T. ) ;
#3619 = DIRECTION ( 'NONE',  ( 0.3826834323650853964, 0.000000000000000000, -0.9238795325112885148 ) ) ;
#3620 = CARTESIAN_POINT ( 'NONE',  ( 39.39990018253440240, 18.50000000000000355, -10.35688186661323762 ) ) ;
#3621 = LINE ( 'NONE', #1269, #971 ) ;
#3622 = ORIENTED_EDGE ( 'NONE', *, *, #9695, .F. ) ;
#3623 = DIRECTION ( 'NONE',  ( -0.3826713273149906502, -0.000000000000000000, 0.9238845464943025165 ) ) ;
#3624 = VECTOR ( 'NONE', #5832, 1000.000000000000000 ) ;
#3625 = EDGE_CURVE ( 'NONE', #10287, #7620, #1637, .T. ) ;
#3626 = VERTEX_POINT ( 'NONE', #6183 ) ;
#3627 = ORIENTED_EDGE ( 'NONE', *, *, #5444, .F. ) ;
#3628 = VECTOR ( 'NONE', #833, 1000.000000000000000 ) ;
#3629 = EDGE_CURVE ( 'NONE', #9641, #3537, #2814, .T. ) ;
#3630 = DIRECTION ( 'NONE',  ( 0.9238795325112885148, -0.000000000000000000, 0.3826834323650853964 ) ) ;
#3631 = CARTESIAN_POINT ( 'NONE',  ( 24.69974999999995902, 20.00000000000000355, -9.496478871970266411 ) ) ;
#3632 = LINE ( 'NONE', #6039, #5496 ) ;
#3633 = CARTESIAN_POINT ( 'NONE',  ( 23.17277582909584766, 18.50000000000000355, -18.50000000000000000 ) ) ;
#3634 = CARTESIAN_POINT ( 'NONE',  ( 10.00000000000000178, 18.50000000000000355, 0.000000000000000000 ) ) ;
#3635 = EDGE_CURVE ( 'NONE', #6907, #9109, #2068, .T. ) ;
#3636 = PLANE ( 'NONE',  #8245 ) ;
#3637 = ORIENTED_EDGE ( 'NONE', *, *, #9879, .F. ) ;
#3638 = ORIENTED_EDGE ( 'NONE', *, *, #2107, .F. ) ;
#3639 = EDGE_CURVE ( 'NONE', #2669, #9511, #9330, .T. ) ;
#3640 = AXIS2_PLACEMENT_3D ( 'NONE', #8905, #1579, #6250 ) ;
#3641 = ORIENTED_EDGE ( 'NONE', *, *, #3515, .F. ) ;
#3642 = VERTEX_POINT ( 'NONE', #5265 ) ;
#3643 =( BOUNDED_CURVE ( )  B_SPLINE_CURVE ( 3, ( #8772, #4704, #653, #7176 ),
 .UNSPECIFIED., .F., .F. ) 
 B_SPLINE_CURVE_WITH_KNOTS ( ( 4, 4 ),
 ( 4.150116409062347245, 4.712388980384692339 ),
 .UNSPECIFIED. ) 
 CURVE ( )  GEOMETRIC_REPRESENTATION_ITEM ( )  RATIONAL_B_SPLINE_CURVE ( ( 1.000000000000000000, 0.9738271993243682312, 0.9738271993243682312, 1.000000000000000000 ) ) 
 REPRESENTATION_ITEM ( '' )  );
#3644 = DIRECTION ( 'NONE',  ( 0.000000000000000000, 0.000000000000000000, 1.000000000000000000 ) ) ;
#3645 = VECTOR ( 'NONE', #1242, 1000.000000000000000 ) ;
#3646 = DIRECTION ( 'NONE',  ( 0.000000000000000000, 0.000000000000000000, 1.000000000000000000 ) ) ;
#3647 = LINE ( 'NONE', #8343, #10082 ) ;
#3648 = CYLINDRICAL_SURFACE ( 'NONE', #2877, 0.9999999999999998890 ) ;
#3649 = EDGE_LOOP ( 'NONE', ( #4695, #1196, #1394, #2751 ) ) ;
#3650 = DIRECTION ( 'NONE',  ( 0.3826834323650954439, 0.000000000000000000, 0.9238795325112842960 ) ) ;
#3651 = AXIS2_PLACEMENT_3D ( 'NONE', #8027, #7978, #657 ) ;
#3652 = ORIENTED_EDGE ( 'NONE', *, *, #2133, .T. ) ;
#3653 = EDGE_CURVE ( 'NONE', #8491, #9687, #3768, .T. ) ;
#3654 = ADVANCED_FACE ( 'NONE', ( #360 ), #4508, .F. ) ;
#3655 = CYLINDRICAL_SURFACE ( 'NONE', #4688, 1.000000000000003109 ) ;
#3656 = CARTESIAN_POINT ( 'NONE',  ( 60.72474999999994338, 20.00000000000000355, -20.00000000000000000 ) ) ;
#3657 = EDGE_CURVE ( 'NONE', #7252, #10293, #1539, .T. ) ;
#3658 = PLANE ( 'NONE',  #3152 ) ;
#3659 = ORIENTED_EDGE ( 'NONE', *, *, #3699, .T. ) ;
#3660 = CARTESIAN_POINT ( 'NONE',  ( 78.60000000000000853, 2.999999999999999112, -7.743669367409181881 ) ) ;
#3661 = ORIENTED_EDGE ( 'NONE', *, *, #7773, .F. ) ;
#3662 = CARTESIAN_POINT ( 'NONE',  ( 78.59975000000002865, 2.000000000000000000, -5.130543437656422512 ) ) ;
#3663 = ORIENTED_EDGE ( 'NONE', *, *, #2647, .F. ) ;
#3664 = CARTESIAN_POINT ( 'NONE',  ( 49.70510779970761917, 17.50000000000000000, -1.500000000000000000 ) ) ;
#3665 = ORIENTED_EDGE ( 'NONE', *, *, #5077, .T. ) ;
#3666 = AXIS2_PLACEMENT_3D ( 'NONE', #2172, #5424, #1364 ) ;
#3667 = ORIENTED_EDGE ( 'NONE', *, *, #6147, .F. ) ;
#3668 = LINE ( 'NONE', #9491, #3754 ) ;
#3669 = DIRECTION ( 'NONE',  ( -1.000000000000000000, 0.000000000000000000, 0.000000000000000000 ) ) ;
#3670 = DIRECTION ( 'NONE',  ( 0.000000000000000000, 0.000000000000000000, -1.000000000000000000 ) ) ;
#3671 = CARTESIAN_POINT ( 'NONE',  ( 67.07474999999995191, 20.00000000000000355, -20.00000000000000000 ) ) ;
#3672 = VERTEX_POINT ( 'NONE', #3027 ) ;
#3673 = CARTESIAN_POINT ( 'NONE',  ( 47.47474999999994338, 20.00000000000000355, -20.00000000000000000 ) ) ;
#3674 = EDGE_CURVE ( 'NONE', #1809, #434, #3614, .T. ) ;
#3675 = CARTESIAN_POINT ( 'NONE',  ( 42.57500000000000284, 20.00000000000000355, -1.500000000000000000 ) ) ;
#3676 = PLANE ( 'NONE',  #8819 ) ;
#3677 = ORIENTED_EDGE ( 'NONE', *, *, #2355, .T. ) ;
#3678 = VECTOR ( 'NONE', #4494, 1000.000000000000114 ) ;
#3679 = LINE ( 'NONE', #9394, #3804 ) ;
#3680 = LINE ( 'NONE', #9290, #5868 ) ;
#3681 = ORIENTED_EDGE ( 'NONE', *, *, #3245, .T. ) ;
#3682 = CARTESIAN_POINT ( 'NONE',  ( 69.56182383839120575, 18.50000000000000355, -8.516986300988198977 ) ) ;
#3683 = DIRECTION ( 'NONE',  ( -0.3826834323650857850, 0.000000000000000000, 0.9238795325112884038 ) ) ;
#3684 = CARTESIAN_POINT ( 'NONE',  ( 32.77500000000000568, 2.000000000000000000, -1.500000000000000000 ) ) ;
#3685 = CARTESIAN_POINT ( 'NONE',  ( 63.89974999999994765, 2.000000000000000444, -17.51835138363012589 ) ) ;
#3686 = CARTESIAN_POINT ( 'NONE',  ( 80.84853194947056920, 18.50000000000000355, -15.78563399656604460 ) ) ;
#3687 = VERTEX_POINT ( 'NONE', #7836 ) ;
#3688 = ORIENTED_EDGE ( 'NONE', *, *, #3885, .T. ) ;
#3689 = ORIENTED_EDGE ( 'NONE', *, *, #7690, .F. ) ;
#3690 = ORIENTED_EDGE ( 'NONE', *, *, #8503, .F. ) ;
#3691 = EDGE_CURVE ( 'NONE', #7431, #8545, #4162, .T. ) ;
#3692 = EDGE_CURVE ( 'NONE', #2103, #2114, #1206, .T. ) ;
#3693 = FACE_OUTER_BOUND ( 'NONE', #5112, .T. ) ;
#3694 = CARTESIAN_POINT ( 'NONE',  ( 18.23634029509840815, 18.50000000000000355, 3.494446567024352746 ) ) ;
#3695 = CARTESIAN_POINT ( 'NONE',  ( 45.82672417090404338, 20.00000000000000355, -18.50000000000000355 ) ) ;
#3696 = CARTESIAN_POINT ( 'NONE',  ( 42.77277582909584908, 20.00000000000000355, -18.50000000000000000 ) ) ;
#3697 = ORIENTED_EDGE ( 'NONE', *, *, #7350, .T. ) ;
#3698 = PLANE ( 'NONE',  #6898 ) ;
#3699 = EDGE_CURVE ( 'NONE', #7509, #5520, #3668, .T. ) ;
#3700 = ORIENTED_EDGE ( 'NONE', *, *, #7327, .T. ) ;
#3701 = CARTESIAN_POINT ( 'NONE',  ( 78.40000000000000568, 18.50000000000000355, -1.500000000000000000 ) ) ;
#3702 = LINE ( 'NONE', #7612, #3909 ) ;
#3703 = AXIS2_PLACEMENT_3D ( 'NONE', #8485, #1057, #8383 ) ;
#3704 =( BOUNDED_CURVE ( )  B_SPLINE_CURVE ( 3, ( #3829, #7956, #10460, #7251 ),
 .UNSPECIFIED., .F., .F. ) 
 B_SPLINE_CURVE_WITH_KNOTS ( ( 4, 4 ),
 ( 3.141592653589793116, 4.150116409062345468 ),
 .UNSPECIFIED. ) 
 CURVE ( )  GEOMETRIC_REPRESENTATION_ITEM ( )  RATIONAL_B_SPLINE_CURVE ( ( 1.000000000000000000, 0.9170208966857373856, 0.9170208966857373856, 1.000000000000000000 ) ) 
 REPRESENTATION_ITEM ( '' )  );
#3705 = DIRECTION ( 'NONE',  ( 1.000000000000000000, -0.000000000000000000, -0.000000000000000000 ) ) ;
#3706 = ORIENTED_EDGE ( 'NONE', *, *, #9796, .T. ) ;
#3707 = CARTESIAN_POINT ( 'NONE',  ( 29.09439220029240403, 18.50000000000000355, -1.499999999999999556 ) ) ;
#3708 = ORIENTED_EDGE ( 'NONE', *, *, #689, .F. ) ;
#3709 = LINE ( 'NONE', #7190, #2049 ) ;
#3710 = ORIENTED_EDGE ( 'NONE', *, *, #9609, .F. ) ;
#3711 = VERTEX_POINT ( 'NONE', #6939 ) ;
#3712 = CARTESIAN_POINT ( 'NONE',  ( 9.800000000000000711, 2.000000000000000000, -1.500000000000000000 ) ) ;
#3713 = DIRECTION ( 'NONE',  ( -0.000000000000000000, -1.000000000000000000, -0.000000000000000000 ) ) ;
#3714 = CARTESIAN_POINT ( 'NONE',  ( 12.00000000000000355, 2.000000000000000000, -7.722114953984478447 ) ) ;
#3715 = ORIENTED_EDGE ( 'NONE', *, *, #9022, .F. ) ;
#3716 = CARTESIAN_POINT ( 'NONE',  ( 11.92387953251129318, 2.000000000000000000, -9.775803050807816419 ) ) ;
#3717 = LINE ( 'NONE', #7905, #706 ) ;
#3718 = DIRECTION ( 'NONE',  ( 0.000000000000000000, 0.000000000000000000, 1.000000000000000000 ) ) ;
#3719 = ORIENTED_EDGE ( 'NONE', *, *, #3725, .F. ) ;
#3720 = AXIS2_PLACEMENT_3D ( 'NONE', #3957, #6491, #7283 ) ;
#3721 = CARTESIAN_POINT ( 'NONE',  ( 24.69974999999992349, 18.50000000000000355, -14.72273073147575850 ) ) ;
#3722 = EDGE_CURVE ( 'NONE', #5905, #5682, #9384, .T. ) ;
#3723 = CARTESIAN_POINT ( 'NONE',  ( 90.12474999999994907, 18.50000000000000355, 0.000000000000000000 ) ) ;
#3724 = VERTEX_POINT ( 'NONE', #517 ) ;
#3725 = EDGE_CURVE ( 'NONE', #4070, #3711, #10188, .T. ) ;
#3726 = CARTESIAN_POINT ( 'NONE',  ( 49.19974999999999454, 18.08578643762690419, -7.743669367409150794 ) ) ;
#3727 = DIRECTION ( 'NONE',  ( -1.000000000000000000, 0.000000000000000000, -5.463695987328524465E-16 ) ) ;
#3728 = DIRECTION ( 'NONE',  ( -0.000000000000000000, -0.000000000000000000, 1.000000000000000000 ) ) ;
#3729 = LINE ( 'NONE', #8852, #8717 ) ;
#3730 = VERTEX_POINT ( 'NONE', #2923 ) ;
#3731 = DIRECTION ( 'NONE',  ( 1.000000000000000000, 0.000000000000000000, 0.000000000000000000 ) ) ;
#3732 = EDGE_LOOP ( 'NONE', ( #10039, #763, #5764, #4885, #4066 ) ) ;
#3733 = ORIENTED_EDGE ( 'NONE', *, *, #3169, .F. ) ;
#3734 = EDGE_LOOP ( 'NONE', ( #486, #271, #5078, #4346 ) ) ;
#3735 = VERTEX_POINT ( 'NONE', #2174 ) ;
#3736 = EDGE_CURVE ( 'NONE', #1837, #2496, #9541, .T. ) ;
#3737 = VECTOR ( 'NONE', #3619, 1000.000000000000114 ) ;
#3738 = CARTESIAN_POINT ( 'NONE',  ( 0.000000000000000000, 2.000000000000000000, 0.000000000000000000 ) ) ;
#3739 = VECTOR ( 'NONE', #176, 1000.000000000000000 ) ;
#3740 = DIRECTION ( 'NONE',  ( -1.000000000000000000, 0.000000000000000000, 0.000000000000000000 ) ) ;
#3741 = CARTESIAN_POINT ( 'NONE',  ( 64.82362953251124793, 18.50000000000000355, -12.49228823408811273 ) ) ;
#3742 = CARTESIAN_POINT ( 'NONE',  ( 60.58750000000001279, 18.50000000000000355, -1.500000000000000888 ) ) ;
#3743 = LINE ( 'NONE', #8458, #5114 ) ;
#3744 = DIRECTION ( 'NONE',  ( 0.3826834323650853964, 0.000000000000000000, -0.9238795325112885148 ) ) ;
#3745 = ORIENTED_EDGE ( 'NONE', *, *, #4769, .F. ) ;
#3746 = LINE ( 'NONE', #6275, #4838 ) ;
#3747 = AXIS2_PLACEMENT_3D ( 'NONE', #9424, #1090, #1137 ) ;
#3748 = EDGE_LOOP ( 'NONE', ( #8144, #8922, #216, #6652, #203 ) ) ;
#3749 = AXIS2_PLACEMENT_3D ( 'NONE', #9651, #2437, #5693 ) ;
#3750 = VECTOR ( 'NONE', #2861, 1000.000000000000114 ) ;
#3751 = CARTESIAN_POINT ( 'NONE',  ( 24.69974999999995191, 17.50000000000000000, -16.96018989328458559 ) ) ;
#3752 = DIRECTION ( 'NONE',  ( -0.3827076417426388821, -0.000000000000000000, -0.9238695042871519769 ) ) ;
#3753 = EDGE_CURVE ( 'NONE', #5027, #2426, #7457, .T. ) ;
#3754 = VECTOR ( 'NONE', #1366, 1000.000000000000114 ) ;
#3755 = FACE_OUTER_BOUND ( 'NONE', #2931, .T. ) ;
#3756 = ORIENTED_EDGE ( 'NONE', *, *, #9894, .F. ) ;
#3757 = DIRECTION ( 'NONE',  ( -8.673617379884035472E-17, -0.000000000000000000, -1.000000000000000000 ) ) ;
#3758 = VECTOR ( 'NONE', #4907, 1000.000000000000000 ) ;
#3759 = ORIENTED_EDGE ( 'NONE', *, *, #6583, .F. ) ;
#3760 = CARTESIAN_POINT ( 'NONE',  ( 21.52474999999994054, 20.00000000000000355, -20.00000000000000000 ) ) ;
#3761 = ORIENTED_EDGE ( 'NONE', *, *, #7751, .F. ) ;
#3762 = CARTESIAN_POINT ( 'NONE',  ( 68.79975000000003149, 2.000000000000000000, -5.130543437656442052 ) ) ;
#3763 = EDGE_CURVE ( 'NONE', #5654, #9511, #2229, .T. ) ;
#3764 = EDGE_CURVE ( 'NONE', #4643, #9788, #9639, .T. ) ;
#3765 = VERTEX_POINT ( 'NONE', #7336 ) ;
#3766 = VECTOR ( 'NONE', #1064, 999.9999999999998863 ) ;
#3767 = VECTOR ( 'NONE', #2400, 1000.000000000000000 ) ;
#3768 =( BOUNDED_CURVE ( )  B_SPLINE_CURVE ( 3, ( #4403, #2012, #1149, #6127 ),
 .UNSPECIFIED., .F., .F. ) 
 B_SPLINE_CURVE_WITH_KNOTS ( ( 4, 4 ),
 ( 5.274661551707035656, 6.283185307179586232 ),
 .UNSPECIFIED. ) 
 CURVE ( )  GEOMETRIC_REPRESENTATION_ITEM ( )  RATIONAL_B_SPLINE_CURVE ( ( 1.000000000000000000, 0.9170208966857377186, 0.9170208966857377186, 1.000000000000000000 ) ) 
 REPRESENTATION_ITEM ( '' )  );
#3769 = DIRECTION ( 'NONE',  ( 0.9238795325112842960, 0.000000000000000000, -0.3826834323650958325 ) ) ;
#3770 = CARTESIAN_POINT ( 'NONE',  ( 79.36182383839120291, 18.50000000000000355, -8.516986300988198977 ) ) ;
#3771 = DIRECTION ( 'NONE',  ( 0.3826834323650956105, -0.000000000000000000, 0.9238795325112842960 ) ) ;
#3772 = DIRECTION ( 'NONE',  ( 0.000000000000000000, 0.000000000000000000, 1.000000000000000000 ) ) ;
#3773 = VERTEX_POINT ( 'NONE', #6647 ) ;
#3774 = CARTESIAN_POINT ( 'NONE',  ( 19.80000000000000426, 2.000000000000000000, -8.673617379884037444E-16 ) ) ;
#3775 = LINE ( 'NONE', #9547, #371 ) ;
#3776 = LINE ( 'NONE', #2238, #9341 ) ;
#3777 = ORIENTED_EDGE ( 'NONE', *, *, #8510, .F. ) ;
#3778 = CARTESIAN_POINT ( 'NONE',  ( 93.07364042459307996, 18.50000000000000355, 2.018727961996194420 ) ) ;
#3779 = AXIS2_PLACEMENT_3D ( 'NONE', #2, #5675, #8292 ) ;
#3780 = CARTESIAN_POINT ( 'NONE',  ( 39.39975000000001160, 18.44730268558522823, -1.919915453368664426 ) ) ;
#3781 = ADVANCED_FACE ( 'NONE', ( #9036 ), #6546, .T. ) ;
#3782 = EDGE_CURVE ( 'NONE', #1808, #2529, #532, .T. ) ;
#3783 = CARTESIAN_POINT ( 'NONE',  ( 50.92474999999993912, 2.000000000000000000, -20.00000000000000000 ) ) ;
#3784 = DIRECTION ( 'NONE',  ( -0.000000000000000000, -1.000000000000000000, -0.000000000000000000 ) ) ;
#3785 = CARTESIAN_POINT ( 'NONE',  ( 108.0000000000000142, 20.00000000000000355, 0.000000000000000000 ) ) ;
#3786 = AXIS2_PLACEMENT_3D ( 'NONE', #2259, #8866, #2152 ) ;
#3787 = CYLINDRICAL_SURFACE ( 'NONE', #4268, 0.9999999999999995559 ) ;
#3788 = ADVANCED_FACE ( 'NONE', ( #863 ), #2626, .F. ) ;
#3789 = EDGE_LOOP ( 'NONE', ( #6606, #10569, #6842, #2323 ) ) ;
#3790 = CARTESIAN_POINT ( 'NONE',  ( 5.797519957104366739, 18.50000000000000355, 2.401411394361280482 ) ) ;
#3791 = VERTEX_POINT ( 'NONE', #9738 ) ;
#3792 = EDGE_LOOP ( 'NONE', ( #1513, #4944, #10148, #9747, #8347 ) ) ;
#3793 = ORIENTED_EDGE ( 'NONE', *, *, #8562, .F. ) ;
#3794 = ORIENTED_EDGE ( 'NONE', *, *, #10360, .F. ) ;
#3795 = CARTESIAN_POINT ( 'NONE',  ( 29.09439220029240403, 2.648745683208485246, -1.500000000000000444 ) ) ;
#3796 = FACE_OUTER_BOUND ( 'NONE', #7588, .T. ) ;
#3797 = LINE ( 'NONE', #3154, #5146 ) ;
#3798 = DIRECTION ( 'NONE',  ( 0.9238795325112842960, 0.000000000000000000, -0.3826834323650958325 ) ) ;
#3799 = DIRECTION ( 'NONE',  ( -0.000000000000000000, -1.000000000000000000, -0.000000000000000000 ) ) ;
#3800 = FACE_OUTER_BOUND ( 'NONE', #7071, .T. ) ;
#3801 = EDGE_CURVE ( 'NONE', #196, #10111, #8190, .T. ) ;
#3802 = LINE ( 'NONE', #4595, #3139 ) ;
#3803 = ORIENTED_EDGE ( 'NONE', *, *, #8884, .T. ) ;
#3804 = VECTOR ( 'NONE', #6949, 1000.000000000000000 ) ;
#3805 = CARTESIAN_POINT ( 'NONE',  ( 41.12474999999994196, 20.00000000000000355, -18.50000000000000000 ) ) ;
#3806 = LINE ( 'NONE', #7087, #5975 ) ;
#3807 = DIRECTION ( 'NONE',  ( -0.9238795325112846291, 0.000000000000000000, 0.3826834323650947778 ) ) ;
#3808 = ORIENTED_EDGE ( 'NONE', *, *, #5663, .T. ) ;
#3809 = FACE_OUTER_BOUND ( 'NONE', #467, .T. ) ;
#3810 = VECTOR ( 'NONE', #3345, 1000.000000000000000 ) ;
#3811 = VERTEX_POINT ( 'NONE', #2424 ) ;
#3812 = CARTESIAN_POINT ( 'NONE',  ( 86.67474999999994623, 20.00000000000000355, -18.50000000000000000 ) ) ;
#3813 = ORIENTED_EDGE ( 'NONE', *, *, #10265, .F. ) ;
#3814 = CARTESIAN_POINT ( 'NONE',  ( 98.19975000000000875, 18.34604576567463141, -1.500000000000001332 ) ) ;
#3815 = ORIENTED_EDGE ( 'NONE', *, *, #4402, .F. ) ;
#3816 = VECTOR ( 'NONE', #6989, 1000.000000000000000 ) ;
#3817 = VECTOR ( 'NONE', #4209, 1000.000000000000114 ) ;
#3818 = CARTESIAN_POINT ( 'NONE',  ( 10.00000000000000000, 11.50000000000000000, -5.000000000000000888 ) ) ;
#3819 = CARTESIAN_POINT ( 'NONE',  ( 76.87474999999993486, 20.00000000000000355, -18.50000000000000000 ) ) ;
#3820 = ADVANCED_FACE ( 'NONE', ( #8248 ), #917, .F. ) ;
#3821 = ADVANCED_FACE ( 'NONE', ( #7445 ), #7394, .F. ) ;
#3822 = DIRECTION ( 'NONE',  ( 0.000000000000000000, 0.000000000000000000, -1.000000000000000000 ) ) ;
#3823 = CARTESIAN_POINT ( 'NONE',  ( 106.2747499999999405, 18.50000000000000355, 0.000000000000000000 ) ) ;
#3824 = DIRECTION ( 'NONE',  ( 0.3826834323650962211, -0.000000000000000000, 0.9238795325112840739 ) ) ;
#3825 = CARTESIAN_POINT ( 'NONE',  ( 34.49974999999994196, 18.30794360463553971, -18.50000000000000355 ) ) ;
#3826 = ORIENTED_EDGE ( 'NONE', *, *, #329, .T. ) ;
#3827 = DIRECTION ( 'NONE',  ( 0.3826834323650956660, 0.000000000000000000, 0.9238795325112844070 ) ) ;
#3828 = DIRECTION ( 'NONE',  ( 0.3826834323650956105, 0.000000000000000000, 0.9238795325112842960 ) ) ;
#3829 = CARTESIAN_POINT ( 'NONE',  ( 29.09439220029240403, 17.50000000000000000, -1.499999999999999556 ) ) ;
#3830 = ORIENTED_EDGE ( 'NONE', *, *, #1728, .T. ) ;
#3831 = CARTESIAN_POINT ( 'NONE',  ( 54.09974999999994338, 18.30794360463553261, -18.50000000000000000 ) ) ;
#3832 = FACE_OUTER_BOUND ( 'NONE', #5904, .T. ) ;
#3833 = EDGE_CURVE ( 'NONE', #7709, #8389, #8939, .T. ) ;
#3834 = PLANE ( 'NONE',  #8072 ) ;
#3835 = VECTOR ( 'NONE', #9263, 1000.000000000000000 ) ;
#3836 = DIRECTION ( 'NONE',  ( 0.000000000000000000, 0.000000000000000000, 1.000000000000000000 ) ) ;
#3837 = ORIENTED_EDGE ( 'NONE', *, *, #887, .T. ) ;
#3838 = LINE ( 'NONE', #2297, #5095 ) ;
#3839 = CARTESIAN_POINT ( 'NONE',  ( 26.22672417090403485, 18.50000000000000355, -18.50000000000000355 ) ) ;
#3840 = ORIENTED_EDGE ( 'NONE', *, *, #10080, .F. ) ;
#3841 = LINE ( 'NONE', #7119, #3467 ) ;
#3842 = ORIENTED_EDGE ( 'NONE', *, *, #8463, .F. ) ;
#3843 = ORIENTED_EDGE ( 'NONE', *, *, #7257, .F. ) ;
#3844 = EDGE_LOOP ( 'NONE', ( #2643, #2320, #9893, #3379 ) ) ;
#3845 = ORIENTED_EDGE ( 'NONE', *, *, #4281, .F. ) ;
#3846 = ADVANCED_FACE ( 'NONE', ( #2524 ), #5731, .F. ) ;
#3847 = CARTESIAN_POINT ( 'NONE',  ( 58.36021982760970417, 2.000000000000000000, 3.877129999389440584 ) ) ;
#3848 = CARTESIAN_POINT ( 'NONE',  ( 54.09974999999995759, 18.50000000000000355, -9.496478871970266411 ) ) ;
#3849 = CARTESIAN_POINT ( 'NONE',  ( 62.37277582909585050, 20.00000000000000355, -18.50000000000000000 ) ) ;
#3850 = FACE_OUTER_BOUND ( 'NONE', #6757, .T. ) ;
#3851 = DIRECTION ( 'NONE',  ( -1.000000000000000000, 0.000000000000000000, -2.732708689314438187E-16 ) ) ;
#3852 =( BOUNDED_CURVE ( )  B_SPLINE_CURVE ( 3, ( #529, #9342, #7636, #1158 ),
 .UNSPECIFIED., .F., .F. ) 
 B_SPLINE_CURVE_WITH_KNOTS ( ( 4, 4 ),
 ( 4.712388980384689674, 4.973141638111221674 ),
 .UNSPECIFIED. ) 
 CURVE ( )  GEOMETRIC_REPRESENTATION_ITEM ( )  RATIONAL_B_SPLINE_CURVE ( ( 1.000000000000000000, 0.9943420256214785535, 0.9943420256214785535, 1.000000000000000000 ) ) 
 REPRESENTATION_ITEM ( '' )  );
#3853 = CARTESIAN_POINT ( 'NONE',  ( 42.77277582909584908, 2.000000000000000000, -18.50000000000000000 ) ) ;
#3854 = ORIENTED_EDGE ( 'NONE', *, *, #953, .T. ) ;
#3855 = EDGE_CURVE ( 'NONE', #7284, #6823, #8138, .T. ) ;
#3856 = FACE_OUTER_BOUND ( 'NONE', #4554, .T. ) ;
#3857 = LINE ( 'NONE', #3160, #1528 ) ;
#3858 = EDGE_CURVE ( 'NONE', #1123, #7162, #7806, .T. ) ;
#3859 = CARTESIAN_POINT ( 'NONE',  ( 106.2747499999999405, 20.00000000000000355, -20.00000000000000000 ) ) ;
#3860 = ORIENTED_EDGE ( 'NONE', *, *, #9679, .T. ) ;
#3861 = ORIENTED_EDGE ( 'NONE', *, *, #5809, .F. ) ;
#3862 = LINE ( 'NONE', #3812, #682 ) ;
#3863 = ORIENTED_EDGE ( 'NONE', *, *, #103, .T. ) ;
#3864 = CARTESIAN_POINT ( 'NONE',  ( 68.80000000000001137, 17.50000000000000000, -7.743669367409183657 ) ) ;
#3865 = ORIENTED_EDGE ( 'NONE', *, *, #7001, .F. ) ;
#3866 = EDGE_CURVE ( 'NONE', #3484, #6230, #8295, .T. ) ;
#3867 = CARTESIAN_POINT ( 'NONE',  ( 27.87474999999994196, 2.000000000000000000, -20.00000000000000000 ) ) ;
#3868 = CARTESIAN_POINT ( 'NONE',  ( 58.99975000000002012, 2.052697314414772212, -1.919915453368665981 ) ) ;
#3869 = CARTESIAN_POINT ( 'NONE',  ( 34.49974999999994196, 2.999999999999999112, -12.10960480172301423 ) ) ;
#3870 = CARTESIAN_POINT ( 'NONE',  ( 78.59975000000002865, 18.34604576567463496, -1.500000000000001332 ) ) ;
#3871 = DIRECTION ( 'NONE',  ( -0.9238795325112882928, 0.000000000000000000, -0.3826834323650858960 ) ) ;
#3872 = VERTEX_POINT ( 'NONE', #7494 ) ;
#3873 = DIRECTION ( 'NONE',  ( -0.000000000000000000, -1.000000000000000000, -0.000000000000000000 ) ) ;
#3874 = CARTESIAN_POINT ( 'NONE',  ( 78.59975000000001444, 2.000000000000000000, -2.893084275847624731 ) ) ;
#3875 = FACE_OUTER_BOUND ( 'NONE', #7941, .T. ) ;
#3876 = VERTEX_POINT ( 'NONE', #163 ) ;
#3877 = DIRECTION ( 'NONE',  ( -0.000000000000000000, -1.000000000000000000, -0.000000000000000000 ) ) ;
#3878 = CARTESIAN_POINT ( 'NONE',  ( 106.4120000000000203, 2.000000000000000000, -1.499999999999999556 ) ) ;
#3879 = ADVANCED_FACE ( 'NONE', ( #4914 ), #3425, .T. ) ;
#3880 = PRODUCT_DEFINITION_CONTEXT ( 'detailed design', #10463, 'design' ) ;
#3881 = DIRECTION ( 'NONE',  ( -0.000000000000000000, -1.000000000000000000, -0.000000000000000000 ) ) ;
#3882 = DIRECTION ( 'NONE',  ( 0.3826834323650954439, 0.000000000000000000, 0.9238795325112842960 ) ) ;
#3883 = VERTEX_POINT ( 'NONE', #5886 ) ;
#3884 = CARTESIAN_POINT ( 'NONE',  ( 72.17277582909585476, 20.00000000000000355, -18.50000000000000000 ) ) ;
#3885 = EDGE_CURVE ( 'NONE', #10461, #7433, #8507, .T. ) ;
#3886 = PLANE ( 'NONE',  #5637 ) ;
#3887 = ORIENTED_EDGE ( 'NONE', *, *, #9679, .F. ) ;
#3888 = ORIENTED_EDGE ( 'NONE', *, *, #6181, .F. ) ;
#3889 = ORIENTED_EDGE ( 'NONE', *, *, #5195, .T. ) ;
#3890 = EDGE_CURVE ( 'NONE', #215, #6521, #7549, .T. ) ;
#3891 = ORIENTED_EDGE ( 'NONE', *, *, #1795, .T. ) ;
#3892 = EDGE_CURVE ( 'NONE', #9462, #5090, #3530, .T. ) ;
#3893 = ORIENTED_EDGE ( 'NONE', *, *, #3274, .T. ) ;
#3894 = CARTESIAN_POINT ( 'NONE',  ( 29.60000000000001208, 2.999999999999999112, -7.743065814018603277 ) ) ;
#3895 = CARTESIAN_POINT ( 'NONE',  ( 93.29974999999997465, 18.50000000000000711, -13.19199700201540537 ) ) ;
#3896 = PLANE ( 'NONE',  #2263 ) ;
#3897 = CARTESIAN_POINT ( 'NONE',  ( 93.29974999999993202, 18.50000000000000355, -14.72273073147576916 ) ) ;
#3898 = CARTESIAN_POINT ( 'NONE',  ( 62.97587046748866157, 2.000000000000000000, -12.49228823408810030 ) ) ;
#3899 = CARTESIAN_POINT ( 'NONE',  ( 58.67808768696163213, 2.341211518780904832, -1.500000000000000444 ) ) ;
#3900 = VERTEX_POINT ( 'NONE', #3481 ) ;
#3901 = AXIS2_PLACEMENT_3D ( 'NONE', #8167, #5755, #9711 ) ;
#3902 = DIRECTION ( 'NONE',  ( 0.9238795325112885148, -0.000000000000000000, 0.3826834323650853964 ) ) ;
#3903 = DIRECTION ( 'NONE',  ( -0.9238795325112885148, 0.000000000000000000, -0.3826834323650856184 ) ) ;
#3904 = EDGE_CURVE ( 'NONE', #4099, #9525, #9311, .T. ) ;
#3905 = EDGE_CURVE ( 'NONE', #4012, #845, #7604, .T. ) ;
#3906 = LINE ( 'NONE', #5364, #3207 ) ;
#3907 = ORIENTED_EDGE ( 'NONE', *, *, #5240, .T. ) ;
#3908 = AXIS2_PLACEMENT_3D ( 'NONE', #5149, #71, #7616 ) ;
#3909 = VECTOR ( 'NONE', #6009, 1000.000000000000114 ) ;
#3910 = ORIENTED_EDGE ( 'NONE', *, *, #8818, .F. ) ;
#3911 = CARTESIAN_POINT ( 'NONE',  ( 58.80000000000000426, 18.50000000000000355, -18.50000000000000000 ) ) ;
#3912 = ORIENTED_EDGE ( 'NONE', *, *, #9733, .F. ) ;
#3913 = DIRECTION ( 'NONE',  ( 0.9238795325112844070, 0.000000000000000000, -0.3826834323650956660 ) ) ;
#3914 = ORIENTED_EDGE ( 'NONE', *, *, #10334, .T. ) ;
#3915 = VECTOR ( 'NONE', #2869, 1000.000000000000114 ) ;
#3916 = EDGE_CURVE ( 'NONE', #8675, #3606, #7767, .T. ) ;
#3917 = LINE ( 'NONE', #7196, #5372 ) ;
#3918 = VECTOR ( 'NONE', #8688, 1000.000000000000114 ) ;
#3919 = CARTESIAN_POINT ( 'NONE',  ( 36.22500000000000853, 18.50000000000000355, 0.000000000000000000 ) ) ;
#3920 = AXIS2_PLACEMENT_3D ( 'NONE', #3128, #7996, #2380 ) ;
#3921 = CARTESIAN_POINT ( 'NONE',  ( 58.80000000000000426, 18.50000000000000355, -1.500000000000000000 ) ) ;
#3922 = LINE ( 'NONE', #6558, #6499 ) ;
#3923 = LINE ( 'NONE', #1265, #5881 ) ;
#3924 = VERTEX_POINT ( 'NONE', #6754 ) ;
#3925 = CARTESIAN_POINT ( 'NONE',  ( 73.63998531212858722, 17.50000000000000000, 30.50268064923877276 ) ) ;
#3926 = VECTOR ( 'NONE', #2624, 1000.000000000000000 ) ;
#3927 = CARTESIAN_POINT ( 'NONE',  ( 13.17500000000000249, 20.00000000000000355, 0.000000000000000000 ) ) ;
#3928 = LINE ( 'NONE', #10306, #10376 ) ;
#3929 = ORIENTED_EDGE ( 'NONE', *, *, #2542, .F. ) ;
#3930 = CARTESIAN_POINT ( 'NONE',  ( 53.87364042459308422, 2.000000000000000000, 2.018727961996194420 ) ) ;
#3931 = EDGE_CURVE ( 'NONE', #618, #9419, #1820, .T. ) ;
#3932 = CARTESIAN_POINT ( 'NONE',  ( 27.87474999999994196, 2.000000000000000000, -18.50000000000000000 ) ) ;
#3933 = VECTOR ( 'NONE', #2029, 1000.000000000000000 ) ;
#3934 = DIRECTION ( 'NONE',  ( -1.000000000000000000, -0.000000000000000000, -0.000000000000000000 ) ) ;
#3935 = DIRECTION ( 'NONE',  ( 0.000000000000000000, 0.000000000000000000, 1.000000000000000000 ) ) ;
#3936 = ORIENTED_EDGE ( 'NONE', *, *, #4926, .T. ) ;
#3937 = DIRECTION ( 'NONE',  ( -0.000000000000000000, -1.000000000000000000, -0.000000000000000000 ) ) ;
#3938 = CARTESIAN_POINT ( 'NONE',  ( 29.60000000000000497, 17.50000000000000000, -7.744272920799769366 ) ) ;
#3939 = VECTOR ( 'NONE', #7582, 1000.000000000000000 ) ;
#3940 = ORIENTED_EDGE ( 'NONE', *, *, #7365, .T. ) ;
#3941 = ORIENTED_EDGE ( 'NONE', *, *, #7172, .F. ) ;
#3942 = VERTEX_POINT ( 'NONE', #1879 ) ;
#3943 = VERTEX_POINT ( 'NONE', #2791 ) ;
#3944 = EDGE_CURVE ( 'NONE', #4597, #1123, #4183, .T. ) ;
#3945 = CARTESIAN_POINT ( 'NONE',  ( 11.58750000000000213, 20.00000000000000355, -1.500000000000000888 ) ) ;
#3946 = VECTOR ( 'NONE', #4107, 1000.000000000000227 ) ;
#3947 = LINE ( 'NONE', #9937, #7895 ) ;
#3948 = EDGE_CURVE ( 'NONE', #3811, #1286, #6103, .T. ) ;
#3949 = EDGE_CURVE ( 'NONE', #8954, #10293, #10218, .T. ) ;
#3950 = CARTESIAN_POINT ( 'NONE',  ( 43.85516802938823844, 2.999999999999999112, -18.50000000000000355 ) ) ;
#3951 = DIRECTION ( 'NONE',  ( -0.000000000000000000, -1.000000000000000000, -0.000000000000000000 ) ) ;
#3952 = VECTOR ( 'NONE', #8816, 1000.000000000000000 ) ;
#3953 = ORIENTED_EDGE ( 'NONE', *, *, #425, .F. ) ;
#3954 = EDGE_CURVE ( 'NONE', #9693, #9993, #3647, .T. ) ;
#3955 = FACE_OUTER_BOUND ( 'NONE', #4264, .T. ) ;
#3956 = CARTESIAN_POINT ( 'NONE',  ( 54.09974999999995759, 20.00000000000000355, -9.496478871970266411 ) ) ;
#3957 = CARTESIAN_POINT ( 'NONE',  ( 0.000000000000000000, 2.000000000000000000, 0.000000000000000000 ) ) ;
#3958 = ORIENTED_EDGE ( 'NONE', *, *, #3297, .T. ) ;
#3959 = AXIS2_PLACEMENT_3D ( 'NONE', #3682, #6953, #10204 ) ;
#3960 = VERTEX_POINT ( 'NONE', #1078 ) ;
#3961 = LINE ( 'NONE', #8888, #2395 ) ;
#3962 = ORIENTED_EDGE ( 'NONE', *, *, #1010, .F. ) ;
#3963 = CARTESIAN_POINT ( 'NONE',  ( 98.20000000000000284, 2.999999999999999112, -7.743669367409181881 ) ) ;
#3964 = AXIS2_PLACEMENT_3D ( 'NONE', #3196, #9716, #598 ) ;
#3965 = ORIENTED_EDGE ( 'NONE', *, *, #1661, .T. ) ;
#3966 = ADVANCED_FACE ( 'NONE', ( #4436 ), #8457, .F. ) ;
#3967 = EDGE_CURVE ( 'NONE', #1371, #1788, #8887, .T. ) ;
#3968 =( BOUNDED_CURVE ( )  B_SPLINE_CURVE ( 3, ( #5491, #2288, #677, #10459 ),
 .UNSPECIFIED., .F., .F. ) 
 B_SPLINE_CURVE_WITH_KNOTS ( ( 4, 4 ),
 ( 4.150116409062340139, 4.712388980384690562 ),
 .UNSPECIFIED. ) 
 CURVE ( )  GEOMETRIC_REPRESENTATION_ITEM ( )  RATIONAL_B_SPLINE_CURVE ( ( 1.000000000000000000, 0.9738271993243677871, 0.9738271993243677871, 1.000000000000000000 ) ) 
 REPRESENTATION_ITEM ( '' )  );
#3969 = EDGE_CURVE ( 'NONE', #2739, #1740, #9253, .T. ) ;
#3970 = LINE ( 'NONE', #5785, #4497 ) ;
#3971 = CARTESIAN_POINT ( 'NONE',  ( 70.52474999999994054, 20.00000000000000355, -20.00000000000000000 ) ) ;
#3972 = VECTOR ( 'NONE', #937, 1000.000000000000000 ) ;
#3973 = DIRECTION ( 'NONE',  ( -0.3826834323650853964, 0.000000000000000000, 0.9238795325112886259 ) ) ;
#3974 = CARTESIAN_POINT ( 'NONE',  ( 48.07557472363468065, 18.50000000000000355, -13.07079449584754371 ) ) ;
#3975 = DIRECTION ( 'NONE',  ( -0.000000000000000000, -1.000000000000000000, -0.000000000000000000 ) ) ;
#3976 = ORIENTED_EDGE ( 'NONE', *, *, #8767, .T. ) ;
#3977 = CARTESIAN_POINT ( 'NONE',  ( 29.40000000000000213, 18.50000000000000355, -1.500000000000000000 ) ) ;
#3978 = CARTESIAN_POINT ( 'NONE',  ( 48.27612046748872388, 18.50000000000000355, -7.360382381653501227 ) ) ;
#3979 = CARTESIAN_POINT ( 'NONE',  ( 26.22672417090403485, 20.00000000000000355, -18.50000000000000355 ) ) ;
#3980 = ORIENTED_EDGE ( 'NONE', *, *, #5468, .F. ) ;
#3981 = CARTESIAN_POINT ( 'NONE',  ( 43.85516802938823844, 17.50000000000000000, -18.50000000000000355 ) ) ;
#3982 = CARTESIAN_POINT ( 'NONE',  ( 43.85516802938823844, 2.999999999999999112, -18.50000000000000355 ) ) ;
#3983 = VECTOR ( 'NONE', #2132, 1000.000000000000000 ) ;
#3984 = ADVANCED_FACE ( 'NONE', ( #9361 ), #1130, .F. ) ;
#3985 = ADVANCED_FACE ( 'NONE', ( #7655 ), #5295, .F. ) ;
#3986 = CARTESIAN_POINT ( 'NONE',  ( 90.12474999999994907, 2.000000000000000000, 0.000000000000000000 ) ) ;
#3987 = CARTESIAN_POINT ( 'NONE',  ( 74.14433197061164549, 17.50000000000000000, -18.50000000000000000 ) ) ;
#3988 = ORIENTED_EDGE ( 'NONE', *, *, #1471, .F. ) ;
#3989 = CARTESIAN_POINT ( 'NONE',  ( 39.40000000000000568, 17.50000000000000000, -7.743669367409184545 ) ) ;
#3990 = CARTESIAN_POINT ( 'NONE',  ( 29.59975000000000733, 18.44730268558522823, -1.919915453368667313 ) ) ;
#3991 = CARTESIAN_POINT ( 'NONE',  ( 20.30510779970761703, 17.85125431679151831, -1.500000000000000444 ) ) ;
#3992 = ORIENTED_EDGE ( 'NONE', *, *, #3526, .T. ) ;
#3993 = CARTESIAN_POINT ( 'NONE',  ( 107.0000000000000142, 2.999999999999999112, -2.693568355077375909 ) ) ;
#3994 = VERTEX_POINT ( 'NONE', #6966 ) ;
#3995 = VERTEX_POINT ( 'NONE', #7871 ) ;
#3996 = ORIENTED_EDGE ( 'NONE', *, *, #4559, .F. ) ;
#3997 = VECTOR ( 'NONE', #10012, 1000.000000000000000 ) ;
#3998 = CARTESIAN_POINT ( 'NONE',  ( 104.8250000000000171, 20.00000000000000355, -1.500000000000000000 ) ) ;
#3999 = EDGE_CURVE ( 'NONE', #8713, #5907, #5515, .T. ) ;
#4000 = CARTESIAN_POINT ( 'NONE',  ( 93.29974999999997465, 18.08578643762691129, -12.10960480172300002 ) ) ;
#4001 = DIRECTION ( 'NONE',  ( -0.3826834323650958325, 0.000000000000000000, -0.9238795325112842960 ) ) ;
#4002 = FACE_OUTER_BOUND ( 'NONE', #9767, .T. ) ;
#4003 = CARTESIAN_POINT ( 'NONE',  ( 106.2747499999999405, 2.000000000000000000, 0.000000000000000000 ) ) ;
#4004 = CARTESIAN_POINT ( 'NONE',  ( 69.30510779970761348, 18.50000000000000355, -1.500000000000000000 ) ) ;
#4005 = EDGE_LOOP ( 'NONE', ( #6085, #9589, #1415, #9184, #3418 ) ) ;
#4006 = ADVANCED_FACE ( 'NONE', ( #3850 ), #2898, .F. ) ;
#4007 = LINE ( 'NONE', #913, #3096 ) ;
#4008 = PLANE ( 'NONE',  #4941 ) ;
#4009 = CARTESIAN_POINT ( 'NONE',  ( 77.26782736806690366, 17.50000000000000000, -32.00538203095691614 ) ) ;
#4010 = DIRECTION ( 'NONE',  ( -0.3826834323650938896, -0.000000000000000000, -0.9238795325112852952 ) ) ;
#4011 = DIRECTION ( 'NONE',  ( 0.3826834323650857850, 0.000000000000000000, -0.9238795325112884038 ) ) ;
#4012 = VERTEX_POINT ( 'NONE', #8024 ) ;
#4013 = EDGE_CURVE ( 'NONE', #6450, #6442, #8617, .T. ) ;
#4014 = ORIENTED_EDGE ( 'NONE', *, *, #1858, .F. ) ;
#4015 = ORIENTED_EDGE ( 'NONE', *, *, #9634, .F. ) ;
#4016 = CARTESIAN_POINT ( 'NONE',  ( 88.90510779970762201, 17.85125431679152541, -1.499999999999997780 ) ) ;
#4017 = ORIENTED_EDGE ( 'NONE', *, *, #6725, .T. ) ;
#4018 = EDGE_CURVE ( 'NONE', #3197, #6339, #10327, .T. ) ;
#4019 = EDGE_CURVE ( 'NONE', #10542, #9863, #6272, .T. ) ;
#4020 = LINE ( 'NONE', #7291, #131 ) ;
#4021 = DIRECTION ( 'NONE',  ( -0.000000000000000000, -1.000000000000000000, -0.000000000000000000 ) ) ;
#4022 = PLANE ( 'NONE',  #8981 ) ;
#4023 = CARTESIAN_POINT ( 'NONE',  ( 65.42672417090405190, 18.50000000000000355, -18.50000000000000355 ) ) ;
#4024 = DIRECTION ( 'NONE',  ( -1.000000000000000000, 0.000000000000000000, 0.000000000000000000 ) ) ;
#4025 = VERTEX_POINT ( 'NONE', #4538 ) ;
#4026 = CARTESIAN_POINT ( 'NONE',  ( 47.47474999999994338, 20.00000000000000355, -18.50000000000000000 ) ) ;
#4027 = LINE ( 'NONE', #777, #1723 ) ;
#4028 = ORIENTED_EDGE ( 'NONE', *, *, #9674, .F. ) ;
#4029 = DIRECTION ( 'NONE',  ( 1.000000000000000000, -0.000000000000000000, 0.000000000000000000 ) ) ;
#4030 = ORIENTED_EDGE ( 'NONE', *, *, #9338, .F. ) ;
#4031 = LINE ( 'NONE', #7253, #6035 ) ;
#4032 = DIRECTION ( 'NONE',  ( 0.000000000000000000, 0.000000000000000000, -1.000000000000000000 ) ) ;
#4033 =( BOUNDED_CURVE ( )  B_SPLINE_CURVE ( 3, ( #420, #2017, #2927, #7054 ),
 .UNSPECIFIED., .F., .F. ) 
 B_SPLINE_CURVE_WITH_KNOTS ( ( 4, 4 ),
 ( 0.000000000000000000, 1.008523755472542804 ),
 .UNSPECIFIED. ) 
 CURVE ( )  GEOMETRIC_REPRESENTATION_ITEM ( )  RATIONAL_B_SPLINE_CURVE ( ( 1.000000000000000000, 0.9170208966857389399, 0.9170208966857389399, 1.000000000000000000 ) ) 
 REPRESENTATION_ITEM ( '' )  );
#4034 = FACE_OUTER_BOUND ( 'NONE', #9013, .T. ) ;
#4035 = LINE ( 'NONE', #1747, #4635 ) ;
#4036 = VECTOR ( 'NONE', #8309, 1000.000000000000000 ) ;
#4037 = ORIENTED_EDGE ( 'NONE', *, *, #2486, .F. ) ;
#4038 = LINE ( 'NONE', #737, #7163 ) ;
#4039 = ADVANCED_FACE ( 'NONE', ( #6158 ), #1291, .F. ) ;
#4040 = CARTESIAN_POINT ( 'NONE',  ( 68.79993749768391353, 18.50000000000000355, -10.35694617991806865 ) ) ;
#4041 = CARTESIAN_POINT ( 'NONE',  ( 103.0997499999999576, 18.30794360463553261, -18.50000000000000000 ) ) ;
#4042 = VERTEX_POINT ( 'NONE', #1453 ) ;
#4043 = CARTESIAN_POINT ( 'NONE',  ( 78.40000000000000568, 2.000000000000000000, -1.500000000000000000 ) ) ;
#4044 = ORIENTED_EDGE ( 'NONE', *, *, #3051, .F. ) ;
#4045 = ORIENTED_EDGE ( 'NONE', *, *, #7230, .F. ) ;
#4046 = ORIENTED_EDGE ( 'NONE', *, *, #10372, .T. ) ;
#4047 = EDGE_CURVE ( 'NONE', #3872, #7953, #2674, .T. ) ;
#4048 = LINE ( 'NONE', #6533, #2741 ) ;
#4049 = CYLINDRICAL_SURFACE ( 'NONE', #516, 1.000000000000000888 ) ;
#4050 = CARTESIAN_POINT ( 'NONE',  ( 69.30510779970762769, 17.85125431679151831, -1.500000000000001332 ) ) ;
#4051 = DIRECTION ( 'NONE',  ( 0.9238795325112846291, 0.000000000000000000, -0.3826834323650947778 ) ) ;
#4052 = FACE_OUTER_BOUND ( 'NONE', #5763, .T. ) ;
#4053 = AXIS2_PLACEMENT_3D ( 'NONE', #9313, #9090, #4382 ) ;
#4054 = CARTESIAN_POINT ( 'NONE',  ( 19.80000000000000426, 18.50000000000000355, -10.35619174377131557 ) ) ;
#4055 = EDGE_CURVE ( 'NONE', #9932, #5396, #491, .T. ) ;
#4056 = ORIENTED_EDGE ( 'NONE', *, *, #331, .F. ) ;
#4057 = CARTESIAN_POINT ( 'NONE',  ( 11.41421356237310114, 18.50000000000000355, -4.777167662150986871 ) ) ;
#4058 = LINE ( 'NONE', #1076, #8198 ) ;
#4059 = CARTESIAN_POINT ( 'NONE',  ( 14.67364042459307427, 2.000000000000000000, 2.018727961996194420 ) ) ;
#4060 = CARTESIAN_POINT ( 'NONE',  ( 39.39975000000001160, 2.153954234325363259, -1.500000000000000444 ) ) ;
#4061 = CARTESIAN_POINT ( 'NONE',  ( 45.82672417090404338, 2.000000000000000000, -18.50000000000000355 ) ) ;
#4062 = ORIENTED_EDGE ( 'NONE', *, *, #2139, .F. ) ;
#4063 = EDGE_CURVE ( 'NONE', #1117, #6174, #2202, .T. ) ;
#4064 = ORIENTED_EDGE ( 'NONE', *, *, #9777, .F. ) ;
#4065 = VECTOR ( 'NONE', #9654, 1000.000000000000114 ) ;
#4066 = ORIENTED_EDGE ( 'NONE', *, *, #7490, .T. ) ;
#4067 = CARTESIAN_POINT ( 'NONE',  ( 102.8149263763566523, 18.11602497579402637, -18.49999999999999645 ) ) ;
#4068 = ORIENTED_EDGE ( 'NONE', *, *, #104, .F. ) ;
#4069 = EDGE_CURVE ( 'NONE', #2901, #2444, #4854, .T. ) ;
#4070 = VERTEX_POINT ( 'NONE', #4649 ) ;
#4071 = DIRECTION ( 'NONE',  ( -0.000000000000000000, -1.000000000000000000, -0.000000000000000000 ) ) ;
#4072 = VECTOR ( 'NONE', #10166, 1000.000000000000000 ) ;
#4073 = AXIS2_PLACEMENT_3D ( 'NONE', #7546, #219, #3479 ) ;
#4074 = LINE ( 'NONE', #8950, #8712 ) ;
#4075 = LINE ( 'NONE', #2381, #3321 ) ;
#4076 = VERTEX_POINT ( 'NONE', #9577 ) ;
#4077 = CARTESIAN_POINT ( 'NONE',  ( 35.42362953251122804, 18.50000000000000355, -12.49228823408810918 ) ) ;
#4078 = EDGE_CURVE ( 'NONE', #6438, #3672, #2950, .T. ) ;
#4079 = EDGE_CURVE ( 'NONE', #8491, #3606, #3643, .T. ) ;
#4080 = CARTESIAN_POINT ( 'NONE',  ( 103.0997499999999434, 17.50000000000000000, -12.10960480172301423 ) ) ;
#4081 = VERTEX_POINT ( 'NONE', #3897 ) ;
#4082 = DIRECTION ( 'NONE',  ( 0.000000000000000000, 0.000000000000000000, 1.000000000000000000 ) ) ;
#4083 = ORIENTED_EDGE ( 'NONE', *, *, #6582, .T. ) ;
#4084 = ORIENTED_EDGE ( 'NONE', *, *, #7293, .F. ) ;
#4085 = DIRECTION ( 'NONE',  ( -0.3826834323650954439, 0.000000000000000000, -0.9238795325112842960 ) ) ;
#4086 = VECTOR ( 'NONE', #4536, 1000.000000000000000 ) ;
#4087 = VECTOR ( 'NONE', #1532, 1000.000000000000114 ) ;
#4088 = CARTESIAN_POINT ( 'NONE',  ( 71.97500000000000853, 18.50000000000000355, -1.500000000000000000 ) ) ;
#4089 = DIRECTION ( 'NONE',  ( -0.3826834323650958325, -0.000000000000000000, -0.9238795325112842960 ) ) ;
#4090 = ORIENTED_EDGE ( 'NONE', *, *, #2472, .T. ) ;
#4091 = CARTESIAN_POINT ( 'NONE',  ( 87.27557472363469060, 18.50000000000000355, -13.07079449584754727 ) ) ;
#4092 = CARTESIAN_POINT ( 'NONE',  ( 20.54219216010988447, 2.033803789237822457, -4.011813856752085350 ) ) ;
#4093 = DIRECTION ( 'NONE',  ( -1.000000000000000000, 0.000000000000000000, -5.463695987328531367E-16 ) ) ;
#4094 = VERTEX_POINT ( 'NONE', #2260 ) ;
#4095 = VECTOR ( 'NONE', #1936, 1000.000000000000114 ) ;
#4096 = ORIENTED_EDGE ( 'NONE', *, *, #5227, .F. ) ;
#4097 = VECTOR ( 'NONE', #1590, 1000.000000000000000 ) ;
#4098 = ORIENTED_EDGE ( 'NONE', *, *, #4079, .F. ) ;
#4099 = VERTEX_POINT ( 'NONE', #3106 ) ;
#4100 = EDGE_CURVE ( 'NONE', #10064, #10461, #6379, .T. ) ;
#4101 = EDGE_CURVE ( 'NONE', #714, #7570, #5566, .T. ) ;
#4102 = CARTESIAN_POINT ( 'NONE',  ( 25.87524443537454744, 18.50000000000000355, -6.658584263594879538 ) ) ;
#4103 = VECTOR ( 'NONE', #5744, 1000.000000000000114 ) ;
#4104 =( BOUNDED_CURVE ( )  B_SPLINE_CURVE ( 3, ( #5492, #8001, #585, #8841 ),
 .UNSPECIFIED., .F., .F. ) 
 B_SPLINE_CURVE_WITH_KNOTS ( ( 4, 4 ),
 ( 3.141592653589793116, 4.082246578227968214 ),
 .UNSPECIFIED. ) 
 CURVE ( )  GEOMETRIC_REPRESENTATION_ITEM ( )  RATIONAL_B_SPLINE_CURVE ( ( 1.000000000000000000, 0.9276134425276995055, 0.9276134425276995055, 1.000000000000000000 ) ) 
 REPRESENTATION_ITEM ( '' )  );
#4105 = ADVANCED_FACE ( 'NONE', ( #7226 ), #8663, .F. ) ;
#4106 = CARTESIAN_POINT ( 'NONE',  ( 99.78750000000000853, 20.00000000000000355, -1.500000000000000888 ) ) ;
#4107 = DIRECTION ( 'NONE',  ( -0.3826592221992058951, -0.000000000000000000, 0.9238895603187096128 ) ) ;
#4108 = DIRECTION ( 'NONE',  ( 0.000000000000000000, 0.000000000000000000, -1.000000000000000000 ) ) ;
#4109 = CARTESIAN_POINT ( 'NONE',  ( 95.02500000000000568, 20.00000000000000355, -1.500000000000000000 ) ) ;
#4110 = DIRECTION ( 'NONE',  ( -0.000000000000000000, -1.000000000000000000, -0.000000000000000000 ) ) ;
#4111 = EDGE_LOOP ( 'NONE', ( #1726, #1902, #1918, #2508, #909, #6695 ) ) ;
#4112 = AXIS2_PLACEMENT_3D ( 'NONE', #99, #5768, #8975 ) ;
#4113 = DIRECTION ( 'NONE',  ( 0.000000000000000000, 0.000000000000000000, -1.000000000000000000 ) ) ;
#4114 = CARTESIAN_POINT ( 'NONE',  ( 38.27557472363468349, 18.50000000000000355, -13.07079449584754727 ) ) ;
#4115 = LINE ( 'NONE', #161, #2094 ) ;
#4116 = DIRECTION ( 'NONE',  ( 0.3826834323650956660, -0.000000000000000000, 0.9238795325112844070 ) ) ;
#4117 = ADVANCED_FACE ( 'NONE', ( #9677 ), #5613, .F. ) ;
#4118 = LINE ( 'NONE', #7337, #134 ) ;
#4119 = ORIENTED_EDGE ( 'NONE', *, *, #2009, .F. ) ;
#4120 = VECTOR ( 'NONE', #4970, 1000.000000000000000 ) ;
#4121 = ORIENTED_EDGE ( 'NONE', *, *, #1735, .T. ) ;
#4122 = CARTESIAN_POINT ( 'NONE',  ( 58.99975000000004144, 18.50000000000000355, -5.130543437656421624 ) ) ;
#4123 = EDGE_LOOP ( 'NONE', ( #9631, #5608, #9235, #597, #8174 ) ) ;
#4124 = VECTOR ( 'NONE', #10513, 1000.000000000000114 ) ;
#4125 = DIRECTION ( 'NONE',  ( -0.9238695042871519769, 0.000000000000000000, 0.3827076417426389376 ) ) ;
#4126 = CARTESIAN_POINT ( 'NONE',  ( 98.20000000000000284, 17.50000000000000000, -7.743669367409180992 ) ) ;
#4127 = CARTESIAN_POINT ( 'NONE',  ( 29.60000000000000853, 20.00000000000000355, -10.35679529716193592 ) ) ;
#4128 = VERTEX_POINT ( 'NONE', #3204 ) ;
#4129 = FACE_OUTER_BOUND ( 'NONE', #169, .T. ) ;
#4130 =( GEOMETRIC_REPRESENTATION_CONTEXT ( 3 ) GLOBAL_UNCERTAINTY_ASSIGNED_CONTEXT ( ( #5385 ) ) GLOBAL_UNIT_ASSIGNED_CONTEXT ( ( #8225, #4148, #3405 ) ) REPRESENTATION_CONTEXT ( 'NONE', 'WORKASPACE' ) );
#4131 = ORIENTED_EDGE ( 'NONE', *, *, #3594, .F. ) ;
#4132 = CARTESIAN_POINT ( 'NONE',  ( 85.02672417090403201, 18.50000000000000355, -18.50000000000000355 ) ) ;
#4133 = VERTEX_POINT ( 'NONE', #47 ) ;
#4134 = ORIENTED_EDGE ( 'NONE', *, *, #838, .F. ) ;
#4135 = DIRECTION ( 'NONE',  ( -0.9238795325112844070, 0.000000000000000000, 0.3826834323650955549 ) ) ;
#4136 = VERTEX_POINT ( 'NONE', #6479 ) ;
#4137 = EDGE_CURVE ( 'NONE', #6432, #7120, #3365, .T. ) ;
#4138 = EDGE_CURVE ( 'NONE', #10016, #4396, #5824, .T. ) ;
#4139 = AXIS2_PLACEMENT_3D ( 'NONE', #5004, #949, #201 ) ;
#4140 = CARTESIAN_POINT ( 'NONE',  ( 10.00000000000000000, 11.50000000000000000, -17.09999999999999787 ) ) ;
#4141 = CARTESIAN_POINT ( 'NONE',  ( 36.12139948961566205, 2.999999999999999112, 2.784094826726366101 ) ) ;
#4142 = CARTESIAN_POINT ( 'NONE',  ( 79.01827173280369720, 2.000000000000000000, -1.882683432365092058 ) ) ;
#4143 = ORIENTED_EDGE ( 'NONE', *, *, #4223, .T. ) ;
#4144 = DIRECTION ( 'NONE',  ( 0.000000000000000000, 0.000000000000000000, -1.000000000000000000 ) ) ;
#4145 = CARTESIAN_POINT ( 'NONE',  ( 20.21421356237310007, 1.999999999999998668, -7.661880720507386222 ) ) ;
#4146 = CARTESIAN_POINT ( 'NONE',  ( 27.87474999999994196, 2.000000000000000000, 0.000000000000000000 ) ) ;
#4147 = EDGE_LOOP ( 'NONE', ( #7783, #9353, #3150, #3840 ) ) ;
#4148 =( NAMED_UNIT ( * ) PLANE_ANGLE_UNIT ( ) SI_UNIT ( $, .RADIAN. ) );
#4149 = ADVANCED_FACE ( 'NONE', ( #2414 ), #8867, .F. ) ;
#4150 = ORIENTED_EDGE ( 'NONE', *, *, #7598, .F. ) ;
#4151 = ORIENTED_EDGE ( 'NONE', *, *, #4801, .F. ) ;
#4152 = ORIENTED_EDGE ( 'NONE', *, *, #9022, .T. ) ;
#4153 = CARTESIAN_POINT ( 'NONE',  ( 34.94433197061164265, 17.50000000000000000, -18.50000000000000355 ) ) ;
#4154 = VECTOR ( 'NONE', #8752, 1000.000000000000000 ) ;
#4155 = CARTESIAN_POINT ( 'NONE',  ( 60.72474999999994338, 2.000000000000000000, 0.000000000000000000 ) ) ;
#4156 = FACE_OUTER_BOUND ( 'NONE', #8580, .T. ) ;
#4157 = DIRECTION ( 'NONE',  ( 0.3826592221992072829, 0.000000000000000000, -0.9238895603187091687 ) ) ;
#4158 = LINE ( 'NONE', #960, #7352 ) ;
#4159 = CARTESIAN_POINT ( 'NONE',  ( 91.77277582909586329, 18.50000000000000355, -18.50000000000000000 ) ) ;
#4160 = ORIENTED_EDGE ( 'NONE', *, *, #656, .F. ) ;
#4161 = VECTOR ( 'NONE', #4982, 1000.000000000000114 ) ;
#4162 =( BOUNDED_CURVE ( )  B_SPLINE_CURVE ( 3, ( #5374, #7736, #6292, #415 ),
 .UNSPECIFIED., .F., .F. ) 
 B_SPLINE_CURVE_WITH_KNOTS ( ( 4, 4 ),
 ( 4.150116409062340139, 4.712388980384694115 ),
 .UNSPECIFIED. ) 
 CURVE ( )  GEOMETRIC_REPRESENTATION_ITEM ( )  RATIONAL_B_SPLINE_CURVE ( ( 1.000000000000000000, 0.9738271993243673430, 0.9738271993243673430, 1.000000000000000000 ) ) 
 REPRESENTATION_ITEM ( '' )  );
#4163 = DIRECTION ( 'NONE',  ( -0.3826834323650856740, 0.000000000000000000, 0.9238795325112884038 ) ) ;
#4164 = DIRECTION ( 'NONE',  ( 0.3826834323650958325, -0.000000000000000000, 0.9238795325112842960 ) ) ;
#4165 = DIRECTION ( 'NONE',  ( 0.9238795325112844070, 0.000000000000000000, -0.3826834323650955549 ) ) ;
#4166 = AXIS2_PLACEMENT_3D ( 'NONE', #3751, #2108, #613 ) ;
#4167 = CARTESIAN_POINT ( 'NONE',  ( 19.60000000000000142, 18.50000000000000355, -1.500000000000000000 ) ) ;
#4168 = ORIENTED_EDGE ( 'NONE', *, *, #4137, .F. ) ;
#4169 = EDGE_CURVE ( 'NONE', #5277, #8282, #9782, .T. ) ;
#4170 = ORIENTED_EDGE ( 'NONE', *, *, #81, .T. ) ;
#4171 = CARTESIAN_POINT ( 'NONE',  ( 58.99975000000002012, 18.08578643762690419, -7.743669367409149906 ) ) ;
#4172 = ORIENTED_EDGE ( 'NONE', *, *, #3635, .F. ) ;
#4173 = EDGE_CURVE ( 'NONE', #4099, #7123, #1709, .T. ) ;
#4174 = DIRECTION ( 'NONE',  ( -0.9238795325112884038, 0.000000000000000000, -0.3826834323650857850 ) ) ;
#4175 = LINE ( 'NONE', #7503, #2047 ) ;
#4176 = CARTESIAN_POINT ( 'NONE',  ( 88.90510779970762201, 2.999999999999999112, -1.499999999999996891 ) ) ;
#4177 = ORIENTED_EDGE ( 'NONE', *, *, #2062, .F. ) ;
#4178 = DIRECTION ( 'NONE',  ( 1.000000000000000000, 0.000000000000000000, 0.000000000000000000 ) ) ;
#4179 = DIRECTION ( 'NONE',  ( 1.000000000000000000, 0.000000000000000000, 0.000000000000000000 ) ) ;
#4180 = ORIENTED_EDGE ( 'NONE', *, *, #8844, .T. ) ;
#4181 = DIRECTION ( 'NONE',  ( -1.000000000000000000, 0.000000000000000000, -0.000000000000000000 ) ) ;
#4182 = ORIENTED_EDGE ( 'NONE', *, *, #2460, .T. ) ;
#4183 = B_SPLINE_CURVE_WITH_KNOTS ( 'NONE', 3,
 ( #4487, #2679, #5244, #10055 ),
 .UNSPECIFIED., .F., .F.,
 ( 4, 4 ),
 ( 0.06060606060606065632, 0.9393939393939395588 ),
 .UNSPECIFIED. ) ;
#4184 = ORIENTED_EDGE ( 'NONE', *, *, #2852, .T. ) ;
#4185 = CARTESIAN_POINT ( 'NONE',  ( 19.29439220029239976, 2.999999999999999112, -1.499999999999999556 ) ) ;
#4186 = ORIENTED_EDGE ( 'NONE', *, *, #6777, .F. ) ;
#4187 = ADVANCED_FACE ( 'NONE', ( #1551 ), #10483, .F. ) ;
#4188 = LINE ( 'NONE', #4297, #10420 ) ;
#4189 = CARTESIAN_POINT ( 'NONE',  ( 98.52141231303839675, 2.341211518780895506, -1.500000000000000444 ) ) ;
#4190 = CARTESIAN_POINT ( 'NONE',  ( 31.32474999999994125, 20.00000000000000355, -18.50000000000000000 ) ) ;
#4191 = ORIENTED_EDGE ( 'NONE', *, *, #5961, .F. ) ;
#4192 = LINE ( 'NONE', #139, #2894 ) ;
#4193 = FACE_OUTER_BOUND ( 'NONE', #3550, .T. ) ;
#4194 = CARTESIAN_POINT ( 'NONE',  ( 103.0997499999999576, 18.49999999999999645, -17.51835138363011168 ) ) ;
#4195 = ORIENTED_EDGE ( 'NONE', *, *, #636, .F. ) ;
#4196 = CARTESIAN_POINT ( 'NONE',  ( 107.0000000000000142, 17.50000000000000000, -10.15727937639168488 ) ) ;
#4197 = ORIENTED_EDGE ( 'NONE', *, *, #6669, .T. ) ;
#4198 = VERTEX_POINT ( 'NONE', #5769 ) ;
#4199 = ORIENTED_EDGE ( 'NONE', *, *, #5130, .T. ) ;
#4200 = VECTOR ( 'NONE', #5105, 1000.000000000000000 ) ;
#4201 = ADVANCED_FACE ( 'NONE', ( #4002 ), #8075, .F. ) ;
#4202 = CARTESIAN_POINT ( 'NONE',  ( 0.000000000000000000, 2.000000000000000000, 0.000000000000000000 ) ) ;
#4203 = PLANE ( 'NONE',  #9567 ) ;
#4204 = DIRECTION ( 'NONE',  ( -0.000000000000000000, -1.000000000000000000, -0.000000000000000000 ) ) ;
#4205 = CARTESIAN_POINT ( 'NONE',  ( 18.07474999999993770, 20.00000000000000355, -18.50000000000000000 ) ) ;
#4206 = FACE_OUTER_BOUND ( 'NONE', #646, .T. ) ;
#4207 = ADVANCED_FACE ( 'NONE', ( #801 ), #100, .F. ) ;
#4208 = EDGE_CURVE ( 'NONE', #7731, #2838, #4962, .T. ) ;
#4209 = DIRECTION ( 'NONE',  ( -0.3826350148337050450, -0.000000000000000000, 0.9238995862230972023 ) ) ;
#4210 = ORIENTED_EDGE ( 'NONE', *, *, #1125, .F. ) ;
#4211 = FACE_OUTER_BOUND ( 'NONE', #4511, .T. ) ;
#4212 = DIRECTION ( 'NONE',  ( 0.000000000000000000, 0.000000000000000000, 1.000000000000000000 ) ) ;
#4213 = CARTESIAN_POINT ( 'NONE',  ( 69.72387953251130455, 2.000000000000000000, -7.361589488434682416 ) ) ;
#4214 = DIRECTION ( 'NONE',  ( 0.3826834323650860625, -0.000000000000000000, -0.9238795325112882928 ) ) ;
#4215 = CARTESIAN_POINT ( 'NONE',  ( 56.91033885650036694, 17.50000000000000000, 23.57303419361067398 ) ) ;
#4216 = DIRECTION ( 'NONE',  ( 1.000000000000000000, 0.000000000000000000, 0.000000000000000000 ) ) ;
#4217 = ORIENTED_EDGE ( 'NONE', *, *, #6453, .F. ) ;
#4218 = AXIS2_PLACEMENT_3D ( 'NONE', #1353, #6281, #4549 ) ;
#4219 = ORIENTED_EDGE ( 'NONE', *, *, #3346, .F. ) ;
#4220 = CARTESIAN_POINT ( 'NONE',  ( 68.60000000000000853, 2.000000000000000000, -1.500000000000000000 ) ) ;
#4221 = VERTEX_POINT ( 'NONE', #8288 ) ;
#4222 = EDGE_CURVE ( 'NONE', #1788, #938, #1603, .T. ) ;
#4223 = EDGE_CURVE ( 'NONE', #7459, #1785, #9835, .T. ) ;
#4224 = CARTESIAN_POINT ( 'NONE',  ( 38.89439220029240829, 17.85125431679151831, -1.499999999999999556 ) ) ;
#4225 = CARTESIAN_POINT ( 'NONE',  ( 104.6267241709040405, 20.00000000000000355, -18.50000000000000355 ) ) ;
#4226 = EDGE_CURVE ( 'NONE', #1193, #8891, #2469, .T. ) ;
#4227 = LINE ( 'NONE', #6929, #9296 ) ;
#4228 = ORIENTED_EDGE ( 'NONE', *, *, #3246, .T. ) ;
#4229 = LINE ( 'NONE', #291, #841 ) ;
#4230 = CARTESIAN_POINT ( 'NONE',  ( 17.92300350039710821, 17.50000000000000000, -7.423951128325072091 ) ) ;
#4231 = ORIENTED_EDGE ( 'NONE', *, *, #9167, .F. ) ;
#4232 = DIRECTION ( 'NONE',  ( -0.9238695042871519769, 0.000000000000000000, 0.3827076417426389376 ) ) ;
#4233 = ORIENTED_EDGE ( 'NONE', *, *, #2830, .F. ) ;
#4234 = VERTEX_POINT ( 'NONE', #8180 ) ;
#4235 = CARTESIAN_POINT ( 'NONE',  ( 102.6204524381003580, 2.000000000000000000, -18.11731656763490506 ) ) ;
#4236 = ORIENTED_EDGE ( 'NONE', *, *, #1529, .F. ) ;
#4237 = VECTOR ( 'NONE', #9923, 1000.000000000000000 ) ;
#4238 = AXIS2_PLACEMENT_3D ( 'NONE', #4202, #6425, #10527 ) ;
#4239 = DIRECTION ( 'NONE',  ( -0.000000000000000000, -0.000000000000000000, -1.000000000000000000 ) ) ;
#4240 = CARTESIAN_POINT ( 'NONE',  ( 96.47474999999994338, 2.000000000000000000, 0.000000000000000000 ) ) ;
#4241 = CARTESIAN_POINT ( 'NONE',  ( 29.92141231303838822, 2.341211518780903056, -1.500000000000000222 ) ) ;
#4242 = CARTESIAN_POINT ( 'NONE',  ( 19.63794430587991613, 18.50000000000000355, -8.134302868623109362 ) ) ;
#4243 = ORIENTED_EDGE ( 'NONE', *, *, #10426, .F. ) ;
#4244 =( BOUNDED_CURVE ( )  B_SPLINE_CURVE ( 3, ( #8542, #2078, #10151, #4571 ),
 .UNSPECIFIED., .F., .F. ) 
 B_SPLINE_CURVE_WITH_KNOTS ( ( 4, 4 ),
 ( 2.133068898117247425, 3.141592653589793116 ),
 .UNSPECIFIED. ) 
 CURVE ( )  GEOMETRIC_REPRESENTATION_ITEM ( )  RATIONAL_B_SPLINE_CURVE ( ( 1.000000000000000000, 0.9170208966857386068, 0.9170208966857386068, 1.000000000000000000 ) ) 
 REPRESENTATION_ITEM ( '' )  );
#4245 = CARTESIAN_POINT ( 'NONE',  ( 57.27474999999994054, 20.00000000000000355, -20.00000000000000000 ) ) ;
#4246 = EDGE_CURVE ( 'NONE', #3484, #879, #9882, .T. ) ;
#4247 = DIRECTION ( 'NONE',  ( -0.3826834323650853964, 0.000000000000000000, 0.9238795325112886259 ) ) ;
#4248 = CARTESIAN_POINT ( 'NONE',  ( 16.62500000000000355, 2.000000000000000000, 0.000000000000000000 ) ) ;
#4249 = VERTEX_POINT ( 'NONE', #2565 ) ;
#4250 = ORIENTED_EDGE ( 'NONE', *, *, #4890, .T. ) ;
#4251 = VECTOR ( 'NONE', #7184, 1000.000000000000000 ) ;
#4252 = VERTEX_POINT ( 'NONE', #9081 ) ;
#4253 = ORIENTED_EDGE ( 'NONE', *, *, #7339, .T. ) ;
#4254 = CIRCLE ( 'NONE', #3920, 1.000000000000000888 ) ;
#4255 = VECTOR ( 'NONE', #1954, 1000.000000000000114 ) ;
#4256 = DIRECTION ( 'NONE',  ( 1.000000000000000000, -0.000000000000000000, 0.000000000000000000 ) ) ;
#4257 = CARTESIAN_POINT ( 'NONE',  ( 50.78750000000000853, 2.000000000000000000, -1.500000000000000888 ) ) ;
#4258 = CARTESIAN_POINT ( 'NONE',  ( 104.8250000000000171, 18.50000000000000355, 0.000000000000000000 ) ) ;
#4259 = AXIS2_PLACEMENT_3D ( 'NONE', #4328, #7714, #278 ) ;
#4260 = LINE ( 'NONE', #9179, #2571 ) ;
#4261 = LINE ( 'NONE', #9028, #1205 ) ;
#4262 = VECTOR ( 'NONE', #9469, 1000.000000000000000 ) ;
#4263 = ORIENTED_EDGE ( 'NONE', *, *, #9996, .T. ) ;
#4264 = EDGE_LOOP ( 'NONE', ( #2439, #357, #4690, #5890 ) ) ;
#4265 = EDGE_CURVE ( 'NONE', #705, #5344, #1764, .T. ) ;
#4266 = ORIENTED_EDGE ( 'NONE', *, *, #6384, .F. ) ;
#4267 = VECTOR ( 'NONE', #152, 999.9999999999998863 ) ;
#4268 = AXIS2_PLACEMENT_3D ( 'NONE', #7966, #8062, #4576 ) ;
#4269 = EDGE_CURVE ( 'NONE', #6620, #8842, #7594, .T. ) ;
#4270 = CYLINDRICAL_SURFACE ( 'NONE', #4073, 1.000000000000003109 ) ;
#4271 = EDGE_CURVE ( 'NONE', #5090, #238, #6745, .T. ) ;
#4272 = DIRECTION ( 'NONE',  ( 0.000000000000000000, 0.000000000000000000, 1.000000000000000000 ) ) ;
#4273 = CARTESIAN_POINT ( 'NONE',  ( 46.71246076258712776, 2.999999999999999112, 3.111763134659267127 ) ) ;
#4274 = DIRECTION ( 'NONE',  ( 0.000000000000000000, 0.000000000000000000, -1.000000000000000000 ) ) ;
#4275 = CARTESIAN_POINT ( 'NONE',  ( 67.07474999999995191, 20.00000000000000355, -18.50000000000000000 ) ) ;
#4276 = CARTESIAN_POINT ( 'NONE',  ( 29.60000000000000497, 13.00000000000000533, -10.35619174377131380 ) ) ;
#4277 = ORIENTED_EDGE ( 'NONE', *, *, #4222, .T. ) ;
#4278 = AXIS2_PLACEMENT_3D ( 'NONE', #8484, #7686, #2018 ) ;
#4279 = ORIENTED_EDGE ( 'NONE', *, *, #7367, .F. ) ;
#4280 = CARTESIAN_POINT ( 'NONE',  ( 80.32474999999993770, 2.000000000000000000, -20.00000000000000000 ) ) ;
#4281 = EDGE_CURVE ( 'NONE', #7019, #129, #1924, .T. ) ;
#4282 = CARTESIAN_POINT ( 'NONE',  ( 38.89439220029240829, 17.50000000000000000, -1.499999999999999556 ) ) ;
#4283 = FACE_OUTER_BOUND ( 'NONE', #7990, .T. ) ;
#4284 = DIRECTION ( 'NONE',  ( 0.3826834323650853964, -0.000000000000000000, -0.9238795325112885148 ) ) ;
#4285 = ORIENTED_EDGE ( 'NONE', *, *, #8410, .T. ) ;
#4286 = CARTESIAN_POINT ( 'NONE',  ( 89.98750000000001137, 2.000000000000000000, -1.500000000000000888 ) ) ;
#4287 = DIRECTION ( 'NONE',  ( 0.9238895603187097239, -0.000000000000000000, 0.3826592221992059506 ) ) ;
#4288 = ORIENTED_EDGE ( 'NONE', *, *, #2648, .F. ) ;
#4289 = DIRECTION ( 'NONE',  ( 1.000000000000000000, -0.000000000000000000, 0.000000000000000000 ) ) ;
#4290 = ORIENTED_EDGE ( 'NONE', *, *, #4798, .F. ) ;
#4291 = EDGE_LOOP ( 'NONE', ( #5869, #4044, #6234, #4999 ) ) ;
#4292 = DIRECTION ( 'NONE',  ( -0.3826834323650958325, -0.000000000000000000, -0.9238795325112842960 ) ) ;
#4293 = ORIENTED_EDGE ( 'NONE', *, *, #1506, .F. ) ;
#4294 = ADVANCED_FACE ( 'NONE', ( #7645 ), #1165, .F. ) ;
#4295 = EDGE_CURVE ( 'NONE', #1282, #9564, #6796, .T. ) ;
#4296 = EDGE_CURVE ( 'NONE', #2426, #8500, #10158, .T. ) ;
#4297 = CARTESIAN_POINT ( 'NONE',  ( 108.0000000000000000, 2.000000000000000000, 0.000000000000000000 ) ) ;
#4298 = LINE ( 'NONE', #5803, #6020 ) ;
#4299 = LINE ( 'NONE', #3616, #6333 ) ;
#4300 = FACE_OUTER_BOUND ( 'NONE', #4407, .T. ) ;
#4301 = ORIENTED_EDGE ( 'NONE', *, *, #2614, .F. ) ;
#4302 = DIRECTION ( 'NONE',  ( -0.3827076417426388821, -0.000000000000000000, -0.9238695042871519769 ) ) ;
#4303 = DIRECTION ( 'NONE',  ( -0.000000000000000000, -1.000000000000000000, -0.000000000000000000 ) ) ;
#4304 = FACE_OUTER_BOUND ( 'NONE', #328, .T. ) ;
#4305 = ORIENTED_EDGE ( 'NONE', *, *, #3801, .T. ) ;
#4306 = DIRECTION ( 'NONE',  ( -0.000000000000000000, -1.000000000000000000, -0.000000000000000000 ) ) ;
#4307 = EDGE_LOOP ( 'NONE', ( #1443, #1840, #8227, #7885 ) ) ;
#4308 = VECTOR ( 'NONE', #7061, 1000.000000000000000 ) ;
#4309 = ADVANCED_FACE ( 'NONE', ( #2833 ), #8333, .F. ) ;
#4310 = ORIENTED_EDGE ( 'NONE', *, *, #10099, .F. ) ;
#4311 = EDGE_LOOP ( 'NONE', ( #8934, #3238, #8123 ) ) ;
#4312 = VECTOR ( 'NONE', #1167, 1000.000000000000000 ) ;
#4313 = EDGE_CURVE ( 'NONE', #5125, #6660, #4260, .T. ) ;
#4314 =( BOUNDED_CURVE ( )  B_SPLINE_CURVE ( 3, ( #7951, #8637, #8744, #5538 ),
 .UNSPECIFIED., .F., .F. ) 
 B_SPLINE_CURVE_WITH_KNOTS ( ( 4, 4 ),
 ( 4.150116409062340139, 4.712388980384694115 ),
 .UNSPECIFIED. ) 
 CURVE ( )  GEOMETRIC_REPRESENTATION_ITEM ( )  RATIONAL_B_SPLINE_CURVE ( ( 1.000000000000000000, 0.9738271993243673430, 0.9738271993243673430, 1.000000000000000000 ) ) 
 REPRESENTATION_ITEM ( '' )  );
#4315 = DIRECTION ( 'NONE',  ( 1.000000000000000000, 0.000000000000000000, 0.000000000000000000 ) ) ;
#4316 = CARTESIAN_POINT ( 'NONE',  ( 63.89974999999994765, 17.50000000000000000, -12.10960480172301423 ) ) ;
#4317 = LINE ( 'NONE', #1067, #10104 ) ;
#4318 = DIRECTION ( 'NONE',  ( 0.000000000000000000, 0.000000000000000000, -1.000000000000000000 ) ) ;
#4319 = VECTOR ( 'NONE', #3447, 1000.000000000000114 ) ;
#4320 = CARTESIAN_POINT ( 'NONE',  ( 39.39975000000000449, 2.414213562373097144, -7.743669367409177440 ) ) ;
#4321 = ORIENTED_EDGE ( 'NONE', *, *, #8041, .T. ) ;
#4322 = ORIENTED_EDGE ( 'NONE', *, *, #8475, .T. ) ;
#4323 = ORIENTED_EDGE ( 'NONE', *, *, #9285, .T. ) ;
#4324 = EDGE_CURVE ( 'NONE', #2739, #938, #380, .T. ) ;
#4325 = VECTOR ( 'NONE', #6515, 1000.000000000000000 ) ;
#4326 = DIRECTION ( 'NONE',  ( -1.000000000000000000, 0.000000000000000000, 0.000000000000000000 ) ) ;
#4327 = LINE ( 'NONE', #7713, #5836 ) ;
#4328 = CARTESIAN_POINT ( 'NONE',  ( 9.800000000000000711, 18.50000000000000355, -18.50000000000000000 ) ) ;
#4329 = CARTESIAN_POINT ( 'NONE',  ( 13.17500000000000249, 2.000000000000000000, 0.000000000000000000 ) ) ;
#4330 = CARTESIAN_POINT ( 'NONE',  ( 39.39989330582617555, 2.000000000000000000, -10.35683949133576398 ) ) ;
#4331 = VERTEX_POINT ( 'NONE', #9349 ) ;
#4332 = ORIENTED_EDGE ( 'NONE', *, *, #9609, .T. ) ;
#4333 = CARTESIAN_POINT ( 'NONE',  ( 81.77500000000001990, 2.000000000000000000, 0.000000000000000000 ) ) ;
#4334 = EDGE_CURVE ( 'NONE', #4343, #2646, #5179, .T. ) ;
#4335 = EDGE_CURVE ( 'NONE', #6521, #7032, #2719, .T. ) ;
#4336 = CARTESIAN_POINT ( 'NONE',  ( 54.09974999999992917, 2.192056395364460730, -18.50000000000000000 ) ) ;
#4337 = CARTESIAN_POINT ( 'NONE',  ( 0.000000000000000000, 2.000000000000000000, 0.000000000000000000 ) ) ;
#4338 = ADVANCED_FACE ( 'NONE', ( #8394 ), #8551, .F. ) ;
#4339 = CARTESIAN_POINT ( 'NONE',  ( 10.00000000000000178, 11.50000000000000000, -2.999999999999999112 ) ) ;
#4340 = EDGE_LOOP ( 'NONE', ( #823, #5370, #1857, #3250 ) ) ;
#4341 = CARTESIAN_POINT ( 'NONE',  ( 88.40000000000000568, 17.50000000000000000, -7.743669367409180992 ) ) ;
#4342 = LINE ( 'NONE', #9910, #5994 ) ;
#4343 = VERTEX_POINT ( 'NONE', #1224 ) ;
#4344 = CARTESIAN_POINT ( 'NONE',  ( 10.00000000000000178, 18.50000000000000355, -10.35739885055255627 ) ) ;
#4345 = EDGE_LOOP ( 'NONE', ( #20, #6828, #9911, #8476 ) ) ;
#4346 = ORIENTED_EDGE ( 'NONE', *, *, #6258, .T. ) ;
#4347 = FACE_OUTER_BOUND ( 'NONE', #4307, .T. ) ;
#4348 = EDGE_CURVE ( 'NONE', #6370, #3123, #10103, .T. ) ;
#4349 = EDGE_CURVE ( 'NONE', #5973, #2631, #8449, .T. ) ;
#4350 = ORIENTED_EDGE ( 'NONE', *, *, #9078, .F. ) ;
#4351 = EDGE_LOOP ( 'NONE', ( #6581, #4321, #7090, #1492, #1703, #4068, #7694 ) ) ;
#4352 = CARTESIAN_POINT ( 'NONE',  ( 52.57277582909584623, 20.00000000000000355, -18.50000000000000000 ) ) ;
#4353 = CARTESIAN_POINT ( 'NONE',  ( 83.49974999999994907, 18.50000000000000355, -9.496478871970266411 ) ) ;
#4354 = CARTESIAN_POINT ( 'NONE',  ( 14.89974999999994054, 18.43380900354983609, -18.04903699352148294 ) ) ;
#4355 = DIRECTION ( 'NONE',  ( -1.000000000000000000, 0.000000000000000000, -0.000000000000000000 ) ) ;
#4356 = ORIENTED_EDGE ( 'NONE', *, *, #4265, .F. ) ;
#4357 = CARTESIAN_POINT ( 'NONE',  ( 19.60000000000000142, 18.50000000000000355, -18.50000000000000000 ) ) ;
#4358 = CARTESIAN_POINT ( 'NONE',  ( 37.67474999999993912, 20.00000000000000355, -20.00000000000000000 ) ) ;
#4359 = CARTESIAN_POINT ( 'NONE',  ( 18.06562089856783615, 5.000000000000000000, -5.000000000000000000 ) ) ;
#4360 = ORIENTED_EDGE ( 'NONE', *, *, #119, .T. ) ;
#4361 = DIRECTION ( 'NONE',  ( -1.000000000000000000, 0.000000000000000000, 0.000000000000000000 ) ) ;
#4362 = ORIENTED_EDGE ( 'NONE', *, *, #4296, .F. ) ;
#4363 = ORIENTED_EDGE ( 'NONE', *, *, #5872, .F. ) ;
#4364 = CARTESIAN_POINT ( 'NONE',  ( 83.94433197061164265, 2.999999999999999112, -18.50000000000000000 ) ) ;
#4365 = ADVANCED_FACE ( 'NONE', ( #4368 ), #9938, .T. ) ;
#4366 = LINE ( 'NONE', #8392, #6713 ) ;
#4367 = CARTESIAN_POINT ( 'NONE',  ( 29.40000000000000213, 18.50000000000000355, -18.50000000000000000 ) ) ;
#4368 = FACE_OUTER_BOUND ( 'NONE', #5931, .T. ) ;
#4369 = CYLINDRICAL_SURFACE ( 'NONE', #10255, 1.000000000000000666 ) ;
#4370 = CARTESIAN_POINT ( 'NONE',  ( 23.77587046748866229, 2.999999999999999112, -17.34287332564967343 ) ) ;
#4371 = B_SPLINE_CURVE_WITH_KNOTS ( 'NONE', 3,
 ( #8322, #7527, #1591, #4845 ),
 .UNSPECIFIED., .F., .F.,
 ( 4, 4 ),
 ( 0.000000000000000000, 1.000000000000000000 ),
 .UNSPECIFIED. ) ;
#4372 = VERTEX_POINT ( 'NONE', #3577 ) ;
#4373 = ORIENTED_EDGE ( 'NONE', *, *, #3725, .T. ) ;
#4374 = VERTEX_POINT ( 'NONE', #2778 ) ;
#4375 = EDGE_CURVE ( 'NONE', #1266, #990, #1112, .T. ) ;
#4376 =( BOUNDED_CURVE ( )  B_SPLINE_CURVE ( 3, ( #3507, #7524, #944, #5220 ),
 .UNSPECIFIED., .F., .F. ) 
 B_SPLINE_CURVE_WITH_KNOTS ( ( 4, 4 ),
 ( 3.141592653589793116, 4.712388980384691450 ),
 .UNSPECIFIED. ) 
 CURVE ( )  GEOMETRIC_REPRESENTATION_ITEM ( )  RATIONAL_B_SPLINE_CURVE ( ( 1.000000000000000000, 0.8047378541243646044, 0.8047378541243646044, 1.000000000000000000 ) ) 
 REPRESENTATION_ITEM ( '' )  );
#4377 = LINE ( 'NONE', #1817, #4072 ) ;
#4378 = CARTESIAN_POINT ( 'NONE',  ( 64.34433197061164833, 18.50000000000000355, -18.50000000000000000 ) ) ;
#4379 = CARTESIAN_POINT ( 'NONE',  ( 98.19975000000002296, 2.000000000000000000, -5.130543437656422512 ) ) ;
#4380 = DIRECTION ( 'NONE',  ( 1.000000000000000000, -0.000000000000000000, 0.000000000000000000 ) ) ;
#4381 = DIRECTION ( 'NONE',  ( 0.3826834323650956105, 0.000000000000000000, 0.9238795325112842960 ) ) ;
#4382 = DIRECTION ( 'NONE',  ( 0.000000000000000000, 0.000000000000000000, 1.000000000000000000 ) ) ;
#4383 = VECTOR ( 'NONE', #9058, 1000.000000000000000 ) ;
#4384 = ADVANCED_FACE ( 'NONE', ( #5234 ), #8650, .F. ) ;
#4385 = EDGE_LOOP ( 'NONE', ( #2690, #5716, #1567, #4873 ) ) ;
#4386 = CARTESIAN_POINT ( 'NONE',  ( 28.96021982760969138, 2.000000000000000000, 3.877129999389440584 ) ) ;
#4387 = ORIENTED_EDGE ( 'NONE', *, *, #10434, .F. ) ;
#4388 = DIRECTION ( 'NONE',  ( 0.000000000000000000, 0.000000000000000000, -1.000000000000000000 ) ) ;
#4389 = PLANE ( 'NONE',  #5281 ) ;
#4390 = EDGE_CURVE ( 'NONE', #3385, #3735, #4634, .T. ) ;
#4391 = CARTESIAN_POINT ( 'NONE',  ( 24.69974999999994125, 2.999999999999999112, -12.10960480172301601 ) ) ;
#4392 = ORIENTED_EDGE ( 'NONE', *, *, #6582, .F. ) ;
#4393 = CARTESIAN_POINT ( 'NONE',  ( 75.42500000000001137, 2.000000000000000000, -1.500000000000000000 ) ) ;
#4394 = ORIENTED_EDGE ( 'NONE', *, *, #9410, .T. ) ;
#4395 = FACE_OUTER_BOUND ( 'NONE', #4832, .T. ) ;
#4396 = VERTEX_POINT ( 'NONE', #3785 ) ;
#4397 = CARTESIAN_POINT ( 'NONE',  ( 49.20000000000000995, 20.00000000000000355, -10.35679529716193592 ) ) ;
#4398 = ORIENTED_EDGE ( 'NONE', *, *, #7876, .F. ) ;
#4399 = EDGE_CURVE ( 'NONE', #9687, #9397, #1386, .T. ) ;
#4400 = EDGE_LOOP ( 'NONE', ( #3988, #1683, #9091, #4818 ) ) ;
#4401 = ADVANCED_FACE ( 'NONE', ( #2138 ), #5388, .F. ) ;
#4402 = EDGE_CURVE ( 'NONE', #5817, #1538, #6199, .T. ) ;
#4403 = CARTESIAN_POINT ( 'NONE',  ( 49.19975000000002296, 18.34604576567463852, -1.500000000000001332 ) ) ;
#4404 = CARTESIAN_POINT ( 'NONE',  ( 45.22362953251123230, 18.50000000000000355, -12.49228823408811095 ) ) ;
#4405 = CARTESIAN_POINT ( 'NONE',  ( 30.10510779970761419, 2.648745683208483026, -1.500000000000000222 ) ) ;
#4406 = DIRECTION ( 'NONE',  ( 0.3826834323650853964, 0.000000000000000000, -0.9238795325112885148 ) ) ;
#4407 = EDGE_LOOP ( 'NONE', ( #974, #6311, #5700, #5933, #4184, #8681, #6110 ) ) ;
#4408 = DIRECTION ( 'NONE',  ( -1.000000000000000000, 0.000000000000000000, -0.000000000000000000 ) ) ;
#4409 = CARTESIAN_POINT ( 'NONE',  ( 88.90510779970762201, 18.50000000000000355, -1.500000000000000000 ) ) ;
#4410 = CARTESIAN_POINT ( 'NONE',  ( 88.39974999999999739, 2.153954234325370365, -1.500000000000000444 ) ) ;
#4411 = ORIENTED_EDGE ( 'NONE', *, *, #4795, .F. ) ;
#4412 = DIRECTION ( 'NONE',  ( 0.9238795325112882928, 0.000000000000000000, 0.3826834323650858960 ) ) ;
#4413 = LINE ( 'NONE', #1159, #3983 ) ;
#4414 = AXIS2_PLACEMENT_3D ( 'NONE', #3040, #9558, #2084 ) ;
#4415 = ORIENTED_EDGE ( 'NONE', *, *, #2224, .F. ) ;
#4416 = ORIENTED_EDGE ( 'NONE', *, *, #8077, .T. ) ;
#4417 = DIRECTION ( 'NONE',  ( 0.000000000000000000, 0.000000000000000000, -1.000000000000000000 ) ) ;
#4418 = CARTESIAN_POINT ( 'NONE',  ( 68.29439220029240687, 17.50000000000000000, -1.500000000000003109 ) ) ;
#4419 = VECTOR ( 'NONE', #506, 1000.000000000000000 ) ;
#4420 = CARTESIAN_POINT ( 'NONE',  ( 58.80000000000000426, 2.000000000000000000, -1.500000000000000000 ) ) ;
#4421 = VECTOR ( 'NONE', #5563, 1000.000000000000114 ) ;
#4422 = DIRECTION ( 'NONE',  ( 0.9238795325112885148, -0.000000000000000000, 0.3826834323650853964 ) ) ;
#4423 = VERTEX_POINT ( 'NONE', #7008 ) ;
#4424 = ORIENTED_EDGE ( 'NONE', *, *, #7367, .T. ) ;
#4425 = ORIENTED_EDGE ( 'NONE', *, *, #4269, .T. ) ;
#4426 = ORIENTED_EDGE ( 'NONE', *, *, #4706, .F. ) ;
#4427 = AXIS2_PLACEMENT_3D ( 'NONE', #192, #8316, #1745 ) ;
#4428 = ADVANCED_FACE ( 'NONE', ( #1439 ), #1326, .F. ) ;
#4429 = ADVANCED_FACE ( 'NONE', ( #6367 ), #10365, .F. ) ;
#4430 = EDGE_CURVE ( 'NONE', #3735, #5148, #10262, .T. ) ;
#4431 = AXIS2_PLACEMENT_3D ( 'NONE', #6216, #9468, #2099 ) ;
#4432 = CARTESIAN_POINT ( 'NONE',  ( 107.0000000000000000, 2.999999999999999112, -10.15727937639168488 ) ) ;
#4433 = VECTOR ( 'NONE', #3713, 1000.000000000000000 ) ;
#4434 = CARTESIAN_POINT ( 'NONE',  ( 44.29974999999995333, 18.43380900354983254, -18.04903699352147228 ) ) ;
#4435 = DIRECTION ( 'NONE',  ( -0.000000000000000000, -0.000000000000000000, 1.000000000000000000 ) ) ;
#4436 = FACE_OUTER_BOUND ( 'NONE', #3748, .T. ) ;
#4437 = AXIS2_PLACEMENT_3D ( 'NONE', #9736, #7280, #707 ) ;
#4438 = DIRECTION ( 'NONE',  ( -0.3826834323650853964, 0.000000000000000000, 0.9238795325112885148 ) ) ;
#4439 = CARTESIAN_POINT ( 'NONE',  ( 28.51406477336863432, 2.999999999999999112, -7.751619436258012641 ) ) ;
#4440 = AXIS2_PLACEMENT_3D ( 'NONE', #6257, #9506, #2189 ) ;
#4441 = ORIENTED_EDGE ( 'NONE', *, *, #10124, .T. ) ;
#4442 = LINE ( 'NONE', #5302, #9450 ) ;
#4443 = ORIENTED_EDGE ( 'NONE', *, *, #7516, .F. ) ;
#4444 = VECTOR ( 'NONE', #3799, 1000.000000000000000 ) ;
#4445 = EDGE_CURVE ( 'NONE', #3687, #4128, #2248, .T. ) ;
#4446 = DIRECTION ( 'NONE',  ( 0.000000000000000000, -0.000000000000000000, -1.000000000000000000 ) ) ;
#4447 = FACE_OUTER_BOUND ( 'NONE', #10477, .T. ) ;
#4448 = VECTOR ( 'NONE', #5222, 1000.000000000000000 ) ;
#4449 =( BOUNDED_CURVE ( )  B_SPLINE_CURVE ( 3, ( #9376, #8471, #10017, #10075 ),
 .UNSPECIFIED., .F., .F. ) 
 B_SPLINE_CURVE_WITH_KNOTS ( ( 4, 4 ),
 ( 2.133068898117262080, 3.141592653589793116 ),
 .UNSPECIFIED. ) 
 CURVE ( )  GEOMETRIC_REPRESENTATION_ITEM ( )  RATIONAL_B_SPLINE_CURVE ( ( 1.000000000000000000, 0.9170208966857409383, 0.9170208966857409383, 1.000000000000000000 ) ) 
 REPRESENTATION_ITEM ( '' )  );
#4450 = CARTESIAN_POINT ( 'NONE',  ( -4.000000000000000000, 10.00000000000000000, -4.999999999999999112 ) ) ;
#4451 = ORIENTED_EDGE ( 'NONE', *, *, #5221, .T. ) ;
#4452 = DIRECTION ( 'NONE',  ( -0.000000000000000000, -1.000000000000000000, -0.000000000000000000 ) ) ;
#4453 = ORIENTED_EDGE ( 'NONE', *, *, #6841, .F. ) ;
#4454 = CARTESIAN_POINT ( 'NONE',  ( 68.60000000000000853, 18.50000000000000355, -18.50000000000000000 ) ) ;
#4455 = ORIENTED_EDGE ( 'NONE', *, *, #1434, .T. ) ;
#4456 = PLANE ( 'NONE',  #6386 ) ;
#4457 = ORIENTED_EDGE ( 'NONE', *, *, #692, .F. ) ;
#4458 = ORIENTED_EDGE ( 'NONE', *, *, #6973, .F. ) ;
#4459 = VECTOR ( 'NONE', #4737, 1000.000000000000114 ) ;
#4460 = CARTESIAN_POINT ( 'NONE',  ( 9.800000000000000711, 2.000000000000000000, -1.500000000000000000 ) ) ;
#4461 = LINE ( 'NONE', #7050, #590 ) ;
#4462 = CARTESIAN_POINT ( 'NONE',  ( 24.69974999999995191, 17.50000000000000000, -17.96018989328458915 ) ) ;
#4463 = CARTESIAN_POINT ( 'NONE',  ( 58.49439220029240971, 17.50000000000000000, -1.499999999999999556 ) ) ;
#4464 = ORIENTED_EDGE ( 'NONE', *, *, #103, .F. ) ;
#4465 = CARTESIAN_POINT ( 'NONE',  ( 22.97500000000000142, 18.50000000000000355, -1.500000000000000000 ) ) ;
#4466 = DIRECTION ( 'NONE',  ( 0.9238795325112841850, 0.000000000000000000, -0.3826834323650959990 ) ) ;
#4467 = CARTESIAN_POINT ( 'NONE',  ( 11.00000000000000355, 2.999999999999999112, -5.552833609687396255 ) ) ;
#4468 = ORIENTED_EDGE ( 'NONE', *, *, #8335, .F. ) ;
#4469 = VECTOR ( 'NONE', #3646, 1000.000000000000000 ) ;
#4470 = EDGE_CURVE ( 'NONE', #1627, #8526, #8706, .T. ) ;
#4471 = EDGE_CURVE ( 'NONE', #4556, #9111, #3838, .T. ) ;
#4472 = ORIENTED_EDGE ( 'NONE', *, *, #5519, .F. ) ;
#4473 = FACE_OUTER_BOUND ( 'NONE', #1508, .T. ) ;
#4474 = PLANE ( 'NONE',  #202 ) ;
#4475 = CARTESIAN_POINT ( 'NONE',  ( 24.47364042459307498, 2.000000000000000000, 2.018727961996194420 ) ) ;
#4476 = EDGE_CURVE ( 'NONE', #5273, #5007, #4691, .T. ) ;
#4477 = DIRECTION ( 'NONE',  ( 0.9238795325112844070, 0.000000000000000000, -0.3826834323650955549 ) ) ;
#4478 = CARTESIAN_POINT ( 'NONE',  ( 96.61200000000002319, 18.50000000000000355, -1.499999999999999556 ) ) ;
#4479 = VERTEX_POINT ( 'NONE', #7965 ) ;
#4480 = EDGE_LOOP ( 'NONE', ( #3688, #1405, #4392, #4693, #8042 ) ) ;
#4481 = AXIS2_PLACEMENT_3D ( 'NONE', #6839, #4361, #1970 ) ;
#4482 = ORIENTED_EDGE ( 'NONE', *, *, #6607, .T. ) ;
#4483 = VERTEX_POINT ( 'NONE', #3884 ) ;
#4484 = CARTESIAN_POINT ( 'NONE',  ( 49.19989330582617981, 2.000000000000000000, -10.35683949133576398 ) ) ;
#4485 = VECTOR ( 'NONE', #8369, 1000.000000000000227 ) ;
#4486 = DIRECTION ( 'NONE',  ( 0.3826834323650860625, -0.000000000000000000, -0.9238795325112882928 ) ) ;
#4487 = CARTESIAN_POINT ( 'NONE',  ( 29.60000000000000853, 17.50000000000000000, -7.743669367409185433 ) ) ;
#4488 = DIRECTION ( 'NONE',  ( 0.9238795325112844070, 0.000000000000000000, -0.3826834323650956660 ) ) ;
#4489 = CARTESIAN_POINT ( 'NONE',  ( 20.30510779970761703, 17.50000000000000000, -1.500000000000000000 ) ) ;
#4490 = ORIENTED_EDGE ( 'NONE', *, *, #3999, .F. ) ;
#4491 = DIRECTION ( 'NONE',  ( 1.000000000000000000, -0.000000000000000000, 0.000000000000000000 ) ) ;
#4492 = VECTOR ( 'NONE', #50, 1000.000000000000114 ) ;
#4493 = ORIENTED_EDGE ( 'NONE', *, *, #4992, .T. ) ;
#4494 = DIRECTION ( 'NONE',  ( 0.3826834323650853964, -0.000000000000000000, -0.9238795325112885148 ) ) ;
#4495 = DIRECTION ( 'NONE',  ( -0.3826834323650853964, -0.000000000000000000, 0.9238795325112885148 ) ) ;
#4496 = ADVANCED_FACE ( 'NONE', ( #9402 ), #431, .F. ) ;
#4497 = VECTOR ( 'NONE', #2584, 1000.000000000000114 ) ;
#4498 = ORIENTED_EDGE ( 'NONE', *, *, #5665, .T. ) ;
#4499 = PLANE ( 'NONE',  #7848 ) ;
#4500 = VERTEX_POINT ( 'NONE', #3684 ) ;
#4501 = DIRECTION ( 'NONE',  ( -0.000000000000000000, -1.000000000000000000, -0.000000000000000000 ) ) ;
#4502 = ORIENTED_EDGE ( 'NONE', *, *, #7306, .T. ) ;
#4503 = DIRECTION ( 'NONE',  ( -0.000000000000000000, -0.000000000000000000, -1.000000000000000000 ) ) ;
#4504 = EDGE_LOOP ( 'NONE', ( #243, #5625, #9827, #1283 ) ) ;
#4505 = ADVANCED_FACE ( 'NONE', ( #1277 ), #6955, .F. ) ;
#4506 = VECTOR ( 'NONE', #4776, 1000.000000000000000 ) ;
#4507 =( BOUNDED_CURVE ( )  B_SPLINE_CURVE ( 3, ( #9650, #8896, #1473, #9752 ),
 .UNSPECIFIED., .F., .F. ) 
 B_SPLINE_CURVE_WITH_KNOTS ( ( 4, 4 ),
 ( 0.000000000000000000, 0.9406539246381592223 ),
 .UNSPECIFIED. ) 
 CURVE ( )  GEOMETRIC_REPRESENTATION_ITEM ( )  RATIONAL_B_SPLINE_CURVE ( ( 1.000000000000000000, 0.9276134425277018369, 0.9276134425277018369, 1.000000000000000000 ) ) 
 REPRESENTATION_ITEM ( '' )  );
#4508 = PLANE ( 'NONE',  #3595 ) ;
#4509 = DIRECTION ( 'NONE',  ( 0.3826834323650857850, 0.000000000000000000, -0.9238795325112884038 ) ) ;
#4510 = CARTESIAN_POINT ( 'NONE',  ( 98.70510779970761917, 17.50000000000000000, -1.500000000000000000 ) ) ;
#4511 = EDGE_LOOP ( 'NONE', ( #3837, #2783, #648, #9322 ) ) ;
#4512 = CARTESIAN_POINT ( 'NONE',  ( 86.67474999999994623, 20.00000000000000355, -18.50000000000000000 ) ) ;
#4513 = CARTESIAN_POINT ( 'NONE',  ( 29.59975000000000378, 18.50000000000000355, -2.893084275847612741 ) ) ;
#4514 = CYLINDRICAL_SURFACE ( 'NONE', #5055, 2.075000000000000178 ) ;
#4515 = ORIENTED_EDGE ( 'NONE', *, *, #2486, .T. ) ;
#4516 = CARTESIAN_POINT ( 'NONE',  ( 103.5443319706116512, 17.50000000000000000, -18.49999999999999289 ) ) ;
#4517 = ADVANCED_FACE ( 'NONE', ( #5554 ), #3093, .F. ) ;
#4518 = CARTESIAN_POINT ( 'NONE',  ( 53.65516802938824270, 18.50000000000000355, -18.50000000000000355 ) ) ;
#4519 = ORIENTED_EDGE ( 'NONE', *, *, #5053, .T. ) ;
#4520 = CARTESIAN_POINT ( 'NONE',  ( 49.19975000000001586, 18.49999999999999645, -6.661277167116773867 ) ) ;
#4521 = LINE ( 'NONE', #10259, #382 ) ;
#4522 = B_SPLINE_CURVE_WITH_KNOTS ( 'NONE', 3,
 ( #8406, #6864, #1938, #6756 ),
 .UNSPECIFIED., .F., .F.,
 ( 4, 4 ),
 ( 0.000000000000000000, 1.000000000000000000 ),
 .UNSPECIFIED. ) ;
#4523 = DIRECTION ( 'NONE',  ( -1.000000000000000000, 0.000000000000000000, 0.000000000000000000 ) ) ;
#4524 = ADVANCED_FACE ( 'NONE', ( #537 ), #3302, .T. ) ;
#4525 = CARTESIAN_POINT ( 'NONE',  ( 63.89974999999994765, 2.192056395364464727, -18.50000000000000000 ) ) ;
#4526 = ORIENTED_EDGE ( 'NONE', *, *, #7451, .F. ) ;
#4527 = CARTESIAN_POINT ( 'NONE',  ( 31.32474999999994125, 18.50000000000000355, 0.000000000000000000 ) ) ;
#4528 = EDGE_LOOP ( 'NONE', ( #1721, #7285, #9031, #5054 ) ) ;
#4529 = ORIENTED_EDGE ( 'NONE', *, *, #7088, .T. ) ;
#4530 =( BOUNDED_CURVE ( )  B_SPLINE_CURVE ( 3, ( #4579, #5342, #6043, #6957 ),
 .UNSPECIFIED., .F., .F. ) 
 B_SPLINE_CURVE_WITH_KNOTS ( ( 4, 4 ),
 ( 0.000000000000000000, 0.9406539246381725450 ),
 .UNSPECIFIED. ) 
 CURVE ( )  GEOMETRIC_REPRESENTATION_ITEM ( )  RATIONAL_B_SPLINE_CURVE ( ( 1.000000000000000000, 0.9276134425276999496, 0.9276134425276999496, 1.000000000000000000 ) ) 
 REPRESENTATION_ITEM ( '' )  );
#4531 = ORIENTED_EDGE ( 'NONE', *, *, #6472, .T. ) ;
#4532 = ORIENTED_EDGE ( 'NONE', *, *, #1240, .F. ) ;
#4533 = ADVANCED_FACE ( 'NONE', ( #10471 ), #7262, .F. ) ;
#4534 = AXIS2_PLACEMENT_3D ( 'NONE', #9538, #5582, #2226 ) ;
#4535 = DIRECTION ( 'NONE',  ( -1.000000000000000000, 0.000000000000000000, -0.000000000000000000 ) ) ;
#4536 = DIRECTION ( 'NONE',  ( -0.000000000000000000, -1.000000000000000000, -0.000000000000000000 ) ) ;
#4537 = CARTESIAN_POINT ( 'NONE',  ( 24.69974999999992349, 2.000000000000000000, -14.72273073147576561 ) ) ;
#4539 = ADVANCED_FACE ( 'NONE', ( #5806 ), #8061, .F. ) ;
#4538 = CARTESIAN_POINT ( 'NONE',  ( 103.0997499999999718, 18.50000000000000355, -16.96018989328457138 ) ) ;
#4540 = ADVANCED_FACE ( 'NONE', ( #836 ), #10566, .T. ) ;
#4541 = CARTESIAN_POINT ( 'NONE',  ( 14.89974999999993877, 18.30794360463553971, -18.50000000000000000 ) ) ;
#4542 = CARTESIAN_POINT ( 'NONE',  ( 83.49974999999994907, 17.50000000000000000, -12.10960480172301423 ) ) ;
#4543 = ORIENTED_EDGE ( 'NONE', *, *, #3227, .F. ) ;
#4544 = PLANE ( 'NONE',  #5188 ) ;
#4545 = ORIENTED_EDGE ( 'NONE', *, *, #2225, .T. ) ;
#4546 = LINE ( 'NONE', #6167, #3678 ) ;
#4547 = DIRECTION ( 'NONE',  ( -0.3826834323650853964, -0.000000000000000000, 0.9238795325112885148 ) ) ;
#4548 = VECTOR ( 'NONE', #2181, 1000.000000000000114 ) ;
#4549 = DIRECTION ( 'NONE',  ( 0.3826834323650954439, 0.000000000000000000, 0.9238795325112842960 ) ) ;
#4550 = ORIENTED_EDGE ( 'NONE', *, *, #2199, .T. ) ;
#4551 = DIRECTION ( 'NONE',  ( 0.9238795325112884038, -0.000000000000000000, 0.3826834323650856740 ) ) ;
#4552 = EDGE_LOOP ( 'NONE', ( #3045, #5163, #511, #5616, #138, #6857, #5341, #1116, #7707, #10419, #558, #4663, #3558, #4641, #7378, #6395, #5861, #6068, #6469, #86, #9619, #9672, #9432, #1354, #2316, #1391, #8946, #6172, #3992, #567, #2147, #10446, #8121, #2111, #2583, #7144, #10058, #4850, #6300, #9246, #2641, #10019, #6569, #3355, #5698, #5880, #2620, #8328, #4250, #8230, #8524, #4550, #6541, #4973, #987, #1413, #1697, #1563, #9461, #2785, #8277, #79, #4182, #4582, #262, #7452, #9951, #2813, #3332, #5750, #1756, #8213, #8064, #6282, #7377, #3276, #620, #26, #435, #6405, #7345, #6790, #1012, #10018, #4305, #8424, #9875, #4622, #8956, #3048, #7361, #8450, #775, #3278, #7833, #6897, #856, #3514, #2023, #7053, #5158, #1884, #710, #3381, #8796, #4228, #7893, #2048, #2352, #1360, #2578, #1147, #9928, #1098, #409, #5393, #9849, #4493, #1588, #930, #8224, #7260, #6249, #1680, #286, #436, #2061, #455, #7014, #5978, #2810, #495, #4932, #3681, #5992, #2996, #9758, #2076, #9211, #6615, #7310, #396, #5185 ) ) ;
#4553 = DIRECTION ( 'NONE',  ( -1.000000000000000000, -0.000000000000000000, -0.000000000000000000 ) ) ;
#4554 = EDGE_LOOP ( 'NONE', ( #8861, #1755, #3759, #3567 ) ) ;
#4555 = CARTESIAN_POINT ( 'NONE',  ( 44.74433197061164691, 2.999999999999999112, -18.50000000000000000 ) ) ;
#4556 = VERTEX_POINT ( 'NONE', #6416 ) ;
#4557 = EDGE_CURVE ( 'NONE', #215, #4234, #8913, .T. ) ;
#4558 = EDGE_CURVE ( 'NONE', #6339, #5125, #6575, .T. ) ;
#4559 = EDGE_CURVE ( 'NONE', #155, #5794, #4945, .T. ) ;
#4560 = DIRECTION ( 'NONE',  ( 0.9238795325112844070, 0.000000000000000000, -0.3826834323650955549 ) ) ;
#4561 = DIRECTION ( 'NONE',  ( 0.000000000000000000, 0.000000000000000000, 1.000000000000000000 ) ) ;
#4562 = LINE ( 'NONE', #4404, #1598 ) ;
#4563 = FACE_OUTER_BOUND ( 'NONE', #835, .T. ) ;
#4564 = VERTEX_POINT ( 'NONE', #8221 ) ;
#4565 = CARTESIAN_POINT ( 'NONE',  ( 20.80000000000000426, 2.000000000000000000, -7.545360553420119132 ) ) ;
#4566 = DIRECTION ( 'NONE',  ( -0.000000000000000000, -1.000000000000000000, -0.000000000000000000 ) ) ;
#4567 = CARTESIAN_POINT ( 'NONE',  ( 19.80000000000000426, 18.50000000000000355, -5.129939884265908745 ) ) ;
#4568 = VERTEX_POINT ( 'NONE', #5601 ) ;
#4569 = VECTOR ( 'NONE', #4657, 1000.000000000000000 ) ;
#4570 = CARTESIAN_POINT ( 'NONE',  ( 36.02672417090403911, 2.000000000000000000, -18.50000000000000355 ) ) ;
#4571 = CARTESIAN_POINT ( 'NONE',  ( 38.89439220029240829, 2.999999999999999112, -1.499999999999999556 ) ) ;
#4572 = EDGE_CURVE ( 'NONE', #7389, #7620, #5577, .T. ) ;
#4573 = CARTESIAN_POINT ( 'NONE',  ( 93.01492637635665517, 2.383975024205970517, -18.50000000000000000 ) ) ;
#4574 = CARTESIAN_POINT ( 'NONE',  ( 79.36182383839120291, 2.000000000000000000, -8.516986300988198977 ) ) ;
#4575 = CARTESIAN_POINT ( 'NONE',  ( 38.98122826719633593, 18.50000000000000355, -1.882683432365082510 ) ) ;
#4576 = DIRECTION ( 'NONE',  ( 0.9238795325112845180, 0.000000000000000000, -0.3826834323650952774 ) ) ;
#4577 = ORIENTED_EDGE ( 'NONE', *, *, #1930, .T. ) ;
#4578 = AXIS2_PLACEMENT_3D ( 'NONE', #6944, #3827, #2871 ) ;
#4579 = CARTESIAN_POINT ( 'NONE',  ( 63.45516802938824696, 2.999999999999999112, -18.50000000000000355 ) ) ;
#4580 = ORIENTED_EDGE ( 'NONE', *, *, #5073, .T. ) ;
#4581 = VERTEX_POINT ( 'NONE', #8851 ) ;
#4582 = ORIENTED_EDGE ( 'NONE', *, *, #7917, .T. ) ;
#4583 = VERTEX_POINT ( 'NONE', #8116 ) ;
#4584 = AXIS2_PLACEMENT_3D ( 'NONE', #8783, #9590, #7938 ) ;
#4585 = LINE ( 'NONE', #3894, #2558 ) ;
#4586 = VECTOR ( 'NONE', #8814, 1000.000000000000114 ) ;
#4587 = VECTOR ( 'NONE', #1569, 1000.000000000000000 ) ;
#4588 = CARTESIAN_POINT ( 'NONE',  ( 106.5857864376269220, 18.50000000000000711, -4.775960555369709759 ) ) ;
#4589 = DIRECTION ( 'NONE',  ( -0.000000000000000000, -1.000000000000000000, -0.000000000000000000 ) ) ;
#4590 = CARTESIAN_POINT ( 'NONE',  ( 89.98750000000001137, 20.00000000000000355, -1.500000000000000888 ) ) ;
#4591 = DIRECTION ( 'NONE',  ( 0.3826834323650860625, -0.000000000000000000, -0.9238795325112882928 ) ) ;
#4592 = CARTESIAN_POINT ( 'NONE',  ( 83.49974999999996328, 18.08578643762691129, -12.10960480172300180 ) ) ;
#4593 =( BOUNDED_CURVE ( )  B_SPLINE_CURVE ( 3, ( #2863, #5959, #9215, #9433 ),
 .UNSPECIFIED., .F., .F. ) 
 B_SPLINE_CURVE_WITH_KNOTS ( ( 4, 4 ),
 ( 1.570796326794899223, 2.200938728951639334 ),
 .UNSPECIFIED. ) 
 CURVE ( )  GEOMETRIC_REPRESENTATION_ITEM ( )  RATIONAL_B_SPLINE_CURVE ( ( 1.000000000000000000, 0.9671828781580986689, 0.9671828781580986689, 1.000000000000000000 ) ) 
 REPRESENTATION_ITEM ( '' )  );
#4594 = EDGE_LOOP ( 'NONE', ( #2818, #457, #9206, #3914 ) ) ;
#4595 = CARTESIAN_POINT ( 'NONE',  ( 108.0000000000000142, 20.00000000000000355, -10.35619174377131380 ) ) ;
#4596 = AXIS2_PLACEMENT_3D ( 'NONE', #1352, #4603, #7881 ) ;
#4597 = VERTEX_POINT ( 'NONE', #789 ) ;
#4598 = EDGE_CURVE ( 'NONE', #8220, #4799, #4789, .T. ) ;
#4599 = AXIS2_PLACEMENT_3D ( 'NONE', #9626, #1654, #1549 ) ;
#4600 = EDGE_CURVE ( 'NONE', #5312, #8555, #4038, .T. ) ;
#4601 = VECTOR ( 'NONE', #1962, 1000.000000000000000 ) ;
#4602 = DIRECTION ( 'NONE',  ( 1.000000000000000000, 0.000000000000000000, -0.000000000000000000 ) ) ;
#4603 = DIRECTION ( 'NONE',  ( 0.000000000000000000, -1.000000000000000000, 0.000000000000000000 ) ) ;
#4604 = VECTOR ( 'NONE', #10116, 1000.000000000000114 ) ;
#4605 = LINE ( 'NONE', #3859, #6977 ) ;
#4606 = VERTEX_POINT ( 'NONE', #2399 ) ;
#4607 = CARTESIAN_POINT ( 'NONE',  ( 93.58457362364326571, 18.11602497579402282, -18.49999999999999645 ) ) ;
#4608 = EDGE_CURVE ( 'NONE', #1419, #7297, #2551, .T. ) ;
#4609 = VECTOR ( 'NONE', #10328, 1000.000000000000114 ) ;
#4610 = ORIENTED_EDGE ( 'NONE', *, *, #4947, .F. ) ;
#4611 = PLANE ( 'NONE',  #2905 ) ;
#4612 = VERTEX_POINT ( 'NONE', #3989 ) ;
#4613 = CARTESIAN_POINT ( 'NONE',  ( 98.70510779970763338, 17.85125431679152541, -1.500000000000001332 ) ) ;
#4614 = ORIENTED_EDGE ( 'NONE', *, *, #7254, .T. ) ;
#4615 = VECTOR ( 'NONE', #5512, 1000.000000000000000 ) ;
#4616 = VECTOR ( 'NONE', #4566, 1000.000000000000000 ) ;
#4617 = DIRECTION ( 'NONE',  ( -0.9238795325112880708, 0.000000000000000000, -0.3826834323650866176 ) ) ;
#4618 = DIRECTION ( 'NONE',  ( -1.000000000000000000, 0.000000000000000000, -0.000000000000000000 ) ) ;
#4619 = CARTESIAN_POINT ( 'NONE',  ( 20.80000000000000426, 2.000000000000000000, -5.307901391611355102 ) ) ;
#4620 = CARTESIAN_POINT ( 'NONE',  ( 19.79975000000000307, 2.052697314414772212, -1.919915453368669755 ) ) ;
#4621 = DIRECTION ( 'NONE',  ( 0.000000000000000000, 0.000000000000000000, -1.000000000000000000 ) ) ;
#4622 = ORIENTED_EDGE ( 'NONE', *, *, #2146, .T. ) ;
#4623 = DIRECTION ( 'NONE',  ( 1.000000000000000000, 0.000000000000000000, -0.000000000000000000 ) ) ;
#4624 = CARTESIAN_POINT ( 'NONE',  ( 14.45516802938823631, 2.999999999999999112, -18.50000000000000355 ) ) ;
#4625 = CARTESIAN_POINT ( 'NONE',  ( 83.94433197061164265, 17.50000000000000000, -18.50000000000000000 ) ) ;
#4626 = ORIENTED_EDGE ( 'NONE', *, *, #2946, .T. ) ;
#4627 = CARTESIAN_POINT ( 'NONE',  ( 14.89974999999995475, 18.50000000000000355, -9.496478871970266411 ) ) ;
#4628 = VECTOR ( 'NONE', #8878, 1000.000000000000000 ) ;
#4629 = EDGE_CURVE ( 'NONE', #9993, #2456, #102, .T. ) ;
#4630 = FACE_OUTER_BOUND ( 'NONE', #9994, .T. ) ;
#4631 = DIRECTION ( 'NONE',  ( 0.3826834323650853964, 0.000000000000000000, -0.9238795325112885148 ) ) ;
#4632 = CARTESIAN_POINT ( 'NONE',  ( 0.000000000000000000, 2.000000000000000000, 0.000000000000000000 ) ) ;
#4633 = ORIENTED_EDGE ( 'NONE', *, *, #6011, .T. ) ;
#4634 = LINE ( 'NONE', #7063, #8881 ) ;
#4635 = VECTOR ( 'NONE', #2549, 1000.000000000000000 ) ;
#4636 = EDGE_CURVE ( 'NONE', #845, #1329, #10, .T. ) ;
#4637 = DIRECTION ( 'NONE',  ( -1.000000000000000000, 0.000000000000000000, -0.000000000000000000 ) ) ;
#4638 = ORIENTED_EDGE ( 'NONE', *, *, #9255, .F. ) ;
#4639 = CARTESIAN_POINT ( 'NONE',  ( 39.39975000000001160, 2.052697314414772212, -1.919915453368665981 ) ) ;
#4640 = ORIENTED_EDGE ( 'NONE', *, *, #6937, .F. ) ;
#4641 = ORIENTED_EDGE ( 'NONE', *, *, #1056, .T. ) ;
#4642 = ORIENTED_EDGE ( 'NONE', *, *, #5214, .T. ) ;
#4643 = VERTEX_POINT ( 'NONE', #9824 ) ;
#4644 = VECTOR ( 'NONE', #3187, 999.9999999999998863 ) ;
#4645 = EDGE_CURVE ( 'NONE', #1909, #5303, #8009, .T. ) ;
#4646 = CARTESIAN_POINT ( 'NONE',  ( 29.09439220029240403, 2.999999999999999112, -1.499999999999999556 ) ) ;
#4647 = CARTESIAN_POINT ( 'NONE',  ( 93.29974999999996044, 18.30794360463553261, -18.50000000000000000 ) ) ;
#4648 = DIRECTION ( 'NONE',  ( 0.9238795325112886259, 0.000000000000000000, 0.3826834323650851188 ) ) ;
#4649 = CARTESIAN_POINT ( 'NONE',  ( 74.14433197061164549, 17.50000000000000000, -18.50000000000000000 ) ) ;
#4650 = CARTESIAN_POINT ( 'NONE',  ( 108.7618238383912086, 18.50000000000000355, -8.516986300988198977 ) ) ;
#4651 = CARTESIAN_POINT ( 'NONE',  ( 19.79975000000000307, 2.153954234325363259, -1.500000000000000444 ) ) ;
#4652 = EDGE_CURVE ( 'NONE', #2059, #6423, #4376, .T. ) ;
#4653 = ORIENTED_EDGE ( 'NONE', *, *, #659, .T. ) ;
#4654 = DIRECTION ( 'NONE',  ( 0.000000000000000000, 0.000000000000000000, 1.000000000000000000 ) ) ;
#4655 = CARTESIAN_POINT ( 'NONE',  ( 57.27474999999994054, 20.00000000000000355, -20.00000000000000000 ) ) ;
#4656 =( BOUNDED_CURVE ( )  B_SPLINE_CURVE ( 3, ( #10230, #9532, #2966, #10181 ),
 .UNSPECIFIED., .F., .F. ) 
 B_SPLINE_CURVE_WITH_KNOTS ( ( 4, 4 ),
 ( 3.141592653589793116, 4.150116409062324152 ),
 .UNSPECIFIED. ) 
 CURVE ( )  GEOMETRIC_REPRESENTATION_ITEM ( )  RATIONAL_B_SPLINE_CURVE ( ( 1.000000000000000000, 0.9170208966857409383, 0.9170208966857409383, 1.000000000000000000 ) ) 
 REPRESENTATION_ITEM ( '' )  );
#4657 = DIRECTION ( 'NONE',  ( -0.000000000000000000, -0.000000000000000000, 1.000000000000000000 ) ) ;
#4658 = ORIENTED_EDGE ( 'NONE', *, *, #8467, .F. ) ;
#4659 = DIRECTION ( 'NONE',  ( -0.3826834323650957770, 0.000000000000000000, -0.9238795325112841850 ) ) ;
#4660 = EDGE_CURVE ( 'NONE', #4922, #7620, #4740, .T. ) ;
#4661 = EDGE_CURVE ( 'NONE', #10520, #248, #4192, .T. ) ;
#4662 = AXIS2_PLACEMENT_3D ( 'NONE', #7287, #2632, #8145 ) ;
#4663 = ORIENTED_EDGE ( 'NONE', *, *, #2649, .T. ) ;
#4664 = CARTESIAN_POINT ( 'NONE',  ( 29.60000000000000853, 20.00000000000000355, -10.35679529716193592 ) ) ;
#4665 = VERTEX_POINT ( 'NONE', #2704 ) ;
#4666 = DIRECTION ( 'NONE',  ( -1.000000000000000000, -0.000000000000000000, -0.000000000000000000 ) ) ;
#4667 = ORIENTED_EDGE ( 'NONE', *, *, #873, .T. ) ;
#4668 = VECTOR ( 'NONE', #2548, 999.9999999999998863 ) ;
#4669 = ADVANCED_FACE ( 'NONE', ( #365 ), #2603, .F. ) ;
#4670 = VECTOR ( 'NONE', #9475, 1000.000000000000000 ) ;
#4671 = DIRECTION ( 'NONE',  ( 0.000000000000000000, 0.000000000000000000, -1.000000000000000000 ) ) ;
#4672 = LINE ( 'NONE', #10010, #2378 ) ;
#4673 = DIRECTION ( 'NONE',  ( -0.9238795325112850731, 0.000000000000000000, 0.3826834323650938341 ) ) ;
#4674 = CARTESIAN_POINT ( 'NONE',  ( 49.20000000000000995, 17.50000000000000000, -7.743669367409185433 ) ) ;
#4675 = DIRECTION ( 'NONE',  ( -0.3826834323650853964, 0.000000000000000000, 0.9238795325112885148 ) ) ;
#4676 = CARTESIAN_POINT ( 'NONE',  ( 29.40000000000000213, 2.000000000000000000, -1.500000000000000000 ) ) ;
#4677 = VERTEX_POINT ( 'NONE', #6733 ) ;
#4678 = DIRECTION ( 'NONE',  ( -0.000000000000000000, -0.000000000000000000, -1.000000000000000000 ) ) ;
#4679 = EDGE_CURVE ( 'NONE', #1825, #6191, #9068, .T. ) ;
#4680 = EDGE_CURVE ( 'NONE', #8115, #6877, #1115, .T. ) ;
#4681 = CARTESIAN_POINT ( 'NONE',  ( 39.39975000000001160, 18.50000000000000355, -2.893084275847612741 ) ) ;
#4682 = DIRECTION ( 'NONE',  ( -0.3827076417426396038, -0.000000000000000000, -0.9238695042871516439 ) ) ;
#4683 = EDGE_LOOP ( 'NONE', ( #7727, #2142, #4718, #3158 ) ) ;
#4684 = CARTESIAN_POINT ( 'NONE',  ( 86.81200000000001182, 18.50000000000000355, -1.499999999999999556 ) ) ;
#4685 = VECTOR ( 'NONE', #4284, 1000.000000000000114 ) ;
#4686 = DIRECTION ( 'NONE',  ( 1.000000000000000000, -0.000000000000000000, 0.000000000000000000 ) ) ;
#4687 = LINE ( 'NONE', #4088, #10117 ) ;
#4688 = AXIS2_PLACEMENT_3D ( 'NONE', #8302, #5080, #2800 ) ;
#4689 = DIRECTION ( 'NONE',  ( 0.000000000000000000, -0.000000000000000000, -1.000000000000000000 ) ) ;
#4690 = ORIENTED_EDGE ( 'NONE', *, *, #697, .F. ) ;
#4691 = LINE ( 'NONE', #2938, #5447 ) ;
#4692 = FACE_OUTER_BOUND ( 'NONE', #4123, .T. ) ;
#4693 = ORIENTED_EDGE ( 'NONE', *, *, #565, .F. ) ;
#4694 = DIRECTION ( 'NONE',  ( 0.3826834323650958325, 0.000000000000000000, 0.9238795325112842960 ) ) ;
#4695 = ORIENTED_EDGE ( 'NONE', *, *, #7134, .F. ) ;
#4696 = ORIENTED_EDGE ( 'NONE', *, *, #5361, .F. ) ;
#4697 = ORIENTED_EDGE ( 'NONE', *, *, #5897, .F. ) ;
#4698 = ORIENTED_EDGE ( 'NONE', *, *, #1829, .F. ) ;
#4699 = EDGE_CURVE ( 'NONE', #5509, #8891, #5949, .T. ) ;
#4700 = EDGE_CURVE ( 'NONE', #1193, #1733, #310, .T. ) ;
#4701 = DIRECTION ( 'NONE',  ( -0.9238795325112844070, 0.000000000000000000, 0.3826834323650954994 ) ) ;
#4702 = CARTESIAN_POINT ( 'NONE',  ( 32.77500000000000568, 20.00000000000000355, 0.000000000000000000 ) ) ;
#4703 = CARTESIAN_POINT ( 'NONE',  ( 49.20000000000000995, 20.00000000000000355, -10.35679529716193592 ) ) ;
#4704 = CARTESIAN_POINT ( 'NONE',  ( 49.19975000000001586, 18.44730268558522823, -1.919915453368667313 ) ) ;
#4705 = CARTESIAN_POINT ( 'NONE',  ( 54.09974999999995049, 2.000000000000000444, -17.51835138363012589 ) ) ;
#4706 = EDGE_CURVE ( 'NONE', #182, #6877, #7879, .T. ) ;
#4707 = LINE ( 'NONE', #6330, #6571 ) ;
#4708 = VERTEX_POINT ( 'NONE', #4245 ) ;
#4709 = DIRECTION ( 'NONE',  ( -0.9238695042871519769, 0.000000000000000000, 0.3827076417426389376 ) ) ;
#4710 = FACE_OUTER_BOUND ( 'NONE', #805, .T. ) ;
#4711 = EDGE_CURVE ( 'NONE', #3900, #8464, #1054, .T. ) ;
#4712 = CARTESIAN_POINT ( 'NONE',  ( 44.29974999999995333, 2.000000000000000000, -16.96018989328458204 ) ) ;
#4713 = ORIENTED_EDGE ( 'NONE', *, *, #1735, .F. ) ;
#4714 = ORIENTED_EDGE ( 'NONE', *, *, #3916, .T. ) ;
#4715 = CARTESIAN_POINT ( 'NONE',  ( 6.721399489615654588, 17.50000000000000000, 2.784094826726365657 ) ) ;
#4716 = ORIENTED_EDGE ( 'NONE', *, *, #381, .F. ) ;
#4717 = CARTESIAN_POINT ( 'NONE',  ( 83.05516802938824128, 17.50000000000000000, -18.50000000000000355 ) ) ;
#4718 = ORIENTED_EDGE ( 'NONE', *, *, #8892, .F. ) ;
#4719 = AXIS2_PLACEMENT_3D ( 'NONE', #6663, #4987, #8212 ) ;
#4720 =( BOUNDED_CURVE ( )  B_SPLINE_CURVE ( 3, ( #8356, #1033, #6610, #3489 ),
 .UNSPECIFIED., .F., .F. ) 
 B_SPLINE_CURVE_WITH_KNOTS ( ( 4, 4 ),
 ( 4.150116409062346357, 4.712388980384691450 ),
 .UNSPECIFIED. ) 
 CURVE ( )  GEOMETRIC_REPRESENTATION_ITEM ( )  RATIONAL_B_SPLINE_CURVE ( ( 1.000000000000000000, 0.9738271993243682312, 0.9738271993243682312, 1.000000000000000000 ) ) 
 REPRESENTATION_ITEM ( '' )  );
#4721 = DIRECTION ( 'NONE',  ( -0.3826834323650853964, 0.000000000000000000, 0.9238795325112886259 ) ) ;
#4722 = CYLINDRICAL_SURFACE ( 'NONE', #6321, 0.9999999999999994449 ) ;
#4723 = CARTESIAN_POINT ( 'NONE',  ( 49.20000000000000995, 7.833333333333334814, -7.744272920799767590 ) ) ;
#4724 = CARTESIAN_POINT ( 'NONE',  ( 12.00000000000000355, 18.50000000000000355, -10.15848648317290071 ) ) ;
#4725 = DIRECTION ( 'NONE',  ( 0.000000000000000000, -1.000000000000000000, 0.000000000000000000 ) ) ;
#4726 = ORIENTED_EDGE ( 'NONE', *, *, #10450, .T. ) ;
#4727 = FACE_OUTER_BOUND ( 'NONE', #1685, .T. ) ;
#4728 = LINE ( 'NONE', #7955, #8893 ) ;
#4729 = CARTESIAN_POINT ( 'NONE',  ( 83.78457362364324013, 2.383975024205981619, -18.49999999999999645 ) ) ;
#4730 = ORIENTED_EDGE ( 'NONE', *, *, #9634, .T. ) ;
#4731 = CARTESIAN_POINT ( 'NONE',  ( 54.54433197061163696, 17.82569441078556238, -18.50000000000000355 ) ) ;
#4732 = EDGE_CURVE ( 'NONE', #9812, #8282, #6678, .T. ) ;
#4733 = APPLICATION_PROTOCOL_DEFINITION ( 'draft international standard', 'automotive_design', 1998, #901 ) ;
#4734 = EDGE_CURVE ( 'NONE', #4479, #2431, #9166, .T. ) ;
#4735 = EDGE_CURVE ( 'NONE', #1241, #2045, #3571, .T. ) ;
#4736 = LINE ( 'NONE', #1436, #732 ) ;
#4737 = DIRECTION ( 'NONE',  ( -0.3826834323650853964, -0.000000000000000000, 0.9238795325112885148 ) ) ;
#4739 = EDGE_LOOP ( 'NONE', ( #5943, #90, #4988, #2090 ) ) ;
#4738 = VECTOR ( 'NONE', #2455, 1000.000000000000114 ) ;
#4740 = LINE ( 'NONE', #996, #832 ) ;
#4741 = CARTESIAN_POINT ( 'NONE',  ( 34.49974999999994907, 18.50000000000000000, -17.51835138363012234 ) ) ;
#4742 = EDGE_LOOP ( 'NONE', ( #3111, #6909, #9745, #9563 ) ) ;
#4743 = CARTESIAN_POINT ( 'NONE',  ( 107.0000000000000142, 2.999999999999999112, -10.15727937639168488 ) ) ;
#4744 = EDGE_CURVE ( 'NONE', #6907, #238, #1801, .T. ) ;
#4745 = EDGE_LOOP ( 'NONE', ( #4426, #77, #9978, #8827 ) ) ;
#4746 = ORIENTED_EDGE ( 'NONE', *, *, #8525, .F. ) ;
#4747 = ORIENTED_EDGE ( 'NONE', *, *, #885, .T. ) ;
#4748 = DIRECTION ( 'NONE',  ( 0.000000000000000000, 0.000000000000000000, -1.000000000000000000 ) ) ;
#4749 = DIRECTION ( 'NONE',  ( -0.3826834323650853964, -0.000000000000000000, 0.9238795325112885148 ) ) ;
#4750 = CARTESIAN_POINT ( 'NONE',  ( 26.32139948961565423, 2.999999999999999112, 2.784094826726366101 ) ) ;
#4751 = CARTESIAN_POINT ( 'NONE',  ( 93.74433197061165401, 2.674305589214439394, -18.49999999999999645 ) ) ;
#4752 = CARTESIAN_POINT ( 'NONE',  ( 54.09974999999995049, 2.000000000000000000, -16.96018989328458204 ) ) ;
#4753 = EDGE_CURVE ( 'NONE', #7570, #7096, #1910, .T. ) ;
#4754 = ADVANCED_FACE ( 'NONE', ( #5045 ), #7579, .F. ) ;
#4755 = CARTESIAN_POINT ( 'NONE',  ( 68.16021982760969422, 18.50000000000000355, 3.877129999389440584 ) ) ;
#4756 = ORIENTED_EDGE ( 'NONE', *, *, #3458, .T. ) ;
#4757 = EDGE_CURVE ( 'NONE', #1013, #10515, #6889, .T. ) ;
#4758 = AXIS2_PLACEMENT_3D ( 'NONE', #10304, #1428, #9496 ) ;
#4759 = PLANE ( 'NONE',  #4437 ) ;
#4760 = PLANE ( 'NONE',  #9383 ) ;
#4761 = LINE ( 'NONE', #6602, #7826 ) ;
#4762 = VERTEX_POINT ( 'NONE', #8379 ) ;
#4763 = VECTOR ( 'NONE', #7982, 1000.000000000000114 ) ;
#4764 = ORIENTED_EDGE ( 'NONE', *, *, #5121, .F. ) ;
#4765 = PLANE ( 'NONE',  #3071 ) ;
#4766 = ORIENTED_EDGE ( 'NONE', *, *, #4947, .T. ) ;
#4767 = CARTESIAN_POINT ( 'NONE',  ( 19.29439220029239976, 2.648745683208485246, -1.500000000000000444 ) ) ;
#4768 = ORIENTED_EDGE ( 'NONE', *, *, #10346, .T. ) ;
#4769 = EDGE_CURVE ( 'NONE', #7297, #1028, #6078, .T. ) ;
#4770 = VECTOR ( 'NONE', #4501, 1000.000000000000000 ) ;
#4771 = LINE ( 'NONE', #6400, #10359 ) ;
#4772 = AXIS2_PLACEMENT_3D ( 'NONE', #9845, #4116, #4165 ) ;
#4773 = DIRECTION ( 'NONE',  ( 0.3826834323650860070, 0.000000000000000000, -0.9238795325112882928 ) ) ;
#4774 = CARTESIAN_POINT ( 'NONE',  ( 80.32474999999993770, 20.00000000000000355, -18.50000000000000000 ) ) ;
#4775 = LINE ( 'NONE', #8897, #1367 ) ;
#4776 = DIRECTION ( 'NONE',  ( 0.000000000000000000, 0.000000000000000000, -1.000000000000000000 ) ) ;
#4777 = ORIENTED_EDGE ( 'NONE', *, *, #3151, .T. ) ;
#4778 = CARTESIAN_POINT ( 'NONE',  ( 37.81200000000001182, 2.000000000000000000, -1.499999999999999556 ) ) ;
#4779 = CARTESIAN_POINT ( 'NONE',  ( 39.40000000000001279, 7.500000000000007105, -10.35619174377131557 ) ) ;
#4780 = CARTESIAN_POINT ( 'NONE',  ( 19.80000000000000426, 18.49999994665291325, -5.131146991037542016 ) ) ;
#4781 = ORIENTED_EDGE ( 'NONE', *, *, #4974, .T. ) ;
#4782 = DIRECTION ( 'NONE',  ( -0.000000000000000000, -1.000000000000000000, -0.000000000000000000 ) ) ;
#4783 = CARTESIAN_POINT ( 'NONE',  ( 104.8250000000000171, 20.00000000000000355, -1.500000000000000000 ) ) ;
#4784 = AXIS2_PLACEMENT_3D ( 'NONE', #750, #5012, #4051 ) ;
#4785 = VECTOR ( 'NONE', #1814, 1000.000000000000000 ) ;
#4786 = CARTESIAN_POINT ( 'NONE',  ( 10.00000000000000178, 20.00000000000000355, 0.000000000000000000 ) ) ;
#4787 = FACE_OUTER_BOUND ( 'NONE', #9441, .T. ) ;
#4788 = VERTEX_POINT ( 'NONE', #4565 ) ;
#4789 = LINE ( 'NONE', #1534, #6478 ) ;
#4790 = LINE ( 'NONE', #2191, #10264 ) ;
#4791 = VECTOR ( 'NONE', #3828, 1000.000000000000114 ) ;
#4792 =( BOUNDED_CURVE ( )  B_SPLINE_CURVE ( 3, ( #9412, #3001, #4588, #7126 ),
 .UNSPECIFIED., .F., .F. ) 
 B_SPLINE_CURVE_WITH_KNOTS ( ( 4, 4 ),
 ( 3.141592653589793116, 4.712388980384696779 ),
 .UNSPECIFIED. ) 
 CURVE ( )  GEOMETRIC_REPRESENTATION_ITEM ( )  RATIONAL_B_SPLINE_CURVE ( ( 1.000000000000000000, 0.8047378541243632721, 0.8047378541243632721, 1.000000000000000000 ) ) 
 REPRESENTATION_ITEM ( '' )  );
#4793 = DIRECTION ( 'NONE',  ( -1.000000000000000000, 0.000000000000000000, -0.000000000000000000 ) ) ;
#4794 = ORIENTED_EDGE ( 'NONE', *, *, #282, .F. ) ;
#4795 = EDGE_CURVE ( 'NONE', #4894, #7650, #6993, .T. ) ;
#4796 = DIRECTION ( 'NONE',  ( -0.3826834323650853964, 0.000000000000000000, 0.9238795325112885148 ) ) ;
#4797 = ORIENTED_EDGE ( 'NONE', *, *, #2315, .F. ) ;
#4798 = EDGE_CURVE ( 'NONE', #2145, #7939, #8536, .T. ) ;
#4799 = VERTEX_POINT ( 'NONE', #1211 ) ;
#4800 = ORIENTED_EDGE ( 'NONE', *, *, #2713, .T. ) ;
#4801 = EDGE_CURVE ( 'NONE', #7162, #2529, #7742, .T. ) ;
#4802 = FACE_OUTER_BOUND ( 'NONE', #1309, .T. ) ;
#4803 = AXIS2_PLACEMENT_3D ( 'NONE', #4856, #9025, #8127 ) ;
#4804 = CARTESIAN_POINT ( 'NONE',  ( 99.92474999999994623, 2.000000000000000000, -20.00000000000000000 ) ) ;
#4805 = LINE ( 'NONE', #6591, #8226 ) ;
#4806 = CARTESIAN_POINT ( 'NONE',  ( 68.79999999999999716, 20.00000000000000355, -10.35679529716193592 ) ) ;
#4807 = LINE ( 'NONE', #1401, #9052 ) ;
#4808 = EDGE_CURVE ( 'NONE', #2431, #7625, #4862, .T. ) ;
#4809 = DIRECTION ( 'NONE',  ( 0.000000000000000000, 0.000000000000000000, -1.000000000000000000 ) ) ;
#4810 = VECTOR ( 'NONE', #3324, 1000.000000000000114 ) ;
#4811 = ORIENTED_EDGE ( 'NONE', *, *, #6318, .F. ) ;
#4812 = PLANE ( 'NONE',  #8561 ) ;
#4813 = CARTESIAN_POINT ( 'NONE',  ( 38.76021982760969564, 2.000000000000000000, 3.877129999389440584 ) ) ;
#4814 = CARTESIAN_POINT ( 'NONE',  ( 65.62500000000001421, 2.000000000000000000, -1.500000000000000000 ) ) ;
#4815 = CARTESIAN_POINT ( 'NONE',  ( 43.80853445681074732, 17.50000000000000000, -18.14608911970039529 ) ) ;
#4816 = EDGE_LOOP ( 'NONE', ( #2035, #7729, #10552, #5683 ) ) ;
#4817 = AXIS2_PLACEMENT_3D ( 'NONE', #591, #1383, #477 ) ;
#4818 = ORIENTED_EDGE ( 'NONE', *, *, #7039, .F. ) ;
#4819 = ORIENTED_EDGE ( 'NONE', *, *, #10059, .F. ) ;
#4820 = CARTESIAN_POINT ( 'NONE',  ( 88.90510779970762201, 17.50000000000000000, -1.500000000000000000 ) ) ;
#4821 = VECTOR ( 'NONE', #3511, 1000.000000000000114 ) ;
#4822 = VERTEX_POINT ( 'NONE', #10353 ) ;
#4823 = EDGE_CURVE ( 'NONE', #2006, #1358, #8640, .T. ) ;
#4824 = DIRECTION ( 'NONE',  ( 0.000000000000000000, -0.000000000000000000, 1.000000000000000000 ) ) ;
#4825 = DIRECTION ( 'NONE',  ( -0.000000000000000000, -1.000000000000000000, -0.000000000000000000 ) ) ;
#4826 = VECTOR ( 'NONE', #2738, 1000.000000000000000 ) ;
#4827 = DIRECTION ( 'NONE',  ( 0.9238795325112880708, 0.000000000000000000, 0.3826834323650866176 ) ) ;
#4828 = DIRECTION ( 'NONE',  ( 1.000000000000000000, -0.000000000000000000, -0.000000000000000000 ) ) ;
#4829 = EDGE_LOOP ( 'NONE', ( #4332, #423, #7635, #5238, #7615 ) ) ;
#4830 = CARTESIAN_POINT ( 'NONE',  ( 73.69974999999993770, 2.999999999999999112, -12.10960480172301068 ) ) ;
#4831 = CYLINDRICAL_SURFACE ( 'NONE', #2745, 0.9999999999999991118 ) ;
#4832 = EDGE_LOOP ( 'NONE', ( #10356, #1699, #1303, #1646 ) ) ;
#4833 = CARTESIAN_POINT ( 'NONE',  ( 44.99751995710437313, 18.50000000000000355, 2.401411394361280482 ) ) ;
#4834 = EDGE_LOOP ( 'NONE', ( #2305, #8360, #6150, #8631 ) ) ;
#4835 = CARTESIAN_POINT ( 'NONE',  ( 75.42500000000001137, 2.000000000000000000, 0.000000000000000000 ) ) ;
#4836 = EDGE_CURVE ( 'NONE', #1633, #8408, #4033, .T. ) ;
#4837 = FACE_OUTER_BOUND ( 'NONE', #9260, .T. ) ;
#4838 = VECTOR ( 'NONE', #7030, 1000.000000000000114 ) ;
#4839 = PLANE ( 'NONE',  #7904 ) ;
#4840 = LINE ( 'NONE', #9012, #1731 ) ;
#4841 = VERTEX_POINT ( 'NONE', #8747 ) ;
#4842 = CARTESIAN_POINT ( 'NONE',  ( 59.00000000000001421, 7.833333333333334814, -7.744272920799767590 ) ) ;
#4843 = EDGE_CURVE ( 'NONE', #5905, #6875, #9546, .T. ) ;
#4844 = DIRECTION ( 'NONE',  ( -0.000000000000000000, -1.000000000000000000, -0.000000000000000000 ) ) ;
#4845 = CARTESIAN_POINT ( 'NONE',  ( 78.59989330582617129, 2.000000000000000000, -10.35683949133576398 ) ) ;
#4846 = ORIENTED_EDGE ( 'NONE', *, *, #2026, .T. ) ;
#4847 = AXIS2_PLACEMENT_3D ( 'NONE', #1782, #4125, #7403 ) ;
#4848 = ORIENTED_EDGE ( 'NONE', *, *, #4445, .F. ) ;
#4849 = ORIENTED_EDGE ( 'NONE', *, *, #6363, .F. ) ;
#4850 = ORIENTED_EDGE ( 'NONE', *, *, #1868, .T. ) ;
#4851 = AXIS2_PLACEMENT_3D ( 'NONE', #8795, #4725, #2925 ) ;
#4852 = DIRECTION ( 'NONE',  ( -0.9238795325112844070, 0.000000000000000000, 0.3826834323650954994 ) ) ;
#4853 = ADVANCED_FACE ( 'NONE', ( #5490 ), #5431, .T. ) ;
#4854 =( BOUNDED_CURVE ( )  B_SPLINE_CURVE ( 3, ( #10277, #3055, #701, #5459 ),
 .UNSPECIFIED., .F., .F. ) 
 B_SPLINE_CURVE_WITH_KNOTS ( ( 4, 4 ),
 ( 3.141592653589793116, 4.082246578227957556 ),
 .UNSPECIFIED. ) 
 CURVE ( )  GEOMETRIC_REPRESENTATION_ITEM ( )  RATIONAL_B_SPLINE_CURVE ( ( 1.000000000000000000, 0.9276134425277012818, 0.9276134425277012818, 1.000000000000000000 ) ) 
 REPRESENTATION_ITEM ( '' )  );
#4855 = DIRECTION ( 'NONE',  ( 0.000000000000000000, -1.000000000000000000, 0.000000000000000000 ) ) ;
#4856 = CARTESIAN_POINT ( 'NONE',  ( 16.52139948961565707, 2.999999999999999112, 2.784094826726366101 ) ) ;
#4857 = CARTESIAN_POINT ( 'NONE',  ( 83.05516802938825549, 2.999999999999999112, -18.50000000000001066 ) ) ;
#4858 = CARTESIAN_POINT ( 'NONE',  ( 70.52474999999994054, 18.50000000000000355, -18.50000000000000000 ) ) ;
#4859 = LINE ( 'NONE', #1607, #4492 ) ;
#4860 = ADVANCED_FACE ( 'NONE', ( #2235 ), #6188, .F. ) ;
#4861 = ORIENTED_EDGE ( 'NONE', *, *, #1280, .F. ) ;
#4862 = B_SPLINE_CURVE_WITH_KNOTS ( 'NONE', 3,
 ( #5379, #9335, #1316, #10193 ),
 .UNSPECIFIED., .F., .F.,
 ( 4, 4 ),
 ( 0.000000000000000000, 1.000000000000000000 ),
 .UNSPECIFIED. ) ;
#4863 = EDGE_CURVE ( 'NONE', #10130, #521, #2179, .T. ) ;
#4864 = CARTESIAN_POINT ( 'NONE',  ( 63.89974999999997607, 18.50000000000000711, -13.19199700201540892 ) ) ;
#4865 = ADVANCED_FACE ( 'NONE', ( #2073 ), #8693, .T. ) ;
#4866 = LINE ( 'NONE', #4813, #9307 ) ;
#4867 = DIRECTION ( 'NONE',  ( 0.3826834323650853964, 0.000000000000000000, -0.9238795325112886259 ) ) ;
#4868 = DIRECTION ( 'NONE',  ( -1.000000000000000000, -0.000000000000000000, -0.000000000000000000 ) ) ;
#4869 = ORIENTED_EDGE ( 'NONE', *, *, #2630, .T. ) ;
#4870 = ORIENTED_EDGE ( 'NONE', *, *, #7581, .F. ) ;
#4871 = ORIENTED_EDGE ( 'NONE', *, *, #10535, .F. ) ;
#4872 = CARTESIAN_POINT ( 'NONE',  ( 83.49974999999994907, 2.999999999999999112, -12.10960480172301068 ) ) ;
#4873 = ORIENTED_EDGE ( 'NONE', *, *, #4349, .T. ) ;
#4874 = PLANE ( 'NONE',  #4847 ) ;
#4875 = CARTESIAN_POINT ( 'NONE',  ( 98.19975000000002296, 2.000000000000000000, -2.893084275847624731 ) ) ;
#4876 = VECTOR ( 'NONE', #2774, 1000.000000000000000 ) ;
#4877 = DIRECTION ( 'NONE',  ( -1.000000000000000000, 0.000000000000000000, -0.000000000000000000 ) ) ;
#4878 = FACE_OUTER_BOUND ( 'NONE', #2251, .T. ) ;
#4879 = CARTESIAN_POINT ( 'NONE',  ( 108.0000000000000000, 2.000000000000000000, 0.000000000000000000 ) ) ;
#4880 = ORIENTED_EDGE ( 'NONE', *, *, #1409, .F. ) ;
#4881 = LINE ( 'NONE', #7298, #10562 ) ;
#4882 = CARTESIAN_POINT ( 'NONE',  ( 103.0997499999999576, 2.192056395364472721, -18.50000000000000000 ) ) ;
#4883 = ORIENTED_EDGE ( 'NONE', *, *, #7305, .T. ) ;
#4884 = DIRECTION ( 'NONE',  ( -0.9238795325112885148, 0.000000000000000000, -0.3826834323650853964 ) ) ;
#4885 = ORIENTED_EDGE ( 'NONE', *, *, #925, .T. ) ;
#4886 = ORIENTED_EDGE ( 'NONE', *, *, #10214, .F. ) ;
#4887 = CARTESIAN_POINT ( 'NONE',  ( 38.89439220029240829, 18.50000000000000355, -1.499999999999999556 ) ) ;
#4888 = EDGE_CURVE ( 'NONE', #3030, #1673, #9442, .T. ) ;
#4889 = ADVANCED_FACE ( 'NONE', ( #8592 ), #7793, .F. ) ;
#4890 = EDGE_CURVE ( 'NONE', #7084, #6907, #9389, .T. ) ;
#4891 = DIRECTION ( 'NONE',  ( -0.000000000000000000, -1.000000000000000000, -0.000000000000000000 ) ) ;
#4892 = LINE ( 'NONE', #4190, #8733 ) ;
#4893 = AXIS2_PLACEMENT_3D ( 'NONE', #4833, #4884, #8159 ) ;
#4894 = VERTEX_POINT ( 'NONE', #1267 ) ;
#4895 = CARTESIAN_POINT ( 'NONE',  ( 83.05516802938824128, 3.000000000000000888, -18.50000000000000355 ) ) ;
#4896 = LINE ( 'NONE', #5002, #6098 ) ;
#4897 = ORIENTED_EDGE ( 'NONE', *, *, #10066, .T. ) ;
#4898 = DIRECTION ( 'NONE',  ( 0.9238795325112885148, -0.000000000000000000, 0.3826834323650853964 ) ) ;
#4899 = ORIENTED_EDGE ( 'NONE', *, *, #3326, .T. ) ;
#4900 = VERTEX_POINT ( 'NONE', #4512 ) ;
#4901 = ORIENTED_EDGE ( 'NONE', *, *, #3536, .F. ) ;
#4902 = EDGE_CURVE ( 'NONE', #2407, #447, #468, .T. ) ;
#4903 = DIRECTION ( 'NONE',  ( 0.000000000000000000, 0.000000000000000000, -1.000000000000000000 ) ) ;
#4904 = CARTESIAN_POINT ( 'NONE',  ( 20.80000000000000426, 2.999999999999999112, 0.000000000000000000 ) ) ;
#4905 = DIRECTION ( 'NONE',  ( -1.000000000000000000, 0.000000000000000000, -0.000000000000000000 ) ) ;
#4906 = DIRECTION ( 'NONE',  ( -0.000000000000000000, -1.000000000000000000, -0.000000000000000000 ) ) ;
#4907 = DIRECTION ( 'NONE',  ( 0.000000000000000000, 0.000000000000000000, -1.000000000000000000 ) ) ;
#4908 = VECTOR ( 'NONE', #2577, 1000.000000000000000 ) ;
#4909 = DIRECTION ( 'NONE',  ( -0.9238795325112846291, 0.000000000000000000, 0.3826834323650947778 ) ) ;
#4910 = ORIENTED_EDGE ( 'NONE', *, *, #3653, .T. ) ;
#4911 = DIRECTION ( 'NONE',  ( -0.000000000000000000, -1.000000000000000000, -0.000000000000000000 ) ) ;
#4912 = LINE ( 'NONE', #8188, #6586 ) ;
#4913 = DIRECTION ( 'NONE',  ( 0.000000000000000000, -0.000000000000000000, -1.000000000000000000 ) ) ;
#4914 = FACE_OUTER_BOUND ( 'NONE', #6551, .T. ) ;
#4915 = CARTESIAN_POINT ( 'NONE',  ( 0.000000000000000000, 2.000000000000000000, -20.00000000000000000 ) ) ;
#4916 = ORIENTED_EDGE ( 'NONE', *, *, #8872, .T. ) ;
#4917 = AXIS2_PLACEMENT_3D ( 'NONE', #3925, #9603, #5541 ) ;
#4918 = EDGE_LOOP ( 'NONE', ( #9970, #5759, #1899, #5347, #342 ) ) ;
#4919 = CARTESIAN_POINT ( 'NONE',  ( 98.20000000000000284, 20.00000000000000355, -10.35679529716193592 ) ) ;
#4920 = EDGE_CURVE ( 'NONE', #879, #7032, #4881, .T. ) ;
#4921 = EDGE_CURVE ( 'NONE', #2839, #6191, #8413, .T. ) ;
#4922 = VERTEX_POINT ( 'NONE', #3233 ) ;
#4923 = ORIENTED_EDGE ( 'NONE', *, *, #2354, .T. ) ;
#4924 = CARTESIAN_POINT ( 'NONE',  ( 34.97904756189952735, 18.50000000000000355, -18.11731656763491927 ) ) ;
#4925 = AXIS2_PLACEMENT_3D ( 'NONE', #10340, #6283, #405 ) ;
#4926 = EDGE_CURVE ( 'NONE', #8610, #3524, #6507, .T. ) ;
#4927 = VECTOR ( 'NONE', #6635, 1000.000000000000000 ) ;
#4928 = LINE ( 'NONE', #3337, #9635 ) ;
#4929 = VERTEX_POINT ( 'NONE', #8103 ) ;
#4930 = CARTESIAN_POINT ( 'NONE',  ( 103.0997499999999434, 18.50000000000000355, -12.10960480172301423 ) ) ;
#4931 = LINE ( 'NONE', #2384, #5308 ) ;
#4932 = ORIENTED_EDGE ( 'NONE', *, *, #7430, .T. ) ;
#4933 = LINE ( 'NONE', #3181, #6443 ) ;
#4934 = ORIENTED_EDGE ( 'NONE', *, *, #157, .T. ) ;
#4935 = ORIENTED_EDGE ( 'NONE', *, *, #8077, .F. ) ;
#4936 = DIRECTION ( 'NONE',  ( 0.000000000000000000, 0.000000000000000000, -1.000000000000000000 ) ) ;
#4937 = VECTOR ( 'NONE', #3348, 1000.000000000000000 ) ;
#4938 = ORIENTED_EDGE ( 'NONE', *, *, #7255, .F. ) ;
#4939 = VECTOR ( 'NONE', #7282, 1000.000000000000000 ) ;
#4940 = VECTOR ( 'NONE', #2100, 999.9999999999998863 ) ;
#4941 = AXIS2_PLACEMENT_3D ( 'NONE', #7235, #10538, #6487 ) ;
#4942 = CARTESIAN_POINT ( 'NONE',  ( 12.00000000000000355, 2.000000000000000000, -7.722114953984478447 ) ) ;
#4943 = FACE_OUTER_BOUND ( 'NONE', #146, .T. ) ;
#4944 = ORIENTED_EDGE ( 'NONE', *, *, #3916, .F. ) ;
#4945 = LINE ( 'NONE', #9665, #5085 ) ;
#4946 = DIRECTION ( 'NONE',  ( -0.000000000000000000, -0.000000000000000000, -1.000000000000000000 ) ) ;
#4947 = EDGE_CURVE ( 'NONE', #2536, #7189, #7356, .T. ) ;
#4948 = CARTESIAN_POINT ( 'NONE',  ( 103.0997499999999434, 18.43380900354982543, -18.04903699352146518 ) ) ;
#4949 = EDGE_LOOP ( 'NONE', ( #5989, #7399, #2864, #4323 ) ) ;
#4950 = VECTOR ( 'NONE', #7485, 1000.000000000000000 ) ;
#4951 = CARTESIAN_POINT ( 'NONE',  ( 88.40000000000001990, 7.833333333333334814, -7.744272920799765814 ) ) ;
#4952 = EDGE_LOOP ( 'NONE', ( #7268, #8155, #8251, #6094, #2848, #8679, #6005 ) ) ;
#4953 = AXIS2_PLACEMENT_3D ( 'NONE', #8977, #9728, #8930 ) ;
#4954 = EDGE_LOOP ( 'NONE', ( #10284, #5940, #1957, #5153, #2919 ) ) ;
#4955 = ORIENTED_EDGE ( 'NONE', *, *, #7402, .T. ) ;
#4956 = VERTEX_POINT ( 'NONE', #4778 ) ;
#4957 = CARTESIAN_POINT ( 'NONE',  ( 70.52474999999994054, 2.000000000000000000, -18.50000000000000000 ) ) ;
#4958 = ADVANCED_FACE ( 'NONE', ( #5590 ), #1477, .T. ) ;
#4959 = VECTOR ( 'NONE', #4844, 1000.000000000000000 ) ;
#4960 = CARTESIAN_POINT ( 'NONE',  ( 93.29974999999994623, 17.50000000000000000, -12.10960480172301423 ) ) ;
#4961 = CARTESIAN_POINT ( 'NONE',  ( 78.40000000000000568, 18.50000000000000355, -1.500000000000000000 ) ) ;
#4962 = LINE ( 'NONE', #10582, #175 ) ;
#4963 = CARTESIAN_POINT ( 'NONE',  ( 106.5857864376269220, 18.50000000000000355, -10.07488717609930973 ) ) ;
#4964 = DIRECTION ( 'NONE',  ( -0.000000000000000000, -1.000000000000000000, -0.000000000000000000 ) ) ;
#4965 = ORIENTED_EDGE ( 'NONE', *, *, #6994, .F. ) ;
#4966 = ADVANCED_FACE ( 'NONE', ( #9700 ), #6357, .F. ) ;
#4967 = VECTOR ( 'NONE', #3520, 1000.000000000000000 ) ;
#4968 = LINE ( 'NONE', #7279, #9749 ) ;
#4969 = CARTESIAN_POINT ( 'NONE',  ( 17.31246076258711852, 2.999999999999999112, 3.111763134659267127 ) ) ;
#4970 = DIRECTION ( 'NONE',  ( -0.000000000000000000, -1.000000000000000000, -0.000000000000000000 ) ) ;
#4971 = DIRECTION ( 'NONE',  ( 0.000000000000000000, -1.000000000000000000, 0.000000000000000000 ) ) ;
#4972 = FACE_OUTER_BOUND ( 'NONE', #4952, .T. ) ;
#4973 = ORIENTED_EDGE ( 'NONE', *, *, #1280, .T. ) ;
#4974 = EDGE_CURVE ( 'NONE', #8105, #9898, #10261, .T. ) ;
#4975 = VECTOR ( 'NONE', #1935, 1000.000000000000000 ) ;
#4976 = ORIENTED_EDGE ( 'NONE', *, *, #6350, .F. ) ;
#4977 = CARTESIAN_POINT ( 'NONE',  ( 79.10510779970761064, 17.50000000000000000, -1.500000000000000000 ) ) ;
#4978 = EDGE_LOOP ( 'NONE', ( #5702, #4897, #6107, #6603, #826, #3665, #7623, #8050, #3568, #4121, #8502, #9060, #2876, #7397, #1543, #475, #5382, #9755, #6770, #7375, #9409, #7607, #411, #7914, #3474, #9213, #1427, #5106, #1616, #5035, #7415, #1776, #7462, #9016, #1243, #8654, #7659, #5346 ) ) ;
#4979 = AXIS2_PLACEMENT_3D ( 'NONE', #8218, #3349, #7630 ) ;
#4980 = LINE ( 'NONE', #9805, #249 ) ;
#4981 = DIRECTION ( 'NONE',  ( -0.000000000000000000, -1.000000000000000000, -0.000000000000000000 ) ) ;
#4982 = DIRECTION ( 'NONE',  ( -0.3826834323650853964, 0.000000000000000000, 0.9238795325112885148 ) ) ;
#4983 = ORIENTED_EDGE ( 'NONE', *, *, #9180, .F. ) ;
#4984 = LINE ( 'NONE', #3386, #7331 ) ;
#4985 = VECTOR ( 'NONE', #8698, 1000.000000000000114 ) ;
#4986 = ORIENTED_EDGE ( 'NONE', *, *, #10257, .T. ) ;
#4987 = DIRECTION ( 'NONE',  ( 1.000000000000000000, 0.000000000000000000, -8.673617379884035472E-17 ) ) ;
#4988 = ORIENTED_EDGE ( 'NONE', *, *, #4101, .F. ) ;
#4989 = VERTEX_POINT ( 'NONE', #2440 ) ;
#4990 = CYLINDRICAL_SURFACE ( 'NONE', #5521, 1.000000000000003331 ) ;
#4991 = VERTEX_POINT ( 'NONE', #3289 ) ;
#4992 = EDGE_CURVE ( 'NONE', #9564, #3030, #776, .T. ) ;
#4993 = VECTOR ( 'NONE', #8351, 1000.000000000000114 ) ;
#4994 = ADVANCED_FACE ( 'NONE', ( #4129 ), #5696, .T. ) ;
#4995 = EDGE_CURVE ( 'NONE', #8526, #2426, #2287, .T. ) ;
#4996 = CARTESIAN_POINT ( 'NONE',  ( 99.92474999999994623, 20.00000000000000355, -20.00000000000000000 ) ) ;
#4997 = LINE ( 'NONE', #2500, #2464 ) ;
#4998 = LINE ( 'NONE', #8272, #7861 ) ;
#4999 = ORIENTED_EDGE ( 'NONE', *, *, #5766, .F. ) ;
#5000 = CARTESIAN_POINT ( 'NONE',  ( 94.82672417090404338, 20.00000000000000355, -18.50000000000000355 ) ) ;
#5001 = DIRECTION ( 'NONE',  ( 0.3826834323650954439, 0.000000000000000000, 0.9238795325112842960 ) ) ;
#5002 = CARTESIAN_POINT ( 'NONE',  ( 58.80000000000000426, 2.000000000000000000, -18.50000000000000000 ) ) ;
#5003 = ORIENTED_EDGE ( 'NONE', *, *, #7734, .T. ) ;
#5004 = CARTESIAN_POINT ( 'NONE',  ( 24.69974999999995191, 18.50000000000000355, -16.96018989328458204 ) ) ;
#5005 = ORIENTED_EDGE ( 'NONE', *, *, #4744, .T. ) ;
#5006 = VECTOR ( 'NONE', #8182, 1000.000000000000000 ) ;
#5007 = VERTEX_POINT ( 'NONE', #1628 ) ;
#5008 = VERTEX_POINT ( 'NONE', #8839 ) ;
#5009 = DIRECTION ( 'NONE',  ( -0.000000000000000000, -1.000000000000000000, -0.000000000000000000 ) ) ;
#5010 = CARTESIAN_POINT ( 'NONE',  ( 10.00000000000000000, 20.00000000000000355, -10.35739885055255627 ) ) ;
#5011 = CARTESIAN_POINT ( 'NONE',  ( 69.12141231303839106, 18.15878848121909073, -1.500000000000001332 ) ) ;
#5012 = DIRECTION ( 'NONE',  ( 0.3826834323650956660, 0.000000000000000000, 0.9238795325112844070 ) ) ;
#5013 = LINE ( 'NONE', #4054, #3817 ) ;
#5014 = ORIENTED_EDGE ( 'NONE', *, *, #7618, .F. ) ;
#5015 = EDGE_CURVE ( 'NONE', #4929, #6265, #6561, .T. ) ;
#5016 = EDGE_CURVE ( 'NONE', #4564, #6174, #5743, .T. ) ;
#5017 = VECTOR ( 'NONE', #4621, 1000.000000000000000 ) ;
#5018 = CYLINDRICAL_SURFACE ( 'NONE', #3779, 0.9999999999999995559 ) ;
#5019 = CARTESIAN_POINT ( 'NONE',  ( 106.0000000000000142, 2.999999999999999112, -10.15727937639168488 ) ) ;
#5020 = LINE ( 'NONE', #9844, #8576 ) ;
#5021 = CARTESIAN_POINT ( 'NONE',  ( 29.59975000000002510, 2.000000000000000000, -5.130543437656448269 ) ) ;
#5022 = ADVANCED_FACE ( 'NONE', ( #4727 ), #7999, .F. ) ;
#5023 = PLANE ( 'NONE',  #4053 ) ;
#5024 = VERTEX_POINT ( 'NONE', #676 ) ;
#5025 = VERTEX_POINT ( 'NONE', #6406 ) ;
#5026 = CARTESIAN_POINT ( 'NONE',  ( 50.92474999999993912, 20.00000000000000355, -18.50000000000000000 ) ) ;
#5027 = VERTEX_POINT ( 'NONE', #10458 ) ;
#5028 = EDGE_CURVE ( 'NONE', #6265, #6450, #3131, .T. ) ;
#5029 = DIRECTION ( 'NONE',  ( -0.000000000000000000, -1.000000000000000000, -0.000000000000000000 ) ) ;
#5030 = DIRECTION ( 'NONE',  ( 0.000000000000000000, -0.000000000000000000, -1.000000000000000000 ) ) ;
#5031 = DIRECTION ( 'NONE',  ( -0.3826834323650958325, -0.000000000000000000, -0.9238795325112842960 ) ) ;
#5032 = ORIENTED_EDGE ( 'NONE', *, *, #2299, .T. ) ;
#5033 = LINE ( 'NONE', #7460, #9885 ) ;
#5034 = DIRECTION ( 'NONE',  ( -0.3826834323650853964, 0.000000000000000000, 0.9238795325112886259 ) ) ;
#5035 = ORIENTED_EDGE ( 'NONE', *, *, #3536, .T. ) ;
#5036 = LINE ( 'NONE', #1631, #2682 ) ;
#5037 = ORIENTED_EDGE ( 'NONE', *, *, #1483, .F. ) ;
#5038 = ORIENTED_EDGE ( 'NONE', *, *, #93, .F. ) ;
#5039 = LINE ( 'NONE', #5703, #2798 ) ;
#5040 = ORIENTED_EDGE ( 'NONE', *, *, #9537, .T. ) ;
#5041 = CYLINDRICAL_SURFACE ( 'NONE', #4427, 0.9999999999999981126 ) ;
#5042 = CYLINDRICAL_SURFACE ( 'NONE', #6539, 0.9999999999999991118 ) ;
#5043 = LINE ( 'NONE', #1103, #854 ) ;
#5044 = ORIENTED_EDGE ( 'NONE', *, *, #10555, .T. ) ;
#5045 = FACE_OUTER_BOUND ( 'NONE', #3732, .T. ) ;
#5046 = ADVANCED_FACE ( 'NONE', ( #3441 ), #5086, .F. ) ;
#5047 = CARTESIAN_POINT ( 'NONE',  ( 13.37277582909584694, 10.00000000000000000, -18.50000000000000000 ) ) ;
#5048 = ORIENTED_EDGE ( 'NONE', *, *, #8560, .T. ) ;
#5049 = FILL_AREA_STYLE ('',( #5866 ) ) ;
#5050 = ORIENTED_EDGE ( 'NONE', *, *, #8168, .F. ) ;
#5051 = EDGE_CURVE ( 'NONE', #1669, #7084, #6014, .T. ) ;
#5052 = ORIENTED_EDGE ( 'NONE', *, *, #7722, .T. ) ;
#5053 = EDGE_CURVE ( 'NONE', #1740, #794, #5056, .T. ) ;
#5054 = ORIENTED_EDGE ( 'NONE', *, *, #4769, .T. ) ;
#5055 = AXIS2_PLACEMENT_3D ( 'NONE', #4359, #3561, #367 ) ;
#5056 =( BOUNDED_CURVE ( )  B_SPLINE_CURVE ( 3, ( #4341, #1094, #9055, #2590 ),
 .UNSPECIFIED., .F., .F. ) 
 B_SPLINE_CURVE_WITH_KNOTS ( ( 4, 4 ),
 ( 3.141592653589793116, 4.712388980384675463 ),
 .UNSPECIFIED. ) 
 CURVE ( )  GEOMETRIC_REPRESENTATION_ITEM ( )  RATIONAL_B_SPLINE_CURVE ( ( 1.000000000000000000, 0.8047378541243683792, 0.8047378541243683792, 1.000000000000000000 ) ) 
 REPRESENTATION_ITEM ( '' )  );
#5057 = PLANE ( 'NONE',  #10231 ) ;
#5058 = FACE_OUTER_BOUND ( 'NONE', #6550, .T. ) ;
#5059 = DIRECTION ( 'NONE',  ( 0.000000000000000000, 0.000000000000000000, -1.000000000000000000 ) ) ;
#5060 = CARTESIAN_POINT ( 'NONE',  ( 85.59912396788583067, 18.50000000000000355, -7.041267695959975370 ) ) ;
#5061 = ADVANCED_FACE ( 'NONE', ( #1895 ), #2534, .F. ) ;
#5062 = CARTESIAN_POINT ( 'NONE',  ( 59.00000000000001421, 2.999999999999999112, -7.743065814018599724 ) ) ;
#5063 = ORIENTED_EDGE ( 'NONE', *, *, #9985, .T. ) ;
#5064 = EDGE_LOOP ( 'NONE', ( #1533, #3605, #8607, #1619 ) ) ;
#5065 = ORIENTED_EDGE ( 'NONE', *, *, #4572, .F. ) ;
#5066 = FACE_OUTER_BOUND ( 'NONE', #317, .T. ) ;
#5067 = DIRECTION ( 'NONE',  ( 1.000000000000000000, -0.000000000000000000, -0.000000000000000000 ) ) ;
#5068 = CARTESIAN_POINT ( 'NONE',  ( 29.40000000000000213, 18.50000000000000355, -18.50000000000000000 ) ) ;
#5069 = DIRECTION ( 'NONE',  ( 0.3826834323650962211, -0.000000000000000000, 0.9238795325112840739 ) ) ;
#5070 = DIRECTION ( 'NONE',  ( -0.3826834323650853964, 0.000000000000000000, 0.9238795325112886259 ) ) ;
#5071 = ADVANCED_FACE ( 'NONE', ( #6717 ), #2748, .F. ) ;
#5072 = CYLINDRICAL_SURFACE ( 'NONE', #3749, 0.9999999999999994449 ) ;
#5073 = EDGE_CURVE ( 'NONE', #10470, #6260, #4229, .T. ) ;
#5074 = CARTESIAN_POINT ( 'NONE',  ( 29.40000000000000213, 2.000000000000000000, -18.50000000000000000 ) ) ;
#5075 = VERTEX_POINT ( 'NONE', #931 ) ;
#5076 = VECTOR ( 'NONE', #3705, 1000.000000000000000 ) ;
#5077 = EDGE_CURVE ( 'NONE', #1392, #6531, #5790, .T. ) ;
#5078 = ORIENTED_EDGE ( 'NONE', *, *, #9146, .F. ) ;
#5079 = LINE ( 'NONE', #1942, #231 ) ;
#5080 = DIRECTION ( 'NONE',  ( -0.3826834323650958325, 0.000000000000000000, -0.9238795325112842960 ) ) ;
#5081 = LINE ( 'NONE', #7560, #3260 ) ;
#5082 = ADVANCED_FACE ( 'NONE', ( #9961 ), #3544, .F. ) ;
#5083 = CARTESIAN_POINT ( 'NONE',  ( 0.000000000000000000, 18.50000000000000355, -1.500000000000000000 ) ) ;
#5084 = ORIENTED_EDGE ( 'NONE', *, *, #4069, .T. ) ;
#5085 = VECTOR ( 'NONE', #2346, 1000.000000000000114 ) ;
#5086 = PLANE ( 'NONE',  #332 ) ;
#5087 = CARTESIAN_POINT ( 'NONE',  ( 24.69974999999995902, 20.00000000000000355, -9.496478871970266411 ) ) ;
#5088 = ORIENTED_EDGE ( 'NONE', *, *, #6385, .F. ) ;
#5089 = LINE ( 'NONE', #6824, #2562 ) ;
#5090 = VERTEX_POINT ( 'NONE', #4393 ) ;
#5091 = ORIENTED_EDGE ( 'NONE', *, *, #6308, .T. ) ;
#5092 = CARTESIAN_POINT ( 'NONE',  ( 78.60000000000000853, 20.00000000000000355, -10.35679529716193592 ) ) ;
#5093 = EDGE_CURVE ( 'NONE', #447, #1837, #9856, .T. ) ;
#5094 = VERTEX_POINT ( 'NONE', #5900 ) ;
#5095 = VECTOR ( 'NONE', #6144, 1000.000000000000000 ) ;
#5096 = AXIS2_PLACEMENT_3D ( 'NONE', #871, #3285, #8151 ) ;
#5097 = AXIS2_PLACEMENT_3D ( 'NONE', #5144, #4388, #2742 ) ;
#5098 = DIRECTION ( 'NONE',  ( 0.000000000000000000, -0.000000000000000000, -1.000000000000000000 ) ) ;
#5099 = CARTESIAN_POINT ( 'NONE',  ( 42.57500000000000284, 2.000000000000000000, 0.000000000000000000 ) ) ;
#5100 = LINE ( 'NONE', #6990, #10423 ) ;
#5101 = LINE ( 'NONE', #254, #3915 ) ;
#5102 = ORIENTED_EDGE ( 'NONE', *, *, #9274, .F. ) ;
#5103 = CARTESIAN_POINT ( 'NONE',  ( 23.17277582909584766, 20.00000000000000355, -18.50000000000000000 ) ) ;
#5104 = CARTESIAN_POINT ( 'NONE',  ( 68.79975000000001728, 2.153954234325365036, -1.500000000000000444 ) ) ;
#5105 = DIRECTION ( 'NONE',  ( -0.000000000000000000, -1.000000000000000000, -0.000000000000000000 ) ) ;
#5106 = ORIENTED_EDGE ( 'NONE', *, *, #6147, .T. ) ;
#5107 = CARTESIAN_POINT ( 'NONE',  ( 36.02672417090403911, 20.00000000000000355, -18.50000000000000355 ) ) ;
#5108 = EDGE_CURVE ( 'NONE', #4136, #9668, #4984, .T. ) ;
#5109 = ORIENTED_EDGE ( 'NONE', *, *, #2093, .F. ) ;
#5110 = AXIS2_PLACEMENT_3D ( 'NONE', #9684, #1505, #10491 ) ;
#5111 = AXIS2_PLACEMENT_3D ( 'NONE', #8447, #10101, #956 ) ;
#5112 = EDGE_LOOP ( 'NONE', ( #6869, #9908, #9487, #4416 ) ) ;
#5113 = ORIENTED_EDGE ( 'NONE', *, *, #5410, .F. ) ;
#5114 = VECTOR ( 'NONE', #2042, 1000.000000000000000 ) ;
#5115 = VECTOR ( 'NONE', #9387, 1000.000000000000000 ) ;
#5116 = CARTESIAN_POINT ( 'NONE',  ( 37.67474999999993912, 20.00000000000000355, -18.50000000000000000 ) ) ;
#5117 = DIRECTION ( 'NONE',  ( 0.9238795325112884038, -0.000000000000000000, 0.3826834323650856740 ) ) ;
#5118 = CARTESIAN_POINT ( 'NONE',  ( 21.52474999999994054, 18.50000000000000355, -20.00000000000000000 ) ) ;
#5119 = AXIS2_PLACEMENT_3D ( 'NONE', #8374, #7575, #251 ) ;
#5120 = CARTESIAN_POINT ( 'NONE',  ( 52.37500000000000711, 18.50000000000000355, -1.500000000000000000 ) ) ;
#5121 = EDGE_CURVE ( 'NONE', #5344, #5509, #5846, .T. ) ;
#5122 = ADVANCED_FACE ( 'NONE', ( #6822 ), #3492, .F. ) ;
#5123 = DIRECTION ( 'NONE',  ( 0.3826834323650853964, 0.000000000000000000, -0.9238795325112886259 ) ) ;
#5124 = VECTOR ( 'NONE', #7929, 1000.000000000000000 ) ;
#5125 = VERTEX_POINT ( 'NONE', #4286 ) ;
#5126 = VERTEX_POINT ( 'NONE', #9151 ) ;
#5127 = ORIENTED_EDGE ( 'NONE', *, *, #4246, .F. ) ;
#5128 = AXIS2_PLACEMENT_3D ( 'NONE', #7813, #2947, #6375 ) ;
#5129 =( BOUNDED_CURVE ( )  B_SPLINE_CURVE ( 3, ( #9673, #9722, #2356, #1547 ),
 .UNSPECIFIED., .F., .F. ) 
 B_SPLINE_CURVE_WITH_KNOTS ( ( 4, 4 ),
 ( 4.150116409062329481, 4.712388980384695891 ),
 .UNSPECIFIED. ) 
 CURVE ( )  GEOMETRIC_REPRESENTATION_ITEM ( )  RATIONAL_B_SPLINE_CURVE ( ( 1.000000000000000000, 0.9738271993243663438, 0.9738271993243663438, 1.000000000000000000 ) ) 
 REPRESENTATION_ITEM ( '' )  );
#5130 = EDGE_CURVE ( 'NONE', #4423, #1315, #1833, .T. ) ;
#5131 = VECTOR ( 'NONE', #3560, 999.9999999999998863 ) ;
#5132 = CARTESIAN_POINT ( 'NONE',  ( 39.39975000000001160, 18.34604576567463496, -1.499999999999999556 ) ) ;
#5133 = FACE_OUTER_BOUND ( 'NONE', #1494, .T. ) ;
#5134 = CARTESIAN_POINT ( 'NONE',  ( 28.01200000000000756, 18.50000000000000355, -1.499999999999999556 ) ) ;
#5136 = EDGE_CURVE ( 'NONE', #2501, #10091, #5033, .T. ) ;
#5135 = CARTESIAN_POINT ( 'NONE',  ( 52.37500000000000711, 20.00000000000000355, -1.500000000000000000 ) ) ;
#5137 = EDGE_CURVE ( 'NONE', #2387, #9776, #2148, .T. ) ;
#5138 = DIRECTION ( 'NONE',  ( -0.9238795325112880708, 0.000000000000000000, -0.3826834323650866176 ) ) ;
#5139 = DIRECTION ( 'NONE',  ( 0.3826834323650956105, -0.000000000000000000, 0.9238795325112842960 ) ) ;
#5140 = ORIENTED_EDGE ( 'NONE', *, *, #1010, .T. ) ;
#5141 = VECTOR ( 'NONE', #2887, 1000.000000000000000 ) ;
#5142 = VERTEX_POINT ( 'NONE', #8306 ) ;
#5143 = FACE_OUTER_BOUND ( 'NONE', #6208, .T. ) ;
#5144 = CARTESIAN_POINT ( 'NONE',  ( 58.80000000000000426, 18.50000000000000355, -1.500000000000000000 ) ) ;
#5145 = LINE ( 'NONE', #5363, #1016 ) ;
#5146 = VECTOR ( 'NONE', #3105, 1000.000000000000000 ) ;
#5147 = CARTESIAN_POINT ( 'NONE',  ( 59.00000000000001421, 13.00000000000000533, -10.35619174377131380 ) ) ;
#5148 = VERTEX_POINT ( 'NONE', #9482 ) ;
#5149 = CARTESIAN_POINT ( 'NONE',  ( 63.67364042459307427, 18.50000000000000355, 2.018727961996194420 ) ) ;
#5150 = CARTESIAN_POINT ( 'NONE',  ( 29.60000000000000853, 20.00000000000000355, -10.35679529716193592 ) ) ;
#5151 = ORIENTED_EDGE ( 'NONE', *, *, #1858, .T. ) ;
#5152 = DIRECTION ( 'NONE',  ( -0.9238795325112885148, 0.000000000000000000, -0.3826834323650853964 ) ) ;
#5153 = ORIENTED_EDGE ( 'NONE', *, *, #4208, .F. ) ;
#5154 = ORIENTED_EDGE ( 'NONE', *, *, #655, .F. ) ;
#5155 = CARTESIAN_POINT ( 'NONE',  ( 41.12474999999994196, 2.000000000000000000, -20.00000000000000000 ) ) ;
#5156 = EDGE_LOOP ( 'NONE', ( #9334, #7441, #9165, #632, #2089, #7501, #741, #3253, #7142, #4797, #6527, #374, #7573, #5574, #6597, #1332, #9851, #3066, #899, #2827, #3843, #4199, #4150, #4938, #9495, #2482, #6604, #9170, #5154, #10097, #3547, #986, #8216, #9018, #1632, #8942, #7827, #6316, #2554, #6759, #6723, #5430, #8300, #6630, #8951, #6936 ) ) ;
#5157 = EDGE_CURVE ( 'NONE', #2143, #618, #2215, .T. ) ;
#5158 = ORIENTED_EDGE ( 'NONE', *, *, #461, .T. ) ;
#5159 = LINE ( 'NONE', #4352, #9569 ) ;
#5160 = DIRECTION ( 'NONE',  ( -0.3826834323650853964, 0.000000000000000000, 0.9238795325112886259 ) ) ;
#5161 = DIRECTION ( 'NONE',  ( 0.3826592221992059506, 0.000000000000000000, -0.9238895603187097239 ) ) ;
#5162 = DIRECTION ( 'NONE',  ( -0.000000000000000000, -1.000000000000000000, -0.000000000000000000 ) ) ;
#5163 = ORIENTED_EDGE ( 'NONE', *, *, #6641, .T. ) ;
#5164 = DIRECTION ( 'NONE',  ( -0.3826834323650958325, 0.000000000000000000, -0.9238795325112842960 ) ) ;
#5165 = CARTESIAN_POINT ( 'NONE',  ( 41.64848901998223596, 18.50000000000000355, -15.78563094586794158 ) ) ;
#5166 = EDGE_CURVE ( 'NONE', #5811, #1266, #4656, .T. ) ;
#5167 = CARTESIAN_POINT ( 'NONE',  ( 91.77277582909586329, 20.00000000000000355, -18.50000000000000000 ) ) ;
#5168 = EDGE_LOOP ( 'NONE', ( #3677, #8707, #8140, #1294 ) ) ;
#5169 = CARTESIAN_POINT ( 'NONE',  ( 19.80000000000000426, 18.50000000000000355, -8.673617379884037444E-16 ) ) ;
#5170 = ORIENTED_EDGE ( 'NONE', *, *, #1761, .F. ) ;
#5171 = ORIENTED_EDGE ( 'NONE', *, *, #7109, .F. ) ;
#5172 = ORIENTED_EDGE ( 'NONE', *, *, #2119, .T. ) ;
#5173 = VECTOR ( 'NONE', #314, 1000.000000000000114 ) ;
#5174 = B_SPLINE_CURVE_WITH_KNOTS ( 'NONE', 3,
 ( #2528, #5893, #5781, #9042 ),
 .UNSPECIFIED., .F., .F.,
 ( 4, 4 ),
 ( 0.000000000000000000, 1.000000000000000000 ),
 .UNSPECIFIED. ) ;
#5175 = PLANE ( 'NONE',  #8352 ) ;
#5176 = EDGE_CURVE ( 'NONE', #5008, #9407, #8008, .T. ) ;
#5177 = LINE ( 'NONE', #9989, #8362 ) ;
#5178 = LINE ( 'NONE', #1384, #1225 ) ;
#5179 = LINE ( 'NONE', #3633, #3933 ) ;
#5180 = VECTOR ( 'NONE', #3549, 1000.000000000000114 ) ;
#5181 = CARTESIAN_POINT ( 'NONE',  ( 102.6551680293882498, 3.000000000000000888, -18.50000000000000355 ) ) ;
#5182 = ORIENTED_EDGE ( 'NONE', *, *, #873, .F. ) ;
#5183 = EDGE_LOOP ( 'NONE', ( #3496, #6131, #5390, #10096 ) ) ;
#5184 = VECTOR ( 'NONE', #2815, 1000.000000000000114 ) ;
#5185 = ORIENTED_EDGE ( 'NONE', *, *, #4390, .T. ) ;
#5186 = B_SPLINE_CURVE_WITH_KNOTS ( 'NONE', 3,
 ( #2604, #7312, #5711, #4040 ),
 .UNSPECIFIED., .F., .F.,
 ( 4, 4 ),
 ( 0.000000000000000000, 1.000000000000000000 ),
 .UNSPECIFIED. ) ;
#5187 = EDGE_CURVE ( 'NONE', #9535, #8943, #9032, .T. ) ;
#5188 = AXIS2_PLACEMENT_3D ( 'NONE', #7820, #496, #5518 ) ;
#5189 = CARTESIAN_POINT ( 'NONE',  ( 75.79912396788581930, 18.50000000000000355, -7.041267695959975370 ) ) ;
#5190 = LINE ( 'NONE', #4378, #3926 ) ;
#5191 = LINE ( 'NONE', #5351, #4469 ) ;
#5192 = CARTESIAN_POINT ( 'NONE',  ( 50.12387953251129602, 2.000000000000000000, -7.361589488434682416 ) ) ;
#5193 = DIRECTION ( 'NONE',  ( 0.3827076417426389376, 0.000000000000000000, 0.9238695042871519769 ) ) ;
#5194 = DIRECTION ( 'NONE',  ( 0.000000000000000000, 0.000000000000000000, -1.000000000000000000 ) ) ;
#5195 = EDGE_CURVE ( 'NONE', #4822, #5814, #7780, .T. ) ;
#5196 = ORIENTED_EDGE ( 'NONE', *, *, #1886, .F. ) ;
#5197 = LINE ( 'NONE', #340, #2282 ) ;
#5198 = ORIENTED_EDGE ( 'NONE', *, *, #8016, .F. ) ;
#5199 = EDGE_CURVE ( 'NONE', #10038, #9271, #8676, .T. ) ;
#5200 = EDGE_CURVE ( 'NONE', #7874, #9514, #9372, .T. ) ;
#5201 = VECTOR ( 'NONE', #6226, 1000.000000000000000 ) ;
#5202 = CARTESIAN_POINT ( 'NONE',  ( 63.89974999999994765, 2.999999999999999112, -12.10960480172301423 ) ) ;
#5203 = LINE ( 'NONE', #9203, #3242 ) ;
#5204 =( BOUNDED_CURVE ( )  B_SPLINE_CURVE ( 3, ( #5875, #4520, #3726, #9555 ),
 .UNSPECIFIED., .F., .F. ) 
 B_SPLINE_CURVE_WITH_KNOTS ( ( 4, 4 ),
 ( 1.570796326794906994, 3.141592653589793116 ),
 .UNSPECIFIED. ) 
 CURVE ( )  GEOMETRIC_REPRESENTATION_ITEM ( )  RATIONAL_B_SPLINE_CURVE ( ( 1.000000000000000000, 0.8047378541243674910, 0.8047378541243674910, 1.000000000000000000 ) ) 
 REPRESENTATION_ITEM ( '' )  );
#5205 = DIRECTION ( 'NONE',  ( -0.000000000000000000, -1.000000000000000000, -0.000000000000000000 ) ) ;
#5206 = ORIENTED_EDGE ( 'NONE', *, *, #8529, .F. ) ;
#5207 = CARTESIAN_POINT ( 'NONE',  ( 107.8379443058799296, 18.50000000000000355, -8.134302868623109362 ) ) ;
#5208 = B_SPLINE_CURVE_WITH_KNOTS ( 'NONE', 3,
 ( #432, #3686, #482, #1281 ),
 .UNSPECIFIED., .F., .F.,
 ( 4, 4 ),
 ( 0.000000000000000000, 1.000000000000000000 ),
 .UNSPECIFIED. ) ;
#5209 = VERTEX_POINT ( 'NONE', #1412 ) ;
#5210 = PLANE ( 'NONE',  #3247 ) ;
#5211 = ORIENTED_EDGE ( 'NONE', *, *, #4795, .T. ) ;
#5212 = LINE ( 'NONE', #7732, #8935 ) ;
#5213 = VERTEX_POINT ( 'NONE', #7669 ) ;
#5214 = EDGE_CURVE ( 'NONE', #7123, #1358, #8519, .T. ) ;
#5215 = DIRECTION ( 'NONE',  ( 0.3826834323650956105, -0.000000000000000000, 0.9238795325112842960 ) ) ;
#5216 = CARTESIAN_POINT ( 'NONE',  ( 29.59975000000000378, 2.000000000000000000, -2.893084275847621623 ) ) ;
#5217 = CARTESIAN_POINT ( 'NONE',  ( 68.79975000000001728, 18.34604576567463141, -1.500000000000001332 ) ) ;
#5218 = LINE ( 'NONE', #1209, #8537 ) ;
#5219 = ORIENTED_EDGE ( 'NONE', *, *, #8399, .F. ) ;
#5220 = CARTESIAN_POINT ( 'NONE',  ( 19.80000000000000426, 18.49999994665291325, -5.131146991037542016 ) ) ;
#5221 = EDGE_CURVE ( 'NONE', #2631, #2595, #7664, .T. ) ;
#5222 = DIRECTION ( 'NONE',  ( -8.673617379884035472E-17, -0.000000000000000000, -1.000000000000000000 ) ) ;
#5223 = EDGE_CURVE ( 'NONE', #8439, #1973, #9429, .T. ) ;
#5224 = DIRECTION ( 'NONE',  ( -0.000000000000000000, -1.000000000000000000, -0.000000000000000000 ) ) ;
#5225 = ORIENTED_EDGE ( 'NONE', *, *, #5557, .F. ) ;
#5226 = LINE ( 'NONE', #370, #6206 ) ;
#5227 = EDGE_CURVE ( 'NONE', #719, #2158, #6876, .T. ) ;
#5228 = CARTESIAN_POINT ( 'NONE',  ( 71.97500000000000853, 2.000000000000000000, 0.000000000000000000 ) ) ;
#5229 = EDGE_LOOP ( 'NONE', ( #6081, #7964, #2419, #2192, #2940, #7532 ) ) ;
#5230 = ORIENTED_EDGE ( 'NONE', *, *, #2672, .T. ) ;
#5231 = CARTESIAN_POINT ( 'NONE',  ( 54.09974999999995759, 2.000000000000000000, -9.496478871970266411 ) ) ;
#5232 = DIRECTION ( 'NONE',  ( -0.000000000000000000, -1.000000000000000000, -0.000000000000000000 ) ) ;
#5233 = CARTESIAN_POINT ( 'NONE',  ( 0.000000000000000000, 2.000000000000000000, -1.500000000000000000 ) ) ;
#5234 = FACE_OUTER_BOUND ( 'NONE', #10209, .T. ) ;
#5235 = DIRECTION ( 'NONE',  ( -0.3826834323650853964, 0.000000000000000000, 0.9238795325112886259 ) ) ;
#5236 = DIRECTION ( 'NONE',  ( 0.3826834323650853964, -0.000000000000000000, -0.9238795325112885148 ) ) ;
#5237 = ORIENTED_EDGE ( 'NONE', *, *, #4559, .T. ) ;
#5238 = ORIENTED_EDGE ( 'NONE', *, *, #730, .F. ) ;
#5239 = ORIENTED_EDGE ( 'NONE', *, *, #4711, .F. ) ;
#5240 = EDGE_CURVE ( 'NONE', #5865, #8675, #6067, .T. ) ;
#5241 = ORIENTED_EDGE ( 'NONE', *, *, #2266, .F. ) ;
#5242 = LINE ( 'NONE', #10215, #2718 ) ;
#5243 = CARTESIAN_POINT ( 'NONE',  ( 58.99975000000002723, 18.34604576567463496, -1.500000000000001332 ) ) ;
#5244 = CARTESIAN_POINT ( 'NONE',  ( 29.60000000000000497, 7.833333333333334814, -7.744272920799767590 ) ) ;
#5245 = CARTESIAN_POINT ( 'NONE',  ( 88.20000000000001705, 2.000000000000000000, -1.500000000000000000 ) ) ;
#5246 = DIRECTION ( 'NONE',  ( -0.000000000000000000, -1.000000000000000000, -0.000000000000000000 ) ) ;
#5247 = ORIENTED_EDGE ( 'NONE', *, *, #5656, .T. ) ;
#5248 = CARTESIAN_POINT ( 'NONE',  ( 58.07612046748872814, 18.50000000000000355, -7.360382381653499451 ) ) ;
#5249 = ORIENTED_EDGE ( 'NONE', *, *, #6224, .F. ) ;
#5250 = FACE_OUTER_BOUND ( 'NONE', #5644, .T. ) ;
#5251 = FACE_OUTER_BOUND ( 'NONE', #952, .T. ) ;
#5252 = CARTESIAN_POINT ( 'NONE',  ( 59.00000000000001421, 7.500000000000007105, -10.35619174377131380 ) ) ;
#5253 = VERTEX_POINT ( 'NONE', #9323 ) ;
#5254 = DIRECTION ( 'NONE',  ( 1.000000000000000000, 0.000000000000000000, -0.000000000000000000 ) ) ;
#5255 = ADVANCED_FACE ( 'NONE', ( #10288 ), #1304, .F. ) ;
#5256 = ADVANCED_FACE ( 'NONE', ( #3809 ), #4499, .F. ) ;
#5257 = ORIENTED_EDGE ( 'NONE', *, *, #8559, .F. ) ;
#5258 = CARTESIAN_POINT ( 'NONE',  ( 78.60000000000000853, 2.999999999999999112, -7.743669367409181881 ) ) ;
#5259 = ORIENTED_EDGE ( 'NONE', *, *, #566, .F. ) ;
#5260 = LINE ( 'NONE', #1199, #589 ) ;
#5261 = ORIENTED_EDGE ( 'NONE', *, *, #9374, .T. ) ;
#5262 = ORIENTED_EDGE ( 'NONE', *, *, #8665, .T. ) ;
#5263 = EDGE_CURVE ( 'NONE', #8160, #4133, #3576, .T. ) ;
#5264 =( BOUNDED_CURVE ( )  B_SPLINE_CURVE ( 3, ( #6120, #1898, #10183, #1040 ),
 .UNSPECIFIED., .F., .F. ) 
 B_SPLINE_CURVE_WITH_KNOTS ( ( 4, 4 ),
 ( 5.342531382541424456, 6.283185307179586232 ),
 .UNSPECIFIED. ) 
 CURVE ( )  GEOMETRIC_REPRESENTATION_ITEM ( )  RATIONAL_B_SPLINE_CURVE ( ( 1.000000000000000000, 0.9276134425277016149, 0.9276134425277016149, 1.000000000000000000 ) ) 
 REPRESENTATION_ITEM ( '' )  );
#5265 = CARTESIAN_POINT ( 'NONE',  ( 87.89439220029241540, 2.999999999999999112, -1.499999999999999556 ) ) ;
#5266 = CARTESIAN_POINT ( 'NONE',  ( 55.72139948961566347, 2.999999999999999112, 2.784094826726366101 ) ) ;
#5267 = CARTESIAN_POINT ( 'NONE',  ( 81.77500000000001990, 18.50000000000000355, 0.000000000000000000 ) ) ;
#5268 = DIRECTION ( 'NONE',  ( 0.000000000000000000, 0.000000000000000000, 1.000000000000000000 ) ) ;
#5269 = ORIENTED_EDGE ( 'NONE', *, *, #10409, .F. ) ;
#5270 = DIRECTION ( 'NONE',  ( -1.000000000000000000, 0.000000000000000000, 1.548860246407863336E-16 ) ) ;
#5271 = CARTESIAN_POINT ( 'NONE',  ( 63.89974999999994765, 1.999999999999998668, -13.19199700201539649 ) ) ;
#5272 = FACE_OUTER_BOUND ( 'NONE', #9682, .T. ) ;
#5273 = VERTEX_POINT ( 'NONE', #454 ) ;
#5274 = CYLINDRICAL_SURFACE ( 'NONE', #2277, 0.9999999999999991118 ) ;
#5275 = LINE ( 'NONE', #6840, #236 ) ;
#5276 = VECTOR ( 'NONE', #5915, 1000.000000000000000 ) ;
#5277 = VERTEX_POINT ( 'NONE', #3660 ) ;
#5278 = CARTESIAN_POINT ( 'NONE',  ( 34.94433197061164265, 2.999999999999999112, -18.50000000000000000 ) ) ;
#5279 = CARTESIAN_POINT ( 'NONE',  ( 76.47676609509538537, 17.50000000000000000, -31.67771372302396315 ) ) ;
#5280 = DIRECTION ( 'NONE',  ( -0.000000000000000000, -1.000000000000000000, -0.000000000000000000 ) ) ;
#5281 = AXIS2_PLACEMENT_3D ( 'NONE', #8466, #6818, #10225 ) ;
#5282 = DIRECTION ( 'NONE',  ( -1.000000000000000000, -0.000000000000000000, -0.000000000000000000 ) ) ;
#5283 = CARTESIAN_POINT ( 'NONE',  ( 103.3845736236432487, 18.11602497579402282, -18.49999999999999645 ) ) ;
#5284 = ORIENTED_EDGE ( 'NONE', *, *, #3639, .T. ) ;
#5285 = ORIENTED_EDGE ( 'NONE', *, *, #10488, .F. ) ;
#5286 = ORIENTED_EDGE ( 'NONE', *, *, #9009, .T. ) ;
#5287 = EDGE_LOOP ( 'NONE', ( #4532, #144, #5854, #4170 ) ) ;
#5288 = VECTOR ( 'NONE', #8420, 1000.000000000000000 ) ;
#5289 = ADVANCED_FACE ( 'NONE', ( #6931 ), #10388, .F. ) ;
#5290 = VECTOR ( 'NONE', #10170, 1000.000000000000000 ) ;
#5291 = CARTESIAN_POINT ( 'NONE',  ( 49.20000000000000995, 7.500000000000007105, -10.35619174377131380 ) ) ;
#5292 = VECTOR ( 'NONE', #4828, 1000.000000000000000 ) ;
#5293 = CARTESIAN_POINT ( 'NONE',  ( 93.01492637635665517, 18.11602497579403348, -18.49999999999999645 ) ) ;
#5294 = CARTESIAN_POINT ( 'NONE',  ( 16.42672417090403414, 20.00000000000000355, -18.50000000000000355 ) ) ;
#5295 = PLANE ( 'NONE',  #2242 ) ;
#5296 = AXIS2_PLACEMENT_3D ( 'NONE', #9087, #1771, #8293 ) ;
#5297 = DIRECTION ( 'NONE',  ( 1.000000000000000000, 0.000000000000000000, 0.000000000000000000 ) ) ;
#5298 = DIRECTION ( 'NONE',  ( 0.9238795325112846291, 0.000000000000000000, -0.3826834323650947778 ) ) ;
#5299 = ADVANCED_FACE ( 'NONE', ( #2271 ), #5526, .T. ) ;
#5300 = VECTOR ( 'NONE', #8128, 1000.000000000000114 ) ;
#5301 = ORIENTED_EDGE ( 'NONE', *, *, #9841, .F. ) ;
#5302 = CARTESIAN_POINT ( 'NONE',  ( 83.27364042459308280, 2.000000000000000000, 2.018727961996194420 ) ) ;
#5303 = VERTEX_POINT ( 'NONE', #3065 ) ;
#5304 = AXIS2_PLACEMENT_3D ( 'NONE', #6146, #7595, #4477 ) ;
#5305 = PLANE ( 'NONE',  #2313 ) ;
#5306 = CARTESIAN_POINT ( 'NONE',  ( 63.45516802938824696, 17.82569441078556594, -18.50000000000000000 ) ) ;
#5307 = EDGE_CURVE ( 'NONE', #7638, #6165, #5481, .T. ) ;
#5308 = VECTOR ( 'NONE', #8901, 1000.000000000000000 ) ;
#5309 = DIRECTION ( 'NONE',  ( -0.000000000000000000, -0.000000000000000000, -1.000000000000000000 ) ) ;
#5310 = ORIENTED_EDGE ( 'NONE', *, *, #7306, .F. ) ;
#5311 = DIRECTION ( 'NONE',  ( -0.000000000000000000, -0.000000000000000000, -1.000000000000000000 ) ) ;
#5312 = VERTEX_POINT ( 'NONE', #7711 ) ;
#5313 = FACE_OUTER_BOUND ( 'NONE', #1835, .T. ) ;
#5314 = ORIENTED_EDGE ( 'NONE', *, *, #3518, .F. ) ;
#5315 = LINE ( 'NONE', #1308, #5349 ) ;
#5316 = ORIENTED_EDGE ( 'NONE', *, *, #7980, .T. ) ;
#5317 = ORIENTED_EDGE ( 'NONE', *, *, #3162, .T. ) ;
#5318 = VECTOR ( 'NONE', #7383, 1000.000000000000000 ) ;
#5319 = EDGE_CURVE ( 'NONE', #9214, #8620, #6238, .T. ) ;
#5320 = CARTESIAN_POINT ( 'NONE',  ( 90.64853194947058057, 18.50000000000000355, -15.78563399656604460 ) ) ;
#5321 = FACE_OUTER_BOUND ( 'NONE', #1230, .T. ) ;
#5322 = CARTESIAN_POINT ( 'NONE',  ( 9.360219827609689958, 18.50000000000000355, 3.877129999389440584 ) ) ;
#5323 = CARTESIAN_POINT ( 'NONE',  ( 63.45516802938824696, 2.999999999999999112, -18.50000000000000355 ) ) ;
#5324 = ORIENTED_EDGE ( 'NONE', *, *, #5263, .T. ) ;
#5325 = CARTESIAN_POINT ( 'NONE',  ( 77.01200000000001467, 20.00000000000000355, -1.499999999999999556 ) ) ;
#5326 = CARTESIAN_POINT ( 'NONE',  ( 55.82500000000001705, 20.00000000000000355, -1.500000000000000000 ) ) ;
#5327 = FACE_OUTER_BOUND ( 'NONE', #505, .T. ) ;
#5328 = ORIENTED_EDGE ( 'NONE', *, *, #9135, .F. ) ;
#5329 = CARTESIAN_POINT ( 'NONE',  ( 44.29974999999994623, 18.30794360463552906, -18.49999999999999645 ) ) ;
#5330 = EDGE_CURVE ( 'NONE', #2345, #7426, #9505, .T. ) ;
#5331 = VECTOR ( 'NONE', #7603, 1000.000000000000000 ) ;
#5332 = CARTESIAN_POINT ( 'NONE',  ( 39.39975000000001160, 18.50000000000000355, -2.893084275847612741 ) ) ;
#5333 = ORIENTED_EDGE ( 'NONE', *, *, #8530, .F. ) ;
#5334 = EDGE_CURVE ( 'NONE', #5839, #407, #8563, .T. ) ;
#5335 = ADVANCED_FACE ( 'NONE', ( #390 ), #1931, .F. ) ;
#5336 = LINE ( 'NONE', #2936, #4308 ) ;
#5337 = DIRECTION ( 'NONE',  ( -0.000000000000000000, -1.000000000000000000, -0.000000000000000000 ) ) ;
#5338 = DIRECTION ( 'NONE',  ( -0.9238795325112844070, 0.000000000000000000, 0.3826834323650956660 ) ) ;
#5339 = VECTOR ( 'NONE', #6519, 1000.000000000000000 ) ;
#5340 = CARTESIAN_POINT ( 'NONE',  ( 63.89974999999993344, 2.066190996450164352, -18.04903699352147939 ) ) ;
#5341 = ORIENTED_EDGE ( 'NONE', *, *, #7109, .T. ) ;
#5342 = CARTESIAN_POINT ( 'NONE',  ( 63.45516802938823275, 2.674305589214430956, -18.50000000000000000 ) ) ;
#5343 = ORIENTED_EDGE ( 'NONE', *, *, #3949, .F. ) ;
#5344 = VERTEX_POINT ( 'NONE', #439 ) ;
#5345 = VECTOR ( 'NONE', #10035, 1000.000000000000000 ) ;
#5346 = ORIENTED_EDGE ( 'NONE', *, *, #9864, .T. ) ;
#5347 = ORIENTED_EDGE ( 'NONE', *, *, #9643, .F. ) ;
#5348 = DIRECTION ( 'NONE',  ( -1.000000000000000000, 0.000000000000000000, -0.000000000000000000 ) ) ;
#5349 = VECTOR ( 'NONE', #4503, 1000.000000000000000 ) ;
#5350 = CARTESIAN_POINT ( 'NONE',  ( 50.32428806984528080, 18.50000000000000355, -13.07126799313208920 ) ) ;
#5351 = CARTESIAN_POINT ( 'NONE',  ( 90.12474999999994907, 18.50000000000000355, 0.000000000000000000 ) ) ;
#5352 = DIRECTION ( 'NONE',  ( -1.000000000000000000, -0.000000000000000000, -5.463695987328507701E-16 ) ) ;
#5353 = CYLINDRICAL_SURFACE ( 'NONE', #7518, 1.000000000000000888 ) ;
#5354 = CARTESIAN_POINT ( 'NONE',  ( 39.40000000000000568, 17.50000000000000000, -7.743669367409184545 ) ) ;
#5355 = ADVANCED_FACE ( 'NONE', ( #6963 ), #3527, .F. ) ;
#5356 = EDGE_CURVE ( 'NONE', #6151, #8591, #5242, .T. ) ;
#5357 = ORIENTED_EDGE ( 'NONE', *, *, #443, .F. ) ;
#5358 = CARTESIAN_POINT ( 'NONE',  ( 0.000000000000000000, 2.000000000000000000, -20.00000000000000000 ) ) ;
#5359 = PRODUCT_DEFINITION_FORMATION_WITH_SPECIFIED_SOURCE ( 'ANY', '', #9822, .NOT_KNOWN. ) ;
#5360 = ORIENTED_EDGE ( 'NONE', *, *, #6006, .T. ) ;
#5361 = EDGE_CURVE ( 'NONE', #5957, #9111, #2787, .T. ) ;
#5362 = FACE_OUTER_BOUND ( 'NONE', #10341, .T. ) ;
#5363 = CARTESIAN_POINT ( 'NONE',  ( 68.80000000000001137, 17.50000000000000000, -7.744272920799768478 ) ) ;
#5364 = CARTESIAN_POINT ( 'NONE',  ( 11.58750000000000213, 18.50000000000000355, -1.500000000000000888 ) ) ;
#5365 = EDGE_LOOP ( 'NONE', ( #2442, #4482, #4580, #7045, #9315, #8368, #2559 ) ) ;
#5366 = DIRECTION ( 'NONE',  ( 0.000000000000000000, 0.000000000000000000, 1.000000000000000000 ) ) ;
#5367 = ORIENTED_EDGE ( 'NONE', *, *, #2912, .T. ) ;
#5368 = PLANE ( 'NONE',  #1187 ) ;
#5369 = ORIENTED_EDGE ( 'NONE', *, *, #6518, .T. ) ;
#5370 = ORIENTED_EDGE ( 'NONE', *, *, #10374, .F. ) ;
#5371 = EDGE_CURVE ( 'NONE', #3883, #1157, #4377, .T. ) ;
#5372 = VECTOR ( 'NONE', #8685, 1000.000000000000000 ) ;
#5373 = FACE_OUTER_BOUND ( 'NONE', #5452, .T. ) ;
#5374 = CARTESIAN_POINT ( 'NONE',  ( 78.59975000000000023, 2.153954234325370365, -1.500000000000000444 ) ) ;
#5375 = DIRECTION ( 'NONE',  ( 1.000000000000000000, -0.000000000000000000, 0.000000000000000000 ) ) ;
#5376 = CARTESIAN_POINT ( 'NONE',  ( 19.80000000000000426, 2.000000000000000000, -10.35739885055255627 ) ) ;
#5377 = DIRECTION ( 'NONE',  ( 1.000000000000000000, -0.000000000000000000, 0.000000000000000000 ) ) ;
#5378 = ORIENTED_EDGE ( 'NONE', *, *, #10041, .T. ) ;
#5379 = CARTESIAN_POINT ( 'NONE',  ( 75.22672417090403485, 18.50000000000000355, -18.50000000000000355 ) ) ;
#5380 = LINE ( 'NONE', #7057, #4616 ) ;
#5381 = CARTESIAN_POINT ( 'NONE',  ( 0.000000000000000000, 2.000000000000000000, 0.000000000000000000 ) ) ;
#5382 = ORIENTED_EDGE ( 'NONE', *, *, #7130, .T. ) ;
#5383 = CARTESIAN_POINT ( 'NONE',  ( 76.87474999999993486, 2.000000000000000000, -20.00000000000000000 ) ) ;
#5384 = LINE ( 'NONE', #3565, #9456 ) ;
#5385 = UNCERTAINTY_MEASURE_WITH_UNIT (LENGTH_MEASURE( 1.000000000000000082E-05 ), #8225, 'distance_accuracy_value', 'NONE');
#5386 = CARTESIAN_POINT ( 'NONE',  ( 26.79912396788582640, 18.50000000000000355, -7.041267695959975370 ) ) ;
#5387 = CARTESIAN_POINT ( 'NONE',  ( 73.25516802938824412, 2.674305589214434065, -18.50000000000000000 ) ) ;
#5388 = PLANE ( 'NONE',  #6337 ) ;
#5389 = LINE ( 'NONE', #3938, #1885 ) ;
#5390 = ORIENTED_EDGE ( 'NONE', *, *, #2092, .F. ) ;
#5391 = EDGE_CURVE ( 'NONE', #1538, #10470, #7652, .T. ) ;
#5392 = DIRECTION ( 'NONE',  ( 0.3826834323650853964, -0.000000000000000000, -0.9238795325112885148 ) ) ;
#5393 = ORIENTED_EDGE ( 'NONE', *, *, #10145, .T. ) ;
#5394 = ORIENTED_EDGE ( 'NONE', *, *, #6903, .F. ) ;
#5395 = EDGE_CURVE ( 'NONE', #2904, #2145, #3587, .T. ) ;
#5396 = VERTEX_POINT ( 'NONE', #1175 ) ;
#5397 = ORIENTED_EDGE ( 'NONE', *, *, #4348, .F. ) ;
#5398 = AXIS2_PLACEMENT_3D ( 'NONE', #10347, #2975, #4671 ) ;
#5399 = EDGE_CURVE ( 'NONE', #3377, #1320, #10113, .T. ) ;
#5400 = CARTESIAN_POINT ( 'NONE',  ( 93.29974999999996044, 18.30794360463553261, -18.50000000000000000 ) ) ;
#5401 = FACE_OUTER_BOUND ( 'NONE', #5761, .T. ) ;
#5402 = DIRECTION ( 'NONE',  ( -0.3826834323650853964, 0.000000000000000000, 0.9238795325112886259 ) ) ;
#5403 = DIRECTION ( 'NONE',  ( 0.3826834323650956105, -0.000000000000000000, 0.9238795325112842960 ) ) ;
#5404 = DIRECTION ( 'NONE',  ( -0.000000000000000000, -1.000000000000000000, -0.000000000000000000 ) ) ;
#5405 = CYLINDRICAL_SURFACE ( 'NONE', #6811, 1.000000000000003109 ) ;
#5406 = ORIENTED_EDGE ( 'NONE', *, *, #1338, .T. ) ;
#5407 = CARTESIAN_POINT ( 'NONE',  ( 31.32474999999994125, 20.00000000000000355, -20.00000000000000000 ) ) ;
#5408 = EDGE_LOOP ( 'NONE', ( #10163, #6202, #9153, #5211 ) ) ;
#5409 = EDGE_CURVE ( 'NONE', #483, #6288, #1940, .T. ) ;
#5410 = EDGE_CURVE ( 'NONE', #1331, #10162, #6100, .T. ) ;
#5411 = CARTESIAN_POINT ( 'NONE',  ( 34.94433197061164265, 17.50000000000000000, -18.50000000000000000 ) ) ;
#5412 = CARTESIAN_POINT ( 'NONE',  ( 10.00000000000000000, 11.50000000000000000, -17.09999999999999787 ) ) ;
#5413 = VECTOR ( 'NONE', #5917, 1000.000000000000000 ) ;
#5414 =( BOUNDED_CURVE ( )  B_SPLINE_CURVE ( 3, ( #5181, #8395, #6092, #7755 ),
 .UNSPECIFIED., .F., .F. ) 
 B_SPLINE_CURVE_WITH_KNOTS ( ( 4, 4 ),
 ( -1.776356839400250465E-15, 0.9406539246381675490 ),
 .UNSPECIFIED. ) 
 CURVE ( )  GEOMETRIC_REPRESENTATION_ITEM ( )  RATIONAL_B_SPLINE_CURVE ( ( 1.000000000000000000, 0.9276134425277003936, 0.9276134425277003936, 1.000000000000000000 ) ) 
 REPRESENTATION_ITEM ( '' )  );
#5415 = ADVANCED_FACE ( 'NONE', ( #5066 ), #4270, .F. ) ;
#5416 = DIRECTION ( 'NONE',  ( 0.000000000000000000, 0.000000000000000000, -1.000000000000000000 ) ) ;
#5417 = ORIENTED_EDGE ( 'NONE', *, *, #10011, .T. ) ;
#5418 = CARTESIAN_POINT ( 'NONE',  ( 104.0236295325112366, 18.50000000000000355, -12.49228823408810740 ) ) ;
#5419 = ORIENTED_EDGE ( 'NONE', *, *, #9643, .T. ) ;
#5420 = DIRECTION ( 'NONE',  ( 0.000000000000000000, 0.000000000000000000, 1.000000000000000000 ) ) ;
#5421 = EDGE_LOOP ( 'NONE', ( #7511, #2195, #6205, #7118 ) ) ;
#5422 = ORIENTED_EDGE ( 'NONE', *, *, #10547, .T. ) ;
#5423 = ADVANCED_FACE ( 'NONE', ( #6752 ), #2676, .F. ) ;
#5424 = DIRECTION ( 'NONE',  ( 0.000000000000000000, -1.000000000000000000, 0.000000000000000000 ) ) ;
#5425 = CARTESIAN_POINT ( 'NONE',  ( 101.3750000000000142, 2.000000000000000000, -1.500000000000000000 ) ) ;
#5426 = CARTESIAN_POINT ( 'NONE',  ( 34.49974999999994196, 17.50000000000000000, -12.10960480172301423 ) ) ;
#5427 = LINE ( 'NONE', #8636, #8940 ) ;
#5428 = DIRECTION ( 'NONE',  ( -0.000000000000000000, -1.000000000000000000, -0.000000000000000000 ) ) ;
#5429 = CARTESIAN_POINT ( 'NONE',  ( 39.39975000000002581, 18.50000000000000355, -6.661277167116777420 ) ) ;
#5430 = ORIENTED_EDGE ( 'NONE', *, *, #5848, .T. ) ;
#5431 = PLANE ( 'NONE',  #4758 ) ;
#5432 = ADVANCED_FACE ( 'NONE', ( #9571 ), #7125, .F. ) ;
#5433 = CARTESIAN_POINT ( 'NONE',  ( 96.61200000000002319, 20.00000000000000355, -1.499999999999999556 ) ) ;
#5434 = PLANE ( 'NONE',  #3035 ) ;
#5435 = ORIENTED_EDGE ( 'NONE', *, *, #6969, .F. ) ;
#5436 = VECTOR ( 'NONE', #9193, 1000.000000000000000 ) ;
#5437 = CARTESIAN_POINT ( 'NONE',  ( 44.29974999999994623, 17.50000000000000000, -12.10960480172301601 ) ) ;
#5438 = ADVANCED_FACE ( 'NONE', ( #7074 ), #3000, .T. ) ;
#5439 = LINE ( 'NONE', #4518, #1949 ) ;
#5440 = DIRECTION ( 'NONE',  ( -1.000000000000000000, -0.000000000000000000, -5.463695987328531367E-16 ) ) ;
#5441 = CARTESIAN_POINT ( 'NONE',  ( 45.82672417090404338, 20.00000000000000355, -18.50000000000000355 ) ) ;
#5442 = EDGE_LOOP ( 'NONE', ( #10289, #3808, #6960, #7626 ) ) ;
#5443 = CARTESIAN_POINT ( 'NONE',  ( 13.37277582909584694, 18.50000000000000355, -18.50000000000000000 ) ) ;
#5444 = EDGE_CURVE ( 'NONE', #2595, #3539, #10198, .T. ) ;
#5445 = DIRECTION ( 'NONE',  ( 0.3826834323650956105, -0.000000000000000000, 0.9238795325112842960 ) ) ;
#5446 = ORIENTED_EDGE ( 'NONE', *, *, #5988, .F. ) ;
#5447 = VECTOR ( 'NONE', #7853, 1000.000000000000114 ) ;
#5448 = CARTESIAN_POINT ( 'NONE',  ( 103.5443319706116512, 17.82569441078556238, -18.49999999999999645 ) ) ;
#5449 = ORIENTED_EDGE ( 'NONE', *, *, #10385, .T. ) ;
#5450 = EDGE_LOOP ( 'NONE', ( #1105, #9127, #2353, #9059, #8039, #8944, #1856 ) ) ;
#5451 = ORIENTED_EDGE ( 'NONE', *, *, #9180, .T. ) ;
#5452 = EDGE_LOOP ( 'NONE', ( #1804, #5745, #5733, #3501 ) ) ;
#5453 = VECTOR ( 'NONE', #8340, 1000.000000000000114 ) ;
#5454 = DIRECTION ( 'NONE',  ( -0.000000000000000000, -1.000000000000000000, -0.000000000000000000 ) ) ;
#5455 = EDGE_CURVE ( 'NONE', #5025, #2890, #8020, .T. ) ;
#5456 = EDGE_CURVE ( 'NONE', #794, #3539, #8716, .T. ) ;
#5457 = DIRECTION ( 'NONE',  ( -0.9238795325112841850, 0.000000000000000000, 0.3826834323650959990 ) ) ;
#5458 = DIRECTION ( 'NONE',  ( -0.000000000000000000, -1.000000000000000000, -0.000000000000000000 ) ) ;
#5459 = CARTESIAN_POINT ( 'NONE',  ( 83.49974999999994907, 18.30794360463553616, -18.50000000000000000 ) ) ;
#5460 = FACE_OUTER_BOUND ( 'NONE', #1576, .T. ) ;
#5461 = CARTESIAN_POINT ( 'NONE',  ( 50.92474999999993912, 18.50000000000000355, -20.00000000000000000 ) ) ;
#5462 = ADVANCED_FACE ( 'NONE', ( #7867 ), #6320, .F. ) ;
#5463 = ORIENTED_EDGE ( 'NONE', *, *, #2793, .F. ) ;
#5464 = VECTOR ( 'NONE', #849, 999.9999999999998863 ) ;
#5465 = VECTOR ( 'NONE', #8480, 1000.000000000000000 ) ;
#5466 = EDGE_CURVE ( 'NONE', #2823, #1973, #9446, .T. ) ;
#5467 = VECTOR ( 'NONE', #5513, 1000.000000000000000 ) ;
#5468 = EDGE_CURVE ( 'NONE', #8954, #2529, #7174, .T. ) ;
#5469 = PLANE ( 'NONE',  #2824 ) ;
#5470 = CARTESIAN_POINT ( 'NONE',  ( 7.512460762587120477, 17.50000000000000000, 3.111763134659267571 ) ) ;
#5471 = AXIS2_PLACEMENT_3D ( 'NONE', #9089, #4971, #2576 ) ;
#5472 = CARTESIAN_POINT ( 'NONE',  ( 68.80000000000001137, 7.833333333333334814, -7.744272920799765814 ) ) ;
#5473 = EDGE_LOOP ( 'NONE', ( #2968, #645, #3641, #754, #9778 ) ) ;
#5474 = CARTESIAN_POINT ( 'NONE',  ( 83.49974999999994907, 20.00000000000000355, -9.496478871970266411 ) ) ;
#5475 = AXIS2_PLACEMENT_3D ( 'NONE', #10105, #5235, #7916 ) ;
#5476 = EDGE_LOOP ( 'NONE', ( #4322, #2004, #7924, #9622 ) ) ;
#5477 = FACE_OUTER_BOUND ( 'NONE', #9884, .T. ) ;
#5478 = EDGE_LOOP ( 'NONE', ( #3697, #6981, #8963, #8451, #4014 ) ) ;
#5479 = DIRECTION ( 'NONE',  ( -0.3826834323650956105, 0.000000000000000000, -0.9238795325112842960 ) ) ;
#5480 = ORIENTED_EDGE ( 'NONE', *, *, #9192, .F. ) ;
#5481 =( BOUNDED_CURVE ( )  B_SPLINE_CURVE ( 3, ( #5132, #6804, #8454, #7764 ),
 .UNSPECIFIED., .F., .F. ) 
 B_SPLINE_CURVE_WITH_KNOTS ( ( 4, 4 ),
 ( 5.274661551707032103, 6.283185307179586232 ),
 .UNSPECIFIED. ) 
 CURVE ( )  GEOMETRIC_REPRESENTATION_ITEM ( )  RATIONAL_B_SPLINE_CURVE ( ( 1.000000000000000000, 0.9170208966857371635, 0.9170208966857371635, 1.000000000000000000 ) ) 
 REPRESENTATION_ITEM ( '' )  );
#5482 = VECTOR ( 'NONE', #7105, 1000.000000000000000 ) ;
#5483 = CYLINDRICAL_SURFACE ( 'NONE', #7935, 1.000000000000003331 ) ;
#5484 = CARTESIAN_POINT ( 'NONE',  ( 11.00280340299066495, 2.925173688185521925, -4.811915696527488073 ) ) ;
#5485 = CARTESIAN_POINT ( 'NONE',  ( 34.49974999999993486, 18.50000000000000711, -13.19199700201539471 ) ) ;
#5486 = LINE ( 'NONE', #3229, #10521 ) ;
#5487 = CARTESIAN_POINT ( 'NONE',  ( 58.49439220029240971, 17.50000000000000000, -1.499999999999996003 ) ) ;
#5488 = CARTESIAN_POINT ( 'NONE',  ( 29.40000000000000213, 2.000000000000000000, -1.500000000000000000 ) ) ;
#5489 = ORIENTED_EDGE ( 'NONE', *, *, #5356, .F. ) ;
#5490 = FACE_OUTER_BOUND ( 'NONE', #10006, .T. ) ;
#5491 = CARTESIAN_POINT ( 'NONE',  ( 58.99975000000002723, 18.34604576567463496, -1.500000000000001332 ) ) ;
#5492 = CARTESIAN_POINT ( 'NONE',  ( 64.34433197061164833, 17.50000000000000000, -18.50000000000000000 ) ) ;
#5493 = ORIENTED_EDGE ( 'NONE', *, *, #2405, .F. ) ;
#5494 = LINE ( 'NONE', #4684, #7574 ) ;
#5495 = ADVANCED_FACE ( 'NONE', ( #8768 ), #9465, .T. ) ;
#5496 = VECTOR ( 'NONE', #322, 1000.000000000000000 ) ;
#5497 = EDGE_CURVE ( 'NONE', #1808, #1123, #4585, .T. ) ;
#5498 = FACE_OUTER_BOUND ( 'NONE', #6632, .T. ) ;
#5499 = PLANE ( 'NONE',  #6534 ) ;
#5500 = ORIENTED_EDGE ( 'NONE', *, *, #6529, .F. ) ;
#5501 = CARTESIAN_POINT ( 'NONE',  ( 32.77500000000000568, 18.50000000000000355, 0.000000000000000000 ) ) ;
#5502 = VECTOR ( 'NONE', #9792, 1000.000000000000000 ) ;
#5503 = DIRECTION ( 'NONE',  ( -0.9238795325112884038, 0.000000000000000000, -0.3826834323650857850 ) ) ;
#5504 = ORIENTED_EDGE ( 'NONE', *, *, #3429, .F. ) ;
#5505 = LINE ( 'NONE', #1444, #7070 ) ;
#5506 = ORIENTED_EDGE ( 'NONE', *, *, #3892, .F. ) ;
#5507 = ORIENTED_EDGE ( 'NONE', *, *, #2299, .F. ) ;
#5508 = ORIENTED_EDGE ( 'NONE', *, *, #8493, .F. ) ;
#5509 = VERTEX_POINT ( 'NONE', #2096 ) ;
#5510 = VECTOR ( 'NONE', #7962, 1000.000000000000000 ) ;
#5511 = EDGE_CURVE ( 'NONE', #6442, #4991, #9518, .T. ) ;
#5512 = DIRECTION ( 'NONE',  ( 0.3826834323650857850, 0.000000000000000000, -0.9238795325112884038 ) ) ;
#5513 = DIRECTION ( 'NONE',  ( -0.000000000000000000, -1.000000000000000000, -0.000000000000000000 ) ) ;
#5514 = DIRECTION ( 'NONE',  ( 0.3826834323650956105, 0.000000000000000000, 0.9238795325112842960 ) ) ;
#5515 = LINE ( 'NONE', #1400, #9040 ) ;
#5516 = VECTOR ( 'NONE', #8596, 1000.000000000000000 ) ;
#5517 = LINE ( 'NONE', #8773, #5815 ) ;
#5518 = DIRECTION ( 'NONE',  ( 0.000000000000000000, 0.000000000000000000, -1.000000000000000000 ) ) ;
#5519 = EDGE_CURVE ( 'NONE', #10541, #9536, #9624, .T. ) ;
#5520 = VERTEX_POINT ( 'NONE', #10324 ) ;
#5521 = AXIS2_PLACEMENT_3D ( 'NONE', #7362, #9061, #4135 ) ;
#5522 = DIRECTION ( 'NONE',  ( -1.000000000000000000, 0.000000000000000000, 1.239088197126290817E-16 ) ) ;
#5523 = EDGE_CURVE ( 'NONE', #5075, #7541, #8614, .T. ) ;
#5524 = LINE ( 'NONE', #1462, #2135 ) ;
#5525 = ORIENTED_EDGE ( 'NONE', *, *, #9706, .F. ) ;
#5526 = PLANE ( 'NONE',  #4584 ) ;
#5527 = VECTOR ( 'NONE', #1828, 1000.000000000000000 ) ;
#5528 = ORIENTED_EDGE ( 'NONE', *, *, #8767, .F. ) ;
#5529 = DIRECTION ( 'NONE',  ( 0.3826834323650958325, 0.000000000000000000, 0.9238795325112842960 ) ) ;
#5530 = ORIENTED_EDGE ( 'NONE', *, *, #8446, .T. ) ;
#5531 = CARTESIAN_POINT ( 'NONE',  ( 98.20000000000001705, 12.66666666666666607, -7.744272920799764925 ) ) ;
#5532 = EDGE_CURVE ( 'NONE', #3548, #1053, #285, .T. ) ;
#5533 = EDGE_CURVE ( 'NONE', #4372, #74, #1495, .T. ) ;
#5534 = ORIENTED_EDGE ( 'NONE', *, *, #6452, .T. ) ;
#5535 = FACE_OUTER_BOUND ( 'NONE', #8090, .T. ) ;
#5536 = CARTESIAN_POINT ( 'NONE',  ( 11.00000000000000355, 2.999999999999999112, -4.447166390312603745 ) ) ;
#5537 = DIRECTION ( 'NONE',  ( 0.3826834323650956660, 0.000000000000000000, 0.9238795325112844070 ) ) ;
#5538 = CARTESIAN_POINT ( 'NONE',  ( 88.39975000000001160, 2.000000000000000000, -2.893084275847624731 ) ) ;
#5539 = CARTESIAN_POINT ( 'NONE',  ( 25.62362953251123443, 2.999999999999999112, -17.34287332564967699 ) ) ;
#5540 = ORIENTED_EDGE ( 'NONE', *, *, #5136, .T. ) ;
#5541 = DIRECTION ( 'NONE',  ( 0.9238795325112880708, 0.000000000000000000, 0.3826834323650866176 ) ) ;
#5542 = CARTESIAN_POINT ( 'NONE',  ( 86.67474999999994623, 18.50000000000000355, -20.00000000000000000 ) ) ;
#5543 = DIRECTION ( 'NONE',  ( 0.000000000000000000, -0.000000000000000000, -1.000000000000000000 ) ) ;
#5544 = ORIENTED_EDGE ( 'NONE', *, *, #8315, .F. ) ;
#5545 = CARTESIAN_POINT ( 'NONE',  ( 14.45516802938823631, 17.50000000000000000, -18.50000000000000355 ) ) ;
#5546 = AXIS2_PLACEMENT_3D ( 'NONE', #1950, #6764, #9205 ) ;
#5547 =( NAMED_UNIT ( * ) SI_UNIT ( $, .STERADIAN. ) SOLID_ANGLE_UNIT ( ) );
#5548 = ADVANCED_FACE ( 'NONE', ( #7221 ), #2895, .T. ) ;
#5549 = EDGE_CURVE ( 'NONE', #4612, #263, #1705, .T. ) ;
#5550 = CARTESIAN_POINT ( 'NONE',  ( 0.000000000000000000, 2.000000000000000000, -20.00000000000000000 ) ) ;
#5551 = VECTOR ( 'NONE', #8727, 1000.000000000000000 ) ;
#5552 = CARTESIAN_POINT ( 'NONE',  ( 90.08638791454794159, 18.50000000000000355, -18.50000000000000000 ) ) ;
#5553 = ORIENTED_EDGE ( 'NONE', *, *, #4836, .T. ) ;
#5554 = FACE_OUTER_BOUND ( 'NONE', #2570, .T. ) ;
#5555 = CARTESIAN_POINT ( 'NONE',  ( 96.47474999999994338, 20.00000000000000355, -18.50000000000000000 ) ) ;
#5556 =( BOUNDED_CURVE ( )  B_SPLINE_CURVE ( 3, ( #5640, #8205, #9754, #774 ),
 .UNSPECIFIED., .F., .F. ) 
 B_SPLINE_CURVE_WITH_KNOTS ( ( 4, 4 ),
 ( 0.000000000000000000, 1.570796326794896558 ),
 .UNSPECIFIED. ) 
 CURVE ( )  GEOMETRIC_REPRESENTATION_ITEM ( )  RATIONAL_B_SPLINE_CURVE ( ( 1.000000000000000000, 0.8047378541243649375, 0.8047378541243649375, 1.000000000000000000 ) ) 
 REPRESENTATION_ITEM ( '' )  );
#5557 = EDGE_CURVE ( 'NONE', #9693, #8283, #798, .T. ) ;
#5558 = VERTEX_POINT ( 'NONE', #4957 ) ;
#5559 = CARTESIAN_POINT ( 'NONE',  ( 0.000000000000000000, 2.000000000000000000, 0.000000000000000000 ) ) ;
#5560 = ORIENTED_EDGE ( 'NONE', *, *, #3086, .F. ) ;
#5561 = ORIENTED_EDGE ( 'NONE', *, *, #2686, .F. ) ;
#5562 = VERTEX_POINT ( 'NONE', #3998 ) ;
#5563 = DIRECTION ( 'NONE',  ( -0.3826834323650954439, 0.000000000000000000, -0.9238795325112842960 ) ) ;
#5564 = PLANE ( 'NONE',  #852 ) ;
#5565 = CARTESIAN_POINT ( 'NONE',  ( 0.000000000000000000, 2.000000000000000000, 0.000000000000000000 ) ) ;
#5566 = LINE ( 'NONE', #8817, #2403 ) ;
#5567 = DIRECTION ( 'NONE',  ( 0.000000000000000000, -1.000000000000000000, 0.000000000000000000 ) ) ;
#5568 = EDGE_CURVE ( 'NONE', #3448, #8912, #8285, .T. ) ;
#5569 = CARTESIAN_POINT ( 'NONE',  ( 20.12141231303838396, 2.341211518780903056, -1.500000000000000222 ) ) ;
#5570 = ORIENTED_EDGE ( 'NONE', *, *, #3185, .F. ) ;
#5571 = DIRECTION ( 'NONE',  ( 0.3826834323650857850, 0.000000000000000000, -0.9238795325112884038 ) ) ;
#5572 = FACE_OUTER_BOUND ( 'NONE', #9557, .T. ) ;
#5573 = DIRECTION ( 'NONE',  ( 1.000000000000000000, 0.000000000000000000, 0.000000000000000000 ) ) ;
#5574 = ORIENTED_EDGE ( 'NONE', *, *, #1247, .T. ) ;
#5575 = ORIENTED_EDGE ( 'NONE', *, *, #8018, .F. ) ;
#5576 = LINE ( 'NONE', #3119, #3584 ) ;
#5577 = B_SPLINE_CURVE_WITH_KNOTS ( 'NONE', 3,
 ( #685, #7212, #4091, #9768 ),
 .UNSPECIFIED., .F., .F.,
 ( 4, 4 ),
 ( 0.000000000000000000, 1.000000000000000000 ),
 .UNSPECIFIED. ) ;
#5578 = ORIENTED_EDGE ( 'NONE', *, *, #7678, .F. ) ;
#5579 = CARTESIAN_POINT ( 'NONE',  ( 19.29439220029239976, 2.999999999999999112, -1.499999999999999556 ) ) ;
#5580 = ORIENTED_EDGE ( 'NONE', *, *, #10395, .F. ) ;
#5581 = VECTOR ( 'NONE', #9286, 1000.000000000000000 ) ;
#5582 = DIRECTION ( 'NONE',  ( 1.000000000000000000, 0.000000000000000000, 0.000000000000000000 ) ) ;
#5583 = CARTESIAN_POINT ( 'NONE',  ( 30.10510779970761419, 17.50000000000000000, -1.500000000000000000 ) ) ;
#5584 = EDGE_CURVE ( 'NONE', #4252, #10536, #4048, .T. ) ;
#5585 = ADVANCED_FACE ( 'NONE', ( #8863 ), #2410, .F. ) ;
#5586 = CARTESIAN_POINT ( 'NONE',  ( 54.09974999999994338, 18.30794360463553261, -18.50000000000000000 ) ) ;
#5587 = CARTESIAN_POINT ( 'NONE',  ( 42.77277582909584908, 18.50000000000000355, -18.50000000000000000 ) ) ;
#5588 = LINE ( 'NONE', #2285, #7600 ) ;
#5589 = ORIENTED_EDGE ( 'NONE', *, *, #6641, .F. ) ;
#5590 = FACE_OUTER_BOUND ( 'NONE', #3344, .T. ) ;
#5591 = DIRECTION ( 'NONE',  ( -0.000000000000000000, -1.000000000000000000, -0.000000000000000000 ) ) ;
#5592 = CARTESIAN_POINT ( 'NONE',  ( 58.99975000000003433, 2.000000000000000000, -5.130543437656441164 ) ) ;
#5593 = VERTEX_POINT ( 'NONE', #5718 ) ;
#5594 = CARTESIAN_POINT ( 'NONE',  ( 49.70510779970761917, 2.999999999999999112, -1.500000000000000000 ) ) ;
#5595 = LINE ( 'NONE', #7304, #4154 ) ;
#5596 = ADVANCED_FACE ( 'NONE', ( #2511 ), #8973, .F. ) ;
#5597 = LINE ( 'NONE', #8058, #4644 ) ;
#5598 = CARTESIAN_POINT ( 'NONE',  ( 29.59975000000002510, 2.000000000000000000, -5.130543437656448269 ) ) ;
#5600 = EDGE_LOOP ( 'NONE', ( #2428, #7735, #4134, #5063 ) ) ;
#5599 = VECTOR ( 'NONE', #6435, 1000.000000000000000 ) ;
#5601 = CARTESIAN_POINT ( 'NONE',  ( 90.12474999999994907, 18.50000000000000355, -20.00000000000000000 ) ) ;
#5602 = CARTESIAN_POINT ( 'NONE',  ( 62.37277582909585050, 18.50000000000000355, -18.50000000000000000 ) ) ;
#5603 = CARTESIAN_POINT ( 'NONE',  ( 24.69974999999995191, 2.000000000000000000, -16.96018989328458204 ) ) ;
#5604 = EDGE_LOOP ( 'NONE', ( #9291, #6834, #51, #4084, #840 ) ) ;
#5605 = DIRECTION ( 'NONE',  ( 0.000000000000000000, -1.000000000000000000, 0.000000000000000000 ) ) ;
#5606 = VERTEX_POINT ( 'NONE', #955 ) ;
#5607 = EDGE_LOOP ( 'NONE', ( #7533, #62, #2495, #4819, #3830, #3523 ) ) ;
#5608 = ORIENTED_EDGE ( 'NONE', *, *, #2586, .F. ) ;
#5609 = FACE_OUTER_BOUND ( 'NONE', #7464, .T. ) ;
#5610 =( BOUNDED_CURVE ( )  B_SPLINE_CURVE ( 3, ( #2588, #2490, #7354, #10505 ),
 .UNSPECIFIED., .F., .F. ) 
 B_SPLINE_CURVE_WITH_KNOTS ( ( 4, 4 ),
 ( 5.274661551707042761, 6.283185307179586232 ),
 .UNSPECIFIED. ) 
 CURVE ( )  GEOMETRIC_REPRESENTATION_ITEM ( )  RATIONAL_B_SPLINE_CURVE ( ( 1.000000000000000000, 0.9170208966857389399, 0.9170208966857389399, 1.000000000000000000 ) ) 
 REPRESENTATION_ITEM ( '' )  );
#5611 = FACE_OUTER_BOUND ( 'NONE', #3598, .T. ) ;
#5612 = DIRECTION ( 'NONE',  ( 1.000000000000000000, 0.000000000000000000, 0.000000000000000000 ) ) ;
#5613 = CYLINDRICAL_SURFACE ( 'NONE', #4784, 1.000000000000003109 ) ;
#5614 = CARTESIAN_POINT ( 'NONE',  ( 79.10510779970761064, 18.50000000000000355, -1.500000000000000000 ) ) ;
#5615 = PLANE ( 'NONE',  #7417 ) ;
#5616 = ORIENTED_EDGE ( 'NONE', *, *, #8559, .T. ) ;
#5617 = EDGE_CURVE ( 'NONE', #7096, #4343, #847, .T. ) ;
#5618 = VECTOR ( 'NONE', #4021, 1000.000000000000000 ) ;
#5619 = CARTESIAN_POINT ( 'NONE',  ( 12.00000000000000355, 2.000000000000000000, -9.959574115793241589 ) ) ;
#5620 = CYLINDRICAL_SURFACE ( 'NONE', #156, 1.000000000000003331 ) ;
#5621 = ADVANCED_FACE ( 'NONE', ( #5609 ), #902, .F. ) ;
#5622 = CARTESIAN_POINT ( 'NONE',  ( 30.10510779970761419, 17.50000000000000000, -1.500000000000000000 ) ) ;
#5623 = ORIENTED_EDGE ( 'NONE', *, *, #1142, .T. ) ;
#5624 = VECTOR ( 'NONE', #6227, 1000.000000000000000 ) ;
#5625 = ORIENTED_EDGE ( 'NONE', *, *, #2720, .F. ) ;
#5626 = CARTESIAN_POINT ( 'NONE',  ( 70.38750000000000284, 20.00000000000000355, -1.500000000000000888 ) ) ;
#5627 = ORIENTED_EDGE ( 'NONE', *, *, #5455, .T. ) ;
#5628 = CARTESIAN_POINT ( 'NONE',  ( 71.97500000000000853, 2.000000000000000000, -1.500000000000000000 ) ) ;
#5629 = VERTEX_POINT ( 'NONE', #8071 ) ;
#5630 = VECTOR ( 'NONE', #3286, 999.9999999999998863 ) ;
#5631 =( BOUNDED_CURVE ( )  B_SPLINE_CURVE ( 3, ( #3183, #4731, #2338, #3831 ),
 .UNSPECIFIED., .F., .F. ) 
 B_SPLINE_CURVE_WITH_KNOTS ( ( 4, 4 ),
 ( 3.141592653589793116, 4.082246578227950451 ),
 .UNSPECIFIED. ) 
 CURVE ( )  GEOMETRIC_REPRESENTATION_ITEM ( )  RATIONAL_B_SPLINE_CURVE ( ( 1.000000000000000000, 0.9276134425277021700, 0.9276134425277021700, 1.000000000000000000 ) ) 
 REPRESENTATION_ITEM ( '' )  );
#5632 = AXIS2_PLACEMENT_3D ( 'NONE', #5913, #195, #4355 ) ;
#5633 = EDGE_CURVE ( 'NONE', #7570, #4583, #7322, .T. ) ;
#5634 = CARTESIAN_POINT ( 'NONE',  ( 19.16021982760969067, 2.000000000000000000, 3.877129999389440584 ) ) ;
#5635 = VECTOR ( 'NONE', #7025, 1000.000000000000000 ) ;
#5636 = CARTESIAN_POINT ( 'NONE',  ( 32.97277582909585192, 20.00000000000000355, -18.50000000000000000 ) ) ;
#5637 = AXIS2_PLACEMENT_3D ( 'NONE', #10316, #7161, #4637 ) ;
#5638 = DIRECTION ( 'NONE',  ( 0.9238795325112884038, -0.000000000000000000, 0.3826834323650856740 ) ) ;
#5639 = DIRECTION ( 'NONE',  ( -0.000000000000000000, -0.000000000000000000, -1.000000000000000000 ) ) ;
#5640 = CARTESIAN_POINT ( 'NONE',  ( 11.00000000000000355, 17.50000000000000000, -10.15848648317290071 ) ) ;
#5641 = ORIENTED_EDGE ( 'NONE', *, *, #6490, .T. ) ;
#5642 = CARTESIAN_POINT ( 'NONE',  ( 93.29974999999994623, 2.414213562373092703, -12.10960480172300535 ) ) ;
#5643 = DIRECTION ( 'NONE',  ( -1.000000000000000000, 0.000000000000000000, 0.000000000000000000 ) ) ;
#5644 = EDGE_LOOP ( 'NONE', ( #509, #3860, #7497, #244 ) ) ;
#5645 = LINE ( 'NONE', #779, #7864 ) ;
#5646 = ORIENTED_EDGE ( 'NONE', *, *, #1417, .F. ) ;
#5647 = FACE_OUTER_BOUND ( 'NONE', #8305, .T. ) ;
#5648 = CARTESIAN_POINT ( 'NONE',  ( 93.20641255072347064, 17.50000000000000000, -38.60736017865222180 ) ) ;
#5649 = VECTOR ( 'NONE', #5280, 1000.000000000000000 ) ;
#5650 = ADVANCED_FACE ( 'NONE', ( #9878 ), #97, .T. ) ;
#5651 = VECTOR ( 'NONE', #7263, 1000.000000000000114 ) ;
#5652 = DIRECTION ( 'NONE',  ( 0.000000000000000000, -0.000000000000000000, -1.000000000000000000 ) ) ;
#5653 = LINE ( 'NONE', #8849, #4087 ) ;
#5654 = VERTEX_POINT ( 'NONE', #5765 ) ;
#5655 = CARTESIAN_POINT ( 'NONE',  ( 59.00000000000001421, 17.50000000000000000, -7.743669367409185433 ) ) ;
#5656 = EDGE_CURVE ( 'NONE', #2296, #1649, #3314, .T. ) ;
#5657 = CARTESIAN_POINT ( 'NONE',  ( 80.18750000000001421, 18.50000000000000355, -1.500000000000000888 ) ) ;
#5658 = VECTOR ( 'NONE', #6358, 1000.000000000000000 ) ;
#5659 = CARTESIAN_POINT ( 'NONE',  ( 19.79975000000001017, 18.34604576567463852, -1.500000000000000444 ) ) ;
#5660 = ORIENTED_EDGE ( 'NONE', *, *, #8133, .F. ) ;
#5661 = CARTESIAN_POINT ( 'NONE',  ( 96.47474999999994338, 18.50000000000000355, -18.50000000000000000 ) ) ;
#5662 = ORIENTED_EDGE ( 'NONE', *, *, #4734, .T. ) ;
#5663 = EDGE_CURVE ( 'NONE', #1123, #843, #5820, .T. ) ;
#5664 = ORIENTED_EDGE ( 'NONE', *, *, #7717, .F. ) ;
#5665 = EDGE_CURVE ( 'NONE', #2221, #867, #5129, .T. ) ;
#5666 = EDGE_LOOP ( 'NONE', ( #1941, #6119, #6267, #593, #10076 ) ) ;
#5667 = DIRECTION ( 'NONE',  ( -0.000000000000000000, -1.000000000000000000, -0.000000000000000000 ) ) ;
#5668 = AXIS2_PLACEMENT_3D ( 'NONE', #10157, #6090, #3683 ) ;
#5669 = CARTESIAN_POINT ( 'NONE',  ( 21.52474999999994054, 20.00000000000000355, -20.00000000000000000 ) ) ;
#5670 = CARTESIAN_POINT ( 'NONE',  ( 83.49974999999996328, 18.49999999999999645, -17.51835138363014366 ) ) ;
#5671 = CARTESIAN_POINT ( 'NONE',  ( 7.512460762587119589, 2.999999999999999112, 3.111763134659267127 ) ) ;
#5672 = LINE ( 'NONE', #6639, #3758 ) ;
#5673 = CARTESIAN_POINT ( 'NONE',  ( 87.31406477336862793, 2.999999999999999112, -7.751619436258012641 ) ) ;
#5674 = ORIENTED_EDGE ( 'NONE', *, *, #3764, .F. ) ;
#5675 = DIRECTION ( 'NONE',  ( -0.3826834323650958325, 0.000000000000000000, -0.9238795325112842960 ) ) ;
#5676 = CARTESIAN_POINT ( 'NONE',  ( 49.19993749768391922, 18.50000000000000355, -10.35694617991806865 ) ) ;
#5677 = CARTESIAN_POINT ( 'NONE',  ( 0.000000000000000000, 2.000000000000000000, 0.000000000000000000 ) ) ;
#5678 = CARTESIAN_POINT ( 'NONE',  ( 47.63634029509841383, 18.50000000000000355, 3.494446567024352746 ) ) ;
#5679 = EDGE_CURVE ( 'NONE', #6262, #4597, #6169, .T. ) ;
#5680 = ADVANCED_FACE ( 'NONE', ( #4802 ), #8124, .T. ) ;
#5681 = CARTESIAN_POINT ( 'NONE',  ( 68.79975000000000307, 2.000000000000000000, -2.893084275847627396 ) ) ;
#5682 = VERTEX_POINT ( 'NONE', #3573 ) ;
#5683 = ORIENTED_EDGE ( 'NONE', *, *, #3227, .T. ) ;
#5684 = ADVANCED_FACE ( 'NONE', ( #3468 ), #9935, .F. ) ;
#5685 = ORIENTED_EDGE ( 'NONE', *, *, #8338, .F. ) ;
#5686 = DIRECTION ( 'NONE',  ( -0.3826592221992072829, -0.000000000000000000, 0.9238895603187090577 ) ) ;
#5687 = VECTOR ( 'NONE', #7165, 1000.000000000000000 ) ;
#5688 = ORIENTED_EDGE ( 'NONE', *, *, #1620, .T. ) ;
#5689 = LINE ( 'NONE', #770, #2131 ) ;
#5690 = DIRECTION ( 'NONE',  ( 0.3826834323650853964, 0.000000000000000000, -0.9238795325112886259 ) ) ;
#5691 = VECTOR ( 'NONE', #7453, 1000.000000000000000 ) ;
#5692 = FACE_OUTER_BOUND ( 'NONE', #7970, .T. ) ;
#5693 = DIRECTION ( 'NONE',  ( -0.9238795325112880708, 0.000000000000000000, -0.3826834323650866176 ) ) ;
#5694 = FACE_OUTER_BOUND ( 'NONE', #1333, .T. ) ;
#5695 = VERTEX_POINT ( 'NONE', #4364 ) ;
#5696 = PLANE ( 'NONE',  #8687 ) ;
#5697 = CARTESIAN_POINT ( 'NONE',  ( 39.40000000000001279, 13.00000000000000533, -10.35619174377131557 ) ) ;
#5698 = ORIENTED_EDGE ( 'NONE', *, *, #655, .T. ) ;
#5699 = DIRECTION ( 'NONE',  ( 0.3827076417426389376, 0.000000000000000000, 0.9238695042871519769 ) ) ;
#5700 = ORIENTED_EDGE ( 'NONE', *, *, #2223, .T. ) ;
#5701 =( BOUNDED_CURVE ( )  B_SPLINE_CURVE ( 3, ( #9888, #8135, #9943, #9086 ),
 .UNSPECIFIED., .F., .F. ) 
 B_SPLINE_CURVE_WITH_KNOTS ( ( 4, 4 ),
 ( 4.712850920160109425, 6.283185307179586232 ),
 .UNSPECIFIED. ) 
 CURVE ( )  GEOMETRIC_REPRESENTATION_ITEM ( )  RATIONAL_B_SPLINE_CURVE ( ( 1.000000000000000000, 0.8048467217986005062, 0.8048467217986005062, 1.000000000000000000 ) ) 
 REPRESENTATION_ITEM ( '' )  );
#5702 = ORIENTED_EDGE ( 'NONE', *, *, #2459, .T. ) ;
#5703 = CARTESIAN_POINT ( 'NONE',  ( 55.27524443537455312, 2.000000000000000000, -6.658584263594879538 ) ) ;
#5704 = VECTOR ( 'NONE', #2758, 1000.000000000000000 ) ;
#5705 = EDGE_CURVE ( 'NONE', #6421, #3510, #6899, .T. ) ;
#5706 = DIRECTION ( 'NONE',  ( 0.9238795325112844070, 0.000000000000000000, -0.3826834323650955549 ) ) ;
#5707 = CARTESIAN_POINT ( 'NONE',  ( 29.60000000000000853, 2.999999999999999112, -7.743669367409185433 ) ) ;
#5708 = CARTESIAN_POINT ( 'NONE',  ( 106.9140647733686365, 2.999999999999999112, -7.751619436258012641 ) ) ;
#5709 = ORIENTED_EDGE ( 'NONE', *, *, #1310, .T. ) ;
#5710 = CARTESIAN_POINT ( 'NONE',  ( 49.20000000000000995, 2.999999999999999112, -7.743669367409185433 ) ) ;
#5711 = CARTESIAN_POINT ( 'NONE',  ( 67.67557472363469628, 18.50000000000000355, -13.07079449584754727 ) ) ;
#5712 = CARTESIAN_POINT ( 'NONE',  ( 83.05516802938824128, 17.82569441078556594, -18.49999999999999645 ) ) ;
#5713 = ORIENTED_EDGE ( 'NONE', *, *, #8209, .F. ) ;
#5714 = CARTESIAN_POINT ( 'NONE',  ( 88.72141231303838538, 2.341211518780895506, -1.500000000000000444 ) ) ;
#5715 = VERTEX_POINT ( 'NONE', #10043 ) ;
#5716 = ORIENTED_EDGE ( 'NONE', *, *, #3309, .T. ) ;
#5717 = ORIENTED_EDGE ( 'NONE', *, *, #8931, .T. ) ;
#5718 = CARTESIAN_POINT ( 'NONE',  ( 18.07474999999993770, 2.000000000000000000, -20.00000000000000000 ) ) ;
#5719 = FACE_OUTER_BOUND ( 'NONE', #4351, .T. ) ;
#5720 = CARTESIAN_POINT ( 'NONE',  ( 22.97500000000000142, 2.000000000000000000, 0.000000000000000000 ) ) ;
#5722 = EDGE_CURVE ( 'NONE', #1785, #9458, #1976, .T. ) ;
#5721 = DIRECTION ( 'NONE',  ( 0.9238895603187091687, -0.000000000000000000, 0.3826592221992072829 ) ) ;
#5723 = ADVANCED_FACE ( 'NONE', ( #7699 ), #1162, .T. ) ;
#5724 = CARTESIAN_POINT ( 'NONE',  ( 88.40000000000000568, 2.999999999999999112, -7.743065814018603277 ) ) ;
#5725 = PLANE ( 'NONE',  #8088 ) ;
#5726 = VERTEX_POINT ( 'NONE', #5231 ) ;
#5727 = EDGE_CURVE ( 'NONE', #1071, #3431, #1859, .T. ) ;
#5728 = PLANE ( 'NONE',  #3269 ) ;
#5729 = CARTESIAN_POINT ( 'NONE',  ( 39.39990018253440240, 18.50000000000000355, -10.35688186661323762 ) ) ;
#5730 = CARTESIAN_POINT ( 'NONE',  ( 49.19989330582617981, 2.000000000000000000, -10.35683949133576398 ) ) ;
#5731 = PLANE ( 'NONE',  #5984 ) ;
#5732 = PLANE ( 'NONE',  #6114 ) ;
#5733 = ORIENTED_EDGE ( 'NONE', *, *, #1580, .F. ) ;
#5734 = ORIENTED_EDGE ( 'NONE', *, *, #1987, .F. ) ;
#5735 = DIRECTION ( 'NONE',  ( 0.9238795325112884038, -0.000000000000000000, 0.3826834323650856740 ) ) ;
#5736 = ORIENTED_EDGE ( 'NONE', *, *, #5214, .F. ) ;
#5737 = EDGE_CURVE ( 'NONE', #7211, #7191, #377, .T. ) ;
#5738 = CARTESIAN_POINT ( 'NONE',  ( 97.27612046748875230, 18.50000000000000355, -7.360382381653495898 ) ) ;
#5739 = LINE ( 'NONE', #3336, #6514 ) ;
#5740 = CARTESIAN_POINT ( 'NONE',  ( 14.89974999999995475, 2.000000000000000000, -9.496478871970266411 ) ) ;
#5741 = CARTESIAN_POINT ( 'NONE',  ( 62.17500000000001137, 20.00000000000000355, 0.000000000000000000 ) ) ;
#5742 = ORIENTED_EDGE ( 'NONE', *, *, #2675, .T. ) ;
#5743 = LINE ( 'NONE', #4930, #6821 ) ;
#5744 = DIRECTION ( 'NONE',  ( -0.3826834323650853964, 0.000000000000000000, 0.9238795325112885148 ) ) ;
#5745 = ORIENTED_EDGE ( 'NONE', *, *, #8444, .T. ) ;
#5746 = DIRECTION ( 'NONE',  ( 0.000000000000000000, 0.000000000000000000, -1.000000000000000000 ) ) ;
#5747 = EDGE_LOOP ( 'NONE', ( #8442, #8281, #7455 ) ) ;
#5748 = VERTEX_POINT ( 'NONE', #2715 ) ;
#5749 = CARTESIAN_POINT ( 'NONE',  ( 83.49974999999994907, 2.414213562373092259, -12.10960480172300535 ) ) ;
#5750 = ORIENTED_EDGE ( 'NONE', *, *, #1114, .T. ) ;
#5751 = ADVANCED_FACE ( 'NONE', ( #1118 ), #320, .F. ) ;
#5752 = DIRECTION ( 'NONE',  ( 0.3826834323650955549, 0.000000000000000000, 0.9238795325112844070 ) ) ;
#5753 = ORIENTED_EDGE ( 'NONE', *, *, #6417, .T. ) ;
#5754 =( BOUNDED_CURVE ( )  B_SPLINE_CURVE ( 3, ( #4875, #9853, #2531, #9050 ),
 .UNSPECIFIED., .F., .F. ) 
 B_SPLINE_CURVE_WITH_KNOTS ( ( 4, 4 ),
 ( 1.570796326794892339, 2.133068898117246537 ),
 .UNSPECIFIED. ) 
 CURVE ( )  GEOMETRIC_REPRESENTATION_ITEM ( )  RATIONAL_B_SPLINE_CURVE ( ( 1.000000000000000000, 0.9738271993243673430, 0.9738271993243673430, 1.000000000000000000 ) ) 
 REPRESENTATION_ITEM ( '' )  );
#5755 = DIRECTION ( 'NONE',  ( -0.3826834323650958325, 0.000000000000000000, -0.9238795325112842960 ) ) ;
#5756 = DIRECTION ( 'NONE',  ( 0.000000000000000000, 0.000000000000000000, -1.000000000000000000 ) ) ;
#5757 = ADVANCED_FACE ( 'NONE', ( #1004 ), #5175, .F. ) ;
#5758 = DIRECTION ( 'NONE',  ( 0.000000000000000000, 0.000000000000000000, 1.000000000000000000 ) ) ;
#5759 = ORIENTED_EDGE ( 'NONE', *, *, #7124, .F. ) ;
#5760 = DIRECTION ( 'NONE',  ( -0.000000000000000000, -1.000000000000000000, -0.000000000000000000 ) ) ;
#5761 = EDGE_LOOP ( 'NONE', ( #8557, #3706, #1260, #8267, #6440 ) ) ;
#5762 = VERTEX_POINT ( 'NONE', #6741 ) ;
#5763 = EDGE_LOOP ( 'NONE', ( #5360, #349, #6342, #9388, #6044 ) ) ;
#5764 = ORIENTED_EDGE ( 'NONE', *, *, #5727, .F. ) ;
#5765 = CARTESIAN_POINT ( 'NONE',  ( 104.6267241709040405, 2.000000000000000000, -18.50000000000000355 ) ) ;
#5766 = EDGE_CURVE ( 'NONE', #5867, #6003, #10154, .T. ) ;
#5767 = CARTESIAN_POINT ( 'NONE',  ( 78.92141231303840243, 2.341211518780895506, -1.500000000000000444 ) ) ;
#5768 = DIRECTION ( 'NONE',  ( 0.9238795325112884038, -0.000000000000000000, 0.3826834323650856740 ) ) ;
#5769 = CARTESIAN_POINT ( 'NONE',  ( 68.79975000000003149, 2.000000000000000000, -5.130543437656442052 ) ) ;
#5770 = CARTESIAN_POINT ( 'NONE',  ( 68.29439220029240687, 2.999999999999999112, -1.499999999999999556 ) ) ;
#5771 = LINE ( 'NONE', #8130, #595 ) ;
#5772 = VERTEX_POINT ( 'NONE', #10100 ) ;
#5773 = DIRECTION ( 'NONE',  ( 0.3826834323650853964, 0.000000000000000000, -0.9238795325112885148 ) ) ;
#5774 = DIRECTION ( 'NONE',  ( -0.9238795325112882928, 0.000000000000000000, -0.3826834323650858960 ) ) ;
#5775 = DIRECTION ( 'NONE',  ( -0.000000000000000000, -1.000000000000000000, -0.000000000000000000 ) ) ;
#5776 = CARTESIAN_POINT ( 'NONE',  ( 39.72141231303839248, 2.341211518780903056, -1.500000000000000222 ) ) ;
#5777 = CARTESIAN_POINT ( 'NONE',  ( 42.57500000000000284, 20.00000000000000355, -1.500000000000000000 ) ) ;
#5778 = EDGE_LOOP ( 'NONE', ( #3936, #768, #2766, #2804 ) ) ;
#5779 = EDGE_CURVE ( 'NONE', #1385, #6438, #9294, .T. ) ;
#5780 = VERTEX_POINT ( 'NONE', #1810 ) ;
#5781 = CARTESIAN_POINT ( 'NONE',  ( 98.20000000000000284, 7.500000000000007105, -10.35619174377131557 ) ) ;
#5782 = VERTEX_POINT ( 'NONE', #5425 ) ;
#5783 = EDGE_CURVE ( 'NONE', #8620, #3377, #6928, .T. ) ;
#5784 = EDGE_CURVE ( 'NONE', #2862, #1825, #6037, .T. ) ;
#5785 = CARTESIAN_POINT ( 'NONE',  ( 53.65516802938824270, 2.999999999999999112, -18.50000000000000355 ) ) ;
#5786 = VECTOR ( 'NONE', #350, 1000.000000000000114 ) ;
#5787 = VECTOR ( 'NONE', #2281, 1000.000000000000000 ) ;
#5788 = DIRECTION ( 'NONE',  ( 0.9238795325112882928, 0.000000000000000000, 0.3826834323650858960 ) ) ;
#5789 = ORIENTED_EDGE ( 'NONE', *, *, #1172, .F. ) ;
#5790 = LINE ( 'NONE', #1734, #10410 ) ;
#5791 = CARTESIAN_POINT ( 'NONE',  ( 73.69974999999993770, 18.08578643762691129, -12.10960480172301423 ) ) ;
#5792 = ORIENTED_EDGE ( 'NONE', *, *, #8301, .T. ) ;
#5793 = CARTESIAN_POINT ( 'NONE',  ( 99.92474999999994623, 2.000000000000000000, 0.000000000000000000 ) ) ;
#5794 = VERTEX_POINT ( 'NONE', #5926 ) ;
#5795 = ORIENTED_EDGE ( 'NONE', *, *, #8125, .F. ) ;
#5796 = CARTESIAN_POINT ( 'NONE',  ( -10.00000000000000000, 5.000000000000000000, -7.074999999999999289 ) ) ;
#5797 = VECTOR ( 'NONE', #8630, 1000.000000000000000 ) ;
#5798 = EDGE_LOOP ( 'NONE', ( #5048, #4983, #8398, #6163, #2850 ) ) ;
#5799 = VECTOR ( 'NONE', #8531, 1000.000000000000000 ) ;
#5800 = VECTOR ( 'NONE', #3771, 1000.000000000000114 ) ;
#5801 = AXIS2_PLACEMENT_3D ( 'NONE', #7712, #9889, #4272 ) ;
#5802 = LINE ( 'NONE', #9064, #344 ) ;
#5803 = CARTESIAN_POINT ( 'NONE',  ( 80.18750000000001421, 20.00000000000000355, -1.500000000000000888 ) ) ;
#5804 = CARTESIAN_POINT ( 'NONE',  ( 87.89439220029241540, 2.999999999999999112, -1.499999999999999556 ) ) ;
#5805 = ORIENTED_EDGE ( 'NONE', *, *, #3429, .T. ) ;
#5806 = FACE_OUTER_BOUND ( 'NONE', #6467, .T. ) ;
#5807 = ADVANCED_FACE ( 'NONE', ( #5873 ), #5057, .T. ) ;
#5808 = FACE_OUTER_BOUND ( 'NONE', #9375, .T. ) ;
#5809 = EDGE_CURVE ( 'NONE', #5682, #6574, #2328, .T. ) ;
#5810 = LINE ( 'NONE', #4146, #5413 ) ;
#5811 = VERTEX_POINT ( 'NONE', #624 ) ;
#5812 = VECTOR ( 'NONE', #6902, 1000.000000000000114 ) ;
#5813 = CARTESIAN_POINT ( 'NONE',  ( 26.22672417090403485, 20.00000000000000355, -18.50000000000000355 ) ) ;
#5814 = VERTEX_POINT ( 'NONE', #7244 ) ;
#5815 = VECTOR ( 'NONE', #7977, 1000.000000000000000 ) ;
#5816 = VERTEX_POINT ( 'NONE', #8895 ) ;
#5817 = VERTEX_POINT ( 'NONE', #1570 ) ;
#5818 = EDGE_CURVE ( 'NONE', #5794, #8786, #1794, .T. ) ;
#5819 =( BOUNDED_CURVE ( )  B_SPLINE_CURVE ( 3, ( #8606, #9350, #2030, #7805 ),
 .UNSPECIFIED., .F., .F. ) 
 B_SPLINE_CURVE_WITH_KNOTS ( ( 4, 4 ),
 ( 3.141592653589793116, 4.712388980384671022 ),
 .UNSPECIFIED. ) 
 CURVE ( )  GEOMETRIC_REPRESENTATION_ITEM ( )  RATIONAL_B_SPLINE_CURVE ( ( 1.000000000000000000, 0.8047378541243693784, 0.8047378541243693784, 1.000000000000000000 ) ) 
 REPRESENTATION_ITEM ( '' )  );
#5820 = LINE ( 'NONE', #9076, #7676 ) ;
#5821 = AXIS2_PLACEMENT_3D ( 'NONE', #6785, #198, #4466 ) ;
#5822 = LINE ( 'NONE', #6794, #5843 ) ;
#5823 = CARTESIAN_POINT ( 'NONE',  ( 83.49974999999994907, 18.43380900354983254, -18.04903699352148294 ) ) ;
#5824 = LINE ( 'NONE', #3155, #1546 ) ;
#5825 = LINE ( 'NONE', #2515, #4785 ) ;
#5826 = CARTESIAN_POINT ( 'NONE',  ( 107.0000000000000142, 27.21604200192311040, -10.15727937639168488 ) ) ;
#5827 = ADVANCED_FACE ( 'NONE', ( #6291 ), #4722, .F. ) ;
#5828 = ORIENTED_EDGE ( 'NONE', *, *, #8633, .T. ) ;
#5829 = AXIS2_PLACEMENT_3D ( 'NONE', #4750, #9576, #9676 ) ;
#5830 = LINE ( 'NONE', #7391, #6525 ) ;
#5831 = CARTESIAN_POINT ( 'NONE',  ( 62.37277582909585050, 20.00000000000000355, -18.50000000000000000 ) ) ;
#5832 = DIRECTION ( 'NONE',  ( 0.000000000000000000, 0.000000000000000000, 1.000000000000000000 ) ) ;
#5833 = CARTESIAN_POINT ( 'NONE',  ( 29.60000000000000853, 2.999999999999999112, -7.743669367409185433 ) ) ;
#5834 = CARTESIAN_POINT ( 'NONE',  ( 76.87474999999993486, 2.000000000000000000, 0.000000000000000000 ) ) ;
#5835 = VERTEX_POINT ( 'NONE', #7147 ) ;
#5836 = VECTOR ( 'NONE', #6915, 1000.000000000000114 ) ;
#5837 = ORIENTED_EDGE ( 'NONE', *, *, #7194, .F. ) ;
#5838 = LINE ( 'NONE', #4220, #3308 ) ;
#5839 = VERTEX_POINT ( 'NONE', #5583 ) ;
#5840 = EDGE_CURVE ( 'NONE', #6284, #5094, #9648, .T. ) ;
#5841 = DIRECTION ( 'NONE',  ( -0.3826834323650956105, 0.000000000000000000, -0.9238795325112842960 ) ) ;
#5842 = PLANE ( 'NONE',  #3407 ) ;
#5843 = VECTOR ( 'NONE', #2776, 1000.000000000000000 ) ;
#5844 = CARTESIAN_POINT ( 'NONE',  ( 54.09974999999993628, 18.50000000000000355, -14.72273073147576916 ) ) ;
#5845 = VERTEX_POINT ( 'NONE', #8098 ) ;
#5846 = LINE ( 'NONE', #8261, #3224 ) ;
#5847 = ADVANCED_FACE ( 'NONE', ( #6401 ), #3173, .F. ) ;
#5848 = EDGE_CURVE ( 'NONE', #6117, #9774, #670, .T. ) ;
#5849 = VECTOR ( 'NONE', #4782, 1000.000000000000000 ) ;
#5850 = FACE_OUTER_BOUND ( 'NONE', #976, .T. ) ;
#5851 = EDGE_LOOP ( 'NONE', ( #2255, #264, #8421, #1851, #513 ) ) ;
#5852 = CARTESIAN_POINT ( 'NONE',  ( 44.29974999999994623, 18.50000000000000355, -12.10960480172301423 ) ) ;
#5853 = ORIENTED_EDGE ( 'NONE', *, *, #412, .T. ) ;
#5854 = ORIENTED_EDGE ( 'NONE', *, *, #2460, .F. ) ;
#5855 = CARTESIAN_POINT ( 'NONE',  ( 19.80000000000000426, 18.50000000000000355, -7.744272920799767590 ) ) ;
#5856 = ORIENTED_EDGE ( 'NONE', *, *, #4055, .F. ) ;
#5857 = EDGE_CURVE ( 'NONE', #5907, #8037, #9539, .T. ) ;
#5858 = CARTESIAN_POINT ( 'NONE',  ( 24.69974999999993770, 2.999999999999999112, -12.10960480172301423 ) ) ;
#5859 = CARTESIAN_POINT ( 'NONE',  ( 98.19975000000000875, 2.153954234325370365, -1.500000000000000444 ) ) ;
#5860 = CARTESIAN_POINT ( 'NONE',  ( 48.69439220029241255, 17.85125431679152896, -1.500000000000001332 ) ) ;
#5861 = ORIENTED_EDGE ( 'NONE', *, *, #6253, .T. ) ;
#5862 = CARTESIAN_POINT ( 'NONE',  ( 93.29974999999994623, 2.999999999999999112, -12.10960480172301068 ) ) ;
#5863 = DIRECTION ( 'NONE',  ( -0.000000000000000000, -1.000000000000000000, -0.000000000000000000 ) ) ;
#5864 = LINE ( 'NONE', #8170, #10022 ) ;
#5865 = VERTEX_POINT ( 'NONE', #9751 ) ;
#5866 = FILL_AREA_STYLE_COLOUR ( '', #2106 ) ;
#5867 = VERTEX_POINT ( 'NONE', #2435 ) ;
#5868 = VECTOR ( 'NONE', #8646, 1000.000000000000000 ) ;
#5869 = ORIENTED_EDGE ( 'NONE', *, *, #10203, .F. ) ;
#5870 = EDGE_LOOP ( 'NONE', ( #1827, #10021, #10187, #9814 ) ) ;
#5871 = EDGE_CURVE ( 'NONE', #8786, #7939, #764, .T. ) ;
#5872 = EDGE_CURVE ( 'NONE', #3190, #407, #8792, .T. ) ;
#5873 = FACE_OUTER_BOUND ( 'NONE', #433, .T. ) ;
#5874 = EDGE_CURVE ( 'NONE', #5024, #9535, #771, .T. ) ;
#5875 = CARTESIAN_POINT ( 'NONE',  ( 49.19975000000003007, 18.50000000000000355, -5.130543437656430505 ) ) ;
#5876 = CARTESIAN_POINT ( 'NONE',  ( 59.00000000000001421, 20.00000000000000355, -10.35679529716193592 ) ) ;
#5877 = CARTESIAN_POINT ( 'NONE',  ( 39.20000000000000284, 18.50000000000000355, -1.500000000000000000 ) ) ;
#5878 = DIRECTION ( 'NONE',  ( 0.3826834323650958325, 0.000000000000000000, 0.9238795325112842960 ) ) ;
#5879 = ORIENTED_EDGE ( 'NONE', *, *, #8034, .F. ) ;
#5880 = ORIENTED_EDGE ( 'NONE', *, *, #6583, .T. ) ;
#5881 = VECTOR ( 'NONE', #9494, 1000.000000000000000 ) ;
#5882 = EDGE_CURVE ( 'NONE', #9995, #5148, #7292, .T. ) ;
#5883 = CARTESIAN_POINT ( 'NONE',  ( 41.12474999999994196, 18.50000000000000355, -18.50000000000000000 ) ) ;
#5884 = CARTESIAN_POINT ( 'NONE',  ( 54.54433197061165117, 2.999999999999999112, -18.50000000000000000 ) ) ;
#5885 = PLANE ( 'NONE',  #7725 ) ;
#5886 = CARTESIAN_POINT ( 'NONE',  ( 91.57500000000001705, 20.00000000000000355, 0.000000000000000000 ) ) ;
#5887 = EDGE_CURVE ( 'NONE', #843, #2045, #7321, .T. ) ;
#5888 = CARTESIAN_POINT ( 'NONE',  ( 75.22672417090403485, 18.50000000000000355, -18.50000000000000355 ) ) ;
#5889 = CARTESIAN_POINT ( 'NONE',  ( 83.49974999999994907, 18.30794360463553616, -18.50000000000000000 ) ) ;
#5890 = ORIENTED_EDGE ( 'NONE', *, *, #7777, .T. ) ;
#5891 =( BOUNDED_CURVE ( )  B_SPLINE_CURVE ( 3, ( #4463, #9280, #9164, #2760 ),
 .UNSPECIFIED., .F., .F. ) 
 B_SPLINE_CURVE_WITH_KNOTS ( ( 4, 4 ),
 ( 3.141592653589793116, 4.150116409062338363 ),
 .UNSPECIFIED. ) 
 CURVE ( )  GEOMETRIC_REPRESENTATION_ITEM ( )  RATIONAL_B_SPLINE_CURVE ( ( 1.000000000000000000, 0.9170208966857386068, 0.9170208966857386068, 1.000000000000000000 ) ) 
 REPRESENTATION_ITEM ( '' )  );
#5892 = ORIENTED_EDGE ( 'NONE', *, *, #6969, .T. ) ;
#5893 = CARTESIAN_POINT ( 'NONE',  ( 98.20000000000000284, 13.00000000000000533, -10.35619174377131557 ) ) ;
#5894 = ORIENTED_EDGE ( 'NONE', *, *, #5223, .F. ) ;
#5895 = CARTESIAN_POINT ( 'NONE',  ( 53.65516802938824270, 2.674305589214435397, -18.50000000000000000 ) ) ;
#5896 = DIRECTION ( 'NONE',  ( 0.3826834323650853964, 0.000000000000000000, -0.9238795325112885148 ) ) ;
#5897 = EDGE_CURVE ( 'NONE', #2670, #2806, #2340, .T. ) ;
#5898 = DIRECTION ( 'NONE',  ( -0.000000000000000000, -1.000000000000000000, -0.000000000000000000 ) ) ;
#5899 = ORIENTED_EDGE ( 'NONE', *, *, #5330, .T. ) ;
#5900 = CARTESIAN_POINT ( 'NONE',  ( 32.97277582909585192, 18.50000000000000355, -18.50000000000000000 ) ) ;
#5901 = CYLINDRICAL_SURFACE ( 'NONE', #10094, 0.9999999999999998890 ) ;
#5902 = ORIENTED_EDGE ( 'NONE', *, *, #6594, .T. ) ;
#5903 = CARTESIAN_POINT ( 'NONE',  ( 39.20000000000000284, 18.50000000000000355, -18.50000000000000000 ) ) ;
#5904 = EDGE_LOOP ( 'NONE', ( #5262, #4713, #3715, #5674, #3887 ) ) ;
#5905 = VERTEX_POINT ( 'NONE', #3819 ) ;
#5906 = PLANE ( 'NONE',  #9096 ) ;
#5907 = VERTEX_POINT ( 'NONE', #1421 ) ;
#5908 = VECTOR ( 'NONE', #9542, 1000.000000000000000 ) ;
#5909 = EDGE_CURVE ( 'NONE', #3385, #6703, #4672, .T. ) ;
#5910 = DIRECTION ( 'NONE',  ( -0.000000000000000000, -1.000000000000000000, -0.000000000000000000 ) ) ;
#5911 = DIRECTION ( 'NONE',  ( 0.000000000000000000, 0.000000000000000000, -1.000000000000000000 ) ) ;
#5912 = DIRECTION ( 'NONE',  ( 1.000000000000000000, -0.000000000000000000, -0.000000000000000000 ) ) ;
#5913 = CARTESIAN_POINT ( 'NONE',  ( 78.40000000000000568, 18.50000000000000355, -18.50000000000000000 ) ) ;
#5914 = ORIENTED_EDGE ( 'NONE', *, *, #10040, .F. ) ;
#5915 = DIRECTION ( 'NONE',  ( -0.000000000000000000, -1.000000000000000000, -0.000000000000000000 ) ) ;
#5916 = FACE_OUTER_BOUND ( 'NONE', #5473, .T. ) ;
#5917 = DIRECTION ( 'NONE',  ( 0.000000000000000000, 0.000000000000000000, 1.000000000000000000 ) ) ;
#5918 = VERTEX_POINT ( 'NONE', #8303 ) ;
#5919 = EDGE_CURVE ( 'NONE', #2270, #5142, #928, .T. ) ;
#5920 = EDGE_LOOP ( 'NONE', ( #9393, #1996, #9460, #10317, #5206, #3663, #481 ) ) ;
#5921 = VERTEX_POINT ( 'NONE', #4225 ) ;
#5922 = ORIENTED_EDGE ( 'NONE', *, *, #911, .F. ) ;
#5923 = ADVANCED_FACE ( 'NONE', ( #1783 ), #9905, .F. ) ;
#5924 = EDGE_CURVE ( 'NONE', #8989, #6003, #5739, .T. ) ;
#5925 = AXIS2_PLACEMENT_3D ( 'NONE', #2983, #9498, #1430 ) ;
#5926 = CARTESIAN_POINT ( 'NONE',  ( 59.50510779970762343, 2.999999999999999112, -1.500000000000000000 ) ) ;
#5927 = CARTESIAN_POINT ( 'NONE',  ( 24.69974999999993770, 18.50000000000000355, -12.10960480172301423 ) ) ;
#5928 = DIRECTION ( 'NONE',  ( 0.9238795325112844070, 0.000000000000000000, -0.3826834323650955549 ) ) ;
#5929 = CARTESIAN_POINT ( 'NONE',  ( 88.39974999999999739, 18.50000000000000355, -2.893084275847628284 ) ) ;
#5930 = DIRECTION ( 'NONE',  ( 0.000000000000000000, 0.000000000000000000, -1.000000000000000000 ) ) ;
#5931 = EDGE_LOOP ( 'NONE', ( #8337, #9434, #5333, #5902 ) ) ;
#5932 = ORIENTED_EDGE ( 'NONE', *, *, #692, .T. ) ;
#5933 = ORIENTED_EDGE ( 'NONE', *, *, #8082, .T. ) ;
#5934 = CARTESIAN_POINT ( 'NONE',  ( 0.000000000000000000, 18.50000000000000355, -18.50000000000000000 ) ) ;
#5935 = CARTESIAN_POINT ( 'NONE',  ( 106.0000000000000142, 18.50000000000000355, -9.958367009012045301 ) ) ;
#5936 = LINE ( 'NONE', #5134, #389 ) ;
#5937 = DIRECTION ( 'NONE',  ( 0.000000000000000000, 1.000000000000000000, 0.000000000000000000 ) ) ;
#5938 = CARTESIAN_POINT ( 'NONE',  ( 49.19993749768391922, 18.50000000000000355, -10.35694617991806865 ) ) ;
#5939 = LINE ( 'NONE', #10004, #9357 ) ;
#5940 = ORIENTED_EDGE ( 'NONE', *, *, #7787, .F. ) ;
#5941 = VECTOR ( 'NONE', #5139, 1000.000000000000114 ) ;
#5942 = ADVANCED_FACE ( 'NONE', ( #4283 ), #2636, .T. ) ;
#5943 = ORIENTED_EDGE ( 'NONE', *, *, #8354, .T. ) ;
#5944 = DIRECTION ( 'NONE',  ( -0.000000000000000000, -1.000000000000000000, -0.000000000000000000 ) ) ;
#5945 = EDGE_CURVE ( 'NONE', #4374, #3724, #7349, .T. ) ;
#5946 = FACE_OUTER_BOUND ( 'NONE', #1562, .T. ) ;
#5947 = LINE ( 'NONE', #1730, #2391 ) ;
#5948 =( BOUNDED_CURVE ( )  B_SPLINE_CURVE ( 3, ( #4712, #1410, #2856, #10386 ),
 .UNSPECIFIED., .F., .F. ) 
 B_SPLINE_CURVE_WITH_KNOTS ( ( 4, 4 ),
 ( 1.570796326794901887, 2.200938728951629564 ),
 .UNSPECIFIED. ) 
 CURVE ( )  GEOMETRIC_REPRESENTATION_ITEM ( )  RATIONAL_B_SPLINE_CURVE ( ( 1.000000000000000000, 0.9671828781580998902, 0.9671828781580998902, 1.000000000000000000 ) ) 
 REPRESENTATION_ITEM ( '' )  );
#5949 = B_SPLINE_CURVE_WITH_KNOTS ( 'NONE', 3,
 ( #1749, #6026, #10088, #3400 ),
 .UNSPECIFIED., .F., .F.,
 ( 4, 4 ),
 ( 0.000000000000000000, 1.000000000000000000 ),
 .UNSPECIFIED. ) ;
#5950 = LINE ( 'NONE', #3604, #4685 ) ;
#5951 = EDGE_LOOP ( 'NONE', ( #3940, #3334, #3118, #4301, #5717, #2057 ) ) ;
#5952 = VECTOR ( 'NONE', #8207, 1000.000000000000114 ) ;
#5953 = DIRECTION ( 'NONE',  ( -1.000000000000000000, -0.000000000000000000, -5.463695987328531367E-16 ) ) ;
#5954 = CARTESIAN_POINT ( 'NONE',  ( 45.92139948961565921, 2.999999999999999112, 2.784094826726366101 ) ) ;
#5955 = EDGE_LOOP ( 'NONE', ( #8012, #6232, #2771, #7166, #6393, #8028 ) ) ;
#5956 = CARTESIAN_POINT ( 'NONE',  ( 98.20000000000001705, 17.50000000000000000, -7.744272920799768478 ) ) ;
#5957 = VERTEX_POINT ( 'NONE', #8203 ) ;
#5958 = EDGE_LOOP ( 'NONE', ( #9772, #8265, #10210, #5660, #5239 ) ) ;
#5959 = CARTESIAN_POINT ( 'NONE',  ( 83.49974999999996328, 1.999999999999999556, -17.51835138363012234 ) ) ;
#5960 = ORIENTED_EDGE ( 'NONE', *, *, #4296, .T. ) ;
#5961 = EDGE_CURVE ( 'NONE', #5509, #4677, #5081, .T. ) ;
#5962 = EDGE_LOOP ( 'NONE', ( #1101, #3910, #2196, #1594, #2286 ) ) ;
#5963 = AXIS2_PLACEMENT_3D ( 'NONE', #5189, #9997, #8504 ) ;
#5964 = VECTOR ( 'NONE', #2663, 1000.000000000000000 ) ;
#5965 = PLANE ( 'NONE',  #9219 ) ;
#5966 = LINE ( 'NONE', #4353, #9283 ) ;
#5967 = PLANE ( 'NONE',  #693 ) ;
#5968 = CARTESIAN_POINT ( 'NONE',  ( 50.78750000000000853, 20.00000000000000355, -1.500000000000000888 ) ) ;
#5969 = EDGE_LOOP ( 'NONE', ( #7708, #7693, #7092, #8904 ) ) ;
#5970 = CARTESIAN_POINT ( 'NONE',  ( 34.49974999999994907, 2.000000000000000000, -17.51835138363012589 ) ) ;
#5971 = CARTESIAN_POINT ( 'NONE',  ( 20.54219216010988447, 2.033803789237822457, -4.011813856752085350 ) ) ;
#5972 = DIRECTION ( 'NONE',  ( -0.000000000000000000, -1.000000000000000000, -0.000000000000000000 ) ) ;
#5973 = VERTEX_POINT ( 'NONE', #4126 ) ;
#5974 = EDGE_LOOP ( 'NONE', ( #962, #4696, #6126, #2493 ) ) ;
#5975 = VECTOR ( 'NONE', #6278, 1000.000000000000114 ) ;
#5976 = AXIS2_PLACEMENT_3D ( 'NONE', #9519, #3740, #10275 ) ;
#5977 = ORIENTED_EDGE ( 'NONE', *, *, #8758, .F. ) ;
#5978 = ORIENTED_EDGE ( 'NONE', *, *, #1911, .T. ) ;
#5979 = VECTOR ( 'NONE', #3176, 1000.000000000000000 ) ;
#5980 = ADVANCED_FACE ( 'NONE', ( #9806 ), #6657, .F. ) ;
#5981 = CARTESIAN_POINT ( 'NONE',  ( 49.00000000000000711, 18.50000000000000355, -1.500000000000000000 ) ) ;
#5982 = CARTESIAN_POINT ( 'NONE',  ( 80.32474999999993770, 18.50000000000000355, -18.50000000000000000 ) ) ;
#5983 = DIRECTION ( 'NONE',  ( 0.000000000000000000, 0.000000000000000000, 1.000000000000000000 ) ) ;
#5984 = AXIS2_PLACEMENT_3D ( 'NONE', #966, #3375, #7949 ) ;
#5985 = DIRECTION ( 'NONE',  ( 0.000000000000000000, -1.000000000000000000, 0.000000000000000000 ) ) ;
#5986 = CARTESIAN_POINT ( 'NONE',  ( 34.49974999999995617, 18.50000000000000355, -9.496478871970266411 ) ) ;
#5987 = VECTOR ( 'NONE', #9522, 1000.000000000000000 ) ;
#5988 = EDGE_CURVE ( 'NONE', #7407, #5794, #4175, .T. ) ;
#5989 = ORIENTED_EDGE ( 'NONE', *, *, #2614, .T. ) ;
#5990 = ORIENTED_EDGE ( 'NONE', *, *, #6011, .F. ) ;
#5991 = ADVANCED_FACE ( 'NONE', ( #121 ), #9957, .F. ) ;
#5992 = ORIENTED_EDGE ( 'NONE', *, *, #4101, .T. ) ;
#5993 = VECTOR ( 'NONE', #6352, 1000.000000000000000 ) ;
#5994 = VECTOR ( 'NONE', #1787, 1000.000000000000114 ) ;
#5995 = CARTESIAN_POINT ( 'NONE',  ( 15.18457362364323338, 2.383975024205969628, -18.50000000000000000 ) ) ;
#5996 = CARTESIAN_POINT ( 'NONE',  ( 55.62672417090404053, 20.00000000000000355, -18.50000000000000355 ) ) ;
#5997 = CARTESIAN_POINT ( 'NONE',  ( 62.17500000000001137, 18.50000000000000355, 0.000000000000000000 ) ) ;
#5998 = CARTESIAN_POINT ( 'NONE',  ( 88.40000000000000568, 2.999999999999999112, -7.743669367409181881 ) ) ;
#5999 = FACE_OUTER_BOUND ( 'NONE', #4834, .T. ) ;
#6000 = EDGE_CURVE ( 'NONE', #6262, #6151, #3383, .T. ) ;
#6001 = DIRECTION ( 'NONE',  ( 1.000000000000000000, 0.000000000000000000, 0.000000000000000000 ) ) ;
#6002 = VERTEX_POINT ( 'NONE', #234 ) ;
#6003 = VERTEX_POINT ( 'NONE', #9147 ) ;
#6004 = CARTESIAN_POINT ( 'NONE',  ( 10.00000000000000000, 10.00000000000000000, -10.35739885055255627 ) ) ;
#6005 = ORIENTED_EDGE ( 'NONE', *, *, #1761, .T. ) ;
#6006 = EDGE_CURVE ( 'NONE', #3543, #9877, #4720, .T. ) ;
#6007 = EDGE_CURVE ( 'NONE', #8558, #7822, #7404, .T. ) ;
#6008 = CARTESIAN_POINT ( 'NONE',  ( 67.07474999999995191, 18.50000000000000355, -18.50000000000000000 ) ) ;
#6009 = DIRECTION ( 'NONE',  ( -0.3826834323650954439, 0.000000000000000000, -0.9238795325112842960 ) ) ;
#6010 = AXIS2_PLACEMENT_3D ( 'NONE', #10529, #3263, #6692 ) ;
#6011 = EDGE_CURVE ( 'NONE', #7523, #6716, #5754, .T. ) ;
#6012 = CARTESIAN_POINT ( 'NONE',  ( 34.49974999999992775, 2.192056395364460730, -18.50000000000000000 ) ) ;
#6013 = ORIENTED_EDGE ( 'NONE', *, *, #3216, .T. ) ;
#6014 = LINE ( 'NONE', #9207, #8185 ) ;
#6015 = ORIENTED_EDGE ( 'NONE', *, *, #1418, .T. ) ;
#6016 = CARTESIAN_POINT ( 'NONE',  ( 34.49974999999994196, 17.50000000000000000, -12.10960480172301779 ) ) ;
#6017 = ORIENTED_EDGE ( 'NONE', *, *, #6517, .T. ) ;
#6018 = CARTESIAN_POINT ( 'NONE',  ( 87.76021982760970275, 18.50000000000000355, 3.877129999389440584 ) ) ;
#6019 = ORIENTED_EDGE ( 'NONE', *, *, #3464, .T. ) ;
#6020 = VECTOR ( 'NONE', #1690, 1000.000000000000000 ) ;
#6021 = FACE_OUTER_BOUND ( 'NONE', #6532, .T. ) ;
#6022 = FACE_OUTER_BOUND ( 'NONE', #8750, .T. ) ;
#6023 = CARTESIAN_POINT ( 'NONE',  ( 30.10510779970761419, 2.999999999999999112, -1.500000000000000000 ) ) ;
#6024 = PLANE ( 'NONE',  #8370 ) ;
#6025 = ORIENTED_EDGE ( 'NONE', *, *, #7111, .F. ) ;
#6026 = CARTESIAN_POINT ( 'NONE',  ( 100.4485319494705777, 18.50000000000000355, -15.78563399656604460 ) ) ;
#6027 = EDGE_CURVE ( 'NONE', #2631, #7953, #5947, .T. ) ;
#6028 = CYLINDRICAL_SURFACE ( 'NONE', #5821, 0.9999999999999998890 ) ;
#6029 = PLANE ( 'NONE',  #3703 ) ;
#6030 = ORIENTED_EDGE ( 'NONE', *, *, #6326, .F. ) ;
#6031 = CARTESIAN_POINT ( 'NONE',  ( 39.39989330582617555, 20.00000000000000355, -10.35683949133576043 ) ) ;
#6032 = DIRECTION ( 'NONE',  ( -0.000000000000000000, -1.000000000000000000, -0.000000000000000000 ) ) ;
#6033 = ORIENTED_EDGE ( 'NONE', *, *, #7734, .F. ) ;
#6034 = EDGE_LOOP ( 'NONE', ( #9345, #6961, #8632, #7450 ) ) ;
#6035 = VECTOR ( 'NONE', #10511, 1000.000000000000000 ) ;
#6036 = FACE_OUTER_BOUND ( 'NONE', #586, .T. ) ;
#6037 = LINE ( 'NONE', #3411, #7 ) ;
#6038 = DIRECTION ( 'NONE',  ( -0.000000000000000000, -1.000000000000000000, -0.000000000000000000 ) ) ;
#6039 = CARTESIAN_POINT ( 'NONE',  ( 36.22500000000000853, 20.00000000000000355, 0.000000000000000000 ) ) ;
#6040 = CARTESIAN_POINT ( 'NONE',  ( 88.39974999999999739, 18.34604576567463141, -1.500000000000004885 ) ) ;
#6041 = VECTOR ( 'NONE', #975, 1000.000000000000000 ) ;
#6042 = CARTESIAN_POINT ( 'NONE',  ( 64.34433197061164833, 2.999999999999999112, -18.50000000000000000 ) ) ;
#6043 = CARTESIAN_POINT ( 'NONE',  ( 63.61492637635665659, 2.383975024205966964, -18.50000000000000000 ) ) ;
#6044 = ORIENTED_EDGE ( 'NONE', *, *, #2471, .F. ) ;
#6045 = ORIENTED_EDGE ( 'NONE', *, *, #10256, .T. ) ;
#6046 =( BOUNDED_CURVE ( )  B_SPLINE_CURVE ( 3, ( #1084, #7610, #7179, #10485 ),
 .UNSPECIFIED., .F., .F. ) 
 B_SPLINE_CURVE_WITH_KNOTS ( ( 4, 4 ),
 ( 1.570796326794899223, 2.200938728951629564 ),
 .UNSPECIFIED. ) 
 CURVE ( )  GEOMETRIC_REPRESENTATION_ITEM ( )  RATIONAL_B_SPLINE_CURVE ( ( 1.000000000000000000, 0.9671828781580995571, 0.9671828781580995571, 1.000000000000000000 ) ) 
 REPRESENTATION_ITEM ( '' )  );
#6047 = AXIS2_PLACEMENT_3D ( 'NONE', #672, #6402, #6353 ) ;
#6048 = EDGE_LOOP ( 'NONE', ( #2020, #283, #6176, #1741 ) ) ;
#6049 = VECTOR ( 'NONE', #6895, 1000.000000000000000 ) ;
#6050 = ADVANCED_FACE ( 'NONE', ( #8257 ), #5842, .F. ) ;
#6051 = CARTESIAN_POINT ( 'NONE',  ( 14.89974999999993699, 2.192056395364461618, -18.50000000000000000 ) ) ;
#6052 = EDGE_CURVE ( 'NONE', #3537, #4989, #3702, .T. ) ;
#6053 = CARTESIAN_POINT ( 'NONE',  ( 11.00000000000000355, 5.000000000000000000, -5.000000000000000000 ) ) ;
#6054 = DIRECTION ( 'NONE',  ( -0.000000000000000000, -1.000000000000000000, -0.000000000000000000 ) ) ;
#6055 = CARTESIAN_POINT ( 'NONE',  ( 49.00000000000000711, 2.000000000000000000, -18.50000000000000000 ) ) ;
#6056 = DIRECTION ( 'NONE',  ( -0.3826834323650956105, 0.000000000000000000, -0.9238795325112842960 ) ) ;
#6057 = DIRECTION ( 'NONE',  ( 1.000000000000000000, -0.000000000000000000, 0.000000000000000000 ) ) ;
#6058 = VECTOR ( 'NONE', #5205, 1000.000000000000000 ) ;
#6059 = ORIENTED_EDGE ( 'NONE', *, *, #9695, .T. ) ;
#6060 = DIRECTION ( 'NONE',  ( 0.000000000000000000, -0.000000000000000000, 1.000000000000000000 ) ) ;
#6061 = EDGE_CURVE ( 'NONE', #7733, #8584, #288, .T. ) ;
#6062 = ORIENTED_EDGE ( 'NONE', *, *, #9559, .T. ) ;
#6063 = CIRCLE ( 'NONE', #7434, 2.075000000000000178 ) ;
#6064 = CARTESIAN_POINT ( 'NONE',  ( 103.0997499999999434, 2.999999999999999112, -12.10960480172301423 ) ) ;
#6065 = DIRECTION ( 'NONE',  ( 0.000000000000000000, 0.000000000000000000, -1.000000000000000000 ) ) ;
#6066 = ORIENTED_EDGE ( 'NONE', *, *, #5617, .T. ) ;
#6067 = LINE ( 'NONE', #7728, #9552 ) ;
#6068 = ORIENTED_EDGE ( 'NONE', *, *, #8033, .T. ) ;
#6069 = CARTESIAN_POINT ( 'NONE',  ( 78.60000000000000853, 20.00000000000000355, -10.35679529716193592 ) ) ;
#6070 = VERTEX_POINT ( 'NONE', #9320 ) ;
#6071 = CARTESIAN_POINT ( 'NONE',  ( 84.42362953251122804, 18.50000000000000355, -12.49228823408811095 ) ) ;
#6072 = VERTEX_POINT ( 'NONE', #10178 ) ;
#6073 = CARTESIAN_POINT ( 'NONE',  ( 75.42500000000001137, 20.00000000000000355, -1.500000000000000000 ) ) ;
#6074 = DIRECTION ( 'NONE',  ( -1.000000000000000000, 0.000000000000000000, -0.000000000000000000 ) ) ;
#6075 = CARTESIAN_POINT ( 'NONE',  ( 68.47808768696162929, 18.15878848121908362, -1.500000000000001110 ) ) ;
#6076 = CARTESIAN_POINT ( 'NONE',  ( 106.5857864376269504, 1.999999999999997335, -4.775960555369733740 ) ) ;
#6077 = VERTEX_POINT ( 'NONE', #3656 ) ;
#6078 = LINE ( 'NONE', #3774, #499 ) ;
#6079 = CYLINDRICAL_SURFACE ( 'NONE', #4278, 0.9999999999999987788 ) ;
#6080 = CARTESIAN_POINT ( 'NONE',  ( 93.29974999999993202, 2.000000000000000000, -14.72273073147576739 ) ) ;
#6081 = ORIENTED_EDGE ( 'NONE', *, *, #2879, .F. ) ;
#6082 = LINE ( 'NONE', #4516, #900 ) ;
#6083 = ADVANCED_FACE ( 'NONE', ( #7034 ), #2109, .F. ) ;
#6084 = DIRECTION ( 'NONE',  ( 0.000000000000000000, -0.000000000000000000, -1.000000000000000000 ) ) ;
#6085 = ORIENTED_EDGE ( 'NONE', *, *, #8147, .F. ) ;
#6086 = EDGE_LOOP ( 'NONE', ( #9868, #8902, #5357, #8766 ) ) ;
#6087 = CARTESIAN_POINT ( 'NONE',  ( 33.57587046748865589, 2.000000000000000000, -12.49228823408810030 ) ) ;
#6088 = ADVANCED_FACE ( 'NONE', ( #8515 ), #4389, .T. ) ;
#6089 = DIRECTION ( 'NONE',  ( -0.3826834323650853964, 0.000000000000000000, 0.9238795325112885148 ) ) ;
#6090 = DIRECTION ( 'NONE',  ( -0.9238795325112884038, 0.000000000000000000, -0.3826834323650857850 ) ) ;
#6091 = CARTESIAN_POINT ( 'NONE',  ( 92.85516802938823844, 18.50000000000000355, -18.50000000000000355 ) ) ;
#6092 = CARTESIAN_POINT ( 'NONE',  ( 102.8149263763566523, 2.383975024205970517, -18.50000000000000000 ) ) ;
#6093 = CYLINDRICAL_SURFACE ( 'NONE', #7227, 1.000000000000003109 ) ;
#6094 = ORIENTED_EDGE ( 'NONE', *, *, #1759, .T. ) ;
#6095 = ORIENTED_EDGE ( 'NONE', *, *, #7876, .T. ) ;
#6096 = ORIENTED_EDGE ( 'NONE', *, *, #951, .T. ) ;
#6097 = ORIENTED_EDGE ( 'NONE', *, *, #4335, .T. ) ;
#6098 = VECTOR ( 'NONE', #1803, 1000.000000000000000 ) ;
#6099 = ADVANCED_FACE ( 'NONE', ( #4447 ), #2854, .F. ) ;
#6100 = LINE ( 'NONE', #5883, #6484 ) ;
#6101 = DIRECTION ( 'NONE',  ( -0.3826834323650958325, 0.000000000000000000, -0.9238795325112842960 ) ) ;
#6102 = CARTESIAN_POINT ( 'NONE',  ( 59.50510779970762343, 17.50000000000000000, -1.500000000000000000 ) ) ;
#6103 = LINE ( 'NONE', #223, #5290 ) ;
#6104 = CARTESIAN_POINT ( 'NONE',  ( 24.69974999999995191, 2.999999999999999112, -16.96018989328458204 ) ) ;
#6105 = CARTESIAN_POINT ( 'NONE',  ( 39.40000000000000568, 2.999999999999999112, -7.743669367409184545 ) ) ;
#6106 =( BOUNDED_CURVE ( )  B_SPLINE_CURVE ( 3, ( #3762, #6441, #10393, #6396 ),
 .UNSPECIFIED., .F., .F. ) 
 B_SPLINE_CURVE_WITH_KNOTS ( ( 4, 4 ),
 ( 1.570796326794898556, 3.141592653589793116 ),
 .UNSPECIFIED. ) 
 CURVE ( )  GEOMETRIC_REPRESENTATION_ITEM ( )  RATIONAL_B_SPLINE_CURVE ( ( 1.000000000000000000, 0.8047378541243654926, 0.8047378541243654926, 1.000000000000000000 ) ) 
 REPRESENTATION_ITEM ( '' )  );
#6107 = ORIENTED_EDGE ( 'NONE', *, *, #4801, .T. ) ;
#6108 = LINE ( 'NONE', #9365, #912 ) ;
#6109 = EDGE_CURVE ( 'NONE', #3876, #4479, #7724, .T. ) ;
#6110 = ORIENTED_EDGE ( 'NONE', *, *, #159, .T. ) ;
#6111 = AXIS2_PLACEMENT_3D ( 'NONE', #2530, #4174, #3172 ) ;
#6112 = PLANE ( 'NONE',  #939 ) ;
#6113 = DIRECTION ( 'NONE',  ( 0.3826834323650853964, 0.000000000000000000, -0.9238795325112885148 ) ) ;
#6114 = AXIS2_PLACEMENT_3D ( 'NONE', #4167, #7237, #10441 ) ;
#6115 = ADVANCED_FACE ( 'NONE', ( #346 ), #2907, .F. ) ;
#6116 = CARTESIAN_POINT ( 'NONE',  ( 44.29974999999995333, 18.50000000000000355, -16.96018989328456428 ) ) ;
#6117 = VERTEX_POINT ( 'NONE', #9368 ) ;
#6118 = CARTESIAN_POINT ( 'NONE',  ( 0.000000000000000000, 2.000000000000000000, -20.00000000000000000 ) ) ;
#6119 = ORIENTED_EDGE ( 'NONE', *, *, #5783, .F. ) ;
#6120 = CARTESIAN_POINT ( 'NONE',  ( 73.69974999999995191, 18.30794360463553616, -18.50000000000000000 ) ) ;
#6121 = ORIENTED_EDGE ( 'NONE', *, *, #10488, .T. ) ;
#6122 = DIRECTION ( 'NONE',  ( -0.3826834323650857850, 0.000000000000000000, 0.9238795325112884038 ) ) ;
#6123 = ADVANCED_FACE ( 'NONE', ( #2051 ), #451, .F. ) ;
#6124 = ADVANCED_FACE ( 'NONE', ( #1249 ), #401, .T. ) ;
#6125 = ORIENTED_EDGE ( 'NONE', *, *, #1714, .T. ) ;
#6126 = ORIENTED_EDGE ( 'NONE', *, *, #3526, .F. ) ;
#6127 = CARTESIAN_POINT ( 'NONE',  ( 49.70510779970761917, 17.50000000000000000, -1.500000000000000000 ) ) ;
#6128 = LINE ( 'NONE', #9385, #8434 ) ;
#6129 = DIRECTION ( 'NONE',  ( -0.3826834323650958880, -0.000000000000000000, -0.9238795325112841850 ) ) ;
#6130 = CARTESIAN_POINT ( 'NONE',  ( 73.69974999999996612, 18.50000000000000355, -16.96018989328458204 ) ) ;
#6131 = ORIENTED_EDGE ( 'NONE', *, *, #3639, .F. ) ;
#6132 = DIRECTION ( 'NONE',  ( 0.3826834323650956105, -0.000000000000000000, 0.9238795325112842960 ) ) ;
#6133 = LINE ( 'NONE', #997, #7878 ) ;
#6134 = LINE ( 'NONE', #1913, #1824 ) ;
#6135 = EDGE_LOOP ( 'NONE', ( #724, #1872, #9317, #5500, #259, #5261 ) ) ;
#6136 = LINE ( 'NONE', #9447, #1584 ) ;
#6137 = CARTESIAN_POINT ( 'NONE',  ( 91.77277582909586329, 20.00000000000000355, -18.50000000000000000 ) ) ;
#6138 = AXIS2_PLACEMENT_3D ( 'NONE', #581, #1372, #4623 ) ;
#6139 = EDGE_LOOP ( 'NONE', ( #8387, #6664, #9744, #5040, #7998, #5394, #12, #9133, #9531, #10373, #7572, #4263, #2474, #1974, #4458, #9346, #4231, #922, #6686, #4626, #364, #2402, #8874, #6045, #1608, #5310, #3861, #8639, #2140, #7072, #8811, #2156, #3888, #5570, #5435, #6959, #4846, #4288, #7988, #5314, #554, #10049, #1800, #5534, #6397 ) ) ;
#6140 = EDGE_CURVE ( 'NONE', #2881, #9693, #7261, .T. ) ;
#6141 = EDGE_CURVE ( 'NONE', #10238, #9798, #5145, .T. ) ;
#6142 = CARTESIAN_POINT ( 'NONE',  ( 44.29974999999994623, 2.999999999999999112, -12.10960480172301423 ) ) ;
#6143 = CARTESIAN_POINT ( 'NONE',  ( 77.01200000000001467, 20.00000000000000355, -1.499999999999999556 ) ) ;
#6144 = DIRECTION ( 'NONE',  ( 0.000000000000000000, 0.000000000000000000, -1.000000000000000000 ) ) ;
#6145 = VECTOR ( 'NONE', #1461, 1000.000000000000114 ) ;
#6146 = CARTESIAN_POINT ( 'NONE',  ( 68.11194286728135694, 17.50000000000000000, -28.21289049520984094 ) ) ;
#6147 = EDGE_CURVE ( 'NONE', #6649, #1371, #10127, .T. ) ;
#6148 = DIRECTION ( 'NONE',  ( 0.3826834323650853964, 0.000000000000000000, -0.9238795325112885148 ) ) ;
#6149 = ORIENTED_EDGE ( 'NONE', *, *, #7777, .F. ) ;
#6150 = ORIENTED_EDGE ( 'NONE', *, *, #8790, .F. ) ;
#6151 = VERTEX_POINT ( 'NONE', #2961 ) ;
#6152 = EDGE_LOOP ( 'NONE', ( #6296, #4210, #9198, #5286 ) ) ;
#6153 = VECTOR ( 'NONE', #6175, 1000.000000000000000 ) ;
#6154 = VECTOR ( 'NONE', #5352, 1000.000000000000000 ) ;
#6155 = AXIS2_PLACEMENT_3D ( 'NONE', #6104, #5297, #8567 ) ;
#6156 = CARTESIAN_POINT ( 'NONE',  ( 49.20000000000000995, 17.50000000000000000, -7.743669367409185433 ) ) ;
#6157 = CARTESIAN_POINT ( 'NONE',  ( 10.00000000000000000, 11.50000000000000000, -5.000000000000000888 ) ) ;
#6158 = FACE_OUTER_BOUND ( 'NONE', #695, .T. ) ;
#6159 = PLANE ( 'NONE',  #2056 ) ;
#6160 = CARTESIAN_POINT ( 'NONE',  ( 78.09439220029240403, 2.999999999999999112, -1.499999999999999556 ) ) ;
#6161 = EDGE_CURVE ( 'NONE', #293, #3256, #5203, .T. ) ;
#6162 = VECTOR ( 'NONE', #6592, 1000.000000000000114 ) ;
#6163 = ORIENTED_EDGE ( 'NONE', *, *, #6712, .T. ) ;
#6164 = PLANE ( 'NONE',  #921 ) ;
#6165 = VERTEX_POINT ( 'NONE', #2801 ) ;
#6166 = VECTOR ( 'NONE', #1981, 1000.000000000000000 ) ;
#6167 = CARTESIAN_POINT ( 'NONE',  ( 103.0997499999999576, 20.00000000000000355, -9.496478871970266411 ) ) ;
#6168 = DIRECTION ( 'NONE',  ( 1.000000000000000000, 0.000000000000000000, 0.000000000000000000 ) ) ;
#6169 =( BOUNDED_CURVE ( )  B_SPLINE_CURVE ( 3, ( #747, #3200, #8924, #1599 ),
 .UNSPECIFIED., .F., .F. ) 
 B_SPLINE_CURVE_WITH_KNOTS ( ( 4, 4 ),
 ( 4.712388980384690562, 6.283185307179586232 ),
 .UNSPECIFIED. ) 
 CURVE ( )  GEOMETRIC_REPRESENTATION_ITEM ( )  RATIONAL_B_SPLINE_CURVE ( ( 1.000000000000000000, 0.8047378541243652705, 0.8047378541243652705, 1.000000000000000000 ) ) 
 REPRESENTATION_ITEM ( '' )  );
#6170 = AXIS2_PLACEMENT_3D ( 'NONE', #2180, #7357, #6508 ) ;
#6171 = DIRECTION ( 'NONE',  ( -0.3826592221992072829, -0.000000000000000000, 0.9238895603187090577 ) ) ;
#6172 = ORIENTED_EDGE ( 'NONE', *, *, #6391, .T. ) ;
#6173 = CARTESIAN_POINT ( 'NONE',  ( 93.74433197061163980, 17.50000000000000000, -18.50000000000000000 ) ) ;
#6174 = VERTEX_POINT ( 'NONE', #6064 ) ;
#6175 = DIRECTION ( 'NONE',  ( -1.000000000000000000, -0.000000000000000000, -0.000000000000000000 ) ) ;
#6176 = ORIENTED_EDGE ( 'NONE', *, *, #6266, .F. ) ;
#6177 = CARTESIAN_POINT ( 'NONE',  ( 68.79975000000001728, 2.153954234325365036, -1.500000000000000444 ) ) ;
#6178 = ORIENTED_EDGE ( 'NONE', *, *, #343, .F. ) ;
#6179 = ADVANCED_FACE ( 'NONE', ( #5251 ), #4760, .F. ) ;
#6180 = AXIS2_PLACEMENT_3D ( 'NONE', #10469, #2295, #3836 ) ;
#6181 = EDGE_CURVE ( 'NONE', #3924, #10542, #7236, .T. ) ;
#6182 = EDGE_CURVE ( 'NONE', #521, #9397, #8032, .T. ) ;
#6183 = CARTESIAN_POINT ( 'NONE',  ( 80.32474999999993770, 2.000000000000000000, -18.50000000000000000 ) ) ;
#6184 = FACE_OUTER_BOUND ( 'NONE', #663, .T. ) ;
#6185 = CARTESIAN_POINT ( 'NONE',  ( 78.59975000000001444, 18.50000000000000000, -2.396757161635497901 ) ) ;
#6186 = CARTESIAN_POINT ( 'NONE',  ( 65.42672417090405190, 2.000000000000000000, -18.50000000000000355 ) ) ;
#6187 = ORIENTED_EDGE ( 'NONE', *, *, #5187, .T. ) ;
#6188 = PLANE ( 'NONE',  #8013 ) ;
#6189 = LINE ( 'NONE', #9443, #6349 ) ;
#6190 = CARTESIAN_POINT ( 'NONE',  ( 97.69439220029241255, 17.50000000000000000, -1.499999999999999556 ) ) ;
#6191 = VERTEX_POINT ( 'NONE', #708 ) ;
#6192 = CARTESIAN_POINT ( 'NONE',  ( 70.52474999999994054, 2.000000000000000000, -20.00000000000000000 ) ) ;
#6193 = VECTOR ( 'NONE', #4435, 1000.000000000000000 ) ;
#6194 = DIRECTION ( 'NONE',  ( 0.000000000000000000, -1.000000000000000000, 0.000000000000000000 ) ) ;
#6195 = EDGE_CURVE ( 'NONE', #4677, #1791, #759, .T. ) ;
#6196 = ORIENTED_EDGE ( 'NONE', *, *, #8931, .F. ) ;
#6197 = CARTESIAN_POINT ( 'NONE',  ( 50.78750000000000853, 20.00000000000000355, -1.500000000000000888 ) ) ;
#6198 = CARTESIAN_POINT ( 'NONE',  ( 41.12474999999994196, 20.00000000000000355, -20.00000000000000000 ) ) ;
#6199 = LINE ( 'NONE', #8757, #9049 ) ;
#6200 = VECTOR ( 'NONE', #6089, 1000.000000000000114 ) ;
#6201 = CARTESIAN_POINT ( 'NONE',  ( 15.34433197061164122, 17.50000000000000000, -18.50000000000000355 ) ) ;
#6202 = ORIENTED_EDGE ( 'NONE', *, *, #820, .F. ) ;
#6203 = FACE_OUTER_BOUND ( 'NONE', #8600, .T. ) ;
#6204 = ORIENTED_EDGE ( 'NONE', *, *, #4992, .F. ) ;
#6205 = ORIENTED_EDGE ( 'NONE', *, *, #7073, .F. ) ;
#6206 = VECTOR ( 'NONE', #2825, 1000.000000000000000 ) ;
#6207 = ORIENTED_EDGE ( 'NONE', *, *, #188, .F. ) ;
#6208 = EDGE_LOOP ( 'NONE', ( #1660, #9840, #3499, #8384 ) ) ;
#6209 = ADVANCED_FACE ( 'NONE', ( #4710 ), #5620, .F. ) ;
#6210 = ADVANCED_FACE ( 'NONE', ( #2160 ), #2268, .F. ) ;
#6211 = EDGE_CURVE ( 'NONE', #4076, #4708, #8728, .T. ) ;
#6212 = DIRECTION ( 'NONE',  ( 0.3826834323650858405, 0.000000000000000000, -0.9238795325112882928 ) ) ;
#6213 = VECTOR ( 'NONE', #3486, 1000.000000000000114 ) ;
#6214 = DIRECTION ( 'NONE',  ( 0.3826834323650956105, -0.000000000000000000, 0.9238795325112842960 ) ) ;
#6215 = CARTESIAN_POINT ( 'NONE',  ( -4.000000000000000000, 11.50000000000000000, -4.999999999999999112 ) ) ;
#6216 = CARTESIAN_POINT ( 'NONE',  ( 70.52474999999994054, 18.50000000000000355, 0.000000000000000000 ) ) ;
#6217 = CARTESIAN_POINT ( 'NONE',  ( 39.39975000000001160, 18.34604576567463496, -1.499999999999999556 ) ) ;
#6218 = FACE_OUTER_BOUND ( 'NONE', #6506, .T. ) ;
#6219 = VECTOR ( 'NONE', #3127, 1000.000000000000000 ) ;
#6220 = ORIENTED_EDGE ( 'NONE', *, *, #6363, .T. ) ;
#6221 = DIRECTION ( 'NONE',  ( -0.3826834323650857850, 0.000000000000000000, 0.9238795325112884038 ) ) ;
#6222 = AXIS2_PLACEMENT_3D ( 'NONE', #7847, #10309, #2987 ) ;
#6223 = ORIENTED_EDGE ( 'NONE', *, *, #4629, .F. ) ;
#6224 = EDGE_CURVE ( 'NONE', #7907, #6494, #9587, .T. ) ;
#6225 = EDGE_CURVE ( 'NONE', #1331, #1048, #7281, .T. ) ;
#6226 = DIRECTION ( 'NONE',  ( 1.000000000000000000, -0.000000000000000000, 0.000000000000000000 ) ) ;
#6227 = DIRECTION ( 'NONE',  ( -0.000000000000000000, -1.000000000000000000, -0.000000000000000000 ) ) ;
#6228 = CIRCLE ( 'NONE', #6399, 2.075000000000000178 ) ;
#6229 = CARTESIAN_POINT ( 'NONE',  ( 73.98457362364324297, 18.11602497579402637, -18.50000000000000000 ) ) ;
#6230 = VERTEX_POINT ( 'NONE', #3956 ) ;
#6231 = CARTESIAN_POINT ( 'NONE',  ( 14.61492637635664593, 18.11602497579403348, -18.50000000000000000 ) ) ;
#6232 = ORIENTED_EDGE ( 'NONE', *, *, #1327, .T. ) ;
#6233 = CARTESIAN_POINT ( 'NONE',  ( 11.00000000000000355, 17.50000000000000000, -2.694775461858567756 ) ) ;
#6234 = ORIENTED_EDGE ( 'NONE', *, *, #6452, .F. ) ;
#6235 = FACE_OUTER_BOUND ( 'NONE', #765, .T. ) ;
#6236 = ORIENTED_EDGE ( 'NONE', *, *, #2067, .T. ) ;
#6237 = AXIS2_PLACEMENT_3D ( 'NONE', #515, #3769, #9489 ) ;
#6238 =( BOUNDED_CURVE ( )  B_SPLINE_CURVE ( 3, ( #10052, #2727, #7601, #1074 ),
 .UNSPECIFIED., .F., .F. ) 
 B_SPLINE_CURVE_WITH_KNOTS ( ( 4, 4 ),
 ( 1.570796326794899223, 2.200938728951639334 ),
 .UNSPECIFIED. ) 
 CURVE ( )  GEOMETRIC_REPRESENTATION_ITEM ( )  RATIONAL_B_SPLINE_CURVE ( ( 1.000000000000000000, 0.9671828781580986689, 0.9671828781580986689, 1.000000000000000000 ) ) 
 REPRESENTATION_ITEM ( '' )  );
#6239 = ADVANCED_FACE ( 'NONE', ( #3115 ), #6388, .T. ) ;
#6240 = DIRECTION ( 'NONE',  ( 0.3826834323650956660, -0.000000000000000000, 0.9238795325112844070 ) ) ;
#6241 = CARTESIAN_POINT ( 'NONE',  ( 98.70510779970761917, 18.50000000000000355, -1.500000000000000000 ) ) ;
#6242 = LINE ( 'NONE', #8152, #6219 ) ;
#6243 = CARTESIAN_POINT ( 'NONE',  ( 24.69974999999993770, 2.999999999999999112, -12.10960480172301423 ) ) ;
#6244 = LINE ( 'NONE', #5488, #8780 ) ;
#6245 = VERTEX_POINT ( 'NONE', #2318 ) ;
#6246 = DIRECTION ( 'NONE',  ( 8.673617379884035472E-17, 0.000000000000000000, 1.000000000000000000 ) ) ;
#6247 = FACE_OUTER_BOUND ( 'NONE', #3058, .T. ) ;
#6248 = FACE_OUTER_BOUND ( 'NONE', #9005, .T. ) ;
#6249 = ORIENTED_EDGE ( 'NONE', *, *, #9274, .T. ) ;
#6250 = DIRECTION ( 'NONE',  ( 0.3826834323650954439, 0.000000000000000000, 0.9238795325112842960 ) ) ;
#6251 = CARTESIAN_POINT ( 'NONE',  ( 39.39975000000001160, 18.34604576567463496, -1.499999999999999556 ) ) ;
#6252 = ADVANCED_FACE ( 'NONE', ( #5572 ), #8824, .T. ) ;
#6253 = EDGE_CURVE ( 'NONE', #248, #643, #3857, .T. ) ;
#6254 = UNCERTAINTY_MEASURE_WITH_UNIT (LENGTH_MEASURE( 1.000000000000000082E-05 ), #7110, 'distance_accuracy_value', 'NONE');
#6255 = CARTESIAN_POINT ( 'NONE',  ( 68.79993749768391353, 18.50000000000000355, -10.35694617991806865 ) ) ;
#6256 = DIRECTION ( 'NONE',  ( 1.000000000000000000, 0.000000000000000000, 0.000000000000000000 ) ) ;
#6257 = CARTESIAN_POINT ( 'NONE',  ( 91.57500000000001705, 18.50000000000000355, 0.000000000000000000 ) ) ;
#6258 = EDGE_CURVE ( 'NONE', #7120, #5209, #6434, .T. ) ;
#6259 = CARTESIAN_POINT ( 'NONE',  ( 14.45516802938823631, 2.999999999999999112, -18.50000000000000355 ) ) ;
#6260 = VERTEX_POINT ( 'NONE', #4814 ) ;
#6261 = DIRECTION ( 'NONE',  ( 0.3826834323650853964, 0.000000000000000000, -0.9238795325112885148 ) ) ;
#6262 = VERTEX_POINT ( 'NONE', #3061 ) ;
#6263 = ORIENTED_EDGE ( 'NONE', *, *, #4680, .T. ) ;
#6264 = ADVANCED_FACE ( 'NONE', ( #8085 ), #9479, .F. ) ;
#6265 = VERTEX_POINT ( 'NONE', #561 ) ;
#6266 = EDGE_CURVE ( 'NONE', #6230, #67, #3806, .T. ) ;
#6267 = ORIENTED_EDGE ( 'NONE', *, *, #5319, .F. ) ;
#6268 = AXIS2_PLACEMENT_3D ( 'NONE', #8740, #4721, #2327 ) ;
#6269 = CARTESIAN_POINT ( 'NONE',  ( 72.17277582909585476, 18.50000000000000355, -18.50000000000000000 ) ) ;
#6270 = CARTESIAN_POINT ( 'NONE',  ( 44.29974999999996044, 20.00000000000000355, -9.496478871970266411 ) ) ;
#6271 = LINE ( 'NONE', #10431, #7554 ) ;
#6272 = LINE ( 'NONE', #608, #7866 ) ;
#6273 = CARTESIAN_POINT ( 'NONE',  ( -10.00000000000000000, 10.00000000000000000, -20.00000000000000000 ) ) ;
#6274 = CARTESIAN_POINT ( 'NONE',  ( 83.49974999999996328, 18.50000000000000355, -13.19199700201539471 ) ) ;
#6275 = CARTESIAN_POINT ( 'NONE',  ( 25.08243343236503975, 18.50000000000000355, -17.88406942579587167 ) ) ;
#6276 = ORIENTED_EDGE ( 'NONE', *, *, #885, .F. ) ;
#6277 = CARTESIAN_POINT ( 'NONE',  ( 11.00000000000000355, 17.50000000000000000, -10.15848648317290071 ) ) ;
#6278 = DIRECTION ( 'NONE',  ( 0.3826834323650955549, -0.000000000000000000, 0.9238795325112844070 ) ) ;
#6279 = VECTOR ( 'NONE', #7687, 1000.000000000000000 ) ;
#6280 = ADVANCED_FACE ( 'NONE', ( #9527 ), #7136, .F. ) ;
#6281 = DIRECTION ( 'NONE',  ( -0.9238795325112844070, 0.000000000000000000, 0.3826834323650954994 ) ) ;
#6282 = ORIENTED_EDGE ( 'NONE', *, *, #10167, .T. ) ;
#6283 = DIRECTION ( 'NONE',  ( -0.3826834323650957770, 0.000000000000000000, -0.9238795325112841850 ) ) ;
#6284 = VERTEX_POINT ( 'NONE', #965 ) ;
#6285 = CARTESIAN_POINT ( 'NONE',  ( 34.49974999999995617, 20.00000000000000355, -9.496478871970266411 ) ) ;
#6286 = VERTEX_POINT ( 'NONE', #1019 ) ;
#6287 = CARTESIAN_POINT ( 'NONE',  ( 49.19975000000001586, 2.052697314414772212, -1.919915453368665981 ) ) ;
#6288 = VERTEX_POINT ( 'NONE', #5730 ) ;
#6289 = EDGE_CURVE ( 'NONE', #2998, #4198, #7493, .T. ) ;
#6290 = CARTESIAN_POINT ( 'NONE',  ( 34.05516802938824128, 17.50000000000000000, -18.50000000000000355 ) ) ;
#6291 = FACE_OUTER_BOUND ( 'NONE', #3792, .T. ) ;
#6292 = CARTESIAN_POINT ( 'NONE',  ( 78.59974999999998602, 1.999999999999997780, -2.396757161635504119 ) ) ;
#6293 = CARTESIAN_POINT ( 'NONE',  ( 81.77500000000001990, 2.000000000000000000, -1.500000000000000000 ) ) ;
#6294 = LINE ( 'NONE', #6354, #9565 ) ;
#6295 = CARTESIAN_POINT ( 'NONE',  ( 49.70510779970762627, 2.648745683208483026, -1.500000000000000222 ) ) ;
#6296 = ORIENTED_EDGE ( 'NONE', *, *, #1826, .F. ) ;
#6297 = CARTESIAN_POINT ( 'NONE',  ( 10.00000000000000000, 11.50000000000000000, -3.000000000000001332 ) ) ;
#6298 = DIRECTION ( 'NONE',  ( 0.000000000000000000, 0.000000000000000000, -1.000000000000000000 ) ) ;
#6299 = DIRECTION ( 'NONE',  ( -0.9238795325112844070, 0.000000000000000000, 0.3826834323650956660 ) ) ;
#6300 = ORIENTED_EDGE ( 'NONE', *, *, #5015, .T. ) ;
#6301 = AXIS2_PLACEMENT_3D ( 'NONE', #2348, #446, #8853 ) ;
#6302 = PLANE ( 'NONE',  #8254 ) ;
#6303 = EDGE_CURVE ( 'NONE', #10239, #4252, #8247, .T. ) ;
#6304 = CARTESIAN_POINT ( 'NONE',  ( 92.85516802938823844, 3.000000000000000888, -18.50000000000000355 ) ) ;
#6305 = DIRECTION ( 'NONE',  ( 0.000000000000000000, -1.000000000000000000, 0.000000000000000000 ) ) ;
#6306 = EDGE_LOOP ( 'NONE', ( #6908, #2054, #9370, #3099 ) ) ;
#6307 = DIRECTION ( 'NONE',  ( -0.3826834323650853964, 0.000000000000000000, 0.9238795325112885148 ) ) ;
#6308 = EDGE_CURVE ( 'NONE', #3347, #521, #6600, .T. ) ;
#6309 = DIRECTION ( 'NONE',  ( 1.000000000000000000, -0.000000000000000000, 2.105213941857293549E-15 ) ) ;
#6310 =( BOUNDED_CURVE ( )  B_SPLINE_CURVE ( 3, ( #10430, #2309, #2358, #9724 ),
 .UNSPECIFIED., .F., .F. ) 
 B_SPLINE_CURVE_WITH_KNOTS ( ( 4, 4 ),
 ( 3.141592653589793116, 4.712388980384691450 ),
 .UNSPECIFIED. ) 
 CURVE ( )  GEOMETRIC_REPRESENTATION_ITEM ( )  RATIONAL_B_SPLINE_CURVE ( ( 1.000000000000000000, 0.8047378541243646044, 0.8047378541243646044, 1.000000000000000000 ) ) 
 REPRESENTATION_ITEM ( '' )  );
#6311 = ORIENTED_EDGE ( 'NONE', *, *, #2433, .T. ) ;
#6312 = VECTOR ( 'NONE', #1681, 1000.000000000000000 ) ;
#6313 = LINE ( 'NONE', #3098, #7737 ) ;
#6314 = ORIENTED_EDGE ( 'NONE', *, *, #7040, .F. ) ;
#6315 = ORIENTED_EDGE ( 'NONE', *, *, #5784, .T. ) ;
#6316 = ORIENTED_EDGE ( 'NONE', *, *, #748, .T. ) ;
#6317 = ORIENTED_EDGE ( 'NONE', *, *, #7270, .T. ) ;
#6318 = EDGE_CURVE ( 'NONE', #9591, #10520, #4115, .T. ) ;
#6319 = VECTOR ( 'NONE', #8579, 1000.000000000000114 ) ;
#6320 = PLANE ( 'NONE',  #1009 ) ;
#6321 = AXIS2_PLACEMENT_3D ( 'NONE', #6502, #5690, #4617 ) ;
#6322 = CYLINDRICAL_SURFACE ( 'NONE', #2236, 1.000000000000003109 ) ;
#6323 = FACE_OUTER_BOUND ( 'NONE', #6665, .T. ) ;
#6325 = ADVANCED_FACE ( 'NONE', ( #1772 ), #915, .F. ) ;
#6324 = DIRECTION ( 'NONE',  ( -0.3826834323650956105, 0.000000000000000000, -0.9238795325112842960 ) ) ;
#6326 = EDGE_CURVE ( 'NONE', #2646, #7297, #8137, .T. ) ;
#6327 = CARTESIAN_POINT ( 'NONE',  ( 19.80000000000000426, 20.00000000000000355, -10.35619174377131557 ) ) ;
#6328 = VECTOR ( 'NONE', #6769, 1000.000000000000000 ) ;
#6329 = B_SPLINE_CURVE_WITH_KNOTS ( 'NONE', 3,
 ( #225, #4276, #1992, #3593 ),
 .UNSPECIFIED., .F., .F.,
 ( 4, 4 ),
 ( 0.000000000000000000, 1.000000000000000000 ),
 .UNSPECIFIED. ) ;
#6330 = CARTESIAN_POINT ( 'NONE',  ( 63.89974999999994765, 17.50000000000000000, -12.10960480172300890 ) ) ;
#6331 = ORIENTED_EDGE ( 'NONE', *, *, #4921, .T. ) ;
#6332 = VECTOR ( 'NONE', #6807, 1000.000000000000114 ) ;
#6333 = VECTOR ( 'NONE', #9223, 1000.000000000000114 ) ;
#6334 = VECTOR ( 'NONE', #6698, 1000.000000000000114 ) ;
#6335 = PLANE ( 'NONE',  #9819 ) ;
#6336 = CARTESIAN_POINT ( 'NONE',  ( 10.00000000000000000, 11.50000000000000000, -15.10000000000000142 ) ) ;
#6337 = AXIS2_PLACEMENT_3D ( 'NONE', #479, #594, #2992 ) ;
#6338 = CYLINDRICAL_SURFACE ( 'NONE', #991, 1.000000000000003109 ) ;
#6339 = VERTEX_POINT ( 'NONE', #7335 ) ;
#6340 = DIRECTION ( 'NONE',  ( 0.9238795325112842960, 0.000000000000000000, -0.3826834323650958325 ) ) ;
#6341 = VECTOR ( 'NONE', #9925, 1000.000000000000114 ) ;
#6342 = ORIENTED_EDGE ( 'NONE', *, *, #9769, .F. ) ;
#6343 = CARTESIAN_POINT ( 'NONE',  ( 18.07474999999993770, 20.00000000000000355, -20.00000000000000000 ) ) ;
#6344 = ORIENTED_EDGE ( 'NONE', *, *, #7168, .T. ) ;
#6345 = FACE_OUTER_BOUND ( 'NONE', #4742, .T. ) ;
#6346 = ORIENTED_EDGE ( 'NONE', *, *, #118, .T. ) ;
#6347 = EDGE_CURVE ( 'NONE', #5845, #7541, #3424, .T. ) ;
#6348 = EDGE_CURVE ( 'NONE', #8160, #6262, #6646, .T. ) ;
#6349 = VECTOR ( 'NONE', #2127, 1000.000000000000000 ) ;
#6350 = EDGE_CURVE ( 'NONE', #9993, #9831, #9890, .T. ) ;
#6351 = FACE_OUTER_BOUND ( 'NONE', #1702, .T. ) ;
#6352 = DIRECTION ( 'NONE',  ( -0.000000000000000000, -1.000000000000000000, -0.000000000000000000 ) ) ;
#6353 = DIRECTION ( 'NONE',  ( 0.9238795325112868495, 0.000000000000000000, 0.3826834323650896152 ) ) ;
#6354 = CARTESIAN_POINT ( 'NONE',  ( 30.36182383839119936, 2.000000000000000000, -8.516986300988198977 ) ) ;
#6355 = CARTESIAN_POINT ( 'NONE',  ( 94.82672417090404338, 20.00000000000000355, -18.50000000000000355 ) ) ;
#6356 = ORIENTED_EDGE ( 'NONE', *, *, #815, .F. ) ;
#6357 = PLANE ( 'NONE',  #7324 ) ;
#6358 = DIRECTION ( 'NONE',  ( 0.000000000000000000, 0.000000000000000000, -1.000000000000000000 ) ) ;
#6359 = DIRECTION ( 'NONE',  ( 0.000000000000000000, 0.000000000000000000, 1.000000000000000000 ) ) ;
#6360 = ORIENTED_EDGE ( 'NONE', *, *, #1301, .T. ) ;
#6361 = PLANE ( 'NONE',  #9610 ) ;
#6362 = AXIS2_PLACEMENT_3D ( 'NONE', #8164, #8219, #834 ) ;
#6363 = EDGE_CURVE ( 'NONE', #7920, #9233, #3272, .T. ) ;
#6364 = LINE ( 'NONE', #1639, #9256 ) ;
#6365 = CARTESIAN_POINT ( 'NONE',  ( 41.12474999999994196, 18.50000000000000355, 0.000000000000000000 ) ) ;
#6366 = ORIENTED_EDGE ( 'NONE', *, *, #7846, .T. ) ;
#6367 = FACE_OUTER_BOUND ( 'NONE', #8313, .T. ) ;
#6368 = AXIS2_PLACEMENT_3D ( 'NONE', #5997, #9252, #1129 ) ;
#6369 = CARTESIAN_POINT ( 'NONE',  ( 14.89974999999993877, 17.50000000000000000, -12.10960480172301601 ) ) ;
#6370 = VERTEX_POINT ( 'NONE', #9139 ) ;
#6371 = CARTESIAN_POINT ( 'NONE',  ( 39.39975000000001160, 2.153954234325363259, -1.500000000000000444 ) ) ;
#6372 = ORIENTED_EDGE ( 'NONE', *, *, #8825, .T. ) ;
#6373 = ORIENTED_EDGE ( 'NONE', *, *, #4706, .T. ) ;
#6374 = EDGE_LOOP ( 'NONE', ( #7807, #7971, #6373, #9236 ) ) ;
#6375 = DIRECTION ( 'NONE',  ( 0.9238795325112880708, 0.000000000000000000, 0.3826834323650866176 ) ) ;
#6376 =( BOUNDED_CURVE ( )  B_SPLINE_CURVE ( 3, ( #10540, #8941, #8086, #8036 ),
 .UNSPECIFIED., .F., .F. ) 
 B_SPLINE_CURVE_WITH_KNOTS ( ( 4, 4 ),
 ( 2.200938728951644219, 3.141592653589793116 ),
 .UNSPECIFIED. ) 
 CURVE ( )  GEOMETRIC_REPRESENTATION_ITEM ( )  RATIONAL_B_SPLINE_CURVE ( ( 1.000000000000000000, 0.9276134425277036133, 0.9276134425277036133, 1.000000000000000000 ) ) 
 REPRESENTATION_ITEM ( '' )  );
#6377 = CARTESIAN_POINT ( 'NONE',  ( 34.49974999999994196, 2.999999999999999112, -12.10960480172301068 ) ) ;
#6378 = PLANE ( 'NONE',  #2756 ) ;
#6379 = LINE ( 'NONE', #9628, #8202 ) ;
#6380 = VECTOR ( 'NONE', #4694, 999.9999999999998863 ) ;
#6381 = CARTESIAN_POINT ( 'NONE',  ( 108.0000000000000142, 20.00000000000000355, -10.35619174377131380 ) ) ;
#6382 = CARTESIAN_POINT ( 'NONE',  ( 90.12474999999994907, 20.00000000000000355, -20.00000000000000000 ) ) ;
#6383 = ORIENTED_EDGE ( 'NONE', *, *, #8236, .F. ) ;
#6384 = EDGE_CURVE ( 'NONE', #5396, #3219, #5020, .T. ) ;
#6385 = EDGE_CURVE ( 'NONE', #9686, #1117, #7548, .T. ) ;
#6386 = AXIS2_PLACEMENT_3D ( 'NONE', #4397, #3609, #2809 ) ;
#6387 = CARTESIAN_POINT ( 'NONE',  ( -10.00000000000000000, 0.000000000000000000, 0.000000000000000000 ) ) ;
#6388 = PLANE ( 'NONE',  #1363 ) ;
#6389 = CARTESIAN_POINT ( 'NONE',  ( 11.41421356237310114, 1.999999999999999112, -10.07609428288051312 ) ) ;
#6390 = ORIENTED_EDGE ( 'NONE', *, *, #7194, .T. ) ;
#6391 = EDGE_CURVE ( 'NONE', #10375, #8556, #9035, .T. ) ;
#6392 = VECTOR ( 'NONE', #1402, 1000.000000000000227 ) ;
#6393 = ORIENTED_EDGE ( 'NONE', *, *, #10526, .T. ) ;
#6394 = FACE_OUTER_BOUND ( 'NONE', #6152, .T. ) ;
#6395 = ORIENTED_EDGE ( 'NONE', *, *, #4661, .T. ) ;
#6396 = CARTESIAN_POINT ( 'NONE',  ( 68.80000000000001137, 2.999999999999999112, -7.743669367409184545 ) ) ;
#6397 = ORIENTED_EDGE ( 'NONE', *, *, #7722, .F. ) ;
#6398 =( BOUNDED_CURVE ( )  B_SPLINE_CURVE ( 3, ( #10408, #2291, #680, #9500 ),
 .UNSPECIFIED., .F., .F. ) 
 B_SPLINE_CURVE_WITH_KNOTS ( ( 4, 4 ),
 ( 3.141592653589793116, 4.712388980384690562 ),
 .UNSPECIFIED. ) 
 CURVE ( )  GEOMETRIC_REPRESENTATION_ITEM ( )  RATIONAL_B_SPLINE_CURVE ( ( 1.000000000000000000, 0.8047378541243648264, 0.8047378541243648264, 1.000000000000000000 ) ) 
 REPRESENTATION_ITEM ( '' )  );
#6399 = AXIS2_PLACEMENT_3D ( 'NONE', #8256, #9903, #1677 ) ;
#6400 = CARTESIAN_POINT ( 'NONE',  ( 20.56182383839119510, 2.000000000000000000, -8.516986300988198977 ) ) ;
#6401 = FACE_OUTER_BOUND ( 'NONE', #10173, .T. ) ;
#6402 = DIRECTION ( 'NONE',  ( -0.3826834323650884495, 0.000000000000000000, 0.9238795325112874046 ) ) ;
#6403 = CARTESIAN_POINT ( 'NONE',  ( 59.50510779970762343, 17.50000000000000000, -1.500000000000000000 ) ) ;
#6404 = FACE_OUTER_BOUND ( 'NONE', #6139, .T. ) ;
#6405 = ORIENTED_EDGE ( 'NONE', *, *, #4265, .T. ) ;
#6406 = CARTESIAN_POINT ( 'NONE',  ( 13.17500000000000249, 20.00000000000000355, -1.500000000000000000 ) ) ;
#6407 = DIRECTION ( 'NONE',  ( -1.000000000000000000, -0.000000000000000000, -0.000000000000000000 ) ) ;
#6408 = PLANE ( 'NONE',  #5925 ) ;
#6409 = ORIENTED_EDGE ( 'NONE', *, *, #918, .T. ) ;
#6410 = CARTESIAN_POINT ( 'NONE',  ( 44.01492637635665517, 18.11602497579401572, -18.49999999999999645 ) ) ;
#6411 = AXIS2_PLACEMENT_3D ( 'NONE', #1314, #3772, #7052 ) ;
#6412 = DIRECTION ( 'NONE',  ( 1.000000000000000000, 0.000000000000000000, 0.000000000000000000 ) ) ;
#6413 = CARTESIAN_POINT ( 'NONE',  ( 50.92474999999993912, 18.50000000000000355, -18.50000000000000000 ) ) ;
#6414 = LINE ( 'NONE', #3249, #2587 ) ;
#6415 = ORIENTED_EDGE ( 'NONE', *, *, #5444, .T. ) ;
#6416 = CARTESIAN_POINT ( 'NONE',  ( 46.02500000000001279, 2.000000000000000000, 0.000000000000000000 ) ) ;
#6417 = EDGE_CURVE ( 'NONE', #3259, #1649, #7444, .T. ) ;
#6418 = CARTESIAN_POINT ( 'NONE',  ( 34.49974999999994196, 18.30794360463553971, -18.50000000000000355 ) ) ;
#6419 = ORIENTED_EDGE ( 'NONE', *, *, #3434, .T. ) ;
#6420 = CARTESIAN_POINT ( 'NONE',  ( 0.000000000000000000, 2.000000000000000000, -20.00000000000000000 ) ) ;
#6421 = VERTEX_POINT ( 'NONE', #8986 ) ;
#6422 = ORIENTED_EDGE ( 'NONE', *, *, #7206, .T. ) ;
#6423 = VERTEX_POINT ( 'NONE', #8342 ) ;
#6424 = ADVANCED_FACE ( 'NONE', ( #9088 ), #5885, .T. ) ;
#6425 = DIRECTION ( 'NONE',  ( 0.000000000000000000, -1.000000000000000000, 0.000000000000000000 ) ) ;
#6426 = LINE ( 'NONE', #4106, #7344 ) ;
#6427 = FACE_OUTER_BOUND ( 'NONE', #4005, .T. ) ;
#6428 = CARTESIAN_POINT ( 'NONE',  ( 0.000000000000000000, 10.00000000000000000, 0.000000000000000000 ) ) ;
#6429 = FACE_OUTER_BOUND ( 'NONE', #9075, .T. ) ;
#6430 = CARTESIAN_POINT ( 'NONE',  ( 62.37277582909585050, 20.00000000000000355, -18.50000000000000000 ) ) ;
#6431 = ADVANCED_FACE ( 'NONE', ( #1665 ), #9737, .F. ) ;
#6432 = VERTEX_POINT ( 'NONE', #5294 ) ;
#6433 = DIRECTION ( 'NONE',  ( 0.3826834323650853964, 0.000000000000000000, -0.9238795325112886259 ) ) ;
#6434 = LINE ( 'NONE', #1558, #5624 ) ;
#6435 = DIRECTION ( 'NONE',  ( -0.000000000000000000, -1.000000000000000000, -0.000000000000000000 ) ) ;
#6436 = ORIENTED_EDGE ( 'NONE', *, *, #6758, .F. ) ;
#6437 = EDGE_CURVE ( 'NONE', #3462, #7407, #8348, .T. ) ;
#6438 = VERTEX_POINT ( 'NONE', #6806 ) ;
#6439 = DIRECTION ( 'NONE',  ( -0.9238795325112844070, 0.000000000000000000, 0.3826834323650954994 ) ) ;
#6440 = ORIENTED_EDGE ( 'NONE', *, *, #8871, .T. ) ;
#6441 = CARTESIAN_POINT ( 'NONE',  ( 68.79975000000000307, 2.000000000000000444, -6.661277167116793407 ) ) ;
#6442 = VERTEX_POINT ( 'NONE', #2678 ) ;
#6443 = VECTOR ( 'NONE', #934, 1000.000000000000000 ) ;
#6444 = EDGE_CURVE ( 'NONE', #563, #4822, #9188, .T. ) ;
#6445 = ORIENTED_EDGE ( 'NONE', *, *, #8441, .F. ) ;
#6446 = DIRECTION ( 'NONE',  ( -0.3826834323650853964, 0.000000000000000000, 0.9238795325112885148 ) ) ;
#6447 = DIRECTION ( 'NONE',  ( 0.3826834323650956105, -0.000000000000000000, 0.9238795325112842960 ) ) ;
#6448 = DIRECTION ( 'NONE',  ( 0.000000000000000000, 0.000000000000000000, -1.000000000000000000 ) ) ;
#6449 = LINE ( 'NONE', #2532, #66 ) ;
#6450 = VERTEX_POINT ( 'NONE', #10115 ) ;
#6451 = CARTESIAN_POINT ( 'NONE',  ( 62.17500000000001137, 2.000000000000000000, 0.000000000000000000 ) ) ;
#6452 = EDGE_CURVE ( 'NONE', #6003, #2166, #1177, .T. ) ;
#6453 = EDGE_CURVE ( 'NONE', #5562, #10016, #2098, .T. ) ;
#6454 = FACE_OUTER_BOUND ( 'NONE', #9974, .T. ) ;
#6455 = DIRECTION ( 'NONE',  ( 0.3826834323650956660, 0.000000000000000000, 0.9238795325112844070 ) ) ;
#6456 = ORIENTED_EDGE ( 'NONE', *, *, #9112, .F. ) ;
#6457 =( BOUNDED_CURVE ( )  B_SPLINE_CURVE ( 3, ( #3500, #6935, #8523, #10185 ),
 .UNSPECIFIED., .F., .F. ) 
 B_SPLINE_CURVE_WITH_KNOTS ( ( 4, 4 ),
 ( 1.570796326794901221, 3.141592653589793116 ),
 .UNSPECIFIED. ) 
 CURVE ( )  GEOMETRIC_REPRESENTATION_ITEM ( )  RATIONAL_B_SPLINE_CURVE ( ( 1.000000000000000000, 0.8047378541243661587, 0.8047378541243661587, 1.000000000000000000 ) ) 
 REPRESENTATION_ITEM ( '' )  );
#6458 = CARTESIAN_POINT ( 'NONE',  ( 11.00000000000000355, 27.21604200192311040, -10.15848648317290071 ) ) ;
#6459 = DIRECTION ( 'NONE',  ( 0.3826834323650853964, 0.000000000000000000, -0.9238795325112886259 ) ) ;
#6460 = PLANE ( 'NONE',  #4979 ) ;
#6461 = CARTESIAN_POINT ( 'NONE',  ( 10.00000000000000178, 10.00000000000000000, 0.000000000000000000 ) ) ;
#6463 = VERTEX_POINT ( 'NONE', #6157 ) ;
#6462 = VECTOR ( 'NONE', #1561, 1000.000000000000000 ) ;
#6464 = CARTESIAN_POINT ( 'NONE',  ( 0.000000000000000000, 18.50000000000000355, -1.500000000000000000 ) ) ;
#6465 = LINE ( 'NONE', #9712, #3767 ) ;
#6466 = FACE_OUTER_BOUND ( 'NONE', #1072, .T. ) ;
#6467 = EDGE_LOOP ( 'NONE', ( #954, #4976, #3445, #7413, #1807 ) ) ;
#6468 = CARTESIAN_POINT ( 'NONE',  ( 106.5857864376269220, 1.999999999999999112, -10.07488717609925999 ) ) ;
#6469 = ORIENTED_EDGE ( 'NONE', *, *, #4055, .T. ) ;
#6470 = VERTEX_POINT ( 'NONE', #4379 ) ;
#6471 = ORIENTED_EDGE ( 'NONE', *, *, #547, .F. ) ;
#6472 = EDGE_CURVE ( 'NONE', #2838, #7338, #6862, .T. ) ;
#6473 = EDGE_CURVE ( 'NONE', #3146, #2737, #334, .T. ) ;
#6474 = DIRECTION ( 'NONE',  ( 1.000000000000000000, 0.000000000000000000, -0.000000000000000000 ) ) ;
#6475 = EDGE_CURVE ( 'NONE', #238, #2369, #4327, .T. ) ;
#6476 = LINE ( 'NONE', #8022, #3243 ) ;
#6477 = CARTESIAN_POINT ( 'NONE',  ( 98.19975000000002296, 18.44730268558522823, -1.919915453368660652 ) ) ;
#6478 = VECTOR ( 'NONE', #10516, 1000.000000000000000 ) ;
#6479 = CARTESIAN_POINT ( 'NONE',  ( 41.12474999999994196, 20.00000000000000355, -20.00000000000000000 ) ) ;
#6480 = LINE ( 'NONE', #9578, #177 ) ;
#6481 = FACE_OUTER_BOUND ( 'NONE', #5851, .T. ) ;
#6482 = ORIENTED_EDGE ( 'NONE', *, *, #10093, .F. ) ;
#6483 = VECTOR ( 'NONE', #2805, 1000.000000000000000 ) ;
#6484 = VECTOR ( 'NONE', #9137, 1000.000000000000000 ) ;
#6485 = AXIS2_PLACEMENT_3D ( 'NONE', #8355, #3601, #3436 ) ;
#6486 = CARTESIAN_POINT ( 'NONE',  ( 94.82672417090404338, 20.00000000000000355, -18.50000000000000355 ) ) ;
#6487 = DIRECTION ( 'NONE',  ( 0.3826834323650856740, 0.000000000000000000, -0.9238795325112884038 ) ) ;
#6488 = DIRECTION ( 'NONE',  ( 1.000000000000000000, 0.000000000000000000, -0.000000000000000000 ) ) ;
#6489 = DIRECTION ( 'NONE',  ( 0.3826834323650853964, 0.000000000000000000, -0.9238795325112885148 ) ) ;
#6490 = EDGE_CURVE ( 'NONE', #4568, #7315, #5191, .T. ) ;
#6491 = DIRECTION ( 'NONE',  ( 0.000000000000000000, -1.000000000000000000, 0.000000000000000000 ) ) ;
#6492 = ORIENTED_EDGE ( 'NONE', *, *, #5924, .F. ) ;
#6493 = AXIS2_PLACEMENT_3D ( 'NONE', #503, #3602, #6113 ) ;
#6494 = VERTEX_POINT ( 'NONE', #10169 ) ;
#6495 = EDGE_LOOP ( 'NONE', ( #1061, #485, #7596, #5317 ) ) ;
#6496 = DIRECTION ( 'NONE',  ( -0.3826834323650853964, -0.000000000000000000, 0.9238795325112885148 ) ) ;
#6497 = AXIS2_PLACEMENT_3D ( 'NONE', #8770, #1339, #1234 ) ;
#6498 = ORIENTED_EDGE ( 'NONE', *, *, #9167, .T. ) ;
#6499 = VECTOR ( 'NONE', #6448, 1000.000000000000000 ) ;
#6500 = VECTOR ( 'NONE', #5268, 1000.000000000000000 ) ;
#6501 = VECTOR ( 'NONE', #2478, 1000.000000000000114 ) ;
#6502 = CARTESIAN_POINT ( 'NONE',  ( 40.97175367384360101, 17.50000000000000000, 16.97105604591547134 ) ) ;
#6503 = VECTOR ( 'NONE', #3851, 1000.000000000000000 ) ;
#6504 = CARTESIAN_POINT ( 'NONE',  ( 62.37277582909585050, 2.000000000000000000, -18.50000000000000000 ) ) ;
#6505 = CARTESIAN_POINT ( 'NONE',  ( 34.49974999999994196, 18.30794360463553971, -18.50000000000000355 ) ) ;
#6506 = EDGE_LOOP ( 'NONE', ( #616, #2828, #4064, #9545, #7360 ) ) ;
#6507 = LINE ( 'NONE', #6451, #6312 ) ;
#6508 = DIRECTION ( 'NONE',  ( 1.000000000000000000, 0.000000000000000000, -0.000000000000000000 ) ) ;
#6509 = ORIENTED_EDGE ( 'NONE', *, *, #4920, .F. ) ;
#6510 = DIRECTION ( 'NONE',  ( -0.000000000000000000, -1.000000000000000000, -0.000000000000000000 ) ) ;
#6511 = ORIENTED_EDGE ( 'NONE', *, *, #7583, .F. ) ;
#6512 = ORIENTED_EDGE ( 'NONE', *, *, #1086, .F. ) ;
#6513 = LINE ( 'NONE', #9762, #10476 ) ;
#6514 = VECTOR ( 'NONE', #4071, 1000.000000000000000 ) ;
#6515 = DIRECTION ( 'NONE',  ( -1.000000000000000000, -0.000000000000000000, -2.732708689314432271E-16 ) ) ;
#6516 = VECTOR ( 'NONE', #10015, 999.9999999999998863 ) ;
#6517 = EDGE_CURVE ( 'NONE', #1053, #1347, #2845, .T. ) ;
#6518 = EDGE_CURVE ( 'NONE', #9591, #3537, #5936, .T. ) ;
#6519 = DIRECTION ( 'NONE',  ( 1.000000000000000000, 0.000000000000000000, 0.000000000000000000 ) ) ;
#6520 = DIRECTION ( 'NONE',  ( 0.9238845464943026276, -0.000000000000000000, 0.3826713273149908168 ) ) ;
#6521 = VERTEX_POINT ( 'NONE', #8565 ) ;
#6522 =( BOUNDED_CURVE ( )  B_SPLINE_CURVE ( 3, ( #9181, #1069, #4320, #6797 ),
 .UNSPECIFIED., .F., .F. ) 
 B_SPLINE_CURVE_WITH_KNOTS ( ( 4, 4 ),
 ( 1.570796326794902331, 3.141592653589793116 ),
 .UNSPECIFIED. ) 
 CURVE ( )  GEOMETRIC_REPRESENTATION_ITEM ( )  RATIONAL_B_SPLINE_CURVE ( ( 1.000000000000000000, 0.8047378541243663808, 0.8047378541243663808, 1.000000000000000000 ) ) 
 REPRESENTATION_ITEM ( '' )  );
#6523 = CARTESIAN_POINT ( 'NONE',  ( 59.00000000000001421, 12.66666666666666607, -7.744272920799767590 ) ) ;
#6524 = CARTESIAN_POINT ( 'NONE',  ( 29.59975000000001444, 18.34604576567463852, -1.499999999999999556 ) ) ;
#6525 = VECTOR ( 'NONE', #158, 1000.000000000000000 ) ;
#6526 = CARTESIAN_POINT ( 'NONE',  ( 83.49974999999994907, 2.192056395364472721, -18.50000000000000000 ) ) ;
#6527 = ORIENTED_EDGE ( 'NONE', *, *, #10203, .T. ) ;
#6528 = CARTESIAN_POINT ( 'NONE',  ( 107.0000000000000284, 2.414213562373094479, -10.15727937639165468 ) ) ;
#6529 = EDGE_CURVE ( 'NONE', #684, #9776, #441, .T. ) ;
#6530 = ORIENTED_EDGE ( 'NONE', *, *, #4222, .F. ) ;
#6531 = VERTEX_POINT ( 'NONE', #4537 ) ;
#6532 = EDGE_LOOP ( 'NONE', ( #7506, #2526, #2957, #8656, #2088 ) ) ;
#6533 = CARTESIAN_POINT ( 'NONE',  ( 31.32474999999994125, 2.000000000000000000, 0.000000000000000000 ) ) ;
#6534 = AXIS2_PLACEMENT_3D ( 'NONE', #8649, #536, #3882 ) ;
#6535 = DIRECTION ( 'NONE',  ( -0.3826834323650956105, 0.000000000000000000, -0.9238795325112842960 ) ) ;
#6536 = PLANE ( 'NONE',  #4112 ) ;
#6537 = CARTESIAN_POINT ( 'NONE',  ( 65.42672417090405190, 18.50000000000000355, -18.50000000000000355 ) ) ;
#6538 = CARTESIAN_POINT ( 'NONE',  ( 85.02672417090403201, 20.00000000000000355, -18.50000000000000355 ) ) ;
#6539 = AXIS2_PLACEMENT_3D ( 'NONE', #4141, #5160, #306 ) ;
#6540 = DIRECTION ( 'NONE',  ( 0.000000000000000000, 0.000000000000000000, -1.000000000000000000 ) ) ;
#6541 = ORIENTED_EDGE ( 'NONE', *, *, #8249, .T. ) ;
#6542 = ADVANCED_FACE ( 'NONE', ( #3693 ), #277, .T. ) ;
#6543 = CARTESIAN_POINT ( 'NONE',  ( 73.25516802938824412, 2.999999999999999112, -18.50000000000001066 ) ) ;
#6544 = CARTESIAN_POINT ( 'NONE',  ( 14.89974999999993521, 2.414213562373093591, -12.10960480172301068 ) ) ;
#6545 = DIRECTION ( 'NONE',  ( 0.3826834323650956105, 0.000000000000000000, 0.9238795325112842960 ) ) ;
#6546 = PLANE ( 'NONE',  #3585 ) ;
#6547 = PLANE ( 'NONE',  #8165 ) ;
#6548 = ORIENTED_EDGE ( 'NONE', *, *, #3763, .F. ) ;
#6549 = EDGE_CURVE ( 'NONE', #6463, #4094, #9999, .T. ) ;
#6550 = EDGE_LOOP ( 'NONE', ( #7068, #10228, #4794, #4177, #4633 ) ) ;
#6551 = EDGE_LOOP ( 'NONE', ( #4849, #8622, #7005, #1883 ) ) ;
#6552 = PLANE ( 'NONE',  #4662 ) ;
#6553 = ORIENTED_EDGE ( 'NONE', *, *, #6843, .F. ) ;
#6554 = EDGE_CURVE ( 'NONE', #6245, #8422, #6865, .T. ) ;
#6555 = DIRECTION ( 'NONE',  ( 0.3826834323650956105, 0.000000000000000000, 0.9238795325112842960 ) ) ;
#6556 = DIRECTION ( 'NONE',  ( 0.3826834323650856740, 0.000000000000000000, -0.9238795325112884038 ) ) ;
#6557 = AXIS2_PLACEMENT_3D ( 'NONE', #3168, #3913, #5479 ) ;
#6558 = CARTESIAN_POINT ( 'NONE',  ( 22.97500000000000142, 20.00000000000000355, 0.000000000000000000 ) ) ;
#6559 = CARTESIAN_POINT ( 'NONE',  ( 73.69974999999993770, 17.50000000000000000, -12.10960480172301601 ) ) ;
#6560 = EDGE_LOOP ( 'NONE', ( #9941, #10320, #9126, #3406 ) ) ;
#6561 = LINE ( 'NONE', #9810, #10051 ) ;
#6562 = CARTESIAN_POINT ( 'NONE',  ( 39.39990018253440240, 18.50000000000000355, -10.35688186661323762 ) ) ;
#6563 = ORIENTED_EDGE ( 'NONE', *, *, #343, .T. ) ;
#6564 = LINE ( 'NONE', #4132, #4383 ) ;
#6565 = EDGE_LOOP ( 'NONE', ( #10559, #7586, #3733, #4901, #1573 ) ) ;
#6566 = ORIENTED_EDGE ( 'NONE', *, *, #6444, .T. ) ;
#6567 = DIRECTION ( 'NONE',  ( 0.000000000000000000, 0.000000000000000000, 1.000000000000000000 ) ) ;
#6568 = VECTOR ( 'NONE', #10140, 1000.000000000000114 ) ;
#6569 = ORIENTED_EDGE ( 'NONE', *, *, #10426, .T. ) ;
#6570 = ADVANCED_FACE ( 'NONE', ( #8403 ), #2730, .F. ) ;
#6571 = VECTOR ( 'NONE', #9630, 1000.000000000000114 ) ;
#6572 = CARTESIAN_POINT ( 'NONE',  ( 91.57500000000001705, 2.000000000000000000, 0.000000000000000000 ) ) ;
#6573 = CARTESIAN_POINT ( 'NONE',  ( 73.69974999999995191, 20.00000000000000355, -9.496478871970266411 ) ) ;
#6574 = VERTEX_POINT ( 'NONE', #3589 ) ;
#6575 = LINE ( 'NONE', #1693, #8855 ) ;
#6576 = PLANE ( 'NONE',  #3257 ) ;
#6577 = CARTESIAN_POINT ( 'NONE',  ( 83.21492637635665801, 2.383975024205970517, -18.50000000000000000 ) ) ;
#6578 = ORIENTED_EDGE ( 'NONE', *, *, #4558, .T. ) ;
#6579 = AXIS2_PLACEMENT_3D ( 'NONE', #7247, #69, #5788 ) ;
#6580 = CARTESIAN_POINT ( 'NONE',  ( 55.82500000000001705, 2.000000000000000000, -1.500000000000000000 ) ) ;
#6581 = ORIENTED_EDGE ( 'NONE', *, *, #7846, .F. ) ;
#6582 = EDGE_CURVE ( 'NONE', #10371, #8115, #490, .T. ) ;
#6583 = EDGE_CURVE ( 'NONE', #3370, #2116, #6271, .T. ) ;
#6584 = VERTEX_POINT ( 'NONE', #1452 ) ;
#6585 = EDGE_LOOP ( 'NONE', ( #8809, #143, #4899, #3826, #2278, #5397, #3454 ) ) ;
#6586 = VECTOR ( 'NONE', #1557, 1000.000000000000000 ) ;
#6587 =( BOUNDED_CURVE ( )  B_SPLINE_CURVE ( 3, ( #1845, #5860, #10141, #3556 ),
 .UNSPECIFIED., .F., .F. ) 
 B_SPLINE_CURVE_WITH_KNOTS ( ( 4, 4 ),
 ( 3.141592653589793116, 4.150116409062345468 ),
 .UNSPECIFIED. ) 
 CURVE ( )  GEOMETRIC_REPRESENTATION_ITEM ( )  RATIONAL_B_SPLINE_CURVE ( ( 1.000000000000000000, 0.9170208966857373856, 0.9170208966857373856, 1.000000000000000000 ) ) 
 REPRESENTATION_ITEM ( '' )  );
#6588 = EDGE_CURVE ( 'NONE', #1282, #483, #7225, .T. ) ;
#6589 = DIRECTION ( 'NONE',  ( -0.000000000000000000, -1.000000000000000000, -0.000000000000000000 ) ) ;
#6590 = CARTESIAN_POINT ( 'NONE',  ( 10.00000000000000000, 10.00000000000000000, -15.10000000000000142 ) ) ;
#6591 = CARTESIAN_POINT ( 'NONE',  ( 14.67364042459307427, 18.50000000000000355, 2.018727961996194420 ) ) ;
#6592 = DIRECTION ( 'NONE',  ( 0.3826834323650853964, 0.000000000000000000, -0.9238795325112885148 ) ) ;
#6593 = CARTESIAN_POINT ( 'NONE',  ( 50.92474999999993912, 20.00000000000000355, -18.50000000000000000 ) ) ;
#6594 = EDGE_CURVE ( 'NONE', #67, #664, #7127, .T. ) ;
#6595 = EDGE_CURVE ( 'NONE', #1951, #10541, #2310, .T. ) ;
#6596 = DIRECTION ( 'NONE',  ( 0.9238795325112844070, 0.000000000000000000, -0.3826834323650956660 ) ) ;
#6597 = ORIENTED_EDGE ( 'NONE', *, *, #4598, .F. ) ;
#6598 = DIRECTION ( 'NONE',  ( 1.000000000000000000, -0.000000000000000000, -1.548860246407863336E-16 ) ) ;
#6599 = CARTESIAN_POINT ( 'NONE',  ( 98.19975000000002296, 1.999999999999999556, -6.661277167116780085 ) ) ;
#6600 = LINE ( 'NONE', #8189, #4810 ) ;
#6601 = CARTESIAN_POINT ( 'NONE',  ( 34.49974999999992775, 18.50000000000000355, -14.72273073147575850 ) ) ;
#6602 = CARTESIAN_POINT ( 'NONE',  ( -10.00000000000000000, 10.00000000000000000, 0.000000000000000000 ) ) ;
#6603 = ORIENTED_EDGE ( 'NONE', *, *, #9338, .T. ) ;
#6604 = ORIENTED_EDGE ( 'NONE', *, *, #6654, .F. ) ;
#6605 = CARTESIAN_POINT ( 'NONE',  ( 78.59975000000002865, 18.34604576567463496, -1.500000000000001332 ) ) ;
#6606 = ORIENTED_EDGE ( 'NONE', *, *, #4348, .T. ) ;
#6607 = EDGE_CURVE ( 'NONE', #8610, #10470, #7870, .T. ) ;
#6608 = ADVANCED_FACE ( 'NONE', ( #7815 ), #3896, .F. ) ;
#6609 = LINE ( 'NONE', #818, #1777 ) ;
#6610 = CARTESIAN_POINT ( 'NONE',  ( 19.79975000000000307, 18.50000000000000000, -2.396757161635502342 ) ) ;
#6611 = DIRECTION ( 'NONE',  ( -0.9238795325112882928, 0.000000000000000000, -0.3826834323650858960 ) ) ;
#6612 = ORIENTED_EDGE ( 'NONE', *, *, #9452, .T. ) ;
#6613 = DIRECTION ( 'NONE',  ( 0.9238795325112842960, 0.000000000000000000, -0.3826834323650958325 ) ) ;
#6614 = LINE ( 'NONE', #3978, #1047 ) ;
#6615 = ORIENTED_EDGE ( 'NONE', *, *, #9146, .T. ) ;
#6616 = CARTESIAN_POINT ( 'NONE',  ( 73.69974999999995191, 2.000000000000000000, -16.96018989328456428 ) ) ;
#6617 = ORIENTED_EDGE ( 'NONE', *, *, #5897, .T. ) ;
#6618 = ORIENTED_EDGE ( 'NONE', *, *, #10066, .F. ) ;
#6619 = CARTESIAN_POINT ( 'NONE',  ( 103.0997499999999576, 18.30794360463553261, -18.50000000000000000 ) ) ;
#6620 = VERTEX_POINT ( 'NONE', #10379 ) ;
#6621 = ADVANCED_FACE ( 'NONE', ( #6323 ), #7175, .F. ) ;
#6622 = DIRECTION ( 'NONE',  ( -0.3826834323650853964, -0.000000000000000000, 0.9238795325112885148 ) ) ;
#6623 = LINE ( 'NONE', #8375, #7081 ) ;
#6624 = LINE ( 'NONE', #3987, #10073 ) ;
#6625 = ORIENTED_EDGE ( 'NONE', *, *, #7046, .T. ) ;
#6626 = DIRECTION ( 'NONE',  ( 0.000000000000000000, 0.000000000000000000, -1.000000000000000000 ) ) ;
#6627 = ADVANCED_FACE ( 'NONE', ( #9520 ), #550, .F. ) ;
#6628 = LINE ( 'NONE', #3353, #5651 ) ;
#6629 = CARTESIAN_POINT ( 'NONE',  ( 58.99989330582618408, 2.000000000000000000, -10.35683949133576398 ) ) ;
#6630 = ORIENTED_EDGE ( 'NONE', *, *, #7760, .F. ) ;
#6631 = CARTESIAN_POINT ( 'NONE',  ( 0.000000000000000000, 18.50000000000000355, 0.000000000000000000 ) ) ;
#6632 = EDGE_LOOP ( 'NONE', ( #3235, #167, #1273, #2954, #296 ) ) ;
#6633 = ORIENTED_EDGE ( 'NONE', *, *, #7814, .T. ) ;
#6634 = ORIENTED_EDGE ( 'NONE', *, *, #93, .T. ) ;
#6635 = DIRECTION ( 'NONE',  ( 1.000000000000000000, -0.000000000000000000, 0.000000000000000000 ) ) ;
#6636 = DIRECTION ( 'NONE',  ( -0.000000000000000000, -1.000000000000000000, -0.000000000000000000 ) ) ;
#6637 = LINE ( 'NONE', #8238, #6696 ) ;
#6638 = DIRECTION ( 'NONE',  ( 0.3826834323650853964, 0.000000000000000000, -0.9238795325112886259 ) ) ;
#6639 = CARTESIAN_POINT ( 'NONE',  ( 22.97500000000000142, 2.000000000000000000, 0.000000000000000000 ) ) ;
#6640 = CARTESIAN_POINT ( 'NONE',  ( 14.89974999999993521, 18.50000000000000355, -13.19199700201540004 ) ) ;
#6641 = EDGE_CURVE ( 'NONE', #6002, #8765, #3797, .T. ) ;
#6642 = VERTEX_POINT ( 'NONE', #1497 ) ;
#6643 = ADVANCED_FACE ( 'NONE', ( #8771 ), #7077, .F. ) ;
#6644 = ADVANCED_FACE ( 'NONE', ( #6427 ), #7928, .F. ) ;
#6645 = DIRECTION ( 'NONE',  ( 1.000000000000000000, -0.000000000000000000, -0.000000000000000000 ) ) ;
#6646 = LINE ( 'NONE', #56, #2598 ) ;
#6647 = CARTESIAN_POINT ( 'NONE',  ( 20.26314296503858969, 2.000000000000000000, -4.011813856752078244 ) ) ;
#6648 = DIRECTION ( 'NONE',  ( -0.3826834323650958325, -0.000000000000000000, -0.9238795325112842960 ) ) ;
#6649 = VERTEX_POINT ( 'NONE', #8662 ) ;
#6650 =( BOUNDED_CURVE ( )  B_SPLINE_CURVE ( 3, ( #9797, #3329, #6389, #9846 ),
 .UNSPECIFIED., .F., .F. ) 
 B_SPLINE_CURVE_WITH_KNOTS ( ( 4, 4 ),
 ( 3.141592653589793116, 4.712388980384689674 ),
 .UNSPECIFIED. ) 
 CURVE ( )  GEOMETRIC_REPRESENTATION_ITEM ( )  RATIONAL_B_SPLINE_CURVE ( ( 1.000000000000000000, 0.8047378541243649375, 0.8047378541243649375, 1.000000000000000000 ) ) 
 REPRESENTATION_ITEM ( '' )  );
#6651 = VECTOR ( 'NONE', #6132, 1000.000000000000114 ) ;
#6652 = ORIENTED_EDGE ( 'NONE', *, *, #4753, .F. ) ;
#6653 = LINE ( 'NONE', #5026, #53 ) ;
#6654 = EDGE_CURVE ( 'NONE', #10510, #9462, #3054, .T. ) ;
#6655 = ORIENTED_EDGE ( 'NONE', *, *, #2144, .T. ) ;
#6656 = LINE ( 'NONE', #10548, #9201 ) ;
#6657 = PLANE ( 'NONE',  #9228 ) ;
#6658 = VECTOR ( 'NONE', #4547, 1000.000000000000114 ) ;
#6659 = CARTESIAN_POINT ( 'NONE',  ( 29.09439220029240403, 2.999999999999999112, -1.499999999999999556 ) ) ;
#6660 = VERTEX_POINT ( 'NONE', #10326 ) ;
#6661 = CARTESIAN_POINT ( 'NONE',  ( 104.8250000000000171, 2.000000000000000000, -1.500000000000000000 ) ) ;
#6662 = ORIENTED_EDGE ( 'NONE', *, *, #2134, .T. ) ;
#6663 = CARTESIAN_POINT ( 'NONE',  ( 10.00000000000000178, 18.50000000000000355, -8.673617379884037444E-16 ) ) ;
#6664 = ORIENTED_EDGE ( 'NONE', *, *, #3367, .F. ) ;
#6665 = EDGE_LOOP ( 'NONE', ( #6892, #8407, #694, #6013 ) ) ;
#6666 = LINE ( 'NONE', #4235, #1765 ) ;
#6667 = VECTOR ( 'NONE', #1465, 1000.000000000000000 ) ;
#6668 = VERTEX_POINT ( 'NONE', #1399 ) ;
#6669 = EDGE_CURVE ( 'NONE', #867, #2303, #607, .T. ) ;
#6670 = ADVANCED_FACE ( 'NONE', ( #7024 ), #6378, .F. ) ;
#6671 = EDGE_CURVE ( 'NONE', #6432, #9106, #3947, .T. ) ;
#6672 = AXIS2_PLACEMENT_3D ( 'NONE', #4140, #6883, #10139 ) ;
#6673 = VECTOR ( 'NONE', #2489, 1000.000000000000000 ) ;
#6674 = CARTESIAN_POINT ( 'NONE',  ( 79.52387953251130170, 2.000000000000000000, -7.361589488434682416 ) ) ;
#6675 = CARTESIAN_POINT ( 'NONE',  ( 95.02500000000000568, 2.000000000000000000, 0.000000000000000000 ) ) ;
#6676 = CARTESIAN_POINT ( 'NONE',  ( 39.23794430587991400, 18.50000000000000355, -8.134302868623109362 ) ) ;
#6677 = ORIENTED_EDGE ( 'NONE', *, *, #1148, .T. ) ;
#6678 = LINE ( 'NONE', #9975, #5276 ) ;
#6679 = CARTESIAN_POINT ( 'NONE',  ( 46.02500000000001279, 20.00000000000000355, 0.000000000000000000 ) ) ;
#6680 = PLANE ( 'NONE',  #3360 ) ;
#6681 = VERTEX_POINT ( 'NONE', #800 ) ;
#6682 = VECTOR ( 'NONE', #8976, 1000.000000000000000 ) ;
#6683 = CARTESIAN_POINT ( 'NONE',  ( 91.57500000000001705, 2.000000000000000000, -1.500000000000000000 ) ) ;
#6684 = VERTEX_POINT ( 'NONE', #5720 ) ;
#6685 = VECTOR ( 'NONE', #2993, 1000.000000000000000 ) ;
#6686 = ORIENTED_EDGE ( 'NONE', *, *, #1892, .F. ) ;
#6687 = ORIENTED_EDGE ( 'NONE', *, *, #3948, .T. ) ;
#6688 = ADVANCED_FACE ( 'NONE', ( #150 ), #850, .T. ) ;
#6689 = DIRECTION ( 'NONE',  ( -0.000000000000000000, -1.000000000000000000, -0.000000000000000000 ) ) ;
#6690 = VECTOR ( 'NONE', #7373, 1000.000000000000000 ) ;
#6691 = DIRECTION ( 'NONE',  ( -0.3826834323650861736, -0.000000000000000000, 0.9238795325112881818 ) ) ;
#6692 = DIRECTION ( 'NONE',  ( -1.000000000000000000, 0.000000000000000000, -0.000000000000000000 ) ) ;
#6693 = DIRECTION ( 'NONE',  ( -0.3826834323650958325, -0.000000000000000000, -0.9238795325112842960 ) ) ;
#6694 = LINE ( 'NONE', #8334, #1380 ) ;
#6695 = ORIENTED_EDGE ( 'NONE', *, *, #3736, .T. ) ;
#6696 = VECTOR ( 'NONE', #2468, 1000.000000000000000 ) ;
#6697 = CARTESIAN_POINT ( 'NONE',  ( 63.89974999999994765, 18.50000000000000355, -14.72273073147577627 ) ) ;
#6698 = DIRECTION ( 'NONE',  ( -0.3827076417426388821, -0.000000000000000000, -0.9238695042871519769 ) ) ;
#6699 = DIRECTION ( 'NONE',  ( -0.3826834323650958325, -0.000000000000000000, -0.9238795325112842960 ) ) ;
#6700 = CARTESIAN_POINT ( 'NONE',  ( 55.82500000000001705, 18.50000000000000355, 0.000000000000000000 ) ) ;
#6701 = CYLINDRICAL_SURFACE ( 'NONE', #9502, 0.9999999999999994449 ) ;
#6702 = CARTESIAN_POINT ( 'NONE',  ( 34.02045243810035657, 2.000000000000000000, -18.11731656763490861 ) ) ;
#6703 = VERTEX_POINT ( 'NONE', #9080 ) ;
#6704 = VECTOR ( 'NONE', #5775, 1000.000000000000000 ) ;
#6705 = ORIENTED_EDGE ( 'NONE', *, *, #3502, .F. ) ;
#6706 = DIRECTION ( 'NONE',  ( 0.9996731270942285086, -0.000000000000000000, 0.02556636395044234109 ) ) ;
#6707 = ADVANCED_FACE ( 'NONE', ( #3414 ), #1602, .F. ) ;
#6708 = EDGE_CURVE ( 'NONE', #2221, #9430, #8697, .T. ) ;
#6709 = ORIENTED_EDGE ( 'NONE', *, *, #1774, .F. ) ;
#6710 = DIRECTION ( 'NONE',  ( -0.3826834323650956105, 0.000000000000000000, -0.9238795325112842960 ) ) ;
#6711 = DIRECTION ( 'NONE',  ( 0.3826834323650853964, 0.000000000000000000, -0.9238795325112886259 ) ) ;
#6712 = EDGE_CURVE ( 'NONE', #2444, #10091, #369, .T. ) ;
#6713 = VECTOR ( 'NONE', #2664, 1000.000000000000000 ) ;
#6714 =( BOUNDED_CURVE ( )  B_SPLINE_CURVE ( 3, ( #9265, #1784, #10179, #5844 ),
 .UNSPECIFIED., .F., .F. ) 
 B_SPLINE_CURVE_WITH_KNOTS ( ( 4, 4 ),
 ( 3.141592653589793116, 4.712388980384697668 ),
 .UNSPECIFIED. ) 
 CURVE ( )  GEOMETRIC_REPRESENTATION_ITEM ( )  RATIONAL_B_SPLINE_CURVE ( ( 1.000000000000000000, 0.8047378541243631611, 0.8047378541243631611, 1.000000000000000000 ) ) 
 REPRESENTATION_ITEM ( '' )  );
#6715 = LINE ( 'NONE', #9959, #7427 ) ;
#6716 = VERTEX_POINT ( 'NONE', #1707 ) ;
#6717 = FACE_OUTER_BOUND ( 'NONE', #6306, .T. ) ;
#6718 = VECTOR ( 'NONE', #5760, 1000.000000000000000 ) ;
#6719 = CARTESIAN_POINT ( 'NONE',  ( -4.000000000000000000, 10.00000000000000000, -17.09999999999999787 ) ) ;
#6720 = ORIENTED_EDGE ( 'NONE', *, *, #7787, .T. ) ;
#6721 = CARTESIAN_POINT ( 'NONE',  ( 34.49974999999994196, 2.999999999999999112, -12.10960480172301423 ) ) ;
#6722 = VERTEX_POINT ( 'NONE', #2513 ) ;
#6723 = ORIENTED_EDGE ( 'NONE', *, *, #1274, .F. ) ;
#6724 = FACE_OUTER_BOUND ( 'NONE', #2374, .T. ) ;
#6725 = EDGE_CURVE ( 'NONE', #4094, #1219, #6637, .T. ) ;
#6726 = ORIENTED_EDGE ( 'NONE', *, *, #8133, .T. ) ;
#6727 = AXIS2_PLACEMENT_3D ( 'NONE', #7890, #4666, #2169 ) ;
#6728 = LINE ( 'NONE', #4996, #4937 ) ;
#6729 = DIRECTION ( 'NONE',  ( -0.000000000000000000, -1.000000000000000000, -0.000000000000000000 ) ) ;
#6730 = DIRECTION ( 'NONE',  ( 0.3826834323650853964, 0.000000000000000000, -0.9238795325112885148 ) ) ;
#6731 = CARTESIAN_POINT ( 'NONE',  ( 11.72474999999993628, 20.00000000000000355, -18.50000000000000000 ) ) ;
#6732 = ORIENTED_EDGE ( 'NONE', *, *, #2209, .F. ) ;
#6733 = CARTESIAN_POINT ( 'NONE',  ( 101.5727758290958604, 2.000000000000000000, -18.50000000000000000 ) ) ;
#6734 = CARTESIAN_POINT ( 'NONE',  ( 63.89974999999994765, 2.414213562373094035, -12.10960480172300713 ) ) ;
#6735 = CARTESIAN_POINT ( 'NONE',  ( 83.05516802938824128, 17.50000000000000000, -18.50000000000000355 ) ) ;
#6736 = ORIENTED_EDGE ( 'NONE', *, *, #9837, .T. ) ;
#6737 = CARTESIAN_POINT ( 'NONE',  ( 103.0997499999999576, 2.000000000000000000, -16.96018989328456428 ) ) ;
#6738 = ORIENTED_EDGE ( 'NONE', *, *, #3367, .T. ) ;
#6739 = ORIENTED_EDGE ( 'NONE', *, *, #8446, .F. ) ;
#6740 = ORIENTED_EDGE ( 'NONE', *, *, #2811, .F. ) ;
#6741 = CARTESIAN_POINT ( 'NONE',  ( 14.89974999999993699, 2.999999999999999112, -12.10960480172301423 ) ) ;
#6742 = EDGE_CURVE ( 'NONE', #10371, #4665, #10581, .T. ) ;
#6743 = DIRECTION ( 'NONE',  ( -0.9238795325112885148, 0.000000000000000000, -0.3826834323650853964 ) ) ;
#6744 = CARTESIAN_POINT ( 'NONE',  ( 78.40000000000000568, 2.000000000000000000, -1.500000000000000000 ) ) ;
#6745 = LINE ( 'NONE', #4420, #10427 ) ;
#6746 = DIRECTION ( 'NONE',  ( -0.9238795325112886259, 0.000000000000000000, -0.3826834323650852854 ) ) ;
#6747 = ORIENTED_EDGE ( 'NONE', *, *, #2417, .F. ) ;
#6748 = ORIENTED_EDGE ( 'NONE', *, *, #7365, .F. ) ;
#6749 = EDGE_LOOP ( 'NONE', ( #2015, #115, #5050, #7921, #766 ) ) ;
#6750 = ADVANCED_FACE ( 'NONE', ( #904 ), #3364, .F. ) ;
#6751 = AXIS2_PLACEMENT_3D ( 'NONE', #7458, #1572, #6611 ) ;
#6752 = FACE_OUTER_BOUND ( 'NONE', #7758, .T. ) ;
#6753 = CARTESIAN_POINT ( 'NONE',  ( 19.80000000000000782, 2.999999999999999112, -7.743065814018601500 ) ) ;
#6754 = CARTESIAN_POINT ( 'NONE',  ( 90.12474999999994907, 2.000000000000000000, -20.00000000000000000 ) ) ;
#6755 = PLANE ( 'NONE',  #7016 ) ;
#6756 = CARTESIAN_POINT ( 'NONE',  ( 29.59993749768392135, 18.50000000000000355, -10.35694617991807220 ) ) ;
#6757 = EDGE_LOOP ( 'NONE', ( #4394, #1228, #9732, #4502 ) ) ;
#6758 = EDGE_CURVE ( 'NONE', #4343, #1419, #4805, .T. ) ;
#6759 = ORIENTED_EDGE ( 'NONE', *, *, #3948, .F. ) ;
#6760 = CARTESIAN_POINT ( 'NONE',  ( 94.22362953251123940, 18.50000000000000355, -12.49228823408810740 ) ) ;
#6761 = CARTESIAN_POINT ( 'NONE',  ( 29.59975000000000378, 2.000000000000000000, -2.893084275847621623 ) ) ;
#6762 = DIRECTION ( 'NONE',  ( -0.000000000000000000, -1.000000000000000000, -0.000000000000000000 ) ) ;
#6763 = ADVANCED_FACE ( 'NONE', ( #957 ), #7484, .F. ) ;
#6764 = DIRECTION ( 'NONE',  ( -0.3826834323650853964, 0.000000000000000000, 0.9238795325112886259 ) ) ;
#6765 = ORIENTED_EDGE ( 'NONE', *, *, #8818, .T. ) ;
#6766 = DIRECTION ( 'NONE',  ( -0.3826834323650957770, 0.000000000000000000, -0.9238795325112841850 ) ) ;
#6767 = CARTESIAN_POINT ( 'NONE',  ( 78.09439220029240403, 17.50000000000000000, -1.499999999999993561 ) ) ;
#6768 = ORIENTED_EDGE ( 'NONE', *, *, #8645, .F. ) ;
#6769 = DIRECTION ( 'NONE',  ( -1.000000000000000000, -0.000000000000000000, -0.000000000000000000 ) ) ;
#6770 = ORIENTED_EDGE ( 'NONE', *, *, #4476, .T. ) ;
#6771 = ORIENTED_EDGE ( 'NONE', *, *, #8208, .F. ) ;
#6772 = CARTESIAN_POINT ( 'NONE',  ( 49.19975000000003007, 18.50000000000000355, -5.130543437656430505 ) ) ;
#6773 = EDGE_LOOP ( 'NONE', ( #7515, #9070, #972, #7479, #1445 ) ) ;
#6774 = ADVANCED_FACE ( 'NONE', ( #4156 ), #6536, .F. ) ;
#6775 = ORIENTED_EDGE ( 'NONE', *, *, #9355, .F. ) ;
#6776 = AXIS2_PLACEMENT_3D ( 'NONE', #7993, #6240, #4560 ) ;
#6777 = EDGE_CURVE ( 'NONE', #2509, #6284, #1655, .T. ) ;
#6778 = EDGE_CURVE ( 'NONE', #8273, #3307, #2206, .T. ) ;
#6779 = PLANE ( 'NONE',  #3254 ) ;
#6780 = CARTESIAN_POINT ( 'NONE',  ( 42.57500000000000284, 20.00000000000000355, 0.000000000000000000 ) ) ;
#6781 = CARTESIAN_POINT ( 'NONE',  ( 20.30510779970761703, 18.50000000000000355, -1.500000000000000000 ) ) ;
#6782 = LINE ( 'NONE', #10029, #7514 ) ;
#6783 = ORIENTED_EDGE ( 'NONE', *, *, #3371, .F. ) ;
#6784 = CARTESIAN_POINT ( 'NONE',  ( 97.11406477336863929, 2.999999999999999112, -7.751619436258012641 ) ) ;
#6785 = CARTESIAN_POINT ( 'NONE',  ( 27.72300350039711248, 2.999999999999999112, -7.423951128325072091 ) ) ;
#6786 = CARTESIAN_POINT ( 'NONE',  ( 78.40000000000000568, 2.000000000000000000, -18.50000000000000000 ) ) ;
#6787 = ORIENTED_EDGE ( 'NONE', *, *, #4660, .F. ) ;
#6788 = EDGE_LOOP ( 'NONE', ( #2213, #8068, #2264, #924, #1153 ) ) ;
#6789 = ORIENTED_EDGE ( 'NONE', *, *, #1911, .F. ) ;
#6790 = ORIENTED_EDGE ( 'NONE', *, *, #4700, .T. ) ;
#6791 = EDGE_CURVE ( 'NONE', #1157, #9485, #8927, .T. ) ;
#6792 = VECTOR ( 'NONE', #10249, 1000.000000000000000 ) ;
#6793 = DIRECTION ( 'NONE',  ( 0.9238795325112884038, -0.000000000000000000, 0.3826834323650856740 ) ) ;
#6794 = CARTESIAN_POINT ( 'NONE',  ( 24.69974999999995902, 18.50000000000000355, -9.496478871970266411 ) ) ;
#6795 = CARTESIAN_POINT ( 'NONE',  ( 64.34433197061164833, 2.999999999999999112, -18.50000000000000000 ) ) ;
#6796 = LINE ( 'NONE', #3471, #2920 ) ;
#6797 = CARTESIAN_POINT ( 'NONE',  ( 39.40000000000000568, 2.999999999999999112, -7.743669367409184545 ) ) ;
#6798 = ORIENTED_EDGE ( 'NONE', *, *, #738, .T. ) ;
#6799 = ORIENTED_EDGE ( 'NONE', *, *, #5523, .T. ) ;
#6800 = ORIENTED_EDGE ( 'NONE', *, *, #4063, .T. ) ;
#6801 = ADVANCED_FACE ( 'NONE', ( #7273 ), #3316, .F. ) ;
#6802 = EDGE_CURVE ( 'NONE', #2303, #5865, #4317, .T. ) ;
#6803 = ADVANCED_FACE ( 'NONE', ( #9348 ), #4474, .F. ) ;
#6804 = CARTESIAN_POINT ( 'NONE',  ( 39.72141231303839959, 18.15878848121910139, -1.500000000000001554 ) ) ;
#6805 = CARTESIAN_POINT ( 'NONE',  ( 53.65516802938824270, 17.50000000000000000, -18.50000000000000355 ) ) ;
#6806 = CARTESIAN_POINT ( 'NONE',  ( 34.49974999999992775, 2.000000000000000000, -14.72273073147576028 ) ) ;
#6807 = DIRECTION ( 'NONE',  ( -0.3826834323650853964, -0.000000000000000000, 0.9238795325112885148 ) ) ;
#6808 = CARTESIAN_POINT ( 'NONE',  ( 0.000000000000000000, 2.000000000000000000, 0.000000000000000000 ) ) ;
#6809 = CARTESIAN_POINT ( 'NONE',  ( 68.79999999999999716, 20.00000000000000355, -10.35679529716193592 ) ) ;
#6810 = VERTEX_POINT ( 'NONE', #6795 ) ;
#6811 = AXIS2_PLACEMENT_3D ( 'NONE', #10519, #9363, #5298 ) ;
#6812 = ORIENTED_EDGE ( 'NONE', *, *, #9608, .T. ) ;
#6813 = CARTESIAN_POINT ( 'NONE',  ( 0.000000000000000000, 10.00000000000000000, 0.000000000000000000 ) ) ;
#6814 = ORIENTED_EDGE ( 'NONE', *, *, #3170, .T. ) ;
#6815 = B_SPLINE_CURVE_WITH_KNOTS ( 'NONE', 3,
 ( #2155, #740, #1537, #8667 ),
 .UNSPECIFIED., .F., .F.,
 ( 4, 4 ),
 ( 0.000000000000000000, 1.000000000000000000 ),
 .UNSPECIFIED. ) ;
#6816 = ADVANCED_FACE ( 'NONE', ( #7593 ), #211, .F. ) ;
#6817 = DIRECTION ( 'NONE',  ( 0.000000000000000000, -1.000000000000000000, 0.000000000000000000 ) ) ;
#6818 = DIRECTION ( 'NONE',  ( 0.000000000000000000, 1.000000000000000000, 0.000000000000000000 ) ) ;
#6819 = DIRECTION ( 'NONE',  ( -0.3826834323650956105, 0.000000000000000000, -0.9238795325112842960 ) ) ;
#6820 = ORIENTED_EDGE ( 'NONE', *, *, #4271, .F. ) ;
#6821 = VECTOR ( 'NONE', #3081, 1000.000000000000000 ) ;
#6822 = FACE_OUTER_BOUND ( 'NONE', #4683, .T. ) ;
#6823 = VERTEX_POINT ( 'NONE', #9298 ) ;
#6824 = CARTESIAN_POINT ( 'NONE',  ( 39.20000000000000284, 2.000000000000000000, -18.50000000000000000 ) ) ;
#6825 = ORIENTED_EDGE ( 'NONE', *, *, #6258, .F. ) ;
#6826 = ORIENTED_EDGE ( 'NONE', *, *, #7910, .T. ) ;
#6827 = FACE_OUTER_BOUND ( 'NONE', #7781, .T. ) ;
#6828 = ORIENTED_EDGE ( 'NONE', *, *, #6182, .T. ) ;
#6829 = VECTOR ( 'NONE', #8361, 1000.000000000000000 ) ;
#6830 = AXIS2_PLACEMENT_3D ( 'NONE', #3052, #4701, #10377 ) ;
#6831 = CARTESIAN_POINT ( 'NONE',  ( 49.19975000000001586, 18.50000000000000355, -2.893084275847612741 ) ) ;
#6832 = CARTESIAN_POINT ( 'NONE',  ( 107.0000000000000142, 2.999999999999999112, -10.15727937639168488 ) ) ;
#6833 = PLANE ( 'NONE',  #8026 ) ;
#6834 = ORIENTED_EDGE ( 'NONE', *, *, #5137, .F. ) ;
#6835 = CARTESIAN_POINT ( 'NONE',  ( 58.99993749768392348, 18.50000000000000355, -10.35694617991806865 ) ) ;
#6836 = LINE ( 'NONE', #3675, #10272 ) ;
#6837 = LINE ( 'NONE', #10147, #8314 ) ;
#6838 = ORIENTED_EDGE ( 'NONE', *, *, #1971, .T. ) ;
#6839 = CARTESIAN_POINT ( 'NONE',  ( 42.57500000000000284, 18.50000000000000355, 0.000000000000000000 ) ) ;
#6840 = CARTESIAN_POINT ( 'NONE',  ( 55.82500000000001705, 20.00000000000000355, 0.000000000000000000 ) ) ;
#6841 = EDGE_CURVE ( 'NONE', #5312, #6117, #3632, .T. ) ;
#6842 = ORIENTED_EDGE ( 'NONE', *, *, #5157, .F. ) ;
#6843 = EDGE_CURVE ( 'NONE', #828, #8558, #1812, .T. ) ;
#6844 = ORIENTED_EDGE ( 'NONE', *, *, #9134, .F. ) ;
#6845 = VECTOR ( 'NONE', #253, 1000.000000000000000 ) ;
#6846 = DIRECTION ( 'NONE',  ( 0.9238795325112885148, -0.000000000000000000, 0.3826834323650853964 ) ) ;
#6847 = CARTESIAN_POINT ( 'NONE',  ( 108.0000000000000000, 0.000000000000000000, 0.000000000000000000 ) ) ;
#6848 = CARTESIAN_POINT ( 'NONE',  ( 53.87364042459308422, 18.50000000000000355, 2.018727961996194420 ) ) ;
#6849 = DIRECTION ( 'NONE',  ( 0.3827076417426375499, 0.000000000000000000, 0.9238695042871526431 ) ) ;
#6850 = AXIS2_PLACEMENT_3D ( 'NONE', #8566, #442, #2041 ) ;
#6851 = DIRECTION ( 'NONE',  ( -0.3826834323650853964, 0.000000000000000000, 0.9238795325112885148 ) ) ;
#6852 = ADVANCED_FACE ( 'NONE', ( #8495 ), #7538, .T. ) ;
#6853 = CYLINDRICAL_SURFACE ( 'NONE', #5475, 0.9999999999999991118 ) ;
#6854 = VECTOR ( 'NONE', #1166, 1000.000000000000000 ) ;
#6855 = CARTESIAN_POINT ( 'NONE',  ( 23.77587046748865873, 2.999999999999999112, -17.34287332564966988 ) ) ;
#6856 = EDGE_LOOP ( 'NONE', ( #2695, #9533, #6436, #7468 ) ) ;
#6857 = ORIENTED_EDGE ( 'NONE', *, *, #5533, .T. ) ;
#6858 = ORIENTED_EDGE ( 'NONE', *, *, #5227, .T. ) ;
#6859 = VECTOR ( 'NONE', #1318, 1000.000000000000000 ) ;
#6860 = CARTESIAN_POINT ( 'NONE',  ( 53.17587046748865731, 2.000000000000000000, -12.49228823408810030 ) ) ;
#6861 = CARTESIAN_POINT ( 'NONE',  ( 48.69439220029240545, 2.999999999999999112, -1.499999999999999556 ) ) ;
#6862 = LINE ( 'NONE', #2790, #4975 ) ;
#6863 = DIRECTION ( 'NONE',  ( -0.9238695042871519769, 0.000000000000000000, 0.3827076417426389376 ) ) ;
#6864 = CARTESIAN_POINT ( 'NONE',  ( 31.84853194947056565, 18.50000000000000355, -15.78563399656604460 ) ) ;
#6865 =( BOUNDED_CURVE ( )  B_SPLINE_CURVE ( 3, ( #6753, #7654, #8456, #1077 ),
 .UNSPECIFIED., .F., .F. ) 
 B_SPLINE_CURVE_WITH_KNOTS ( ( 4, 4 ),
 ( 3.141592653589793116, 4.451636322658153233 ),
 .UNSPECIFIED. ) 
 CURVE ( )  GEOMETRIC_REPRESENTATION_ITEM ( )  RATIONAL_B_SPLINE_CURVE ( ( 1.000000000000000000, 0.8620230848028662685, 0.8620230848028662685, 1.000000000000000000 ) ) 
 REPRESENTATION_ITEM ( '' )  );
#6866 = EDGE_CURVE ( 'NONE', #302, #5075, #2777, .T. ) ;
#6867 = ORIENTED_EDGE ( 'NONE', *, *, #5108, .T. ) ;
#6868 = LINE ( 'NONE', #1184, #7075 ) ;
#6869 = ORIENTED_EDGE ( 'NONE', *, *, #2986, .F. ) ;
#6870 = CARTESIAN_POINT ( 'NONE',  ( 53.81492637635665943, 2.383975024205975402, -18.50000000000000000 ) ) ;
#6871 = CARTESIAN_POINT ( 'NONE',  ( 106.1230035003971182, 2.999999999999999112, -7.423951128325072091 ) ) ;
#6872 = VECTOR ( 'NONE', #5612, 1000.000000000000000 ) ;
#6873 = EDGE_CURVE ( 'NONE', #129, #3543, #9786, .T. ) ;
#6874 = CARTESIAN_POINT ( 'NONE',  ( 83.02045243810034947, 2.000000000000000000, -18.11731656763490861 ) ) ;
#6875 = VERTEX_POINT ( 'NONE', #10205 ) ;
#6876 = LINE ( 'NONE', #8628, #1863 ) ;
#6877 = VERTEX_POINT ( 'NONE', #7753 ) ;
#6878 = CARTESIAN_POINT ( 'NONE',  ( 83.49974999999994907, 2.999999999999999112, -12.10960480172301423 ) ) ;
#6879 = VERTEX_POINT ( 'NONE', #10045 ) ;
#6880 = ORIENTED_EDGE ( 'NONE', *, *, #5663, .F. ) ;
#6881 = AXIS2_PLACEMENT_3D ( 'NONE', #10413, #8005, #8910 ) ;
#6882 = ADVANCED_FACE ( 'NONE', ( #430 ), #9990, .F. ) ;
#6883 = DIRECTION ( 'NONE',  ( -1.000000000000000000, 0.000000000000000000, 0.000000000000000000 ) ) ;
#6884 = STYLED_ITEM ( 'NONE', ( #1000 ), #9195 ) ;
#6885 = CARTESIAN_POINT ( 'NONE',  ( 19.80000000000000426, 18.50000000000000355, -10.35739885055255627 ) ) ;
#6886 = CARTESIAN_POINT ( 'NONE',  ( 73.69974999999993770, 2.999999999999999112, -12.10960480172301423 ) ) ;
#6887 = CARTESIAN_POINT ( 'NONE',  ( 103.5443319706116512, 2.999999999999999112, -18.50000000000000000 ) ) ;
#6888 = ORIENTED_EDGE ( 'NONE', *, *, #7323, .T. ) ;
#6889 = LINE ( 'NONE', #8320, #9715 ) ;
#6890 = CARTESIAN_POINT ( 'NONE',  ( 63.89974999999993344, 2.000000000000000000, -14.72273073147575673 ) ) ;
#6891 = CARTESIAN_POINT ( 'NONE',  ( -4.000000000000000000, 11.50000000000000000, -17.09999999999999787 ) ) ;
#6892 = ORIENTED_EDGE ( 'NONE', *, *, #544, .T. ) ;
#6893 = CARTESIAN_POINT ( 'NONE',  ( 68.79975000000001728, 2.153954234325365036, -1.500000000000000444 ) ) ;
#6894 = ADVANCED_FACE ( 'NONE', ( #2665 ), #2832, .F. ) ;
#6895 = DIRECTION ( 'NONE',  ( 0.000000000000000000, 0.000000000000000000, -1.000000000000000000 ) ) ;
#6896 = VERTEX_POINT ( 'NONE', #6954 ) ;
#6897 = ORIENTED_EDGE ( 'NONE', *, *, #6109, .T. ) ;
#6898 = AXIS2_PLACEMENT_3D ( 'NONE', #6813, #2685, #6060 ) ;
#6899 = LINE ( 'NONE', #9237, #10573 ) ;
#6900 = CARTESIAN_POINT ( 'NONE',  ( 34.78457362364322591, 2.383975024205967408, -18.50000000000000355 ) ) ;
#6901 = CARTESIAN_POINT ( 'NONE',  ( 19.79975000000001017, 18.34604576567463852, -1.500000000000000444 ) ) ;
#6902 = DIRECTION ( 'NONE',  ( 0.3826834323650956105, -0.000000000000000000, 0.9238795325112842960 ) ) ;
#6903 = EDGE_CURVE ( 'NONE', #714, #6879, #2883, .T. ) ;
#6904 = VECTOR ( 'NONE', #704, 1000.000000000000000 ) ;
#6905 = CARTESIAN_POINT ( 'NONE',  ( 63.89974999999994765, 2.000000000000000000, -16.96018989328458204 ) ) ;
#6906 = CARTESIAN_POINT ( 'NONE',  ( 16.62500000000000355, 18.50000000000000355, -1.500000000000000000 ) ) ;
#6907 = VERTEX_POINT ( 'NONE', #6143 ) ;
#6908 = ORIENTED_EDGE ( 'NONE', *, *, #8529, .T. ) ;
#6909 = ORIENTED_EDGE ( 'NONE', *, *, #437, .F. ) ;
#6910 = ORIENTED_EDGE ( 'NONE', *, *, #8907, .T. ) ;
#6911 = ADVANCED_FACE ( 'NONE', ( #2717 ), #1006, .T. ) ;
#6912 = VECTOR ( 'NONE', #3951, 1000.000000000000000 ) ;
#6913 = DIRECTION ( 'NONE',  ( 0.3826834323650958325, -0.000000000000000000, 0.9238795325112842960 ) ) ;
#6914 = CARTESIAN_POINT ( 'NONE',  ( 96.47474999999994338, 2.000000000000000000, -20.00000000000000000 ) ) ;
#6915 = DIRECTION ( 'NONE',  ( -0.3826834323650954439, 0.000000000000000000, -0.9238795325112842960 ) ) ;
#6917 = EDGE_CURVE ( 'NONE', #6681, #1983, #1923, .T. ) ;
#6916 = CARTESIAN_POINT ( 'NONE',  ( 88.39975000000001160, 1.999999999999999556, -6.661277167116780085 ) ) ;
#6918 = EDGE_CURVE ( 'NONE', #2633, #4331, #5178, .T. ) ;
#6919 = CARTESIAN_POINT ( 'NONE',  ( 49.33657690165771470, 17.50000000000000000, 20.43587927372952251 ) ) ;
#6920 = DIRECTION ( 'NONE',  ( -0.000000000000000000, -1.000000000000000000, -0.000000000000000000 ) ) ;
#6921 = VECTOR ( 'NONE', #9808, 1000.000000000000114 ) ;
#6922 = EDGE_LOOP ( 'NONE', ( #4398, #10254, #8263, #398 ) ) ;
#6923 = LINE ( 'NONE', #2046, #1433 ) ;
#6924 = ORIENTED_EDGE ( 'NONE', *, *, #2872, .T. ) ;
#6925 = VECTOR ( 'NONE', #2635, 1000.000000000000000 ) ;
#6926 = FACE_OUTER_BOUND ( 'NONE', #4528, .T. ) ;
#6927 = DIRECTION ( 'NONE',  ( 0.000000000000000000, -0.000000000000000000, -1.000000000000000000 ) ) ;
#6928 =( BOUNDED_CURVE ( )  B_SPLINE_CURVE ( 3, ( #2775, #7482, #8390, #148 ),
 .UNSPECIFIED., .F., .F. ) 
 B_SPLINE_CURVE_WITH_KNOTS ( ( 4, 4 ),
 ( 2.200938728951644219, 3.141592653589793116 ),
 .UNSPECIFIED. ) 
 CURVE ( )  GEOMETRIC_REPRESENTATION_ITEM ( )  RATIONAL_B_SPLINE_CURVE ( ( 1.000000000000000000, 0.9276134425277036133, 0.9276134425277036133, 1.000000000000000000 ) ) 
 REPRESENTATION_ITEM ( '' )  );
#6929 = CARTESIAN_POINT ( 'NONE',  ( -4.000000000000000000, 11.50000000000000000, -4.999999999999999112 ) ) ;
#6930 = ORIENTED_EDGE ( 'NONE', *, *, #7823, .T. ) ;
#6931 = FACE_OUTER_BOUND ( 'NONE', #4385, .T. ) ;
#6932 = ORIENTED_EDGE ( 'NONE', *, *, #8463, .T. ) ;
#6933 = CARTESIAN_POINT ( 'NONE',  ( 90.12474999999994907, 18.50000000000000355, -20.00000000000000000 ) ) ;
#6934 = ORIENTED_EDGE ( 'NONE', *, *, #4995, .F. ) ;
#6935 = CARTESIAN_POINT ( 'NONE',  ( 58.99975000000002012, 2.000000000000001776, -6.661277167116790743 ) ) ;
#6936 = ORIENTED_EDGE ( 'NONE', *, *, #7040, .T. ) ;
#6937 = EDGE_CURVE ( 'NONE', #7597, #10339, #10414, .T. ) ;
#6938 = ADVANCED_FACE ( 'NONE', ( #1276 ), #8704, .F. ) ;
#6939 = CARTESIAN_POINT ( 'NONE',  ( 74.14433197061164549, 2.999999999999999112, -18.50000000000000000 ) ) ;
#6940 = CARTESIAN_POINT ( 'NONE',  ( 11.00000000000000355, 2.999999999999999112, -2.694775461858567756 ) ) ;
#6941 = CARTESIAN_POINT ( 'NONE',  ( 85.02672417090403201, 18.50000000000000355, -18.50000000000000355 ) ) ;
#6942 = CARTESIAN_POINT ( 'NONE',  ( 27.87474999999994196, 20.00000000000000355, -20.00000000000000000 ) ) ;
#6943 = ORIENTED_EDGE ( 'NONE', *, *, #373, .F. ) ;
#6944 = CARTESIAN_POINT ( 'NONE',  ( 57.12300350039711816, 2.999999999999999112, -7.423951128325072091 ) ) ;
#6945 = CARTESIAN_POINT ( 'NONE',  ( 95.02500000000000568, 20.00000000000000355, -1.500000000000000000 ) ) ;
#6946 = ADVANCED_FACE ( 'NONE', ( #7007 ), #1437, .F. ) ;
#6947 = CARTESIAN_POINT ( 'NONE',  ( 65.62500000000001421, 18.50000000000000355, 0.000000000000000000 ) ) ;
#6948 = EDGE_LOOP ( 'NONE', ( #9512, #2072, #9645, #5259, #10161, #3042 ) ) ;
#6949 = DIRECTION ( 'NONE',  ( 1.000000000000000000, 0.000000000000000000, 0.000000000000000000 ) ) ;
#6950 = CARTESIAN_POINT ( 'NONE',  ( 78.60000000000000853, 17.50000000000000000, -7.743669367409180992 ) ) ;
#6951 = ORIENTED_EDGE ( 'NONE', *, *, #9864, .F. ) ;
#6952 = EDGE_CURVE ( 'NONE', #10375, #691, #8803, .T. ) ;
#6953 = DIRECTION ( 'NONE',  ( 0.9238795325112844070, 0.000000000000000000, -0.3826834323650956660 ) ) ;
#6954 = CARTESIAN_POINT ( 'NONE',  ( 39.40000000000000568, 2.999999999999999112, -7.743669367409184545 ) ) ;
#6955 = PLANE ( 'NONE',  #3059 ) ;
#6956 = LINE ( 'NONE', #5986, #6854 ) ;
#6957 = CARTESIAN_POINT ( 'NONE',  ( 63.89974999999994765, 2.192056395364464727, -18.50000000000000000 ) ) ;
#6958 = ORIENTED_EDGE ( 'NONE', *, *, #1021, .F. ) ;
#6959 = ORIENTED_EDGE ( 'NONE', *, *, #3801, .F. ) ;
#6960 = ORIENTED_EDGE ( 'NONE', *, *, #7947, .F. ) ;
#6961 = ORIENTED_EDGE ( 'NONE', *, *, #5882, .F. ) ;
#6962 = VECTOR ( 'NONE', #8967, 1000.000000000000000 ) ;
#6963 = FACE_OUTER_BOUND ( 'NONE', #10143, .T. ) ;
#6964 = FACE_OUTER_BOUND ( 'NONE', #6773, .T. ) ;
#6965 = CARTESIAN_POINT ( 'NONE',  ( 57.27474999999994054, 18.50000000000000355, 0.000000000000000000 ) ) ;
#6966 = CARTESIAN_POINT ( 'NONE',  ( 50.92474999999993912, 20.00000000000000355, -20.00000000000000000 ) ) ;
#6967 = CARTESIAN_POINT ( 'NONE',  ( 19.38122826719632741, 18.50000000000000355, -1.882683432365086951 ) ) ;
#6968 = LINE ( 'NONE', #493, #319 ) ;
#6969 = EDGE_CURVE ( 'NONE', #10111, #4568, #4521, .T. ) ;
#6970 = ORIENTED_EDGE ( 'NONE', *, *, #9232, .F. ) ;
#6971 = LINE ( 'NONE', #4333, #4826 ) ;
#6972 = ORIENTED_EDGE ( 'NONE', *, *, #2044, .T. ) ;
#6973 = EDGE_CURVE ( 'NONE', #1673, #4136, #8603, .T. ) ;
#6974 = EDGE_CURVE ( 'NONE', #9564, #10303, #2083, .T. ) ;
#6975 = LINE ( 'NONE', #8574, #5201 ) ;
#6976 = CARTESIAN_POINT ( 'NONE',  ( 58.83794430587992252, 18.50000000000000355, -8.134302868623109362 ) ) ;
#6977 = VECTOR ( 'NONE', #5309, 1000.000000000000000 ) ;
#6978 = CARTESIAN_POINT ( 'NONE',  ( 81.77500000000001990, 20.00000000000000355, 0.000000000000000000 ) ) ;
#6979 = ORIENTED_EDGE ( 'NONE', *, *, #7618, .T. ) ;
#6980 = EDGE_CURVE ( 'NONE', #4568, #7985, #3091, .T. ) ;
#6981 = ORIENTED_EDGE ( 'NONE', *, *, #8683, .F. ) ;
#6982 = LINE ( 'NONE', #7940, #8191 ) ;
#6983 = ORIENTED_EDGE ( 'NONE', *, *, #7233, .T. ) ;
#6984 = DIRECTION ( 'NONE',  ( 0.3826834323650962211, -0.000000000000000000, 0.9238795325112840739 ) ) ;
#6985 = ORIENTED_EDGE ( 'NONE', *, *, #1977, .F. ) ;
#6986 = ORIENTED_EDGE ( 'NONE', *, *, #9775, .T. ) ;
#6987 =( BOUNDED_CURVE ( )  B_SPLINE_CURVE ( 3, ( #4080, #9001, #8840, #1682 ),
 .UNSPECIFIED., .F., .F. ) 
 B_SPLINE_CURVE_WITH_KNOTS ( ( 4, 4 ),
 ( 3.141592653589793116, 4.712388980384695891 ),
 .UNSPECIFIED. ) 
 CURVE ( )  GEOMETRIC_REPRESENTATION_ITEM ( )  RATIONAL_B_SPLINE_CURVE ( ( 1.000000000000000000, 0.8047378541243634942, 0.8047378541243634942, 1.000000000000000000 ) ) 
 REPRESENTATION_ITEM ( '' )  );
#6988 = DIRECTION ( 'NONE',  ( -0.000000000000000000, -0.000000000000000000, -1.000000000000000000 ) ) ;
#6989 = DIRECTION ( 'NONE',  ( 1.000000000000000000, 0.000000000000000000, 0.000000000000000000 ) ) ;
#6990 = CARTESIAN_POINT ( 'NONE',  ( 98.70510779970761917, 2.999999999999999112, -1.499999999999996891 ) ) ;
#6991 = CARTESIAN_POINT ( 'NONE',  ( 43.37587046748865305, 2.000000000000000000, -12.49228823408810030 ) ) ;
#6992 = ORIENTED_EDGE ( 'NONE', *, *, #4974, .F. ) ;
#6993 = LINE ( 'NONE', #4465, #671 ) ;
#6994 = EDGE_CURVE ( 'NONE', #5024, #2806, #557, .T. ) ;
#6995 = DIRECTION ( 'NONE',  ( 0.000000000000000000, -1.000000000000000000, 0.000000000000000000 ) ) ;
#6996 = EDGE_CURVE ( 'NONE', #5126, #9568, #10533, .T. ) ;
#6997 = LINE ( 'NONE', #10355, #4548 ) ;
#6998 = ORIENTED_EDGE ( 'NONE', *, *, #3764, .T. ) ;
#6999 = CARTESIAN_POINT ( 'NONE',  ( 88.39993749768392206, 18.50000000000000355, -10.35694617991806865 ) ) ;
#7000 =( BOUNDED_CURVE ( )  B_SPLINE_CURVE ( 3, ( #7791, #5429, #9544, #10402 ),
 .UNSPECIFIED., .F., .F. ) 
 B_SPLINE_CURVE_WITH_KNOTS ( ( 4, 4 ),
 ( 4.712388980384689674, 6.283185307179586232 ),
 .UNSPECIFIED. ) 
 CURVE ( )  GEOMETRIC_REPRESENTATION_ITEM ( )  RATIONAL_B_SPLINE_CURVE ( ( 1.000000000000000000, 0.8047378541243649375, 0.8047378541243649375, 1.000000000000000000 ) ) 
 REPRESENTATION_ITEM ( '' )  );
#7001 = EDGE_CURVE ( 'NONE', #1785, #1347, #7114, .T. ) ;
#7002 = DIRECTION ( 'NONE',  ( 1.000000000000000000, 0.000000000000000000, 0.000000000000000000 ) ) ;
#7003 = VECTOR ( 'NONE', #7372, 1000.000000000000000 ) ;
#7004 = VECTOR ( 'NONE', #9694, 1000.000000000000114 ) ;
#7005 = ORIENTED_EDGE ( 'NONE', *, *, #10452, .F. ) ;
#7006 = LINE ( 'NONE', #2831, #6200 ) ;
#7007 = FACE_OUTER_BOUND ( 'NONE', #313, .T. ) ;
#7008 = CARTESIAN_POINT ( 'NONE',  ( 85.22500000000000853, 20.00000000000000355, 0.000000000000000000 ) ) ;
#7009 = AXIS2_PLACEMENT_3D ( 'NONE', #6871, #1300, #7776 ) ;
#7010 = ADVANCED_FACE ( 'NONE', ( #7913 ), #5499, .T. ) ;
#7011 = LINE ( 'NONE', #539, #359 ) ;
#7012 = ORIENTED_EDGE ( 'NONE', *, *, #8467, .T. ) ;
#7013 = CARTESIAN_POINT ( 'NONE',  ( -10.00000000000000000, 5.000000000000000000, -2.925000000000000266 ) ) ;
#7014 = ORIENTED_EDGE ( 'NONE', *, *, #6777, .T. ) ;
#7015 = ORIENTED_EDGE ( 'NONE', *, *, #5874, .T. ) ;
#7016 = AXIS2_PLACEMENT_3D ( 'NONE', #1937, #4488, #6056 ) ;
#7017 = VERTEX_POINT ( 'NONE', #478 ) ;
#7018 = EDGE_CURVE ( 'NONE', #5025, #4372, #10363, .T. ) ;
#7019 = VERTEX_POINT ( 'NONE', #7062 ) ;
#7020 = VECTOR ( 'NONE', #294, 1000.000000000000000 ) ;
#7021 = VECTOR ( 'NONE', #5403, 1000.000000000000114 ) ;
#7022 = CARTESIAN_POINT ( 'NONE',  ( 16.07524443537454317, 2.000000000000000000, -6.658584263594879538 ) ) ;
#7023 = CYLINDRICAL_SURFACE ( 'NONE', #3586, 0.9999999999999998890 ) ;
#7024 = FACE_OUTER_BOUND ( 'NONE', #7243, .T. ) ;
#7025 = DIRECTION ( 'NONE',  ( -1.000000000000000000, -0.000000000000000000, -5.463695987328531367E-16 ) ) ;
#7026 = DIRECTION ( 'NONE',  ( -0.3826834323650958325, -0.000000000000000000, -0.9238795325112842960 ) ) ;
#7027 = FACE_OUTER_BOUND ( 'NONE', #869, .T. ) ;
#7028 = VECTOR ( 'NONE', #6693, 999.9999999999998863 ) ;
#7029 = VERTEX_POINT ( 'NONE', #10314 ) ;
#7030 = DIRECTION ( 'NONE',  ( 0.3826834323650853964, 0.000000000000000000, -0.9238795325112885148 ) ) ;
#7031 = ADVANCED_FACE ( 'NONE', ( #2991 ), #1485, .F. ) ;
#7032 = VERTEX_POINT ( 'NONE', #9504 ) ;
#7033 = CARTESIAN_POINT ( 'NONE',  ( 71.97500000000000853, 18.50000000000000355, 0.000000000000000000 ) ) ;
#7034 = FACE_OUTER_BOUND ( 'NONE', #3198, .T. ) ;
#7035 = VECTOR ( 'NONE', #5591, 1000.000000000000000 ) ;
#7036 = DIRECTION ( 'NONE',  ( -0.3826834323650956105, 0.000000000000000000, -0.9238795325112842960 ) ) ;
#7037 = ORIENTED_EDGE ( 'NONE', *, *, #9204, .T. ) ;
#7038 = CARTESIAN_POINT ( 'NONE',  ( 24.47364042459307498, 18.50000000000000355, 2.018727961996194420 ) ) ;
#7039 = EDGE_CURVE ( 'NONE', #10293, #2059, #2187, .T. ) ;
#7040 = EDGE_CURVE ( 'NONE', #248, #3765, #3142, .T. ) ;
#7041 = ORIENTED_EDGE ( 'NONE', *, *, #1221, .T. ) ;
#7042 = DIRECTION ( 'NONE',  ( -1.000000000000000000, 0.000000000000000000, -0.000000000000000000 ) ) ;
#7043 = ORIENTED_EDGE ( 'NONE', *, *, #1284, .T. ) ;
#7044 = DIRECTION ( 'NONE',  ( 0.000000000000000000, 0.000000000000000000, -1.000000000000000000 ) ) ;
#7045 = ORIENTED_EDGE ( 'NONE', *, *, #857, .T. ) ;
#7046 = EDGE_CURVE ( 'NONE', #2749, #3642, #3296, .T. ) ;
#7047 = VECTOR ( 'NONE', #8754, 1000.000000000000000 ) ;
#7048 = CYLINDRICAL_SURFACE ( 'NONE', #6776, 1.000000000000003331 ) ;
#7049 = CARTESIAN_POINT ( 'NONE',  ( 74.14433197061164549, 18.50000000000000355, -18.50000000000000000 ) ) ;
#7050 = CARTESIAN_POINT ( 'NONE',  ( 63.89974999999994765, 2.999999999999999112, -12.10960480172301068 ) ) ;
#7051 = CARTESIAN_POINT ( 'NONE',  ( 19.79975000000000307, 1.999999999999998668, -2.396757161635506783 ) ) ;
#7052 = DIRECTION ( 'NONE',  ( 1.000000000000000000, 0.000000000000000000, -0.000000000000000000 ) ) ;
#7053 = ORIENTED_EDGE ( 'NONE', *, *, #10036, .T. ) ;
#7054 = CARTESIAN_POINT ( 'NONE',  ( 68.79975000000001728, 2.153954234325365036, -1.500000000000000444 ) ) ;
#7055 = ADVANCED_FACE ( 'NONE', ( #8962 ), #10564, .F. ) ;
#7056 = EDGE_CURVE ( 'NONE', #2006, #6463, #4035, .T. ) ;
#7057 = CARTESIAN_POINT ( 'NONE',  ( 47.47474999999994338, 18.50000000000000355, -20.00000000000000000 ) ) ;
#7058 = DIRECTION ( 'NONE',  ( -0.000000000000000000, -1.000000000000000000, -0.000000000000000000 ) ) ;
#7059 = ORIENTED_EDGE ( 'NONE', *, *, #8111, .T. ) ;
#7060 = CARTESIAN_POINT ( 'NONE',  ( 39.39975000000000449, 18.50000000000000711, -2.396757161635500122 ) ) ;
#7061 = DIRECTION ( 'NONE',  ( 0.000000000000000000, 0.000000000000000000, 1.000000000000000000 ) ) ;
#7062 = CARTESIAN_POINT ( 'NONE',  ( 14.89974999999993699, 17.50000000000000000, -12.10960480172301423 ) ) ;
#7063 = CARTESIAN_POINT ( 'NONE',  ( 13.37277582909584694, 20.00000000000000355, -18.50000000000000000 ) ) ;
#7064 = FACE_OUTER_BOUND ( 'NONE', #810, .T. ) ;
#7065 =( BOUNDED_CURVE ( )  B_SPLINE_CURVE ( 3, ( #7952, #6295, #1475, #627 ),
 .UNSPECIFIED., .F., .F. ) 
 B_SPLINE_CURVE_WITH_KNOTS ( ( 4, 4 ),
 ( 0.000000000000000000, 1.008523755472549244 ),
 .UNSPECIFIED. ) 
 CURVE ( )  GEOMETRIC_REPRESENTATION_ITEM ( )  RATIONAL_B_SPLINE_CURVE ( ( 1.000000000000000000, 0.9170208966857380517, 0.9170208966857380517, 1.000000000000000000 ) ) 
 REPRESENTATION_ITEM ( '' )  );
#7066 = VERTEX_POINT ( 'NONE', #942 ) ;
#7067 = DIRECTION ( 'NONE',  ( 0.9238895603187091687, -0.000000000000000000, 0.3826592221992072829 ) ) ;
#7068 = ORIENTED_EDGE ( 'NONE', *, *, #1327, .F. ) ;
#7069 = ORIENTED_EDGE ( 'NONE', *, *, #5166, .F. ) ;
#7070 = VECTOR ( 'NONE', #1540, 1000.000000000000000 ) ;
#7071 = EDGE_LOOP ( 'NONE', ( #4152, #3020, #5037, #7239, #5269 ) ) ;
#7072 = ORIENTED_EDGE ( 'NONE', *, *, #9085, .F. ) ;
#7073 = EDGE_CURVE ( 'NONE', #10239, #2509, #4892, .T. ) ;
#7074 = FACE_OUTER_BOUND ( 'NONE', #8396, .T. ) ;
#7075 = VECTOR ( 'NONE', #4491, 1000.000000000000000 ) ;
#7076 = LINE ( 'NONE', #1398, #1365 ) ;
#7077 = CYLINDRICAL_SURFACE ( 'NONE', #5829, 0.9999999999999991118 ) ;
#7078 = DIRECTION ( 'NONE',  ( -0.3826834323650957770, 0.000000000000000000, -0.9238795325112841850 ) ) ;
#7079 = LINE ( 'NONE', #2261, #10429 ) ;
#7080 = CARTESIAN_POINT ( 'NONE',  ( 31.32474999999994125, 20.00000000000000355, -18.50000000000000000 ) ) ;
#7081 = VECTOR ( 'NONE', #3504, 1000.000000000000000 ) ;
#7082 = ADVANCED_FACE ( 'NONE', ( #4943 ), #7308, .F. ) ;
#7083 = DIRECTION ( 'NONE',  ( 1.000000000000000000, 0.000000000000000000, 0.000000000000000000 ) ) ;
#7084 = VERTEX_POINT ( 'NONE', #6573 ) ;
#7085 =( BOUNDED_CURVE ( )  B_SPLINE_CURVE ( 3, ( #9579, #3899, #9420, #8621 ),
 .UNSPECIFIED., .F., .F. ) 
 B_SPLINE_CURVE_WITH_KNOTS ( ( 4, 4 ),
 ( 2.133068898117247425, 3.141592653589793116 ),
 .UNSPECIFIED. ) 
 CURVE ( )  GEOMETRIC_REPRESENTATION_ITEM ( )  RATIONAL_B_SPLINE_CURVE ( ( 1.000000000000000000, 0.9170208966857386068, 0.9170208966857386068, 1.000000000000000000 ) ) 
 REPRESENTATION_ITEM ( '' )  );
#7086 = FACE_OUTER_BOUND ( 'NONE', #2724, .T. ) ;
#7087 = CARTESIAN_POINT ( 'NONE',  ( 57.41200000000001324, 20.00000000000000355, -1.499999999999999556 ) ) ;
#7088 = EDGE_CURVE ( 'NONE', #9965, #999, #4840, .T. ) ;
#7089 = CARTESIAN_POINT ( 'NONE',  ( 80.18750000000001421, 20.00000000000000355, -1.500000000000000888 ) ) ;
#7090 = ORIENTED_EDGE ( 'NONE', *, *, #10395, .T. ) ;
#7091 = CARTESIAN_POINT ( 'NONE',  ( 10.00000000000000000, 11.50000000000000000, -17.09999999999999787 ) ) ;
#7092 = ORIENTED_EDGE ( 'NONE', *, *, #4295, .F. ) ;
#7093 = DIRECTION ( 'NONE',  ( 1.000000000000000000, -0.000000000000000000, 2.105213941857293549E-15 ) ) ;
#7094 = ORIENTED_EDGE ( 'NONE', *, *, #8605, .F. ) ;
#7095 = CARTESIAN_POINT ( 'NONE',  ( 49.19975000000000875, 1.999999999999998668, -2.396757161635501898 ) ) ;
#7096 = VERTEX_POINT ( 'NONE', #9821 ) ;
#7097 = DIRECTION ( 'NONE',  ( -0.000000000000000000, -1.000000000000000000, -0.000000000000000000 ) ) ;
#7098 = CARTESIAN_POINT ( 'NONE',  ( 18.06562089856783615, 5.000000000000000000, -7.074999999999999289 ) ) ;
#7099 = CARTESIAN_POINT ( 'NONE',  ( -4.000000000000000000, 11.50000000000000000, -15.09999999999999964 ) ) ;
#7100 = CARTESIAN_POINT ( 'NONE',  ( 54.09974999999995759, 18.50000000000000355, -17.51835138363013300 ) ) ;
#7101 = CARTESIAN_POINT ( 'NONE',  ( 58.99975000000004144, 18.50000000000000355, -5.130543437656421624 ) ) ;
#7102 = DIRECTION ( 'NONE',  ( -0.000000000000000000, -0.000000000000000000, 1.000000000000000000 ) ) ;
#7103 = ORIENTED_EDGE ( 'NONE', *, *, #3944, .F. ) ;
#7104 = DIRECTION ( 'NONE',  ( 0.3826834323650962211, -0.000000000000000000, 0.9238795325112840739 ) ) ;
#7105 = DIRECTION ( 'NONE',  ( 0.000000000000000000, 0.000000000000000000, 1.000000000000000000 ) ) ;
#7106 = CARTESIAN_POINT ( 'NONE',  ( 64.34433197061164833, 17.50000000000000000, -18.50000000000000000 ) ) ;
#7107 = ORIENTED_EDGE ( 'NONE', *, *, #3311, .F. ) ;
#7108 = FACE_OUTER_BOUND ( 'NONE', #2304, .T. ) ;
#7109 = EDGE_CURVE ( 'NONE', #74, #9225, #137, .T. ) ;
#7110 =( LENGTH_UNIT ( ) NAMED_UNIT ( * ) SI_UNIT ( .MILLI., .METRE. ) );
#7111 = EDGE_CURVE ( 'NONE', #7785, #1554, #6414, .T. ) ;
#7112 = ADVANCED_FACE ( 'NONE', ( #7370 ), #3188, .F. ) ;
#7113 = DIRECTION ( 'NONE',  ( 0.9238795325112885148, -0.000000000000000000, 0.3826834323650853964 ) ) ;
#7114 = LINE ( 'NONE', #1325, #8908 ) ;
#7115 = ORIENTED_EDGE ( 'NONE', *, *, #5307, .T. ) ;
#7116 = DIRECTION ( 'NONE',  ( -0.9238795325112885148, 0.000000000000000000, -0.3826834323650853964 ) ) ;
#7117 = DIRECTION ( 'NONE',  ( -0.3826834323650853964, -0.000000000000000000, 0.9238795325112885148 ) ) ;
#7118 = ORIENTED_EDGE ( 'NONE', *, *, #6303, .T. ) ;
#7119 = CARTESIAN_POINT ( 'NONE',  ( 62.17500000000001137, 18.50000000000000355, -1.500000000000000000 ) ) ;
#7120 = VERTEX_POINT ( 'NONE', #735 ) ;
#7121 = ORIENTED_EDGE ( 'NONE', *, *, #738, .F. ) ;
#7122 = ORIENTED_EDGE ( 'NONE', *, *, #4558, .F. ) ;
#7123 = VERTEX_POINT ( 'NONE', #6461 ) ;
#7124 = EDGE_CURVE ( 'NONE', #3562, #4070, #6624, .T. ) ;
#7125 = PLANE ( 'NONE',  #7849 ) ;
#7126 = CARTESIAN_POINT ( 'NONE',  ( 106.0000000000000142, 18.50000000000000355, -7.720907847203138274 ) ) ;
#7127 = LINE ( 'NONE', #2201, #9936 ) ;
#7128 = CARTESIAN_POINT ( 'NONE',  ( 93.58457362364323728, 2.383975024205981619, -18.49999999999999645 ) ) ;
#7129 = CARTESIAN_POINT ( 'NONE',  ( 80.32474999999993770, 20.00000000000000355, -18.50000000000000000 ) ) ;
#7130 = EDGE_CURVE ( 'NONE', #9561, #8545, #891, .T. ) ;
#7131 = ADVANCED_FACE ( 'NONE', ( #4787 ), #9709, .F. ) ;
#7132 = PLANE ( 'NONE',  #3651 ) ;
#7133 = ORIENTED_EDGE ( 'NONE', *, *, #8659, .T. ) ;
#7134 = EDGE_CURVE ( 'NONE', #1258, #4991, #4998, .T. ) ;
#7135 = DIRECTION ( 'NONE',  ( 0.000000000000000000, 0.000000000000000000, -1.000000000000000000 ) ) ;
#7136 = PLANE ( 'NONE',  #7340 ) ;
#7137 = LINE ( 'NONE', #8826, #5599 ) ;
#7138 = ORIENTED_EDGE ( 'NONE', *, *, #2393, .F. ) ;
#7139 = CARTESIAN_POINT ( 'NONE',  ( 39.20000000000000284, 2.000000000000000000, -18.50000000000000000 ) ) ;
#7140 = ORIENTED_EDGE ( 'NONE', *, *, #1736, .F. ) ;
#7141 = CARTESIAN_POINT ( 'NONE',  ( 14.89974999999994054, 1.999999999999999556, -17.51835138363012589 ) ) ;
#7142 = ORIENTED_EDGE ( 'NONE', *, *, #4173, .F. ) ;
#7143 = CARTESIAN_POINT ( 'NONE',  ( 98.70510779970761917, 17.50000000000000000, -1.500000000000000000 ) ) ;
#7144 = ORIENTED_EDGE ( 'NONE', *, *, #8530, .T. ) ;
#7145 = EDGE_CURVE ( 'NONE', #4133, #7252, #351, .T. ) ;
#7146 = FACE_OUTER_BOUND ( 'NONE', #542, .T. ) ;
#7147 = CARTESIAN_POINT ( 'NONE',  ( 44.29974999999994623, 17.50000000000000000, -12.10960480172301423 ) ) ;
#7148 = DIRECTION ( 'NONE',  ( 0.9238795325112846291, 0.000000000000000000, -0.3826834323650947778 ) ) ;
#7149 = CARTESIAN_POINT ( 'NONE',  ( 19.79975000000000307, 2.153954234325363259, -1.500000000000000444 ) ) ;
#7150 = CARTESIAN_POINT ( 'NONE',  ( 73.69974999999993770, 2.066190996450165684, -18.04903699352147939 ) ) ;
#7151 = ORIENTED_EDGE ( 'NONE', *, *, #3949, .T. ) ;
#7152 = DIRECTION ( 'NONE',  ( -0.000000000000000000, -1.000000000000000000, -0.000000000000000000 ) ) ;
#7153 = CARTESIAN_POINT ( 'NONE',  ( 36.22500000000000853, 2.000000000000000000, -1.500000000000000000 ) ) ;
#7154 = CARTESIAN_POINT ( 'NONE',  ( 83.94433197061165686, 2.674305589214439394, -18.49999999999999645 ) ) ;
#7155 = ORIENTED_EDGE ( 'NONE', *, *, #9817, .T. ) ;
#7156 = LINE ( 'NONE', #9607, #9268 ) ;
#7157 = DIRECTION ( 'NONE',  ( -0.3826834323650853964, 0.000000000000000000, 0.9238795325112886259 ) ) ;
#7158 = CARTESIAN_POINT ( 'NONE',  ( 13.17500000000000249, 20.00000000000000355, -1.500000000000000000 ) ) ;
#7159 = ORIENTED_EDGE ( 'NONE', *, *, #4863, .F. ) ;
#7160 = DIRECTION ( 'NONE',  ( 1.000000000000000000, -0.000000000000000000, -0.000000000000000000 ) ) ;
#7161 = DIRECTION ( 'NONE',  ( 0.000000000000000000, 0.000000000000000000, -1.000000000000000000 ) ) ;
#7162 = VERTEX_POINT ( 'NONE', #5598 ) ;
#7163 = VECTOR ( 'NONE', #8964, 1000.000000000000000 ) ;
#7164 = EDGE_CURVE ( 'NONE', #1909, #1791, #5653, .T. ) ;
#7165 = DIRECTION ( 'NONE',  ( -0.000000000000000000, -0.000000000000000000, -1.000000000000000000 ) ) ;
#7166 = ORIENTED_EDGE ( 'NONE', *, *, #5784, .F. ) ;
#7167 = VERTEX_POINT ( 'NONE', #8911 ) ;
#7168 = EDGE_CURVE ( 'NONE', #2408, #7211, #8114, .T. ) ;
#7169 = EDGE_LOOP ( 'NONE', ( #658, #7041, #2372, #7683, #272, #5493, #792 ) ) ;
#7170 = ORIENTED_EDGE ( 'NONE', *, *, #3174, .T. ) ;
#7171 = AXIS2_PLACEMENT_3D ( 'NONE', #239, #982, #7564 ) ;
#7172 = EDGE_CURVE ( 'NONE', #1480, #8491, #6587, .T. ) ;
#7173 = CARTESIAN_POINT ( 'NONE',  ( 93.29974999999996044, 18.50000000000000355, -16.96018989328459980 ) ) ;
#7174 = CIRCLE ( 'NONE', #5128, 0.9999999999999994449 ) ;
#7175 = PLANE ( 'NONE',  #10451 ) ;
#7176 = CARTESIAN_POINT ( 'NONE',  ( 49.19975000000001586, 18.50000000000000355, -2.893084275847612741 ) ) ;
#7177 = PLANE ( 'NONE',  #9734 ) ;
#7178 = VECTOR ( 'NONE', #8431, 1000.000000000000114 ) ;
#7179 = CARTESIAN_POINT ( 'NONE',  ( 63.89974999999994765, 18.43380900354983254, -18.04903699352147939 ) ) ;
#7180 = ORIENTED_EDGE ( 'NONE', *, *, #2885, .F. ) ;
#7181 = VECTOR ( 'NONE', #5069, 1000.000000000000114 ) ;
#7182 = VECTOR ( 'NONE', #10401, 1000.000000000000000 ) ;
#7183 = CARTESIAN_POINT ( 'NONE',  ( 0.000000000000000000, 11.50000000000000000, 0.000000000000000000 ) ) ;
#7184 = DIRECTION ( 'NONE',  ( -1.000000000000000000, 0.000000000000000000, 0.000000000000000000 ) ) ;
#7185 = VECTOR ( 'NONE', #6851, 1000.000000000000114 ) ;
#7186 = CARTESIAN_POINT ( 'NONE',  ( 68.79975000000001728, 18.34604576567463141, -1.500000000000001332 ) ) ;
#7187 = EDGE_LOOP ( 'NONE', ( #3929, #2034, #7180, #3893 ) ) ;
#7188 = VECTOR ( 'NONE', #8240, 1000.000000000000000 ) ;
#7189 = VERTEX_POINT ( 'NONE', #6886 ) ;
#7190 = CARTESIAN_POINT ( 'NONE',  ( 75.42500000000001137, 20.00000000000000355, 0.000000000000000000 ) ) ;
#7191 = VERTEX_POINT ( 'NONE', #362 ) ;
#7192 = CARTESIAN_POINT ( 'NONE',  ( 36.22500000000000853, 2.000000000000000000, 0.000000000000000000 ) ) ;
#7193 = EDGE_LOOP ( 'NONE', ( #6910, #4935, #8266, #1270, #2129 ) ) ;
#7194 = EDGE_CURVE ( 'NONE', #407, #2823, #1457, .T. ) ;
#7195 = VECTOR ( 'NONE', #6995, 1000.000000000000000 ) ;
#7196 = CARTESIAN_POINT ( 'NONE',  ( 91.57500000000001705, 20.00000000000000355, -1.500000000000000000 ) ) ;
#7197 = CARTESIAN_POINT ( 'NONE',  ( 84.19751995710437598, 18.50000000000000355, 2.401411394361280482 ) ) ;
#7198 = CARTESIAN_POINT ( 'NONE',  ( 4.873640424593071785, 18.50000000000000355, 2.018727961996194420 ) ) ;
#7199 = CARTESIAN_POINT ( 'NONE',  ( 45.82672417090404338, 18.50000000000000355, -18.50000000000000355 ) ) ;
#7200 = CARTESIAN_POINT ( 'NONE',  ( 66.31246076258712208, 2.999999999999999112, 3.111763134659267127 ) ) ;
#7201 = ORIENTED_EDGE ( 'NONE', *, *, #7882, .F. ) ;
#7202 = DIRECTION ( 'NONE',  ( -0.9238695042871516439, 0.000000000000000000, 0.3827076417426396593 ) ) ;
#7203 = DIRECTION ( 'NONE',  ( -0.000000000000000000, -1.000000000000000000, -0.000000000000000000 ) ) ;
#7204 = VERTEX_POINT ( 'NONE', #8430 ) ;
#7205 = CARTESIAN_POINT ( 'NONE',  ( 67.07474999999995191, 2.000000000000000000, -18.50000000000000000 ) ) ;
#7206 = EDGE_CURVE ( 'NONE', #8558, #2221, #7958, .T. ) ;
#7207 = CARTESIAN_POINT ( 'NONE',  ( 55.62672417090404053, 2.000000000000000000, -18.50000000000000355 ) ) ;
#7208 = VECTOR ( 'NONE', #7802, 1000.000000000000114 ) ;
#7209 = CARTESIAN_POINT ( 'NONE',  ( 48.54551562868624615, 17.50000000000000000, 20.10821096579662282 ) ) ;
#7210 = DIRECTION ( 'NONE',  ( 0.000000000000000000, 0.000000000000000000, -1.000000000000000000 ) ) ;
#7211 = VERTEX_POINT ( 'NONE', #7521 ) ;
#7212 = CARTESIAN_POINT ( 'NONE',  ( 86.15114944726936130, 18.50000000000000355, -15.78539724792377896 ) ) ;
#7213 = EDGE_CURVE ( 'NONE', #5520, #6191, #1051, .T. ) ;
#7214 = VECTOR ( 'NONE', #1340, 1000.000000000000000 ) ;
#7215 = DIRECTION ( 'NONE',  ( 0.3826834323650853964, -0.000000000000000000, -0.9238795325112885148 ) ) ;
#7216 = EDGE_LOOP ( 'NONE', ( #6356, #9829, #4293, #9230, #6096 ) ) ;
#7217 = LINE ( 'NONE', #1593, #1757 ) ;
#7218 = ORIENTED_EDGE ( 'NONE', *, *, #9336, .F. ) ;
#7219 = VERTEX_POINT ( 'NONE', #9117 ) ;
#7220 = ORIENTED_EDGE ( 'NONE', *, *, #3753, .F. ) ;
#7221 = FACE_OUTER_BOUND ( 'NONE', #5951, .T. ) ;
#7222 = EDGE_CURVE ( 'NONE', #7084, #2369, #5043, .T. ) ;
#7223 = VECTOR ( 'NONE', #9880, 999.9999999999998863 ) ;
#7224 = DIRECTION ( 'NONE',  ( 0.000000000000000000, -0.000000000000000000, -1.000000000000000000 ) ) ;
#7225 = LINE ( 'NONE', #4703, #3952 ) ;
#7226 = FACE_OUTER_BOUND ( 'NONE', #1093, .T. ) ;
#7227 = AXIS2_PLACEMENT_3D ( 'NONE', #9351, #7968, #2350 ) ;
#7228 = CARTESIAN_POINT ( 'NONE',  ( 75.42500000000001137, 18.50000000000000355, 0.000000000000000000 ) ) ;
#7229 = CARTESIAN_POINT ( 'NONE',  ( 49.20000000000000995, 20.00000000000000355, -10.35679529716193592 ) ) ;
#7230 = EDGE_CURVE ( 'NONE', #6584, #2997, #7577, .T. ) ;
#7231 = ORIENTED_EDGE ( 'NONE', *, *, #5519, .T. ) ;
#7232 = VECTOR ( 'NONE', #458, 1000.000000000000114 ) ;
#7233 = EDGE_CURVE ( 'NONE', #5008, #7211, #1045, .T. ) ;
#7234 = ADVANCED_FACE ( 'NONE', ( #10028 ), #5967, .F. ) ;
#7235 = CARTESIAN_POINT ( 'NONE',  ( 44.07364042459307996, 18.50000000000000355, 2.018727961996194420 ) ) ;
#7236 = LINE ( 'NONE', #1408, #8021 ) ;
#7237 = DIRECTION ( 'NONE',  ( 0.000000000000000000, 0.000000000000000000, -1.000000000000000000 ) ) ;
#7238 = ORIENTED_EDGE ( 'NONE', *, *, #6917, .T. ) ;
#7239 = ORIENTED_EDGE ( 'NONE', *, *, #757, .F. ) ;
#7240 = LINE ( 'NONE', #5626, #5115 ) ;
#7241 = VERTEX_POINT ( 'NONE', #7681 ) ;
#7242 = VERTEX_POINT ( 'NONE', #9332 ) ;
#7243 = EDGE_LOOP ( 'NONE', ( #1042, #9719, #4490, #7421 ) ) ;
#7244 = CARTESIAN_POINT ( 'NONE',  ( 103.0997499999999292, 18.50000000000000355, -14.72273073147576561 ) ) ;
#7245 = LINE ( 'NONE', #4774, #7278 ) ;
#7246 = CARTESIAN_POINT ( 'NONE',  ( 99.12387953251131023, 2.000000000000000000, -7.361589488434682416 ) ) ;
#7247 = CARTESIAN_POINT ( 'NONE',  ( 75.32139948961565779, 2.999999999999999112, 2.784094826726366101 ) ) ;
#7248 = ORIENTED_EDGE ( 'NONE', *, *, #3170, .F. ) ;
#7249 = CARTESIAN_POINT ( 'NONE',  ( 93.29974999999994623, 1.999999999999997335, -13.19199700201540537 ) ) ;
#7250 = CARTESIAN_POINT ( 'NONE',  ( 73.69974999999992349, 18.50000000000000355, -14.72273073147577271 ) ) ;
#7251 = CARTESIAN_POINT ( 'NONE',  ( 29.59975000000001444, 18.34604576567463852, -1.499999999999999556 ) ) ;
#7252 = VERTEX_POINT ( 'NONE', #4462 ) ;
#7253 = CARTESIAN_POINT ( 'NONE',  ( 101.3750000000000142, 20.00000000000000355, -1.500000000000000000 ) ) ;
#7254 = EDGE_CURVE ( 'NONE', #10574, #2703, #4299, .T. ) ;
#7255 = EDGE_CURVE ( 'NONE', #9481, #10061, #2014, .T. ) ;
#7256 = LINE ( 'NONE', #588, #10150 ) ;
#7257 = EDGE_CURVE ( 'NONE', #4423, #3883, #2652, .T. ) ;
#7258 = PLANE ( 'NONE',  #2267 ) ;
#7259 = DIRECTION ( 'NONE',  ( -0.3826834323650954439, 0.000000000000000000, -0.9238795325112842960 ) ) ;
#7260 = ORIENTED_EDGE ( 'NONE', *, *, #6225, .T. ) ;
#7261 =( BOUNDED_CURVE ( )  B_SPLINE_CURVE ( 3, ( #7825, #1948, #5306, #7663 ),
 .UNSPECIFIED., .F., .F. ) 
 B_SPLINE_CURVE_WITH_KNOTS ( ( 4, 4 ),
 ( 5.342531382541424456, 6.283185307179586232 ),
 .UNSPECIFIED. ) 
 CURVE ( )  GEOMETRIC_REPRESENTATION_ITEM ( )  RATIONAL_B_SPLINE_CURVE ( ( 1.000000000000000000, 0.9276134425277016149, 0.9276134425277016149, 1.000000000000000000 ) ) 
 REPRESENTATION_ITEM ( '' )  );
#7262 = PLANE ( 'NONE',  #7498 ) ;
#7263 = DIRECTION ( 'NONE',  ( 0.3826834323650853964, 0.000000000000000000, -0.9238795325112885148 ) ) ;
#7264 = DIRECTION ( 'NONE',  ( -0.000000000000000000, -1.000000000000000000, -0.000000000000000000 ) ) ;
#7265 = VERTEX_POINT ( 'NONE', #8318 ) ;
#7266 = CARTESIAN_POINT ( 'NONE',  ( 19.80000000000000426, 20.00000000000000355, -10.35619174377131557 ) ) ;
#7267 = ORIENTED_EDGE ( 'NONE', *, *, #9190, .T. ) ;
#7268 = ORIENTED_EDGE ( 'NONE', *, *, #10323, .F. ) ;
#7269 = ORIENTED_EDGE ( 'NONE', *, *, #4757, .F. ) ;
#7270 = EDGE_CURVE ( 'NONE', #4234, #7032, #307, .T. ) ;
#7271 = CARTESIAN_POINT ( 'NONE',  ( 88.20000000000001705, 18.50000000000000355, -18.50000000000000000 ) ) ;
#7272 = DIRECTION ( 'NONE',  ( 0.000000000000000000, -0.000000000000000000, -1.000000000000000000 ) ) ;
#7273 = FACE_OUTER_BOUND ( 'NONE', #5958, .T. ) ;
#7274 = DIRECTION ( 'NONE',  ( 1.000000000000000000, -0.000000000000000000, -0.000000000000000000 ) ) ;
#7275 = CARTESIAN_POINT ( 'NONE',  ( 13.17500000000000249, 2.000000000000000000, 0.000000000000000000 ) ) ;
#7276 = CARTESIAN_POINT ( 'NONE',  ( 14.89974999999993521, 18.08578643762691129, -12.10960480172300713 ) ) ;
#7277 = EDGE_LOOP ( 'NONE', ( #10202, #5324, #3357, #8969 ) ) ;
#7278 = VECTOR ( 'NONE', #2231, 1000.000000000000000 ) ;
#7279 = CARTESIAN_POINT ( 'NONE',  ( 73.47364042459307143, 2.000000000000000000, 2.018727961996194420 ) ) ;
#7280 = DIRECTION ( 'NONE',  ( 0.000000000000000000, 0.000000000000000000, -1.000000000000000000 ) ) ;
#7281 = LINE ( 'NONE', #7934, #10240 ) ;
#7282 = DIRECTION ( 'NONE',  ( 1.000000000000000000, -0.000000000000000000, 0.000000000000000000 ) ) ;
#7283 = DIRECTION ( 'NONE',  ( 0.000000000000000000, -0.000000000000000000, -1.000000000000000000 ) ) ;
#7284 = VERTEX_POINT ( 'NONE', #194 ) ;
#7285 = ORIENTED_EDGE ( 'NONE', *, *, #9243, .F. ) ;
#7286 = VERTEX_POINT ( 'NONE', #7739 ) ;
#7287 = CARTESIAN_POINT ( 'NONE',  ( 0.000000000000000000, 2.000000000000000000, 0.000000000000000000 ) ) ;
#7288 = ADVANCED_FACE ( 'NONE', ( #3398 ), #3452, .F. ) ;
#7289 = EDGE_CURVE ( 'NONE', #6174, #434, #5100, .T. ) ;
#7290 = EDGE_LOOP ( 'NONE', ( #42, #6149, #4131, #9, #10108 ) ) ;
#7291 = CARTESIAN_POINT ( 'NONE',  ( 78.09439220029240403, 18.50000000000000355, -1.499999999999999556 ) ) ;
#7292 = LINE ( 'NONE', #8834, #9739 ) ;
#7293 = EDGE_CURVE ( 'NONE', #845, #8957, #2176, .T. ) ;
#7294 = DIRECTION ( 'NONE',  ( -1.000000000000000000, -0.000000000000000000, -0.000000000000000000 ) ) ;
#7295 = CARTESIAN_POINT ( 'NONE',  ( 90.08638791454794159, 20.00000000000000355, -18.50000000000000000 ) ) ;
#7296 = DIRECTION ( 'NONE',  ( -0.3826834323650958325, -0.000000000000000000, -0.9238795325112842960 ) ) ;
#7297 = VERTEX_POINT ( 'NONE', #5376 ) ;
#7298 = CARTESIAN_POINT ( 'NONE',  ( 39.20000000000000284, 2.000000000000000000, -1.500000000000000000 ) ) ;
#7299 = CARTESIAN_POINT ( 'NONE',  ( 88.20000000000001705, 18.50000000000000355, -1.500000000000000000 ) ) ;
#7300 = ORIENTED_EDGE ( 'NONE', *, *, #3691, .T. ) ;
#7301 = FACE_OUTER_BOUND ( 'NONE', #2063, .T. ) ;
#7302 = ORIENTED_EDGE ( 'NONE', *, *, #2144, .F. ) ;
#7303 = CARTESIAN_POINT ( 'NONE',  ( 69.30510779970761348, 17.50000000000000000, -1.500000000000000000 ) ) ;
#7304 = CARTESIAN_POINT ( 'NONE',  ( 99.92474999999994623, 20.00000000000000355, -18.50000000000000000 ) ) ;
#7305 = EDGE_CURVE ( 'NONE', #7019, #5762, #8794, .T. ) ;
#7306 = EDGE_CURVE ( 'NONE', #6574, #9340, #2123, .T. ) ;
#7307 = FACE_OUTER_BOUND ( 'NONE', #9896, .T. ) ;
#7308 = CYLINDRICAL_SURFACE ( 'NONE', #6362, 0.9999999999999981126 ) ;
#7310 = ORIENTED_EDGE ( 'NONE', *, *, #1297, .T. ) ;
#7309 = VECTOR ( 'NONE', #3483, 1000.000000000000000 ) ;
#7311 = CARTESIAN_POINT ( 'NONE',  ( 59.00000000000001421, 2.999999999999999112, -7.743669367409185433 ) ) ;
#7312 = CARTESIAN_POINT ( 'NONE',  ( 66.55114944726936699, 18.50000000000000355, -15.78539724792377896 ) ) ;
#7313 = EDGE_CURVE ( 'NONE', #3219, #7204, #1425, .T. ) ;
#7314 = CARTESIAN_POINT ( 'NONE',  ( 83.49974999999994907, 18.30794360463553616, -18.50000000000000000 ) ) ;
#7315 = VERTEX_POINT ( 'NONE', #417 ) ;
#7316 = FACE_OUTER_BOUND ( 'NONE', #736, .T. ) ;
#7317 = ORIENTED_EDGE ( 'NONE', *, *, #7168, .F. ) ;
#7318 = VERTEX_POINT ( 'NONE', #1264 ) ;
#7319 = B_SPLINE_CURVE_WITH_KNOTS ( 'NONE', 3,
 ( #5354, #10172, #2846, #6105 ),
 .UNSPECIFIED., .F., .F.,
 ( 4, 4 ),
 ( 0.06060606060606065632, 0.9393939393939395588 ),
 .UNSPECIFIED. ) ;
#7320 = ORIENTED_EDGE ( 'NONE', *, *, #5371, .T. ) ;
#7321 =( BOUNDED_CURVE ( )  B_SPLINE_CURVE ( 3, ( #1470, #1517, #8047, #720 ),
 .UNSPECIFIED., .F., .F. ) 
 B_SPLINE_CURVE_WITH_KNOTS ( ( 4, 4 ),
 ( 0.000000000000000000, 0.9406539246381592223 ),
 .UNSPECIFIED. ) 
 CURVE ( )  GEOMETRIC_REPRESENTATION_ITEM ( )  RATIONAL_B_SPLINE_CURVE ( ( 1.000000000000000000, 0.9276134425277018369, 0.9276134425277018369, 1.000000000000000000 ) ) 
 REPRESENTATION_ITEM ( '' )  );
#7322 = LINE ( 'NONE', #3261, #3578 ) ;
#7323 = EDGE_CURVE ( 'NONE', #2749, #5007, #4314, .T. ) ;
#7324 = AXIS2_PLACEMENT_3D ( 'NONE', #2383, #7202, #9756 ) ;
#7325 = DIRECTION ( 'NONE',  ( -0.9238795325112882928, 0.000000000000000000, -0.3826834323650858960 ) ) ;
#7326 = DIRECTION ( 'NONE',  ( -0.000000000000000000, -1.000000000000000000, -0.000000000000000000 ) ) ;
#7327 = EDGE_CURVE ( 'NONE', #10130, #8821, #626, .T. ) ;
#7328 = CARTESIAN_POINT ( 'NONE',  ( 20.56182383839119510, 18.50000000000000355, -8.516986300988198977 ) ) ;
#7329 = VERTEX_POINT ( 'NONE', #1474 ) ;
#7330 = ADVANCED_FACE ( 'NONE', ( #4563 ), #578, .F. ) ;
#7331 = VECTOR ( 'NONE', #3339, 1000.000000000000000 ) ;
#7332 = AXIS2_PLACEMENT_3D ( 'NONE', #4102, #4852, #7380 ) ;
#7333 = CARTESIAN_POINT ( 'NONE',  ( 12.00000000000000355, 18.50000000000000355, -7.722114953984477559 ) ) ;
#7334 = CARTESIAN_POINT ( 'NONE',  ( 98.70510779970761917, 2.999999999999999112, -1.500000000000000000 ) ) ;
#7335 = CARTESIAN_POINT ( 'NONE',  ( 89.98750000000001137, 20.00000000000000355, -1.500000000000000888 ) ) ;
#7336 = CARTESIAN_POINT ( 'NONE',  ( 26.42500000000000426, 2.000000000000000000, 0.000000000000000000 ) ) ;
#7337 = CARTESIAN_POINT ( 'NONE',  ( 10.00000000000000000, 10.00000000000000000, -17.09999999999999787 ) ) ;
#7338 = VERTEX_POINT ( 'NONE', #7790 ) ;
#7339 = EDGE_CURVE ( 'NONE', #778, #7241, #8756, .T. ) ;
#7340 = AXIS2_PLACEMENT_3D ( 'NONE', #2477, #1819, #6545 ) ;
#7341 = VERTEX_POINT ( 'NONE', #6243 ) ;
#7342 = ORIENTED_EDGE ( 'NONE', *, *, #2146, .F. ) ;
#7343 = CARTESIAN_POINT ( 'NONE',  ( 83.27364042459308280, 18.50000000000000355, 2.018727961996194420 ) ) ;
#7344 = VECTOR ( 'NONE', #9675, 1000.000000000000000 ) ;
#7345 = ORIENTED_EDGE ( 'NONE', *, *, #9894, .T. ) ;
#7346 = AXIS2_PLACEMENT_3D ( 'NONE', #7420, #6520, #9867 ) ;
#7347 = DIRECTION ( 'NONE',  ( 1.000000000000000000, 0.000000000000000000, -0.000000000000000000 ) ) ;
#7348 = VECTOR ( 'NONE', #4274, 1000.000000000000000 ) ;
#7349 = LINE ( 'NONE', #2688, #7873 ) ;
#7350 = EDGE_CURVE ( 'NONE', #9898, #5253, #9029, .T. ) ;
#7351 = EDGE_CURVE ( 'NONE', #3256, #1447, #7900, .T. ) ;
#7352 = VECTOR ( 'NONE', #7488, 1000.000000000000114 ) ;
#7353 = DIRECTION ( 'NONE',  ( -0.3826834323650853964, -0.000000000000000000, 0.9238795325112885148 ) ) ;
#7354 = CARTESIAN_POINT ( 'NONE',  ( 79.10510779970762485, 17.85125431679152186, -1.500000000000001110 ) ) ;
#7355 = ORIENTED_EDGE ( 'NONE', *, *, #6437, .T. ) ;
#7356 = LINE ( 'NONE', #4830, #5952 ) ;
#7357 = DIRECTION ( 'NONE',  ( 0.000000000000000000, -0.000000000000000000, 1.000000000000000000 ) ) ;
#7358 = VERTEX_POINT ( 'NONE', #7101 ) ;
#7359 = PLANE ( 'NONE',  #8658 ) ;
#7360 = ORIENTED_EDGE ( 'NONE', *, *, #8269, .T. ) ;
#7361 = ORIENTED_EDGE ( 'NONE', *, *, #1455, .T. ) ;
#7362 = CARTESIAN_POINT ( 'NONE',  ( 60.53818091243883970, 17.50000000000000000, -25.07573557532866104 ) ) ;
#7363 = VECTOR ( 'NONE', #2563, 999.9999999999998863 ) ;
#7364 = SHAPE_DEFINITION_REPRESENTATION ( #8199, #8862 ) ;
#7365 = EDGE_CURVE ( 'NONE', #3465, #8389, #10350, .T. ) ;
#7366 = VECTOR ( 'NONE', #4303, 1000.000000000000000 ) ;
#7367 = EDGE_CURVE ( 'NONE', #10160, #4128, #6294, .T. ) ;
#7368 = EDGE_CURVE ( 'NONE', #6070, #2408, #2284, .T. ) ;
#7369 = DIRECTION ( 'NONE',  ( 1.000000000000000000, -0.000000000000000000, 0.000000000000000000 ) ) ;
#7370 = FACE_OUTER_BOUND ( 'NONE', #675, .T. ) ;
#7371 = ORIENTED_EDGE ( 'NONE', *, *, #4173, .T. ) ;
#7372 = DIRECTION ( 'NONE',  ( -0.000000000000000000, -1.000000000000000000, -0.000000000000000000 ) ) ;
#7373 = DIRECTION ( 'NONE',  ( -0.000000000000000000, -1.000000000000000000, -0.000000000000000000 ) ) ;
#7374 = CARTESIAN_POINT ( 'NONE',  ( 11.00000000000000355, 2.999999999999999112, -4.447166390312603745 ) ) ;
#7375 = ORIENTED_EDGE ( 'NONE', *, *, #689, .T. ) ;
#7376 = LINE ( 'NONE', #261, #2612 ) ;
#7377 = ORIENTED_EDGE ( 'NONE', *, *, #8790, .T. ) ;
#7378 = ORIENTED_EDGE ( 'NONE', *, *, #6318, .T. ) ;
#7379 = ORIENTED_EDGE ( 'NONE', *, *, #9733, .T. ) ;
#7380 = DIRECTION ( 'NONE',  ( 0.3826834323650954439, 0.000000000000000000, 0.9238795325112842960 ) ) ;
#7381 = AXIS2_PLACEMENT_3D ( 'NONE', #6365, #6256, #9613 ) ;
#7382 = CARTESIAN_POINT ( 'NONE',  ( 88.39975000000004002, 18.50000000000000355, -5.130543437656451822 ) ) ;
#7383 = DIRECTION ( 'NONE',  ( 1.000000000000000000, -0.000000000000000000, -0.000000000000000000 ) ) ;
#7384 = CARTESIAN_POINT ( 'NONE',  ( 50.78750000000000853, 18.50000000000000355, -1.500000000000000888 ) ) ;
#7385 = LINE ( 'NONE', #5062, #2065 ) ;
#7386 = B_SPLINE_CURVE_WITH_KNOTS ( 'NONE', 3,
 ( #8829, #1510, #2916, #10497 ),
 .UNSPECIFIED., .F., .F.,
 ( 4, 4 ),
 ( 0.000000000000000000, 1.000000000000000000 ),
 .UNSPECIFIED. ) ;
#7387 = VECTOR ( 'NONE', #5911, 1000.000000000000000 ) ;
#7388 = CARTESIAN_POINT ( 'NONE',  ( 23.77587046748866229, 17.50000000000000000, -17.34287332564967343 ) ) ;
#7389 = VERTEX_POINT ( 'NONE', #6941 ) ;
#7390 = EDGE_CURVE ( 'NONE', #9377, #6432, #10190, .T. ) ;
#7391 = CARTESIAN_POINT ( 'NONE',  ( 15.34433197061163945, 18.50000000000000355, -18.50000000000000000 ) ) ;
#7392 = DIRECTION ( 'NONE',  ( 1.000000000000000000, 0.000000000000000000, 0.000000000000000000 ) ) ;
#7393 = DIRECTION ( 'NONE',  ( -0.3826834323650856740, 0.000000000000000000, 0.9238795325112884038 ) ) ;
#7394 = PLANE ( 'NONE',  #8876 ) ;
#7395 = ADVANCED_FACE ( 'NONE', ( #9386 ), #2070, .F. ) ;
#7396 = CARTESIAN_POINT ( 'NONE',  ( 13.17500000000000249, 20.00000000000000355, 0.000000000000000000 ) ) ;
#7397 = ORIENTED_EDGE ( 'NONE', *, *, #7717, .T. ) ;
#7398 =( BOUNDED_CURVE ( )  B_SPLINE_CURVE ( 3, ( #9683, #1664, #3211, #8879 ),
 .UNSPECIFIED., .F., .F. ) 
 B_SPLINE_CURVE_WITH_KNOTS ( ( 4, 4 ),
 ( 4.712388980384687009, 6.283185307179586232 ),
 .UNSPECIFIED. ) 
 CURVE ( )  GEOMETRIC_REPRESENTATION_ITEM ( )  RATIONAL_B_SPLINE_CURVE ( ( 1.000000000000000000, 0.8047378541243643824, 0.8047378541243643824, 1.000000000000000000 ) ) 
 REPRESENTATION_ITEM ( '' )  );
#7399 = ORIENTED_EDGE ( 'NONE', *, *, #5399, .T. ) ;
#7400 = CARTESIAN_POINT ( 'NONE',  ( 63.89974999999993344, 2.000000000000000000, -14.72273073147575673 ) ) ;
#7401 = ORIENTED_EDGE ( 'NONE', *, *, #2847, .T. ) ;
#7402 = EDGE_CURVE ( 'NONE', #6649, #3872, #9848, .T. ) ;
#7403 = DIRECTION ( 'NONE',  ( 0.3827076417426389376, 0.000000000000000000, 0.9238695042871519769 ) ) ;
#7404 = LINE ( 'NONE', #68, #7854 ) ;
#7405 = AXIS2_PLACEMENT_3D ( 'NONE', #7343, #5735, #8195 ) ;
#7406 = CARTESIAN_POINT ( 'NONE',  ( 49.00000000000000711, 18.50000000000000355, -1.500000000000000000 ) ) ;
#7407 = VERTEX_POINT ( 'NONE', #6403 ) ;
#7408 = DIRECTION ( 'NONE',  ( -1.000000000000000000, 0.000000000000000000, -0.000000000000000000 ) ) ;
#7409 = CARTESIAN_POINT ( 'NONE',  ( 44.29974999999995333, 1.999999999999998446, -13.19199700201540004 ) ) ;
#7410 = ORIENTED_EDGE ( 'NONE', *, *, #4335, .F. ) ;
#7411 = CARTESIAN_POINT ( 'NONE',  ( 20.30510779970761703, 2.999999999999999112, -1.500000000000000000 ) ) ;
#7412 = EDGE_LOOP ( 'NONE', ( #10232, #10030, #3506, #3039 ) ) ;
#7413 = ORIENTED_EDGE ( 'NONE', *, *, #10011, .F. ) ;
#7414 = CARTESIAN_POINT ( 'NONE',  ( 83.49974999999993486, 2.000000000000000000, -14.72273073147576739 ) ) ;
#7415 = ORIENTED_EDGE ( 'NONE', *, *, #7617, .T. ) ;
#7416 = EDGE_CURVE ( 'NONE', #7530, #1808, #4254, .T. ) ;
#7417 = AXIS2_PLACEMENT_3D ( 'NONE', #2569, #3319, #4809 ) ;
#7418 = DIRECTION ( 'NONE',  ( -0.9238795325112844070, 0.000000000000000000, 0.3826834323650956660 ) ) ;
#7419 = CARTESIAN_POINT ( 'NONE',  ( 11.00000000000000355, 2.999999999999999112, -2.694775461858567756 ) ) ;
#7420 = CARTESIAN_POINT ( 'NONE',  ( 39.39989330582617555, 20.00000000000000355, -10.35683949133576043 ) ) ;
#7421 = ORIENTED_EDGE ( 'NONE', *, *, #2009, .T. ) ;
#7422 = DIRECTION ( 'NONE',  ( 0.000000000000000000, 0.000000000000000000, -1.000000000000000000 ) ) ;
#7423 = ADVANCED_FACE ( 'NONE', ( #4878 ), #5072, .F. ) ;
#7424 = CARTESIAN_POINT ( 'NONE',  ( 73.69974999999993770, 18.50000000000000355, -12.10960480172301423 ) ) ;
#7425 = CARTESIAN_POINT ( 'NONE',  ( 99.92474999999994623, 2.000000000000000000, -18.50000000000000000 ) ) ;
#7426 = VERTEX_POINT ( 'NONE', #2330 ) ;
#7427 = VECTOR ( 'NONE', #7726, 1000.000000000000000 ) ;
#7428 = DIRECTION ( 'NONE',  ( 0.3826834323650956105, -0.000000000000000000, 0.9238795325112842960 ) ) ;
#7429 = EDGE_LOOP ( 'NONE', ( #7489, #6530, #9084, #3667, #4955 ) ) ;
#7430 = EDGE_CURVE ( 'NONE', #5213, #3409, #4074, .T. ) ;
#7431 = VERTEX_POINT ( 'NONE', #2680 ) ;
#7432 = EDGE_CURVE ( 'NONE', #10111, #7286, #1625, .T. ) ;
#7433 = VERTEX_POINT ( 'NONE', #6504 ) ;
#7434 = AXIS2_PLACEMENT_3D ( 'NONE', #8823, #1718, #10490 ) ;
#7435 = CARTESIAN_POINT ( 'NONE',  ( 23.17277582909584766, 20.00000000000000355, -18.50000000000000000 ) ) ;
#7436 = CARTESIAN_POINT ( 'NONE',  ( -10.00000000000000000, 0.000000000000000000, 0.000000000000000000 ) ) ;
#7437 = CARTESIAN_POINT ( 'NONE',  ( 83.49974999999994907, 18.30794360463553616, -18.50000000000000000 ) ) ;
#7438 = CARTESIAN_POINT ( 'NONE',  ( 49.00000000000000711, 18.50000000000000355, -18.50000000000000000 ) ) ;
#7439 = LINE ( 'NONE', #2566, #3088 ) ;
#7440 = DIRECTION ( 'NONE',  ( -0.000000000000000000, -1.000000000000000000, -0.000000000000000000 ) ) ;
#7441 = ORIENTED_EDGE ( 'NONE', *, *, #8380, .F. ) ;
#7442 = LINE ( 'NONE', #107, #4628 ) ;
#7443 = CARTESIAN_POINT ( 'NONE',  ( 98.19975000000002296, 2.000000000000000000, -5.130543437656422512 ) ) ;
#7444 = LINE ( 'NONE', #110, #3624 ) ;
#7445 = FACE_OUTER_BOUND ( 'NONE', #4345, .T. ) ;
#7446 = EDGE_CURVE ( 'NONE', #7358, #6620, #4775, .T. ) ;
#7447 = B_SPLINE_CURVE_WITH_KNOTS ( 'NONE', 3,
 ( #7199, #8345, #3974, #5938 ),
 .UNSPECIFIED., .F., .F.,
 ( 4, 4 ),
 ( 0.000000000000000000, 1.000000000000000000 ),
 .UNSPECIFIED. ) ;
#7448 = EDGE_CURVE ( 'NONE', #10303, #483, #7447, .T. ) ;
#7449 = DIRECTION ( 'NONE',  ( 0.000000000000000000, 0.000000000000000000, -1.000000000000000000 ) ) ;
#7450 = ORIENTED_EDGE ( 'NONE', *, *, #945, .F. ) ;
#7451 = EDGE_CURVE ( 'NONE', #9214, #6470, #10455, .T. ) ;
#7452 = ORIENTED_EDGE ( 'NONE', *, *, #3268, .T. ) ;
#7453 = DIRECTION ( 'NONE',  ( 1.000000000000000000, -0.000000000000000000, 0.000000000000000000 ) ) ;
#7454 = VERTEX_POINT ( 'NONE', #5587 ) ;
#7455 = ORIENTED_EDGE ( 'NONE', *, *, #5468, .T. ) ;
#7456 = CARTESIAN_POINT ( 'NONE',  ( 42.57500000000000284, 18.50000000000000355, -1.500000000000000000 ) ) ;
#7457 =( BOUNDED_CURVE ( )  B_SPLINE_CURVE ( 3, ( #5426, #575, #5485, #6601 ),
 .UNSPECIFIED., .F., .F. ) 
 B_SPLINE_CURVE_WITH_KNOTS ( ( 4, 4 ),
 ( 3.141592653589793116, 4.712388980384693227 ),
 .UNSPECIFIED. ) 
 CURVE ( )  GEOMETRIC_REPRESENTATION_ITEM ( )  RATIONAL_B_SPLINE_CURVE ( ( 1.000000000000000000, 0.8047378541243641603, 0.8047378541243641603, 1.000000000000000000 ) ) 
 REPRESENTATION_ITEM ( '' )  );
#7458 = CARTESIAN_POINT ( 'NONE',  ( 76.11246076258711923, 2.999999999999999112, 3.111763134659267127 ) ) ;
#7459 = VERTEX_POINT ( 'NONE', #4023 ) ;
#7460 = CARTESIAN_POINT ( 'NONE',  ( 83.97904756189953446, 18.50000000000000355, -18.11731656763492637 ) ) ;
#7461 = CARTESIAN_POINT ( 'NONE',  ( 36.22500000000000853, 18.50000000000000355, 0.000000000000000000 ) ) ;
#7462 = ORIENTED_EDGE ( 'NONE', *, *, #7487, .T. ) ;
#7463 = LINE ( 'NONE', #5793, #7640 ) ;
#7464 = EDGE_LOOP ( 'NONE', ( #10389, #1894, #9760, #10498, #7231, #10331, #1036 ) ) ;
#7465 = ORIENTED_EDGE ( 'NONE', *, *, #9043, .F. ) ;
#7466 = CARTESIAN_POINT ( 'NONE',  ( 83.49974999999994907, 2.999999999999999112, -12.10960480172301423 ) ) ;
#7467 = EDGE_CURVE ( 'NONE', #5562, #8692, #9191, .T. ) ;
#7468 = ORIENTED_EDGE ( 'NONE', *, *, #4334, .T. ) ;
#7469 = VECTOR ( 'NONE', #2289, 1000.000000000000114 ) ;
#7470 = LINE ( 'NONE', #6674, #7685 ) ;
#7471 = LINE ( 'NONE', #6780, #3282 ) ;
#7472 = CARTESIAN_POINT ( 'NONE',  ( 88.39974999999999739, 2.153954234325370365, -1.500000000000000444 ) ) ;
#7473 = ORIENTED_EDGE ( 'NONE', *, *, #8168, .T. ) ;
#7474 = DIRECTION ( 'NONE',  ( -0.9238795325112846291, 0.000000000000000000, 0.3826834323650947778 ) ) ;
#7475 = CARTESIAN_POINT ( 'NONE',  ( 20.62641036312441400, 2.011332046172841892, -4.435207354722921380 ) ) ;
#7476 = CARTESIAN_POINT ( 'NONE',  ( 0.000000000000000000, 2.000000000000000000, 0.000000000000000000 ) ) ;
#7477 = EDGE_LOOP ( 'NONE', ( #2870, #1748, #1641, #5528, #9428, #3958 ) ) ;
#7478 = SURFACE_STYLE_FILL_AREA ( #5049 ) ;
#7479 = ORIENTED_EDGE ( 'NONE', *, *, #7487, .F. ) ;
#7480 = VERTEX_POINT ( 'NONE', #773 ) ;
#7481 = ORIENTED_EDGE ( 'NONE', *, *, #10554, .F. ) ;
#7482 = CARTESIAN_POINT ( 'NONE',  ( 103.3845736236432487, 2.383975024205981619, -18.49999999999999645 ) ) ;
#7483 = CYLINDRICAL_SURFACE ( 'NONE', #5111, 0.9999999999999991118 ) ;
#7484 = PLANE ( 'NONE',  #6010 ) ;
#7486 = EDGE_CURVE ( 'NONE', #2926, #6421, #10504, .T. ) ;
#7485 = DIRECTION ( 'NONE',  ( 0.3826834323650857850, 0.000000000000000000, -0.9238795325112884038 ) ) ;
#7487 = EDGE_CURVE ( 'NONE', #4198, #6642, #8153, .T. ) ;
#7488 = DIRECTION ( 'NONE',  ( -0.3826834323650853964, 0.000000000000000000, 0.9238795325112885148 ) ) ;
#7489 = ORIENTED_EDGE ( 'NONE', *, *, #953, .F. ) ;
#7490 = EDGE_CURVE ( 'NONE', #3485, #9366, #1520, .T. ) ;
#7491 = PLANE ( 'NONE',  #1388 ) ;
#7492 = PLANE ( 'NONE',  #10078 ) ;
#7493 = LINE ( 'NONE', #4213, #9596 ) ;
#7494 = CARTESIAN_POINT ( 'NONE',  ( 93.29974999999996044, 2.192056395364472721, -18.50000000000000000 ) ) ;
#7495 = DIRECTION ( 'NONE',  ( -0.000000000000000000, -1.000000000000000000, -0.000000000000000000 ) ) ;
#7496 = CARTESIAN_POINT ( 'NONE',  ( 14.89974999999994587, 2.000000000000000000, -16.96018989328457849 ) ) ;
#7497 = ORIENTED_EDGE ( 'NONE', *, *, #8301, .F. ) ;
#7498 = AXIS2_PLACEMENT_3D ( 'NONE', #9869, #7422, #3144 ) ;
#7499 = ORIENTED_EDGE ( 'NONE', *, *, #1114, .F. ) ;
#7500 = FACE_OUTER_BOUND ( 'NONE', #9670, .T. ) ;
#7501 = ORIENTED_EDGE ( 'NONE', *, *, #9319, .F. ) ;
#7502 = DIRECTION ( 'NONE',  ( -0.000000000000000000, -1.000000000000000000, -0.000000000000000000 ) ) ;
#7503 = CARTESIAN_POINT ( 'NONE',  ( 59.50510779970762343, 18.50000000000000355, -1.500000000000000000 ) ) ;
#7504 = AXIS2_PLACEMENT_3D ( 'NONE', #5470, #8880, #3903 ) ;
#7505 = DIRECTION ( 'NONE',  ( -0.000000000000000000, -1.000000000000000000, -0.000000000000000000 ) ) ;
#7506 = ORIENTED_EDGE ( 'NONE', *, *, #2686, .T. ) ;
#7507 = CARTESIAN_POINT ( 'NONE',  ( 12.00000000000000355, 17.50000000000000000, 0.000000000000000000 ) ) ;
#7508 = DIRECTION ( 'NONE',  ( -0.3826834323650853964, 0.000000000000000000, 0.9238795325112886259 ) ) ;
#7509 = VERTEX_POINT ( 'NONE', #7550 ) ;
#7510 = DIRECTION ( 'NONE',  ( -1.000000000000000000, 0.000000000000000000, 0.000000000000000000 ) ) ;
#7511 = ORIENTED_EDGE ( 'NONE', *, *, #5584, .T. ) ;
#7512 = EDGE_LOOP ( 'NONE', ( #8762, #6390, #1738, #5894, #5367, #4923 ) ) ;
#7513 = CARTESIAN_POINT ( 'NONE',  ( 103.0997499999999576, 2.000000000000000000, -9.496478871970266411 ) ) ;
#7514 = VECTOR ( 'NONE', #418, 1000.000000000000000 ) ;
#7515 = ORIENTED_EDGE ( 'NONE', *, *, #918, .F. ) ;
#7516 = EDGE_CURVE ( 'NONE', #5629, #4894, #3922, .T. ) ;
#7517 = VECTOR ( 'NONE', #2976, 1000.000000000000000 ) ;
#7518 = AXIS2_PLACEMENT_3D ( 'NONE', #1292, #2732, #336 ) ;
#7519 = CARTESIAN_POINT ( 'NONE',  ( 72.17277582909585476, 18.50000000000000355, -18.50000000000000000 ) ) ;
#7520 = DIRECTION ( 'NONE',  ( -0.000000000000000000, -1.000000000000000000, -0.000000000000000000 ) ) ;
#7521 = CARTESIAN_POINT ( 'NONE',  ( 14.89974999999994942, 18.50000000000000355, -16.96018989328459270 ) ) ;
#7522 = CARTESIAN_POINT ( 'NONE',  ( 73.69974999999996612, 18.43380900354983254, -18.04903699352147939 ) ) ;
#7523 = VERTEX_POINT ( 'NONE', #3230 ) ;
#7524 = CARTESIAN_POINT ( 'NONE',  ( 19.80000000000000426, 18.08578643762691129, -7.744272920799764037 ) ) ;
#7525 = LINE ( 'NONE', #10194, #3939 ) ;
#7526 = EDGE_CURVE ( 'NONE', #8252, #215, #9753, .T. ) ;
#7527 = CARTESIAN_POINT ( 'NONE',  ( 78.60000000000000853, 13.00000000000000533, -10.35619174377131557 ) ) ;
#7528 = ORIENTED_EDGE ( 'NONE', *, *, #9374, .F. ) ;
#7529 = CARTESIAN_POINT ( 'NONE',  ( 63.89974999999996186, 18.50000000000000355, -9.496478871970266411 ) ) ;
#7530 = VERTEX_POINT ( 'NONE', #8100 ) ;
#7531 = VECTOR ( 'NONE', #5930, 1000.000000000000000 ) ;
#7532 = ORIENTED_EDGE ( 'NONE', *, *, #8871, .F. ) ;
#7533 = ORIENTED_EDGE ( 'NONE', *, *, #7947, .T. ) ;
#7534 = DIRECTION ( 'NONE',  ( 0.000000000000000000, 0.000000000000000000, -1.000000000000000000 ) ) ;
#7535 = EDGE_CURVE ( 'NONE', #7204, #5312, #224, .T. ) ;
#7536 = VECTOR ( 'NONE', #3132, 1000.000000000000114 ) ;
#7537 = LINE ( 'NONE', #3469, #8585 ) ;
#7538 = PLANE ( 'NONE',  #10283 ) ;
#7539 = DIRECTION ( 'NONE',  ( -0.000000000000000000, -1.000000000000000000, -0.000000000000000000 ) ) ;
#7540 = DIRECTION ( 'NONE',  ( 0.3826834323650956105, 0.000000000000000000, 0.9238795325112842960 ) ) ;
#7541 = VERTEX_POINT ( 'NONE', #5740 ) ;
#7542 = ORIENTED_EDGE ( 'NONE', *, *, #783, .F. ) ;
#7543 =( BOUNDED_CURVE ( )  B_SPLINE_CURVE ( 3, ( #6251, #3780, #7060, #5332 ),
 .UNSPECIFIED., .F., .F. ) 
 B_SPLINE_CURVE_WITH_KNOTS ( ( 4, 4 ),
 ( 4.150116409062347245, 4.712388980384694115 ),
 .UNSPECIFIED. ) 
 CURVE ( )  GEOMETRIC_REPRESENTATION_ITEM ( )  RATIONAL_B_SPLINE_CURVE ( ( 1.000000000000000000, 0.9738271993243681202, 0.9738271993243681202, 1.000000000000000000 ) ) 
 REPRESENTATION_ITEM ( '' )  );
#7544 = ORIENTED_EDGE ( 'NONE', *, *, #2067, .F. ) ;
#7545 = ADVANCED_FACE ( 'NONE', ( #3482 ), #6755, .T. ) ;
#7546 = CARTESIAN_POINT ( 'NONE',  ( 76.72300350039711248, 2.999999999999999112, -7.423951128325072091 ) ) ;
#7547 = CARTESIAN_POINT ( 'NONE',  ( 77.96021982760970559, 18.50000000000000355, 3.877129999389440584 ) ) ;
#7548 = LINE ( 'NONE', #8294, #4120 ) ;
#7549 = LINE ( 'NONE', #5135, #858 ) ;
#7550 = CARTESIAN_POINT ( 'NONE',  ( 88.90510779970762201, 17.50000000000000000, -1.500000000000000000 ) ) ;
#7551 = LINE ( 'NONE', #2681, #5436 ) ;
#7552 = ORIENTED_EDGE ( 'NONE', *, *, #7581, .T. ) ;
#7553 = ADVANCED_FACE ( 'NONE', ( #1079 ), #2794, .F. ) ;
#7554 = VECTOR ( 'NONE', #3002, 1000.000000000000000 ) ;
#7555 = ORIENTED_EDGE ( 'NONE', *, *, #10323, .T. ) ;
#7556 = CARTESIAN_POINT ( 'NONE',  ( 104.8250000000000171, 20.00000000000000355, 0.000000000000000000 ) ) ;
#7557 = EDGE_CURVE ( 'NONE', #8692, #10541, #7817, .T. ) ;
#7558 = ADVANCED_FACE ( 'NONE', ( #9312 ), #6159, .F. ) ;
#7559 = CARTESIAN_POINT ( 'NONE',  ( 39.39975000000001160, 18.34604576567463496, -1.499999999999999556 ) ) ;
#7560 = CARTESIAN_POINT ( 'NONE',  ( 101.5727758290958604, 18.50000000000000355, -18.50000000000000000 ) ) ;
#7561 = VECTOR ( 'NONE', #2882, 999.9999999999998863 ) ;
#7562 = LINE ( 'NONE', #4450, #2307 ) ;
#7563 = EDGE_LOOP ( 'NONE', ( #6263, #870, #10186, #4083 ) ) ;
#7564 = DIRECTION ( 'NONE',  ( -1.000000000000000000, 0.000000000000000000, -0.000000000000000000 ) ) ;
#7565 = VECTOR ( 'NONE', #8917, 1000.000000000000000 ) ;
#7566 = LINE ( 'NONE', #6767, #3603 ) ;
#7567 = ORIENTED_EDGE ( 'NONE', *, *, #10417, .F. ) ;
#7568 = LINE ( 'NONE', #4344, #5288 ) ;
#7569 = ORIENTED_EDGE ( 'NONE', *, *, #5195, .F. ) ;
#7570 = VERTEX_POINT ( 'NONE', #8405 ) ;
#7571 = CARTESIAN_POINT ( 'NONE',  ( 63.45516802938824696, 17.50000000000000000, -18.50000000000000355 ) ) ;
#7572 = ORIENTED_EDGE ( 'NONE', *, *, #1564, .F. ) ;
#7573 = ORIENTED_EDGE ( 'NONE', *, *, #4138, .F. ) ;
#7574 = VECTOR ( 'NONE', #3877, 1000.000000000000000 ) ;
#7575 = DIRECTION ( 'NONE',  ( 0.3826834323650956660, 0.000000000000000000, 0.9238795325112844070 ) ) ;
#7576 = CARTESIAN_POINT ( 'NONE',  ( 11.00000000000000355, 2.414213562373094923, -2.694775461858569088 ) ) ;
#7577 = LINE ( 'NONE', #6781, #4601 ) ;
#7578 = ORIENTED_EDGE ( 'NONE', *, *, #7821, .F. ) ;
#7579 = PLANE ( 'NONE',  #2377 ) ;
#7580 = AXIS2_PLACEMENT_3D ( 'NONE', #9438, #3669, #1207 ) ;
#7581 = EDGE_CURVE ( 'NONE', #3995, #719, #3743, .T. ) ;
#7582 = DIRECTION ( 'NONE',  ( -0.000000000000000000, -1.000000000000000000, -0.000000000000000000 ) ) ;
#7583 = EDGE_CURVE ( 'NONE', #7759, #2890, #2844, .T. ) ;
#7584 = CARTESIAN_POINT ( 'NONE',  ( 79.10510779970761064, 2.999999999999999112, -1.500000000000000000 ) ) ;
#7585 = EDGE_LOOP ( 'NONE', ( #2024, #2163, #6709, #10565 ) ) ;
#7586 = ORIENTED_EDGE ( 'NONE', *, *, #4169, .F. ) ;
#7587 = EDGE_CURVE ( 'NONE', #9287, #9877, #10118, .T. ) ;
#7588 = EDGE_LOOP ( 'NONE', ( #6612, #3535, #4098, #3941, #3134 ) ) ;
#7589 = ORIENTED_EDGE ( 'NONE', *, *, #5532, .T. ) ;
#7590 =( BOUNDED_CURVE ( )  B_SPLINE_CURVE ( 3, ( #2434, #5895, #6870, #4336 ),
 .UNSPECIFIED., .F., .F. ) 
 B_SPLINE_CURVE_WITH_KNOTS ( ( 4, 4 ),
 ( 0.000000000000000000, 0.9406539246381592223 ),
 .UNSPECIFIED. ) 
 CURVE ( )  GEOMETRIC_REPRESENTATION_ITEM ( )  RATIONAL_B_SPLINE_CURVE ( ( 1.000000000000000000, 0.9276134425277018369, 0.9276134425277018369, 1.000000000000000000 ) ) 
 REPRESENTATION_ITEM ( '' )  );
#7591 = DIRECTION ( 'NONE',  ( 0.3826834323650853964, 0.000000000000000000, -0.9238795325112885148 ) ) ;
#7592 = DIRECTION ( 'NONE',  ( -0.3826834323650853964, 0.000000000000000000, 0.9238795325112885148 ) ) ;
#7593 = FACE_OUTER_BOUND ( 'NONE', #7811, .T. ) ;
#7594 = LINE ( 'NONE', #9299, #4267 ) ;
#7595 = DIRECTION ( 'NONE',  ( 0.3826834323650956660, -0.000000000000000000, 0.9238795325112844070 ) ) ;
#7596 = ORIENTED_EDGE ( 'NONE', *, *, #6109, .F. ) ;
#7597 = VERTEX_POINT ( 'NONE', #10278 ) ;
#7598 = EDGE_CURVE ( 'NONE', #10061, #1315, #1991, .T. ) ;
#7599 = ORIENTED_EDGE ( 'NONE', *, *, #6007, .T. ) ;
#7600 = VECTOR ( 'NONE', #3129, 1000.000000000000000 ) ;
#7601 = CARTESIAN_POINT ( 'NONE',  ( 103.0997499999999576, 2.066190996450165684, -18.04903699352147939 ) ) ;
#7602 = CARTESIAN_POINT ( 'NONE',  ( 78.59975000000000023, 2.153954234325370365, -1.500000000000000444 ) ) ;
#7603 = DIRECTION ( 'NONE',  ( -0.000000000000000000, -1.000000000000000000, -0.000000000000000000 ) ) ;
#7604 = LINE ( 'NONE', #5192, #6332 ) ;
#7605 = CARTESIAN_POINT ( 'NONE',  ( 88.39993749768392206, 18.50000000000000355, -10.35694617991806865 ) ) ;
#7606 = FACE_OUTER_BOUND ( 'NONE', #5064, .T. ) ;
#7607 = ORIENTED_EDGE ( 'NONE', *, *, #2062, .T. ) ;
#7608 =( BOUNDED_CURVE ( )  B_SPLINE_CURVE ( 3, ( #7795, #9655, #469, #10248 ),
 .UNSPECIFIED., .F., .F. ) 
 B_SPLINE_CURVE_WITH_KNOTS ( ( 4, 4 ),
 ( 4.712388980384691450, 6.283185307179586232 ),
 .UNSPECIFIED. ) 
 CURVE ( )  GEOMETRIC_REPRESENTATION_ITEM ( )  RATIONAL_B_SPLINE_CURVE ( ( 1.000000000000000000, 0.8047378541243654926, 0.8047378541243654926, 1.000000000000000000 ) ) 
 REPRESENTATION_ITEM ( '' )  );
#7609 = ORIENTED_EDGE ( 'NONE', *, *, #9611, .F. ) ;
#7610 = CARTESIAN_POINT ( 'NONE',  ( 63.89974999999994765, 18.50000000000000355, -17.51835138363012589 ) ) ;
#7611 = CARTESIAN_POINT ( 'NONE',  ( 44.58457362364323728, 18.11602497579402282, -18.50000000000000000 ) ) ;
#7612 = CARTESIAN_POINT ( 'NONE',  ( 25.87524443537454744, 2.000000000000000000, -6.658584263594879538 ) ) ;
#7613 = B_SPLINE_CURVE_WITH_KNOTS ( 'NONE', 3,
 ( #6562, #5697, #4779, #9056 ),
 .UNSPECIFIED., .F., .F.,
 ( 4, 4 ),
 ( 0.000000000000000000, 1.000000000000000000 ),
 .UNSPECIFIED. ) ;
#7614 = LINE ( 'NONE', #8304, #926 ) ;
#7615 = ORIENTED_EDGE ( 'NONE', *, *, #6473, .F. ) ;
#7616 = DIRECTION ( 'NONE',  ( 0.3826834323650856740, 0.000000000000000000, -0.9238795325112884038 ) ) ;
#7617 = EDGE_CURVE ( 'NONE', #295, #2998, #8508, .T. ) ;
#7618 = EDGE_CURVE ( 'NONE', #9366, #2370, #2951, .T. ) ;
#7619 = FACE_OUTER_BOUND ( 'NONE', #4400, .T. ) ;
#7620 = VERTEX_POINT ( 'NONE', #7605 ) ;
#7621 = CARTESIAN_POINT ( 'NONE',  ( 0.000000000000000000, 2.000000000000000000, 0.000000000000000000 ) ) ;
#7622 = ORIENTED_EDGE ( 'NONE', *, *, #61, .F. ) ;
#7623 = ORIENTED_EDGE ( 'NONE', *, *, #8134, .T. ) ;
#7624 = CARTESIAN_POINT ( 'NONE',  ( 86.67474999999994623, 20.00000000000000355, -20.00000000000000000 ) ) ;
#7625 = VERTEX_POINT ( 'NONE', #279 ) ;
#7626 = ORIENTED_EDGE ( 'NONE', *, *, #8147, .T. ) ;
#7627 = AXIS2_PLACEMENT_3D ( 'NONE', #9948, #9141, #3426 ) ;
#7628 = ADVANCED_FACE ( 'NONE', ( #10056 ), #5353, .F. ) ;
#7629 = CARTESIAN_POINT ( 'NONE',  ( 93.29974999999996044, 18.50000000000000355, -16.96018989328459980 ) ) ;
#7630 = DIRECTION ( 'NONE',  ( 0.000000000000000000, -0.000000000000000000, -1.000000000000000000 ) ) ;
#7631 = CARTESIAN_POINT ( 'NONE',  ( 14.89974999999994409, 18.50000000000000355, -17.51835138363012589 ) ) ;
#7632 = CARTESIAN_POINT ( 'NONE',  ( 107.0000000000000142, 2.999999999999999112, -2.693568355077375909 ) ) ;
#7633 = ORIENTED_EDGE ( 'NONE', *, *, #8872, .F. ) ;
#7634 = CARTESIAN_POINT ( 'NONE',  ( 68.60000000000000853, 2.000000000000000000, -18.50000000000000000 ) ) ;
#7635 = ORIENTED_EDGE ( 'NONE', *, *, #3691, .F. ) ;
#7636 = CARTESIAN_POINT ( 'NONE',  ( 20.45103503404430967, 2.011332046172841892, -4.011813856752074692 ) ) ;
#7637 = FACE_OUTER_BOUND ( 'NONE', #9593, .T. ) ;
#7638 = VERTEX_POINT ( 'NONE', #6217 ) ;
#7639 = ORIENTED_EDGE ( 'NONE', *, *, #979, .F. ) ;
#7640 = VECTOR ( 'NONE', #9759, 1000.000000000000000 ) ;
#7641 = DIRECTION ( 'NONE',  ( -0.000000000000000000, -0.000000000000000000, -1.000000000000000000 ) ) ;
#7642 = EDGE_CURVE ( 'NONE', #6072, #5008, #300, .T. ) ;
#7643 = DIRECTION ( 'NONE',  ( 0.000000000000000000, 0.000000000000000000, 1.000000000000000000 ) ) ;
#7644 = DIRECTION ( 'NONE',  ( -1.000000000000000000, 0.000000000000000000, -0.000000000000000000 ) ) ;
#7645 = FACE_OUTER_BOUND ( 'NONE', #4504, .T. ) ;
#7646 = LINE ( 'NONE', #2086, #3420 ) ;
#7647 = CARTESIAN_POINT ( 'NONE',  ( 88.40000000000000568, 20.00000000000000355, -10.35679529716193592 ) ) ;
#7648 = ORIENTED_EDGE ( 'NONE', *, *, #507, .F. ) ;
#7649 = ORIENTED_EDGE ( 'NONE', *, *, #10124, .F. ) ;
#7650 = VERTEX_POINT ( 'NONE', #10171 ) ;
#7651 = ADVANCED_FACE ( 'NONE', ( #3592 ), #492, .F. ) ;
#7652 = LINE ( 'NONE', #2840, #10060 ) ;
#7653 = CARTESIAN_POINT ( 'NONE',  ( 78.27808768696162645, 2.341211518780913714, -1.500000000000000222 ) ) ;
#7654 = CARTESIAN_POINT ( 'NONE',  ( 19.80000000000000426, 2.528878387167856179, -7.743065814018598836 ) ) ;
#7655 = FACE_OUTER_BOUND ( 'NONE', #8194, .T. ) ;
#7656 = CARTESIAN_POINT ( 'NONE',  ( 73.22045243810035231, 2.000000000000000000, -18.11731656763490861 ) ) ;
#7657 = LINE ( 'NONE', #5834, #7991 ) ;
#7658 = EDGE_CURVE ( 'NONE', #2915, #4012, #1237, .T. ) ;
#7659 = ORIENTED_EDGE ( 'NONE', *, *, #7293, .T. ) ;
#7660 = LINE ( 'NONE', #3597, #6213 ) ;
#7661 = ORIENTED_EDGE ( 'NONE', *, *, #6006, .F. ) ;
#7662 = CARTESIAN_POINT ( 'NONE',  ( 19.60000000000000142, 2.000000000000000000, -1.500000000000000000 ) ) ;
#7663 = CARTESIAN_POINT ( 'NONE',  ( 63.45516802938824696, 17.50000000000000000, -18.50000000000000355 ) ) ;
#7664 =( BOUNDED_CURVE ( )  B_SPLINE_CURVE ( 3, ( #6173, #3016, #4607, #564 ),
 .UNSPECIFIED., .F., .F. ) 
 B_SPLINE_CURVE_WITH_KNOTS ( ( 4, 4 ),
 ( 3.141592653589793116, 4.082246578227955780 ),
 .UNSPECIFIED. ) 
 CURVE ( )  GEOMETRIC_REPRESENTATION_ITEM ( )  RATIONAL_B_SPLINE_CURVE ( ( 1.000000000000000000, 0.9276134425277013928, 0.9276134425277013928, 1.000000000000000000 ) ) 
 REPRESENTATION_ITEM ( '' )  );
#7665 = EDGE_CURVE ( 'NONE', #9699, #1939, #10219, .T. ) ;
#7666 = CARTESIAN_POINT ( 'NONE',  ( 94.82672417090404338, 18.50000000000000355, -18.50000000000000355 ) ) ;
#7667 = ORIENTED_EDGE ( 'NONE', *, *, #5665, .F. ) ;
#7668 = VECTOR ( 'NONE', #1642, 1000.000000000000000 ) ;
#7669 = CARTESIAN_POINT ( 'NONE',  ( 27.87474999999994196, 20.00000000000000355, -18.50000000000000000 ) ) ;
#7670 = ORIENTED_EDGE ( 'NONE', *, *, #9674, .T. ) ;
#7671 = FACE_OUTER_BOUND ( 'NONE', #3608, .T. ) ;
#7672 = ORIENTED_EDGE ( 'NONE', *, *, #191, .F. ) ;
#7673 = CARTESIAN_POINT ( 'NONE',  ( 39.90510779970761490, 2.999999999999999112, -1.499999999999996891 ) ) ;
#7674 = EDGE_LOOP ( 'NONE', ( #6346, #4766, #5713, #2860 ) ) ;
#7675 = AXIS2_PLACEMENT_3D ( 'NONE', #5207, #6613, #6766 ) ;
#7676 = VECTOR ( 'NONE', #1760, 1000.000000000000114 ) ;
#7677 = ADVANCED_FACE ( 'NONE', ( #5999 ), #9257, .T. ) ;
#7678 = EDGE_CURVE ( 'NONE', #4012, #6668, #1852, .T. ) ;
#7679 = CARTESIAN_POINT ( 'NONE',  ( 91.77277582909586329, 18.50000000000000355, -18.50000000000000000 ) ) ;
#7680 = LINE ( 'NONE', #3712, #2972 ) ;
#7681 = CARTESIAN_POINT ( 'NONE',  ( 19.79975000000000307, 2.153954234325363259, -1.500000000000000444 ) ) ;
#7682 = CARTESIAN_POINT ( 'NONE',  ( 0.000000000000000000, 2.000000000000000000, 0.000000000000000000 ) ) ;
#7683 = ORIENTED_EDGE ( 'NONE', *, *, #7164, .T. ) ;
#7684 = DIRECTION ( 'NONE',  ( 0.000000000000000000, 0.000000000000000000, 1.000000000000000000 ) ) ;
#7685 = VECTOR ( 'NONE', #6622, 1000.000000000000114 ) ;
#7686 = DIRECTION ( 'NONE',  ( 0.3826834323650853964, 0.000000000000000000, -0.9238795325112886259 ) ) ;
#7687 = DIRECTION ( 'NONE',  ( 1.000000000000000000, -0.000000000000000000, 0.000000000000000000 ) ) ;
#7688 = ORIENTED_EDGE ( 'NONE', *, *, #1455, .F. ) ;
#7689 = FACE_OUTER_BOUND ( 'NONE', #7969, .T. ) ;
#7690 = EDGE_CURVE ( 'NONE', #9225, #3448, #2361, .T. ) ;
#7691 = CARTESIAN_POINT ( 'NONE',  ( 94.82672417090404338, 18.50000000000000355, -18.50000000000000355 ) ) ;
#7692 = AXIS2_PLACEMENT_3D ( 'NONE', #2121, #7898, #4561 ) ;
#7693 = ORIENTED_EDGE ( 'NONE', *, *, #6974, .F. ) ;
#7694 = ORIENTED_EDGE ( 'NONE', *, *, #1404, .T. ) ;
#7695 = VECTOR ( 'NONE', #1369, 999.9999999999998863 ) ;
#7696 = ADVANCED_FACE ( 'NONE', ( #6429 ), #7177, .F. ) ;
#7697 = VECTOR ( 'NONE', #606, 1000.000000000000000 ) ;
#7698 = EDGE_CURVE ( 'NONE', #3301, #6245, #702, .T. ) ;
#7699 = FACE_OUTER_BOUND ( 'NONE', #2683, .T. ) ;
#7700 = FACE_OUTER_BOUND ( 'NONE', #2784, .T. ) ;
#7701 = AXIS2_PLACEMENT_3D ( 'NONE', #9991, #5985, #9241 ) ;
#7702 = DIRECTION ( 'NONE',  ( 0.3826834323650956105, 0.000000000000000000, 0.9238795325112842960 ) ) ;
#7703 = CARTESIAN_POINT ( 'NONE',  ( 0.000000000000000000, 2.000000000000000000, -20.00000000000000000 ) ) ;
#7704 = VECTOR ( 'NONE', #5863, 1000.000000000000000 ) ;
#7705 = LINE ( 'NONE', #8498, #4312 ) ;
#7706 = ORIENTED_EDGE ( 'NONE', *, *, #1056, .F. ) ;
#7707 = ORIENTED_EDGE ( 'NONE', *, *, #5568, .T. ) ;
#7708 = ORIENTED_EDGE ( 'NONE', *, *, #7448, .F. ) ;
#7709 = VERTEX_POINT ( 'NONE', #2312 ) ;
#7710 = AXIS2_PLACEMENT_3D ( 'NONE', #7299, #22, #10556 ) ;
#7711 = CARTESIAN_POINT ( 'NONE',  ( 36.22500000000000853, 20.00000000000000355, -1.500000000000000000 ) ) ;
#7712 = CARTESIAN_POINT ( 'NONE',  ( 22.97500000000000142, 18.50000000000000355, 0.000000000000000000 ) ) ;
#7713 = CARTESIAN_POINT ( 'NONE',  ( 74.87524443537455454, 2.000000000000000000, -6.658584263594879538 ) ) ;
#7714 = DIRECTION ( 'NONE',  ( 0.000000000000000000, 0.000000000000000000, -1.000000000000000000 ) ) ;
#7715 = DIRECTION ( 'NONE',  ( 1.000000000000000000, 0.000000000000000000, 0.000000000000000000 ) ) ;
#7716 = LINE ( 'NONE', #395, #3050 ) ;
#7717 = EDGE_CURVE ( 'NONE', #7939, #9954, #552, .T. ) ;
#7718 = EDGE_CURVE ( 'NONE', #1914, #9458, #4807, .T. ) ;
#7719 = ORIENTED_EDGE ( 'NONE', *, *, #3023, .F. ) ;
#7720 = LINE ( 'NONE', #4386, #5527 ) ;
#7721 = ORIENTED_EDGE ( 'NONE', *, *, #6952, .T. ) ;
#7722 = EDGE_CURVE ( 'NONE', #9525, #2166, #3004, .T. ) ;
#7723 = LINE ( 'NONE', #1947, #10164 ) ;
#7724 = LINE ( 'NONE', #1189, #2903 ) ;
#7725 = AXIS2_PLACEMENT_3D ( 'NONE', #5068, #3212, #6488 ) ;
#7726 = DIRECTION ( 'NONE',  ( -0.000000000000000000, -1.000000000000000000, -0.000000000000000000 ) ) ;
#7727 = ORIENTED_EDGE ( 'NONE', *, *, #1886, .T. ) ;
#7728 = CARTESIAN_POINT ( 'NONE',  ( 55.02362953251124367, 18.50000000000000355, -12.49228823408811273 ) ) ;
#7729 = ORIENTED_EDGE ( 'NONE', *, *, #8573, .F. ) ;
#7730 = DIRECTION ( 'NONE',  ( 0.000000000000000000, -0.000000000000000000, 1.000000000000000000 ) ) ;
#7731 = VERTEX_POINT ( 'NONE', #7129 ) ;
#7732 = CARTESIAN_POINT ( 'NONE',  ( 67.21200000000001751, 20.00000000000000355, -1.499999999999999556 ) ) ;
#7733 = VERTEX_POINT ( 'NONE', #6381 ) ;
#7734 = EDGE_CURVE ( 'NONE', #10307, #9511, #9678, .T. ) ;
#7735 = ORIENTED_EDGE ( 'NONE', *, *, #2786, .F. ) ;
#7736 = CARTESIAN_POINT ( 'NONE',  ( 78.59975000000000023, 2.052697314414772212, -1.919915453368662872 ) ) ;
#7737 = VECTOR ( 'NONE', #4796, 1000.000000000000114 ) ;
#7738 = DIRECTION ( 'NONE',  ( 0.9238795325112882928, 0.000000000000000000, 0.3826834323650858960 ) ) ;
#7739 = CARTESIAN_POINT ( 'NONE',  ( 90.08638791454794159, 20.00000000000000355, -18.50000000000000000 ) ) ;
#7740 = CARTESIAN_POINT ( 'NONE',  ( 107.0000000000000142, 2.414213562373092703, -2.693568355077363918 ) ) ;
#7741 = ORIENTED_EDGE ( 'NONE', *, *, #4047, .T. ) ;
#7742 = LINE ( 'NONE', #3031, #2037 ) ;
#7743 = DIRECTION ( 'NONE',  ( -0.000000000000000000, -1.000000000000000000, -0.000000000000000000 ) ) ;
#7744 = CARTESIAN_POINT ( 'NONE',  ( 29.59975000000000733, 2.153954234325363259, -1.500000000000000444 ) ) ;
#7745 = EDGE_LOOP ( 'NONE', ( #9664, #10415, #4468, #9671 ) ) ;
#7746 = DIRECTION ( 'NONE',  ( 0.9238795325112884038, -0.000000000000000000, 0.3826834323650856740 ) ) ;
#7747 =( BOUNDED_CURVE ( )  B_SPLINE_CURVE ( 3, ( #199, #8223, #6577, #6526 ),
 .UNSPECIFIED., .F., .F. ) 
 B_SPLINE_CURVE_WITH_KNOTS ( ( 4, 4 ),
 ( -1.776356839400250465E-15, 0.9406539246381675490 ),
 .UNSPECIFIED. ) 
 CURVE ( )  GEOMETRIC_REPRESENTATION_ITEM ( )  RATIONAL_B_SPLINE_CURVE ( ( 1.000000000000000000, 0.9276134425277003936, 0.9276134425277003936, 1.000000000000000000 ) ) 
 REPRESENTATION_ITEM ( '' )  );
#7748 = CARTESIAN_POINT ( 'NONE',  ( 0.000000000000000000, 2.000000000000000000, 0.000000000000000000 ) ) ;
#7749 = ORIENTED_EDGE ( 'NONE', *, *, #7698, .F. ) ;
#7750 = VECTOR ( 'NONE', #9915, 1000.000000000000000 ) ;
#7751 = EDGE_CURVE ( 'NONE', #9965, #2737, #10435, .T. ) ;
#7752 = FACE_OUTER_BOUND ( 'NONE', #8652, .T. ) ;
#7753 = CARTESIAN_POINT ( 'NONE',  ( 58.99993749768392348, 18.50000000000000355, -10.35694617991806865 ) ) ;
#7754 = DIRECTION ( 'NONE',  ( -0.3826834323650856740, 0.000000000000000000, 0.9238795325112884038 ) ) ;
#7755 = CARTESIAN_POINT ( 'NONE',  ( 103.0997499999999576, 2.192056395364472721, -18.50000000000000000 ) ) ;
#7756 = EDGE_CURVE ( 'NONE', #7066, #8439, #8868, .T. ) ;
#7757 = CARTESIAN_POINT ( 'NONE',  ( 65.42672417090405190, 20.00000000000000355, -18.50000000000000355 ) ) ;
#7758 = EDGE_LOOP ( 'NONE', ( #10048, #6825, #4168, #1617 ) ) ;
#7759 = VERTEX_POINT ( 'NONE', #7275 ) ;
#7760 = EDGE_CURVE ( 'NONE', #643, #7933, #6480, .T. ) ;
#7761 = VERTEX_POINT ( 'NONE', #3950 ) ;
#7762 = ORIENTED_EDGE ( 'NONE', *, *, #6518, .F. ) ;
#7763 = ADVANCED_FACE ( 'NONE', ( #5460 ), #1499, .T. ) ;
#7764 = CARTESIAN_POINT ( 'NONE',  ( 39.90510779970761490, 17.50000000000000000, -1.500000000000000000 ) ) ;
#7765 = CARTESIAN_POINT ( 'NONE',  ( 57.41200000000001324, 2.000000000000000000, -1.499999999999999556 ) ) ;
#7766 = CARTESIAN_POINT ( 'NONE',  ( 0.000000000000000000, 0.000000000000000000, -20.00000000000000000 ) ) ;
#7767 = LINE ( 'NONE', #1990, #4604 ) ;
#7768 = CYLINDRICAL_SURFACE ( 'NONE', #6301, 0.9999999999999991118 ) ;
#7769 = VECTOR ( 'NONE', #6819, 1000.000000000000114 ) ;
#7770 = ORIENTED_EDGE ( 'NONE', *, *, #1221, .F. ) ;
#7771 = CARTESIAN_POINT ( 'NONE',  ( 94.47524443537454886, 18.50000000000000355, -6.658584263594879538 ) ) ;
#7772 = ORIENTED_EDGE ( 'NONE', *, *, #4679, .F. ) ;
#7773 = EDGE_CURVE ( 'NONE', #6450, #7167, #8666, .T. ) ;
#7774 = EDGE_CURVE ( 'NONE', #9932, #4500, #609, .T. ) ;
#7775 = DIRECTION ( 'NONE',  ( 0.000000000000000000, 0.000000000000000000, 1.000000000000000000 ) ) ;
#7776 = DIRECTION ( 'NONE',  ( 0.9238795325112846291, 0.000000000000000000, -0.3826834323650947778 ) ) ;
#7777 = EDGE_CURVE ( 'NONE', #5918, #7017, #7079, .T. ) ;
#7778 = CARTESIAN_POINT ( 'NONE',  ( -10.00000000000000000, 0.000000000000000000, -20.00000000000000000 ) ) ;
#7779 = VERTEX_POINT ( 'NONE', #8721 ) ;
#7780 = LINE ( 'NONE', #5418, #5786 ) ;
#7781 = EDGE_LOOP ( 'NONE', ( #70, #10496, #64, #6578 ) ) ;
#7782 = CARTESIAN_POINT ( 'NONE',  ( 14.89974999999994587, 2.000000000000000000, -16.96018989328457849 ) ) ;
#7783 = ORIENTED_EDGE ( 'NONE', *, *, #282, .T. ) ;
#7784 = FACE_OUTER_BOUND ( 'NONE', #2506, .T. ) ;
#7785 = VERTEX_POINT ( 'NONE', #10380 ) ;
#7786 = EDGE_LOOP ( 'NONE', ( #4756, #1002, #6456, #622 ) ) ;
#7787 = EDGE_CURVE ( 'NONE', #7338, #5715, #5517, .T. ) ;
#7788 = CARTESIAN_POINT ( 'NONE',  ( 39.20000000000000284, 18.50000000000000355, -18.50000000000000000 ) ) ;
#7789 = CARTESIAN_POINT ( 'NONE',  ( 11.00000000000000533, 17.50000000000000000, -10.15848648317290071 ) ) ;
#7790 = CARTESIAN_POINT ( 'NONE',  ( 81.97277582909586613, 18.50000000000000355, -18.50000000000000000 ) ) ;
#7791 = CARTESIAN_POINT ( 'NONE',  ( 39.39975000000003291, 18.50000000000000355, -5.130543437656421624 ) ) ;
#7792 = ORIENTED_EDGE ( 'NONE', *, *, #2367, .T. ) ;
#7793 = CYLINDRICAL_SURFACE ( 'NONE', #4578, 1.000000000000003109 ) ;
#7794 = EDGE_CURVE ( 'NONE', #3431, #8452, #7439, .T. ) ;
#7795 = CARTESIAN_POINT ( 'NONE',  ( 78.59975000000004286, 18.50000000000000355, -5.130543437656471362 ) ) ;
#7796 = DIRECTION ( 'NONE',  ( -0.3826834323650853964, 0.000000000000000000, 0.9238795325112885148 ) ) ;
#7797 = ORIENTED_EDGE ( 'NONE', *, *, #4661, .F. ) ;
#7798 = CARTESIAN_POINT ( 'NONE',  ( 68.79975000000000307, 1.999999999999999112, -2.396757161635510336 ) ) ;
#7799 = CARTESIAN_POINT ( 'NONE',  ( 26.22672417090403485, 20.00000000000000355, -18.50000000000000355 ) ) ;
#7800 = ORIENTED_EDGE ( 'NONE', *, *, #3109, .F. ) ;
#7801 = DIRECTION ( 'NONE',  ( 0.3826834323650956105, 0.000000000000000000, 0.9238795325112842960 ) ) ;
#7802 = DIRECTION ( 'NONE',  ( 0.3826834323650956105, 0.000000000000000000, 0.9238795325112842960 ) ) ;
#7803 = DIRECTION ( 'NONE',  ( -0.9238795325112850731, 0.000000000000000000, 0.3826834323650941116 ) ) ;
#7804 = EDGE_CURVE ( 'NONE', #10506, #811, #2619, .T. ) ;
#7805 = CARTESIAN_POINT ( 'NONE',  ( 98.19975000000005139, 18.50000000000000355, -5.130543437656426065 ) ) ;
#7806 =( BOUNDED_CURVE ( )  B_SPLINE_CURVE ( 3, ( #5833, #1667, #1773, #5021 ),
 .UNSPECIFIED., .F., .F. ) 
 B_SPLINE_CURVE_WITH_KNOTS ( ( 4, 4 ),
 ( 0.000000000000000000, 1.570796326794896336 ),
 .UNSPECIFIED. ) 
 CURVE ( )  GEOMETRIC_REPRESENTATION_ITEM ( )  RATIONAL_B_SPLINE_CURVE ( ( 1.000000000000000000, 0.8047378541243650485, 0.8047378541243650485, 1.000000000000000000 ) ) 
 REPRESENTATION_ITEM ( '' )  );
#7807 = ORIENTED_EDGE ( 'NONE', *, *, #7254, .F. ) ;
#7808 = ORIENTED_EDGE ( 'NONE', *, *, #10360, .T. ) ;
#7809 = EDGE_LOOP ( 'NONE', ( #117, #2217, #5879, #6951, #6662 ) ) ;
#7810 = ORIENTED_EDGE ( 'NONE', *, *, #7983, .T. ) ;
#7811 = EDGE_LOOP ( 'NONE', ( #5247, #4543, #6204, #2091, #4545 ) ) ;
#7812 = VECTOR ( 'NONE', #37, 1000.000000000000000 ) ;
#7813 = CARTESIAN_POINT ( 'NONE',  ( 24.69974999999994836, 2.999999999999999112, -16.96018989328458204 ) ) ;
#7814 = EDGE_CURVE ( 'NONE', #2606, #2456, #7385, .T. ) ;
#7815 = FACE_OUTER_BOUND ( 'NONE', #2753, .T. ) ;
#7816 = CARTESIAN_POINT ( 'NONE',  ( 93.29974999999996044, 2.192056395364472721, -18.50000000000000000 ) ) ;
#7817 = LINE ( 'NONE', #5245, #3076 ) ;
#7818 = PLANE ( 'NONE',  #9528 ) ;
#7819 = VERTEX_POINT ( 'NONE', #3368 ) ;
#7820 = CARTESIAN_POINT ( 'NONE',  ( 86.67474999999994623, 18.50000000000000355, 0.000000000000000000 ) ) ;
#7821 = EDGE_CURVE ( 'NONE', #1157, #9175, #5825, .T. ) ;
#7822 = VERTEX_POINT ( 'NONE', #5770 ) ;
#7823 = EDGE_CURVE ( 'NONE', #3730, #1258, #6694, .T. ) ;
#7824 = CARTESIAN_POINT ( 'NONE',  ( 103.0997499999999434, 2.999999999999999112, -12.10960480172301423 ) ) ;
#7825 = CARTESIAN_POINT ( 'NONE',  ( 63.89974999999994765, 18.30794360463553616, -18.50000000000000000 ) ) ;
#7826 = VECTOR ( 'NONE', #8139, 1000.000000000000000 ) ;
#7827 = ORIENTED_EDGE ( 'NONE', *, *, #7526, .F. ) ;
#7828 = CARTESIAN_POINT ( 'NONE',  ( -10.00000000000000000, 5.000000000000000000, -5.000000000000000000 ) ) ;
#7829 = VERTEX_POINT ( 'NONE', #9838 ) ;
#7830 = CARTESIAN_POINT ( 'NONE',  ( 14.89974999999993699, 2.192056395364461618, -18.50000000000000000 ) ) ;
#7831 = ORIENTED_EDGE ( 'NONE', *, *, #1471, .T. ) ;
#7832 = CARTESIAN_POINT ( 'NONE',  ( 24.69974999999993415, 18.50000000000000355, -13.19199700201540004 ) ) ;
#7833 = ORIENTED_EDGE ( 'NONE', *, *, #9513, .T. ) ;
#7834 = DIRECTION ( 'NONE',  ( -0.9238795325112844070, 0.000000000000000000, 0.3826834323650955549 ) ) ;
#7835 = VECTOR ( 'NONE', #4678, 1000.000000000000000 ) ;
#7836 = CARTESIAN_POINT ( 'NONE',  ( 32.97277582909585192, 2.000000000000000000, -18.50000000000000000 ) ) ;
#7837 = DIRECTION ( 'NONE',  ( -0.000000000000000000, -1.000000000000000000, -0.000000000000000000 ) ) ;
#7838 = DIRECTION ( 'NONE',  ( -0.9238795325112880708, 0.000000000000000000, -0.3826834323650866176 ) ) ;
#7839 = LINE ( 'NONE', #6991, #10492 ) ;
#7840 = ORIENTED_EDGE ( 'NONE', *, *, #2812, .F. ) ;
#7841 = CARTESIAN_POINT ( 'NONE',  ( 76.87474999999993486, 18.50000000000000355, -18.50000000000000000 ) ) ;
#7842 = CARTESIAN_POINT ( 'NONE',  ( 108.0000000000000142, 2.000000000000000000, -10.35619174377131380 ) ) ;
#7843 = CARTESIAN_POINT ( 'NONE',  ( 108.7618238383912086, 2.000000000000000000, -8.516986300988198977 ) ) ;
#7844 = ORIENTED_EDGE ( 'NONE', *, *, #10297, .T. ) ;
#7845 = PLANE ( 'NONE',  #10466 ) ;
#7846 = EDGE_CURVE ( 'NONE', #6684, #7650, #5672, .T. ) ;
#7847 = CARTESIAN_POINT ( 'NONE',  ( 49.00000000000000711, 18.50000000000000355, -18.50000000000000000 ) ) ;
#7848 = AXIS2_PLACEMENT_3D ( 'NONE', #7091, #2003, #5254 ) ;
#7849 = AXIS2_PLACEMENT_3D ( 'NONE', #3738, #4748, #4535 ) ;
#7850 = EDGE_CURVE ( 'NONE', #7189, #9561, #3221, .T. ) ;
#7851 = FACE_OUTER_BOUND ( 'NONE', #3443, .T. ) ;
#7852 = CARTESIAN_POINT ( 'NONE',  ( 73.69974999999995191, 2.192056395364472721, -18.50000000000000000 ) ) ;
#7853 = DIRECTION ( 'NONE',  ( 0.3826834323650956105, -0.000000000000000000, 0.9238795325112842960 ) ) ;
#7854 = VECTOR ( 'NONE', #6762, 1000.000000000000000 ) ;
#7855 = CARTESIAN_POINT ( 'NONE',  ( 19.80000000000000426, 2.414213562373094035, -7.744272920799777360 ) ) ;
#7856 = ORIENTED_EDGE ( 'NONE', *, *, #4921, .F. ) ;
#7857 = CARTESIAN_POINT ( 'NONE',  ( 8.436340295098407438, 18.50000000000000355, 3.494446567024352746 ) ) ;
#7858 = VECTOR ( 'NONE', #2467, 1000.000000000000000 ) ;
#7859 = ORIENTED_EDGE ( 'NONE', *, *, #4572, .T. ) ;
#7860 = ORIENTED_EDGE ( 'NONE', *, *, #4660, .T. ) ;
#7861 = VECTOR ( 'NONE', #7259, 1000.000000000000114 ) ;
#7862 = ORIENTED_EDGE ( 'NONE', *, *, #4018, .F. ) ;
#7863 = EDGE_LOOP ( 'NONE', ( #4219, #8629, #9097, #9933 ) ) ;
#7864 = VECTOR ( 'NONE', #4029, 1000.000000000000000 ) ;
#7865 = ADVANCED_FACE ( 'NONE', ( #4206 ), #3318, .F. ) ;
#7866 = VECTOR ( 'NONE', #3003, 1000.000000000000000 ) ;
#7867 = FACE_OUTER_BOUND ( 'NONE', #7863, .T. ) ;
#7868 = VECTOR ( 'NONE', #8011, 999.9999999999998863 ) ;
#7869 = CARTESIAN_POINT ( 'NONE',  ( 44.29974999999996044, 2.000000000000000000, -9.496478871970266411 ) ) ;
#7870 = LINE ( 'NONE', #5565, #6872 ) ;
#7871 = CARTESIAN_POINT ( 'NONE',  ( 10.00000000000000000, 11.50000000000000000, -15.10000000000000142 ) ) ;
#7872 = CARTESIAN_POINT ( 'NONE',  ( 32.77500000000000568, 18.50000000000000355, -1.500000000000000000 ) ) ;
#7873 = VECTOR ( 'NONE', #2585, 1000.000000000000000 ) ;
#7874 = VERTEX_POINT ( 'NONE', #6593 ) ;
#7875 = LINE ( 'NONE', #7229, #6392 ) ;
#7876 = EDGE_CURVE ( 'NONE', #2296, #6288, #4261, .T. ) ;
#7877 = ORIENTED_EDGE ( 'NONE', *, *, #3326, .F. ) ;
#7878 = VECTOR ( 'NONE', #1912, 1000.000000000000000 ) ;
#7879 = B_SPLINE_CURVE_WITH_KNOTS ( 'NONE', 3,
 ( #2819, #8274, #3559, #9119 ),
 .UNSPECIFIED., .F., .F.,
 ( 4, 4 ),
 ( 0.000000000000000000, 1.000000000000000000 ),
 .UNSPECIFIED. ) ;
#7880 = CARTESIAN_POINT ( 'NONE',  ( 103.0997499999999576, 1.999999999999997335, -13.19199700201540537 ) ) ;
#7881 = DIRECTION ( 'NONE',  ( 0.000000000000000000, -0.000000000000000000, -1.000000000000000000 ) ) ;
#7882 = EDGE_CURVE ( 'NONE', #2611, #7389, #2470, .T. ) ;
#7883 = VECTOR ( 'NONE', #4911, 1000.000000000000000 ) ;
#7884 = FACE_OUTER_BOUND ( 'NONE', #227, .T. ) ;
#7885 = ORIENTED_EDGE ( 'NONE', *, *, #3594, .T. ) ;
#7886 = DIRECTION ( 'NONE',  ( 0.3826834323650856740, 0.000000000000000000, -0.9238795325112884038 ) ) ;
#7887 = ORIENTED_EDGE ( 'NONE', *, *, #5871, .T. ) ;
#7888 = DIRECTION ( 'NONE',  ( 1.000000000000000000, -0.000000000000000000, -0.000000000000000000 ) ) ;
#7889 = ORIENTED_EDGE ( 'NONE', *, *, #9611, .T. ) ;
#7890 = CARTESIAN_POINT ( 'NONE',  ( 18.06562089856783615, 5.000000000000000000, -5.000000000000000000 ) ) ;
#7891 = EDGE_CURVE ( 'NONE', #7029, #563, #2955, .T. ) ;
#7892 = EDGE_CURVE ( 'NONE', #4762, #5558, #9784, .T. ) ;
#7893 = ORIENTED_EDGE ( 'NONE', *, *, #2203, .T. ) ;
#7894 =( BOUNDED_CURVE ( )  B_SPLINE_CURVE ( 3, ( #6371, #4639, #9773, #644 ),
 .UNSPECIFIED., .F., .F. ) 
 B_SPLINE_CURVE_WITH_KNOTS ( ( 4, 4 ),
 ( 4.150116409062343692, 4.712388980384691450 ),
 .UNSPECIFIED. ) 
 CURVE ( )  GEOMETRIC_REPRESENTATION_ITEM ( )  RATIONAL_B_SPLINE_CURVE ( ( 1.000000000000000000, 0.9738271993243678981, 0.9738271993243678981, 1.000000000000000000 ) ) 
 REPRESENTATION_ITEM ( '' )  );
#7895 = VECTOR ( 'NONE', #4204, 1000.000000000000000 ) ;
#7896 = CARTESIAN_POINT ( 'NONE',  ( 83.49974999999994907, 2.192056395364472721, -18.50000000000000000 ) ) ;
#7897 = CARTESIAN_POINT ( 'NONE',  ( 11.00000000000000355, 2.999999999999999112, -5.552833609687396255 ) ) ;
#7898 = DIRECTION ( 'NONE',  ( 0.000000000000000000, 1.000000000000000000, 0.000000000000000000 ) ) ;
#7899 = PLANE ( 'NONE',  #9794 ) ;
#7900 = LINE ( 'NONE', #9439, #7182 ) ;
#7901 = CARTESIAN_POINT ( 'NONE',  ( 85.22500000000000853, 20.00000000000000355, 0.000000000000000000 ) ) ;
#7902 = ORIENTED_EDGE ( 'NONE', *, *, #5456, .F. ) ;
#7903 = DIRECTION ( 'NONE',  ( -0.000000000000000000, -1.000000000000000000, -0.000000000000000000 ) ) ;
#7904 = AXIS2_PLACEMENT_3D ( 'NONE', #2450, #10563, #1531 ) ;
#7905 = CARTESIAN_POINT ( 'NONE',  ( 10.00000000000000000, 10.00000000000000000, -3.000000000000001332 ) ) ;
#7906 = CARTESIAN_POINT ( 'NONE',  ( 63.89974999999994765, 18.30794360463553616, -18.50000000000000000 ) ) ;
#7908 = EDGE_CURVE ( 'NONE', #7189, #1633, #4158, .T. ) ;
#7907 = VERTEX_POINT ( 'NONE', #907 ) ;
#7909 = CARTESIAN_POINT ( 'NONE',  ( 81.77500000000001990, 20.00000000000000355, 0.000000000000000000 ) ) ;
#7910 = EDGE_CURVE ( 'NONE', #5695, #1788, #1657, .T. ) ;
#7911 = ADVANCED_FACE ( 'NONE', ( #3417 ), #9939, .F. ) ;
#7912 = DIRECTION ( 'NONE',  ( -0.3826592221992072829, -0.000000000000000000, 0.9238895603187090577 ) ) ;
#7913 = FACE_OUTER_BOUND ( 'NONE', #6048, .T. ) ;
#7914 = ORIENTED_EDGE ( 'NONE', *, *, #7804, .T. ) ;
#7915 = DIRECTION ( 'NONE',  ( -0.3826834323650853964, 0.000000000000000000, 0.9238795325112885148 ) ) ;
#7916 = DIRECTION ( 'NONE',  ( 0.9238795325112882928, 0.000000000000000000, 0.3826834323650858960 ) ) ;
#7917 = EDGE_CURVE ( 'NONE', #8477, #8339, #853, .T. ) ;
#7918 = ORIENTED_EDGE ( 'NONE', *, *, #7814, .F. ) ;
#7919 = LINE ( 'NONE', #2302, #6380 ) ;
#7920 = VERTEX_POINT ( 'NONE', #8129 ) ;
#7921 = ORIENTED_EDGE ( 'NONE', *, *, #9796, .F. ) ;
#7922 = VECTOR ( 'NONE', #8324, 1000.000000000000114 ) ;
#7923 = VERTEX_POINT ( 'NONE', #802 ) ;
#7924 = ORIENTED_EDGE ( 'NONE', *, *, #8812, .F. ) ;
#7925 = DIRECTION ( 'NONE',  ( -0.9238695042871519769, 0.000000000000000000, 0.3827076417426389376 ) ) ;
#7926 = VECTOR ( 'NONE', #1672, 1000.000000000000000 ) ;
#7927 = CARTESIAN_POINT ( 'NONE',  ( 92.85516802938823844, 17.82569441078557304, -18.49999999999999645 ) ) ;
#7928 = CYLINDRICAL_SURFACE ( 'NONE', #9421, 0.9999999999999987788 ) ;
#7929 = DIRECTION ( 'NONE',  ( 0.000000000000000000, 0.000000000000000000, 1.000000000000000000 ) ) ;
#7930 = AXIS2_PLACEMENT_3D ( 'NONE', #3770, #2867, #2924 ) ;
#7931 = ADVANCED_FACE ( 'NONE', ( #4052 ), #4369, .F. ) ;
#7932 = CARTESIAN_POINT ( 'NONE',  ( 0.000000000000000000, 0.000000000000000000, 0.000000000000000000 ) ) ;
#7933 = VERTEX_POINT ( 'NONE', #2722 ) ;
#7934 = CARTESIAN_POINT ( 'NONE',  ( 42.77277582909584908, 20.00000000000000355, -18.50000000000000000 ) ) ;
#7935 = AXIS2_PLACEMENT_3D ( 'NONE', #1311, #1975, #7834 ) ;
#7936 = DIRECTION ( 'NONE',  ( 0.000000000000000000, 0.000000000000000000, -1.000000000000000000 ) ) ;
#7937 = ORIENTED_EDGE ( 'NONE', *, *, #2586, .T. ) ;
#7938 = DIRECTION ( 'NONE',  ( -1.000000000000000000, 0.000000000000000000, -0.000000000000000000 ) ) ;
#7939 = VERTEX_POINT ( 'NONE', #1278 ) ;
#7940 = CARTESIAN_POINT ( 'NONE',  ( 101.3750000000000142, 20.00000000000000355, 0.000000000000000000 ) ) ;
#7941 = EDGE_LOOP ( 'NONE', ( #1210, #9067, #3084, #8089, #9602, #8229, #3018 ) ) ;
#7942 = CARTESIAN_POINT ( 'NONE',  ( 54.54433197061165117, 17.50000000000000000, -18.50000000000000000 ) ) ;
#7943 = ORIENTED_EDGE ( 'NONE', *, *, #8380, .T. ) ;
#7944 = AXIS2_PLACEMENT_3D ( 'NONE', #3701, #7135, #3060 ) ;
#7945 = CARTESIAN_POINT ( 'NONE',  ( 69.30510779970761348, 2.999999999999999112, -1.500000000000000000 ) ) ;
#7946 = CARTESIAN_POINT ( 'NONE',  ( 59.50510779970762343, 2.999999999999999112, -1.500000000000000000 ) ) ;
#7947 = EDGE_CURVE ( 'NONE', #2892, #843, #7646, .T. ) ;
#7948 = EDGE_CURVE ( 'NONE', #6642, #4042, #2544, .T. ) ;
#7949 = DIRECTION ( 'NONE',  ( -0.3826834323650857850, 0.000000000000000000, 0.9238795325112884038 ) ) ;
#7950 = CARTESIAN_POINT ( 'NONE',  ( 34.49974999999994196, 2.414213562373093591, -12.10960480172300713 ) ) ;
#7951 = CARTESIAN_POINT ( 'NONE',  ( 88.39974999999999739, 2.153954234325370365, -1.500000000000000444 ) ) ;
#7952 = CARTESIAN_POINT ( 'NONE',  ( 49.70510779970761917, 2.999999999999999112, -1.500000000000000000 ) ) ;
#7953 = VERTEX_POINT ( 'NONE', #10207 ) ;
#7954 = CARTESIAN_POINT ( 'NONE',  ( 10.00000000000000000, 11.50000000000000000, -3.000000000000001332 ) ) ;
#7955 = CARTESIAN_POINT ( 'NONE',  ( 18.06562089856783615, 5.000000000000000000, -2.925000000000000266 ) ) ;
#7956 = CARTESIAN_POINT ( 'NONE',  ( 29.09439220029240403, 17.85125431679152896, -1.499999999999999556 ) ) ;
#7957 = ORIENTED_EDGE ( 'NONE', *, *, #5187, .F. ) ;
#7958 =( BOUNDED_CURVE ( )  B_SPLINE_CURVE ( 3, ( #2759, #8376, #6075, #5217 ),
 .UNSPECIFIED., .F., .F. ) 
 B_SPLINE_CURVE_WITH_KNOTS ( ( 4, 4 ),
 ( 3.141592653589793116, 4.150116409062324152 ),
 .UNSPECIFIED. ) 
 CURVE ( )  GEOMETRIC_REPRESENTATION_ITEM ( )  RATIONAL_B_SPLINE_CURVE ( ( 1.000000000000000000, 0.9170208966857409383, 0.9170208966857409383, 1.000000000000000000 ) ) 
 REPRESENTATION_ITEM ( '' )  );
#7959 = DIRECTION ( 'NONE',  ( -0.000000000000000000, -1.000000000000000000, -0.000000000000000000 ) ) ;
#7960 = CARTESIAN_POINT ( 'NONE',  ( 97.69439220029241255, 17.50000000000000000, -1.499999999999999556 ) ) ;
#7961 = EDGE_CURVE ( 'NONE', #9340, #1914, #383, .T. ) ;
#7962 = DIRECTION ( 'NONE',  ( -0.000000000000000000, -1.000000000000000000, -0.000000000000000000 ) ) ;
#7963 = CARTESIAN_POINT ( 'NONE',  ( 78.40000000000000568, 18.50000000000000355, -18.50000000000000000 ) ) ;
#7964 = ORIENTED_EDGE ( 'NONE', *, *, #5737, .F. ) ;
#7965 = CARTESIAN_POINT ( 'NONE',  ( 75.22672417090403485, 20.00000000000000355, -18.50000000000000355 ) ) ;
#7966 = CARTESIAN_POINT ( 'NONE',  ( 26.28782672821114730, 17.50000000000000000, -10.88877435613919964 ) ) ;
#7967 = ORIENTED_EDGE ( 'NONE', *, *, #3006, .F. ) ;
#7968 = DIRECTION ( 'NONE',  ( -0.3826834323650958325, 0.000000000000000000, -0.9238795325112842960 ) ) ;
#7969 = EDGE_LOOP ( 'NONE', ( #9855, #2290, #2550, #10422 ) ) ;
#7970 = EDGE_LOOP ( 'NONE', ( #1231, #9143, #2462, #9173, #3622 ) ) ;
#7971 = ORIENTED_EDGE ( 'NONE', *, *, #2105, .F. ) ;
#7972 = EDGE_LOOP ( 'NONE', ( #6655, #6765, #10500, #1985 ) ) ;
#7973 = DIRECTION ( 'NONE',  ( 0.3826834323650853964, 0.000000000000000000, -0.9238795325112885148 ) ) ;
#7974 = FACE_OUTER_BOUND ( 'NONE', #7477, .T. ) ;
#7975 = DIRECTION ( 'NONE',  ( -0.3826834323650956105, 0.000000000000000000, -0.9238795325112842960 ) ) ;
#7976 = CARTESIAN_POINT ( 'NONE',  ( 31.18750000000000711, 20.00000000000000355, -1.500000000000000888 ) ) ;
#7977 = DIRECTION ( 'NONE',  ( -0.000000000000000000, -1.000000000000000000, -0.000000000000000000 ) ) ;
#7978 = DIRECTION ( 'NONE',  ( -0.9238730498122297297, 0.000000000000000000, 0.3826990826101485665 ) ) ;
#7979 = EDGE_LOOP ( 'NONE', ( #1431, #9549, #10137, #2594, #892, #2498, #5828, #10444, #5417, #3046, #4425, #6419, #5419, #5540, #8432, #9714, #6634, #10152, #3803, #6566, #3889, #9074, #3320, #2658, #7379, #2484, #3863, #9171, #4197, #2965, #3907, #4714, #9931, #1476, #1904, #5960, #7937, #3433, #4934, #6736, #309, #6344, #9800 ) ) ;
#7980 = EDGE_CURVE ( 'NONE', #3219, #7779, #6956, .T. ) ;
#7981 = FACE_BOUND ( 'NONE', #1285, .T. ) ;
#7982 = DIRECTION ( 'NONE',  ( -0.3826834323650856740, 0.000000000000000000, 0.9238795325112884038 ) ) ;
#7983 = EDGE_CURVE ( 'NONE', #5973, #1081, #5819, .T. ) ;
#7984 = DIRECTION ( 'NONE',  ( -0.000000000000000000, -1.000000000000000000, -0.000000000000000000 ) ) ;
#7985 = VERTEX_POINT ( 'NONE', #2781 ) ;
#7986 = EDGE_LOOP ( 'NONE', ( #2560, #5641, #92 ) ) ;
#7987 = FACE_OUTER_BOUND ( 'NONE', #2808, .T. ) ;
#7988 = ORIENTED_EDGE ( 'NONE', *, *, #9008, .F. ) ;
#7989 = CARTESIAN_POINT ( 'NONE',  ( 10.07612046748871570, 18.50000000000000355, -3.077458894223652930 ) ) ;
#7990 = EDGE_LOOP ( 'NONE', ( #8583, #10211, #9150, #10079 ) ) ;
#7991 = VECTOR ( 'NONE', #1775, 1000.000000000000000 ) ;
#7992 = EDGE_CURVE ( 'NONE', #6584, #7066, #3522, .T. ) ;
#7993 = CARTESIAN_POINT ( 'NONE',  ( 59.74711963946732851, 17.50000000000000000, -24.74806726739571516 ) ) ;
#7994 = CARTESIAN_POINT ( 'NONE',  ( 30.10510779970761419, 2.999999999999999112, -1.500000000000000666 ) ) ;
#7995 = CYLINDRICAL_SURFACE ( 'NONE', #1305, 0.9999999999999994449 ) ;
#7996 = DIRECTION ( 'NONE',  ( 0.000000000000000000, -1.000000000000000000, 0.000000000000000000 ) ) ;
#7997 = CARTESIAN_POINT ( 'NONE',  ( 34.94433197061164265, 17.82569441078556949, -18.50000000000000000 ) ) ;
#7998 = ORIENTED_EDGE ( 'NONE', *, *, #2265, .F. ) ;
#7999 = CYLINDRICAL_SURFACE ( 'NONE', #4917, 0.9999999999999994449 ) ;
#8000 = CARTESIAN_POINT ( 'NONE',  ( 68.29439220029240687, 17.50000000000000000, -1.499999999999999556 ) ) ;
#8001 = CARTESIAN_POINT ( 'NONE',  ( 64.34433197061166254, 17.82569441078557304, -18.50000000000000000 ) ) ;
#8002 = ORIENTED_EDGE ( 'NONE', *, *, #425, .T. ) ;
#8003 = PLANE ( 'NONE',  #3640 ) ;
#8004 = EDGE_CURVE ( 'NONE', #4042, #6810, #9092, .T. ) ;
#8005 = DIRECTION ( 'NONE',  ( -0.9238795325112885148, 0.000000000000000000, -0.3826834323650853964 ) ) ;
#8006 = CARTESIAN_POINT ( 'NONE',  ( 73.25516802938824412, 3.000000000000000888, -18.50000000000000355 ) ) ;
#8007 = ORIENTED_EDGE ( 'NONE', *, *, #603, .T. ) ;
#8008 =( BOUNDED_CURVE ( )  B_SPLINE_CURVE ( 3, ( #8731, #6231, #2858, #2911 ),
 .UNSPECIFIED., .F., .F. ) 
 B_SPLINE_CURVE_WITH_KNOTS ( ( 4, 4 ),
 ( 5.342531382541416463, 6.283185307179586232 ),
 .UNSPECIFIED. ) 
 CURVE ( )  GEOMETRIC_REPRESENTATION_ITEM ( )  RATIONAL_B_SPLINE_CURVE ( ( 1.000000000000000000, 0.9276134425277003936, 0.9276134425277003936, 1.000000000000000000 ) ) 
 REPRESENTATION_ITEM ( '' )  );
#8009 = LINE ( 'NONE', #2502, #7668 ) ;
#8010 = ADVANCED_FACE ( 'NONE', ( #9244 ), #9300, .F. ) ;
#8011 = DIRECTION ( 'NONE',  ( -0.3826834323650958325, -0.000000000000000000, -0.9238795325112842960 ) ) ;
#8012 = ORIENTED_EDGE ( 'NONE', *, *, #3674, .T. ) ;
#8013 = AXIS2_PLACEMENT_3D ( 'NONE', #7954, #10404, #5270 ) ;
#8014 = PLANE ( 'NONE',  #3964 ) ;
#8015 = EDGE_LOOP ( 'NONE', ( #13, #3341, #2481, #179, #6236, #5172, #3525 ) ) ;
#8016 = EDGE_CURVE ( 'NONE', #8389, #8620, #5414, .T. ) ;
#8017 = ORIENTED_EDGE ( 'NONE', *, *, #3890, .F. ) ;
#8018 = EDGE_CURVE ( 'NONE', #8765, #7123, #9992, .T. ) ;
#8019 = ORIENTED_EDGE ( 'NONE', *, *, #3969, .T. ) ;
#8020 = LINE ( 'NONE', #1450, #508 ) ;
#8021 = VECTOR ( 'NONE', #8672, 1000.000000000000000 ) ;
#8022 = CARTESIAN_POINT ( 'NONE',  ( 21.38750000000000284, 18.50000000000000355, -1.500000000000000888 ) ) ;
#8023 = CARTESIAN_POINT ( 'NONE',  ( 23.45104594524388730, 17.50000000000000000, 9.713741282354465767 ) ) ;
#8024 = CARTESIAN_POINT ( 'NONE',  ( 54.09974999999995049, 2.000000000000000000, -16.96018989328458204 ) ) ;
#8025 = CARTESIAN_POINT ( 'NONE',  ( 54.09974999999992917, 2.192056395364460730, -18.50000000000000000 ) ) ;
#8026 = AXIS2_PLACEMENT_3D ( 'NONE', #7682, #3505, #363 ) ;
#8027 = CARTESIAN_POINT ( 'NONE',  ( 36.02672417090403911, 20.00000000000000355, -18.50000000000000355 ) ) ;
#8028 = ORIENTED_EDGE ( 'NONE', *, *, #9748, .T. ) ;
#8029 = AXIS2_PLACEMENT_3D ( 'NONE', #6700, #9947, #760 ) ;
#8030 = VECTOR ( 'NONE', #3824, 1000.000000000000114 ) ;
#8031 = CARTESIAN_POINT ( 'NONE',  ( 98.20000000000000284, 2.999999999999999112, -7.743669367409181881 ) ) ;
#8032 = LINE ( 'NONE', #10440, #6145 ) ;
#8033 = EDGE_CURVE ( 'NONE', #643, #9932, #10047, .T. ) ;
#8034 = EDGE_CURVE ( 'NONE', #9281, #6896, #6522, .T. ) ;
#8035 = AXIS2_PLACEMENT_3D ( 'NONE', #10530, #6638, #7325 ) ;
#8036 = CARTESIAN_POINT ( 'NONE',  ( 74.14433197061164549, 2.999999999999999112, -18.50000000000000000 ) ) ;
#8037 = VERTEX_POINT ( 'NONE', #270 ) ;
#8038 = VECTOR ( 'NONE', #3473, 999.9999999999998863 ) ;
#8039 = ORIENTED_EDGE ( 'NONE', *, *, #6475, .T. ) ;
#8040 = DIRECTION ( 'NONE',  ( 0.3826834323650954439, 0.000000000000000000, 0.9238795325112842960 ) ) ;
#8041 = EDGE_CURVE ( 'NONE', #6684, #3765, #2834, .T. ) ;
#8042 = ORIENTED_EDGE ( 'NONE', *, *, #4100, .T. ) ;
#8043 = LINE ( 'NONE', #3021, #8601 ) ;
#8044 = ORIENTED_EDGE ( 'NONE', *, *, #9477, .T. ) ;
#8045 = VECTOR ( 'NONE', #4946, 1000.000000000000000 ) ;
#8046 = PLANE ( 'NONE',  #4534 ) ;
#8047 = CARTESIAN_POINT ( 'NONE',  ( 34.21492637635664380, 2.383975024205975402, -18.50000000000000000 ) ) ;
#8048 = DIRECTION ( 'NONE',  ( 0.000000000000000000, 0.000000000000000000, -1.000000000000000000 ) ) ;
#8049 = DIRECTION ( 'NONE',  ( -1.000000000000000000, 0.000000000000000000, -0.000000000000000000 ) ) ;
#8050 = ORIENTED_EDGE ( 'NONE', *, *, #5779, .T. ) ;
#8051 = DIRECTION ( 'NONE',  ( 1.000000000000000000, -0.000000000000000000, 0.000000000000000000 ) ) ;
#8052 = DIRECTION ( 'NONE',  ( -0.9238795325112882928, 0.000000000000000000, -0.3826834323650858960 ) ) ;
#8053 = CARTESIAN_POINT ( 'NONE',  ( 13.17500000000000249, 2.000000000000000000, -1.500000000000000000 ) ) ;
#8054 = ORIENTED_EDGE ( 'NONE', *, *, #7018, .F. ) ;
#8055 = ADVANCED_FACE ( 'NONE', ( #3579 ), #6853, .F. ) ;
#8056 = CARTESIAN_POINT ( 'NONE',  ( 58.80000000000000426, 2.000000000000000000, -18.50000000000000000 ) ) ;
#8057 = VECTOR ( 'NONE', #9556, 1000.000000000000000 ) ;
#8058 = CARTESIAN_POINT ( 'NONE',  ( 14.42045243810035693, 2.000000000000000000, -18.11731656763490506 ) ) ;
#8059 = CARTESIAN_POINT ( 'NONE',  ( 14.89974999999995475, 20.00000000000000355, -9.496478871970266411 ) ) ;
#8060 = ORIENTED_EDGE ( 'NONE', *, *, #7124, .T. ) ;
#8061 = CYLINDRICAL_SURFACE ( 'NONE', #3901, 1.000000000000003331 ) ;
#8062 = DIRECTION ( 'NONE',  ( 0.3826834323650956660, -0.000000000000000000, 0.9238795325112844070 ) ) ;
#8063 = LINE ( 'NONE', #1293, #817 ) ;
#8064 = ORIENTED_EDGE ( 'NONE', *, *, #4138, .T. ) ;
#8065 = LINE ( 'NONE', #5661, #399 ) ;
#8066 = ORIENTED_EDGE ( 'NONE', *, *, #5455, .F. ) ;
#8067 = ORIENTED_EDGE ( 'NONE', *, *, #2713, .F. ) ;
#8068 = ORIENTED_EDGE ( 'NONE', *, *, #6, .F. ) ;
#8069 = ADVANCED_FACE ( 'NONE', ( #7064 ), #2249, .F. ) ;
#8070 =( BOUNDED_CURVE ( )  B_SPLINE_CURVE ( 3, ( #756, #2573, #4864, #6697 ),
 .UNSPECIFIED., .F., .F. ) 
 B_SPLINE_CURVE_WITH_KNOTS ( ( 4, 4 ),
 ( 3.141592653589793116, 4.712388980384697668 ),
 .UNSPECIFIED. ) 
 CURVE ( )  GEOMETRIC_REPRESENTATION_ITEM ( )  RATIONAL_B_SPLINE_CURVE ( ( 1.000000000000000000, 0.8047378541243631611, 0.8047378541243631611, 1.000000000000000000 ) ) 
 REPRESENTATION_ITEM ( '' )  );
#8071 = CARTESIAN_POINT ( 'NONE',  ( 22.97500000000000142, 20.00000000000000355, 0.000000000000000000 ) ) ;
#8072 = AXIS2_PLACEMENT_3D ( 'NONE', #1275, #7113, #4631 ) ;
#8073 = CARTESIAN_POINT ( 'NONE',  ( 101.3750000000000142, 18.50000000000000355, 0.000000000000000000 ) ) ;
#8074 = CARTESIAN_POINT ( 'NONE',  ( 98.19975000000000875, 18.34604576567463141, -1.500000000000001332 ) ) ;
#8076 = ADVANCED_FACE ( 'NONE', ( #4692 ), #3787, .F. ) ;
#8075 = PLANE ( 'NONE',  #9401 ) ;
#8077 = EDGE_CURVE ( 'NONE', #4076, #4221, #4790, .T. ) ;
#8078 = VECTOR ( 'NONE', #5392, 1000.000000000000114 ) ;
#8079 = DIRECTION ( 'NONE',  ( -0.3826834323650956105, 0.000000000000000000, -0.9238795325112842960 ) ) ;
#8080 = ORIENTED_EDGE ( 'NONE', *, *, #3954, .T. ) ;
#8081 =( BOUNDED_CURVE ( )  B_SPLINE_CURVE ( 3, ( #10114, #9998, #8402, #5884 ),
 .UNSPECIFIED., .F., .F. ) 
 B_SPLINE_CURVE_WITH_KNOTS ( ( 4, 4 ),
 ( 2.200938728951621570, 3.141592653589793116 ),
 .UNSPECIFIED. ) 
 CURVE ( )  GEOMETRIC_REPRESENTATION_ITEM ( )  RATIONAL_B_SPLINE_CURVE ( ( 1.000000000000000000, 0.9276134425277000606, 0.9276134425277000606, 1.000000000000000000 ) ) 
 REPRESENTATION_ITEM ( '' )  );
#8082 = EDGE_CURVE ( 'NONE', #8555, #4956, #3729, .T. ) ;
#8083 = AXIS2_PLACEMENT_3D ( 'NONE', #7771, #8512, #3650 ) ;
#8084 = LINE ( 'NONE', #758, #1712 ) ;
#8085 = FACE_OUTER_BOUND ( 'NONE', #5365, .T. ) ;
#8086 = CARTESIAN_POINT ( 'NONE',  ( 74.14433197061165970, 2.674305589214439394, -18.49999999999999645 ) ) ;
#8087 = ORIENTED_EDGE ( 'NONE', *, *, #1638, .T. ) ;
#8088 = AXIS2_PLACEMENT_3D ( 'NONE', #855, #9030, #8873 ) ;
#8089 = ORIENTED_EDGE ( 'NONE', *, *, #6937, .T. ) ;
#8090 = EDGE_LOOP ( 'NONE', ( #8388, #3310, #5088, #9689 ) ) ;
#8091 = FACE_OUTER_BOUND ( 'NONE', #200, .T. ) ;
#8092 = EDGE_LOOP ( 'NONE', ( #1256, #4191, #4764, #4356, #6838 ) ) ;
#8093 = B_SPLINE_CURVE_WITH_KNOTS ( 'NONE', 3,
 ( #6950, #372, #2880, #8597 ),
 .UNSPECIFIED., .F., .F.,
 ( 4, 4 ),
 ( 0.06060606060606065632, 0.9393939393939395588 ),
 .UNSPECIFIED. ) ;
#8094 = EDGE_CURVE ( 'NONE', #3301, #6072, #642, .T. ) ;
#8095 = EDGE_CURVE ( 'NONE', #5027, #1375, #7011, .T. ) ;
#8096 = ADVANCED_FACE ( 'NONE', ( #1441 ), #3886, .F. ) ;
#8097 = FACE_OUTER_BOUND ( 'NONE', #4745, .T. ) ;
#8098 = CARTESIAN_POINT ( 'NONE',  ( 11.58750000000000213, 2.000000000000000000, -1.500000000000000888 ) ) ;
#8099 = CARTESIAN_POINT ( 'NONE',  ( 31.32474999999994125, 20.00000000000000355, -20.00000000000000000 ) ) ;
#8100 = CARTESIAN_POINT ( 'NONE',  ( 24.69974999999995191, 2.999999999999999112, -17.96018989328458204 ) ) ;
#8101 = CYLINDRICAL_SURFACE ( 'NONE', #6751, 0.9999999999999991118 ) ;
#8102 = EDGE_LOOP ( 'NONE', ( #3034, #1522, #10023 ) ) ;
#8103 = CARTESIAN_POINT ( 'NONE',  ( 62.17500000000001137, 20.00000000000000355, 0.000000000000000000 ) ) ;
#8104 = CARTESIAN_POINT ( 'NONE',  ( 85.91246076258713060, 2.999999999999999112, 3.111763134659267127 ) ) ;
#8105 = VERTEX_POINT ( 'NONE', #10418 ) ;
#8106 = CARTESIAN_POINT ( 'NONE',  ( 46.02500000000001279, 18.50000000000000355, 0.000000000000000000 ) ) ;
#8107 = ORIENTED_EDGE ( 'NONE', *, *, #7908, .F. ) ;
#8108 = DIRECTION ( 'NONE',  ( 0.9238895603187091687, -0.000000000000000000, 0.3826592221992072829 ) ) ;
#8109 = VECTOR ( 'NONE', #5416, 1000.000000000000000 ) ;
#8110 = CARTESIAN_POINT ( 'NONE',  ( 98.19975000000000875, 18.34604576567463141, -1.500000000000001332 ) ) ;
#8111 = EDGE_CURVE ( 'NONE', #10038, #3626, #3095, .T. ) ;
#8112 = EDGE_CURVE ( 'NONE', #4929, #8610, #10263, .T. ) ;
#8113 = LINE ( 'NONE', #638, #8748 ) ;
#8114 = LINE ( 'NONE', #787, #2394 ) ;
#8115 = VERTEX_POINT ( 'NONE', #5602 ) ;
#8116 = CARTESIAN_POINT ( 'NONE',  ( 21.52474999999994054, 2.000000000000000000, -18.50000000000000000 ) ) ;
#8117 = DIRECTION ( 'NONE',  ( 0.000000000000000000, 0.000000000000000000, -1.000000000000000000 ) ) ;
#8118 = LINE ( 'NONE', #5047, #6792 ) ;
#8119 = ORIENTED_EDGE ( 'NONE', *, *, #9009, .F. ) ;
#8120 = DIRECTION ( 'NONE',  ( -0.000000000000000000, -1.000000000000000000, -0.000000000000000000 ) ) ;
#8121 = ORIENTED_EDGE ( 'NONE', *, *, #1021, .T. ) ;
#8122 = ORIENTED_EDGE ( 'NONE', *, *, #9871, .F. ) ;
#8123 = ORIENTED_EDGE ( 'NONE', *, *, #3782, .F. ) ;
#8124 = PLANE ( 'NONE',  #8528 ) ;
#8125 = EDGE_CURVE ( 'NONE', #1733, #9581, #3041, .T. ) ;
#8126 = FACE_OUTER_BOUND ( 'NONE', #205, .T. ) ;
#8127 = DIRECTION ( 'NONE',  ( 0.9238795325112882928, 0.000000000000000000, 0.3826834323650858960 ) ) ;
#8128 = DIRECTION ( 'NONE',  ( 0.3826834323650853964, 0.000000000000000000, -0.9238795325112885148 ) ) ;
#8129 = CARTESIAN_POINT ( 'NONE',  ( 55.82500000000001705, 2.000000000000000000, 0.000000000000000000 ) ) ;
#8130 = CARTESIAN_POINT ( 'NONE',  ( 42.57500000000000284, 2.000000000000000000, 0.000000000000000000 ) ) ;
#8131 = ORIENTED_EDGE ( 'NONE', *, *, #159, .F. ) ;
#8132 = VECTOR ( 'NONE', #10349, 1000.000000000000000 ) ;
#8133 = EDGE_CURVE ( 'NONE', #8464, #2345, #9148, .T. ) ;
#8134 = EDGE_CURVE ( 'NONE', #6531, #1385, #10472, .T. ) ;
#8135 = CARTESIAN_POINT ( 'NONE',  ( 19.80000000000000426, 18.49972939436124264, -6.661319955977633711 ) ) ;
#8136 = FACE_OUTER_BOUND ( 'NONE', #1592, .T. ) ;
#8137 = LINE ( 'NONE', #4059, #3449 ) ;
#8138 = LINE ( 'NONE', #8987, #1191 ) ;
#8139 = DIRECTION ( 'NONE',  ( -0.000000000000000000, 1.000000000000000000, -0.000000000000000000 ) ) ;
#8140 = ORIENTED_EDGE ( 'NONE', *, *, #3866, .F. ) ;
#8141 = EDGE_CURVE ( 'NONE', #6151, #1928, #703, .T. ) ;
#8142 = VERTEX_POINT ( 'NONE', #3839 ) ;
#8143 =( BOUNDED_CURVE ( )  B_SPLINE_CURVE ( 3, ( #4647, #5293, #7927, #3053 ),
 .UNSPECIFIED., .F., .F. ) 
 B_SPLINE_CURVE_WITH_KNOTS ( ( 4, 4 ),
 ( 5.342531382541415574, 6.283185307179586232 ),
 .UNSPECIFIED. ) 
 CURVE ( )  GEOMETRIC_REPRESENTATION_ITEM ( )  RATIONAL_B_SPLINE_CURVE ( ( 1.000000000000000000, 0.9276134425277002826, 0.9276134425277002826, 1.000000000000000000 ) ) 
 REPRESENTATION_ITEM ( '' )  );
#8144 = ORIENTED_EDGE ( 'NONE', *, *, #9879, .T. ) ;
#8145 = DIRECTION ( 'NONE',  ( 0.000000000000000000, -0.000000000000000000, -1.000000000000000000 ) ) ;
#8146 = EDGE_LOOP ( 'NONE', ( #9275, #95, #2445, #2349, #2865 ) ) ;
#8147 = EDGE_CURVE ( 'NONE', #2892, #4597, #5389, .T. ) ;
#8148 = EDGE_CURVE ( 'NONE', #3256, #7019, #10367, .T. ) ;
#8149 = VECTOR ( 'NONE', #258, 1000.000000000000000 ) ;
#8150 = DIRECTION ( 'NONE',  ( -0.9238795325112844070, 0.000000000000000000, 0.3826834323650956660 ) ) ;
#8151 = DIRECTION ( 'NONE',  ( 0.000000000000000000, 0.000000000000000000, -1.000000000000000000 ) ) ;
#8152 = CARTESIAN_POINT ( 'NONE',  ( 86.67474999999994623, 20.00000000000000355, -20.00000000000000000 ) ) ;
#8153 = LINE ( 'NONE', #673, #5630 ) ;
#8154 = CARTESIAN_POINT ( 'NONE',  ( 106.4120000000000203, 20.00000000000000355, -1.499999999999999556 ) ) ;
#8155 = ORIENTED_EDGE ( 'NONE', *, *, #3331, .T. ) ;
#8156 = CARTESIAN_POINT ( 'NONE',  ( 93.29974999999994623, 2.999999999999999112, -12.10960480172301423 ) ) ;
#8157 = LINE ( 'NONE', #9811, #4103 ) ;
#8158 = ORIENTED_EDGE ( 'NONE', *, *, #4732, .T. ) ;
#8159 = DIRECTION ( 'NONE',  ( -0.3826834323650853964, 0.000000000000000000, 0.9238795325112885148 ) ) ;
#8160 = VERTEX_POINT ( 'NONE', #9666 ) ;
#8161 = EDGE_LOOP ( 'NONE', ( #6775, #1715, #4253, #8327, #7218, #3359, #1096, #2518 ) ) ;
#8162 = DIRECTION ( 'NONE',  ( -0.3826834323650958325, -0.000000000000000000, -0.9238795325112842960 ) ) ;
#8163 = LINE ( 'NONE', #3986, #3628 ) ;
#8164 = CARTESIAN_POINT ( 'NONE',  ( 82.79586981291417658, 17.50000000000000000, 34.29517218498571651 ) ) ;
#8166 = ORIENTED_EDGE ( 'NONE', *, *, #1806, .F. ) ;
#8165 = AXIS2_PLACEMENT_3D ( 'NONE', #10119, #6001, #7449 ) ;
#8167 = CARTESIAN_POINT ( 'NONE',  ( 52.17335768462478285, 17.50000000000000000, -21.61091234751452816 ) ) ;
#8168 = EDGE_CURVE ( 'NONE', #2602, #4788, #2893, .T. ) ;
#8169 = CARTESIAN_POINT ( 'NONE',  ( 44.07364042459307996, 2.000000000000000000, 2.018727961996194420 ) ) ;
#8170 = CARTESIAN_POINT ( 'NONE',  ( 0.000000000000000000, 2.000000000000000000, -20.00000000000000000 ) ) ;
#8171 = EDGE_LOOP ( 'NONE', ( #7473, #4030, #3980, #8763 ) ) ;
#8172 = DIRECTION ( 'NONE',  ( 0.3826834323650853964, 0.000000000000000000, -0.9238795325112885148 ) ) ;
#8173 = ORIENTED_EDGE ( 'NONE', *, *, #7774, .T. ) ;
#8174 = ORIENTED_EDGE ( 'NONE', *, *, #7756, .F. ) ;
#8175 = ORIENTED_EDGE ( 'NONE', *, *, #9706, .T. ) ;
#8176 = EDGE_CURVE ( 'NONE', #7017, #6288, #8651, .T. ) ;
#8177 = CARTESIAN_POINT ( 'NONE',  ( 63.45516802938824696, 18.50000000000000355, -18.50000000000000355 ) ) ;
#8178 = LINE ( 'NONE', #9780, #5464 ) ;
#8179 = CARTESIAN_POINT ( 'NONE',  ( 0.000000000000000000, 2.000000000000000000, 0.000000000000000000 ) ) ;
#8180 = CARTESIAN_POINT ( 'NONE',  ( 52.37500000000000711, 2.000000000000000000, 0.000000000000000000 ) ) ;
#8181 = DIRECTION ( 'NONE',  ( -0.000000000000000000, -1.000000000000000000, -0.000000000000000000 ) ) ;
#8182 = DIRECTION ( 'NONE',  ( -0.000000000000000000, -1.000000000000000000, -0.000000000000000000 ) ) ;
#8183 = ADVANCED_FACE ( 'NONE', ( #5808 ), #88, .T. ) ;
#8184 = ORIENTED_EDGE ( 'NONE', *, *, #133, .T. ) ;
#8185 = VECTOR ( 'NONE', #2639, 1000.000000000000114 ) ;
#8186 = AXIS2_PLACEMENT_3D ( 'NONE', #7197, #3125, #6446 ) ;
#8187 = CARTESIAN_POINT ( 'NONE',  ( 9.800000000000000711, 18.50000000000000355, -1.500000000000000000 ) ) ;
#8188 = CARTESIAN_POINT ( 'NONE',  ( 71.97500000000000853, 2.000000000000000000, 0.000000000000000000 ) ) ;
#8189 = CARTESIAN_POINT ( 'NONE',  ( 54.09974999999994338, 2.999999999999999112, -12.10960480172301068 ) ) ;
#8190 = LINE ( 'NONE', #3273, #9396 ) ;
#8191 = VECTOR ( 'NONE', #7888, 1000.000000000000000 ) ;
#8192 = PLANE ( 'NONE',  #10213 ) ;
#8193 = EDGE_LOOP ( 'NONE', ( #8131, #1926, #5856, #8173 ) ) ;
#8194 = EDGE_LOOP ( 'NONE', ( #4747, #1039, #4045, #3143 ) ) ;
#8195 = DIRECTION ( 'NONE',  ( 0.3826834323650856740, 0.000000000000000000, -0.9238795325112884038 ) ) ;
#8196 = ORIENTED_EDGE ( 'NONE', *, *, #4445, .T. ) ;
#8197 = VECTOR ( 'NONE', #10301, 1000.000000000000000 ) ;
#8198 = VECTOR ( 'NONE', #9187, 1000.000000000000000 ) ;
#8199 = PRODUCT_DEFINITION_SHAPE ( 'NONE', 'NONE',  #10396 ) ;
#8200 = ADVANCED_FACE ( 'NONE', ( #4193 ), #6576, .T. ) ;
#8201 = CARTESIAN_POINT ( 'NONE',  ( 65.99912396788583635, 18.50000000000000355, -7.041267695959975370 ) ) ;
#8202 = VECTOR ( 'NONE', #2311, 1000.000000000000000 ) ;
#8203 = CARTESIAN_POINT ( 'NONE',  ( 46.02500000000001279, 20.00000000000000355, -1.500000000000000000 ) ) ;
#8204 = VECTOR ( 'NONE', #6309, 1000.000000000000000 ) ;
#8205 = CARTESIAN_POINT ( 'NONE',  ( 11.00000000000000533, 18.08578643762690774, -10.15848648317290071 ) ) ;
#8206 = ORIENTED_EDGE ( 'NONE', *, *, #2265, .T. ) ;
#8207 = DIRECTION ( 'NONE',  ( -0.3826834323650956105, 0.000000000000000000, -0.9238795325112842960 ) ) ;
#8208 = EDGE_CURVE ( 'NONE', #7459, #1053, #5186, .T. ) ;
#8209 = EDGE_CURVE ( 'NONE', #10448, #7189, #9825, .T. ) ;
#8210 = PLANE ( 'NONE',  #1034 ) ;
#8211 = VERTEX_POINT ( 'NONE', #739 ) ;
#8212 = DIRECTION ( 'NONE',  ( -8.673617379884035472E-17, 0.000000000000000000, -1.000000000000000000 ) ) ;
#8213 = ORIENTED_EDGE ( 'NONE', *, *, #6453, .T. ) ;
#8214 = ORIENTED_EDGE ( 'NONE', *, *, #2139, .T. ) ;
#8215 = CARTESIAN_POINT ( 'NONE',  ( 82.57587046748865589, 2.000000000000000000, -12.49228823408810030 ) ) ;
#8216 = ORIENTED_EDGE ( 'NONE', *, *, #1868, .F. ) ;
#8217 = AXIS2_PLACEMENT_3D ( 'NONE', #5150, #4287, #8363 ) ;
#8218 = CARTESIAN_POINT ( 'NONE',  ( 0.000000000000000000, 2.000000000000000000, 0.000000000000000000 ) ) ;
#8219 = DIRECTION ( 'NONE',  ( 0.3826834323650853964, 0.000000000000000000, -0.9238795325112886259 ) ) ;
#8220 = VERTEX_POINT ( 'NONE', #893 ) ;
#8221 = CARTESIAN_POINT ( 'NONE',  ( 103.0997499999999434, 17.50000000000000000, -12.10960480172301423 ) ) ;
#8222 = CARTESIAN_POINT ( 'NONE',  ( 20.71283529983201177, 1.999999999999998668, -4.869694852137503638 ) ) ;
#8223 = CARTESIAN_POINT ( 'NONE',  ( 83.05516802938825549, 2.674305589214434065, -18.50000000000000000 ) ) ;
#8224 = ORIENTED_EDGE ( 'NONE', *, *, #274, .T. ) ;
#8225 =( LENGTH_UNIT ( ) NAMED_UNIT ( * ) SI_UNIT ( .MILLI., .METRE. ) );
#8226 = VECTOR ( 'NONE', #8287, 1000.000000000000114 ) ;
#8227 = ORIENTED_EDGE ( 'NONE', *, *, #10145, .F. ) ;
#8228 = ORIENTED_EDGE ( 'NONE', *, *, #3999, .T. ) ;
#8229 = ORIENTED_EDGE ( 'NONE', *, *, #8847, .F. ) ;
#8230 = ORIENTED_EDGE ( 'NONE', *, *, #3635, .T. ) ;
#8231 =( BOUNDED_CURVE ( )  B_SPLINE_CURVE ( 3, ( #3121, #2220, #7832, #2373 ),
 .UNSPECIFIED., .F., .F. ) 
 B_SPLINE_CURVE_WITH_KNOTS ( ( 4, 4 ),
 ( 3.141592653589793116, 4.712388980384691450 ),
 .UNSPECIFIED. ) 
 CURVE ( )  GEOMETRIC_REPRESENTATION_ITEM ( )  RATIONAL_B_SPLINE_CURVE ( ( 1.000000000000000000, 0.8047378541243646044, 0.8047378541243646044, 1.000000000000000000 ) ) 
 REPRESENTATION_ITEM ( '' )  );
#8232 = EDGE_CURVE ( 'NONE', #1081, #4025, #6628, .T. ) ;
#8233 = ADVANCED_FACE ( 'NONE', ( #8966 ), #2504, .F. ) ;
#8234 = DIRECTION ( 'NONE',  ( 0.9238795325112844070, 0.000000000000000000, -0.3826834323650955549 ) ) ;
#8235 = VECTOR ( 'NONE', #3529, 1000.000000000000000 ) ;
#8236 = EDGE_CURVE ( 'NONE', #3548, #7242, #1750, .T. ) ;
#8237 = LINE ( 'NONE', #2412, #7858 ) ;
#8238 = CARTESIAN_POINT ( 'NONE',  ( 10.00000000000000000, 10.00000000000000000, -5.000000000000000888 ) ) ;
#8239 = DIRECTION ( 'NONE',  ( -0.000000000000000000, -1.000000000000000000, -0.000000000000000000 ) ) ;
#8240 = DIRECTION ( 'NONE',  ( -0.000000000000000000, -1.000000000000000000, -0.000000000000000000 ) ) ;
#8241 = VECTOR ( 'NONE', #3090, 1000.000000000000000 ) ;
#8242 = FACE_OUTER_BOUND ( 'NONE', #1468, .T. ) ;
#8243 = EDGE_LOOP ( 'NONE', ( #6207, #7528, #1847, #1597, #3097 ) ) ;
#8244 = CARTESIAN_POINT ( 'NONE',  ( 19.60000000000000142, 18.50000000000000355, -18.50000000000000000 ) ) ;
#8245 = AXIS2_PLACEMENT_3D ( 'NONE', #7857, #4422, #6261 ) ;
#8246 = LINE ( 'NONE', #8937, #3082 ) ;
#8247 = LINE ( 'NONE', #2523, #6704 ) ;
#8248 = FACE_OUTER_BOUND ( 'NONE', #2660, .T. ) ;
#8249 = EDGE_CURVE ( 'NONE', #9481, #7785, #1643, .T. ) ;
#8250 = FACE_OUTER_BOUND ( 'NONE', #8367, .T. ) ;
#8251 = ORIENTED_EDGE ( 'NONE', *, *, #4471, .T. ) ;
#8252 = VERTEX_POINT ( 'NONE', #6679 ) ;
#8253 = CARTESIAN_POINT ( 'NONE',  ( 9.800000000000000711, 2.000000000000000000, -18.50000000000000000 ) ) ;
#8254 = AXIS2_PLACEMENT_3D ( 'NONE', #9550, #1432, #2240 ) ;
#8255 = ORIENTED_EDGE ( 'NONE', *, *, #7255, .T. ) ;
#8256 = CARTESIAN_POINT ( 'NONE',  ( -10.00000000000000000, 5.000000000000000000, -5.000000000000000000 ) ) ;
#8257 = FACE_OUTER_BOUND ( 'NONE', #9483, .T. ) ;
#8258 = AXIS2_PLACEMENT_3D ( 'NONE', #784, #4032, #1635 ) ;
#8259 = FACE_OUTER_BOUND ( 'NONE', #4829, .T. ) ;
#8260 = ORIENTED_EDGE ( 'NONE', *, *, #10409, .T. ) ;
#8261 = CARTESIAN_POINT ( 'NONE',  ( 101.5727758290958604, 20.00000000000000355, -18.50000000000000000 ) ) ;
#8262 = PLANE ( 'NONE',  #2411 ) ;
#8263 = ORIENTED_EDGE ( 'NONE', *, *, #7448, .T. ) ;
#8264 = FACE_OUTER_BOUND ( 'NONE', #7290, .T. ) ;
#8265 = ORIENTED_EDGE ( 'NONE', *, *, #4902, .F. ) ;
#8266 = ORIENTED_EDGE ( 'NONE', *, *, #2928, .F. ) ;
#8267 = ORIENTED_EDGE ( 'NONE', *, *, #4652, .T. ) ;
#8268 = EDGE_CURVE ( 'NONE', #8422, #1392, #10136, .T. ) ;
#8269 = EDGE_CURVE ( 'NONE', #8142, #10160, #9770, .T. ) ;
#8270 = DIRECTION ( 'NONE',  ( 1.000000000000000000, -0.000000000000000000, 0.000000000000000000 ) ) ;
#8271 = CARTESIAN_POINT ( 'NONE',  ( 98.70510779970761917, 2.999999999999999112, -1.500000000000000000 ) ) ;
#8272 = CARTESIAN_POINT ( 'NONE',  ( 65.07524443537454317, 2.000000000000000000, -6.658584263594879538 ) ) ;
#8273 = VERTEX_POINT ( 'NONE', #3401 ) ;
#8274 = CARTESIAN_POINT ( 'NONE',  ( 56.75114944726936983, 18.50000000000000355, -15.78539724792377186 ) ) ;
#8275 = DIRECTION ( 'NONE',  ( -1.000000000000000000, 0.000000000000000000, 0.000000000000000000 ) ) ;
#8276 = LINE ( 'NONE', #2657, #7812 ) ;
#8277 = ORIENTED_EDGE ( 'NONE', *, *, #4018, .T. ) ;
#8278 = VECTOR ( 'NONE', #7102, 1000.000000000000000 ) ;
#8279 = LINE ( 'NONE', #4196, #5345 ) ;
#8280 = EDGE_CURVE ( 'NONE', #9225, #5075, #9120, .T. ) ;
#8281 = ORIENTED_EDGE ( 'NONE', *, *, #1714, .F. ) ;
#8282 = VERTEX_POINT ( 'NONE', #4895 ) ;
#8283 = VERTEX_POINT ( 'NONE', #1802 ) ;
#8284 = AXIS2_PLACEMENT_3D ( 'NONE', #7183, #2159, #8778 ) ;
#8285 = LINE ( 'NONE', #9023, #2409 ) ;
#8286 = CARTESIAN_POINT ( 'NONE',  ( 95.02500000000000568, 20.00000000000000355, 0.000000000000000000 ) ) ;
#8287 = DIRECTION ( 'NONE',  ( -0.3826834323650856740, 0.000000000000000000, 0.9238795325112884038 ) ) ;
#8288 = CARTESIAN_POINT ( 'NONE',  ( 57.27474999999994054, 2.000000000000000000, -18.50000000000000000 ) ) ;
#8289 = CARTESIAN_POINT ( 'NONE',  ( 107.0000000000000142, 17.50000000000000000, -10.15727937639168488 ) ) ;
#8290 = CARTESIAN_POINT ( 'NONE',  ( 62.37277582909585050, 18.50000000000000355, -18.50000000000000000 ) ) ;
#8291 = EDGE_LOOP ( 'NONE', ( #7887, #4290, #948, #10442, #4886 ) ) ;
#8292 = DIRECTION ( 'NONE',  ( -0.9238795325112845180, 0.000000000000000000, 0.3826834323650952774 ) ) ;
#8293 = DIRECTION ( 'NONE',  ( -0.3826834323650956105, 0.000000000000000000, -0.9238795325112842960 ) ) ;
#8294 = CARTESIAN_POINT ( 'NONE',  ( 107.0000000000000142, 27.21604200192311040, -2.693568355077375909 ) ) ;
#8295 = LINE ( 'NONE', #5, #2908 ) ;
#8296 = CARTESIAN_POINT ( 'NONE',  ( 99.92474999999994623, 18.50000000000000355, 0.000000000000000000 ) ) ;
#8297 = ORIENTED_EDGE ( 'NONE', *, *, #7313, .F. ) ;
#8298 = EDGE_CURVE ( 'NONE', #2772, #8500, #2485, .T. ) ;
#8299 = ORIENTED_EDGE ( 'NONE', *, *, #3434, .F. ) ;
#8300 = ORIENTED_EDGE ( 'NONE', *, *, #2433, .F. ) ;
#8301 = EDGE_CURVE ( 'NONE', #6165, #4643, #6465, .T. ) ;
#8302 = CARTESIAN_POINT ( 'NONE',  ( 48.11406477336863219, 2.999999999999999112, -7.751619436258012641 ) ) ;
#8303 = CARTESIAN_POINT ( 'NONE',  ( 52.57277582909584623, 18.50000000000000355, -18.50000000000000000 ) ) ;
#8304 = CARTESIAN_POINT ( 'NONE',  ( 55.62672417090404053, 18.50000000000000355, -18.50000000000000355 ) ) ;
#8305 = EDGE_LOOP ( 'NONE', ( #8854, #1768, #3408, #1545 ) ) ;
#8306 = CARTESIAN_POINT ( 'NONE',  ( 42.57500000000000284, 2.000000000000000000, -1.500000000000000000 ) ) ;
#8307 = FACE_OUTER_BOUND ( 'NONE', #569, .T. ) ;
#8308 = ORIENTED_EDGE ( 'NONE', *, *, #4920, .T. ) ;
#8309 = DIRECTION ( 'NONE',  ( 0.000000000000000000, 0.000000000000000000, 1.000000000000000000 ) ) ;
#8310 = ORIENTED_EDGE ( 'NONE', *, *, #331, .T. ) ;
#8311 = ORIENTED_EDGE ( 'NONE', *, *, #8329, .F. ) ;
#8312 = CARTESIAN_POINT ( 'NONE',  ( 45.82672417090404338, 20.00000000000000355, -18.50000000000000355 ) ) ;
#8313 = EDGE_LOOP ( 'NONE', ( #7889, #8470, #94, #8499 ) ) ;
#8314 = VECTOR ( 'NONE', #10090, 1000.000000000000000 ) ;
#8315 = EDGE_CURVE ( 'NONE', #2143, #6370, #36, .T. ) ;
#8316 = DIRECTION ( 'NONE',  ( -0.3826834323650853964, 0.000000000000000000, 0.9238795325112886259 ) ) ;
#8317 = LINE ( 'NONE', #3451, #1406 ) ;
#8318 = CARTESIAN_POINT ( 'NONE',  ( 11.72474999999993628, 10.00000000000000000, -20.00000000000000000 ) ) ;
#8319 = ORIENTED_EDGE ( 'NONE', *, *, #5307, .F. ) ;
#8320 = CARTESIAN_POINT ( 'NONE',  ( 50.92474999999993912, 2.000000000000000000, 0.000000000000000000 ) ) ;
#8321 = LINE ( 'NONE', #9976, #7366 ) ;
#8322 = CARTESIAN_POINT ( 'NONE',  ( 78.59993749768391069, 18.50000000000000355, -10.35694617991806865 ) ) ;
#8323 = ORIENTED_EDGE ( 'NONE', *, *, #6918, .F. ) ;
#8324 = DIRECTION ( 'NONE',  ( -0.3826834323650853964, -0.000000000000000000, 0.9238795325112885148 ) ) ;
#8325 = ORIENTED_EDGE ( 'NONE', *, *, #2417, .T. ) ;
#8326 = EDGE_CURVE ( 'NONE', #7933, #4500, #3252, .T. ) ;
#8327 = ORIENTED_EDGE ( 'NONE', *, *, #10165, .F. ) ;
#8328 = ORIENTED_EDGE ( 'NONE', *, *, #5051, .T. ) ;
#8329 = EDGE_CURVE ( 'NONE', #3811, #2270, #6836, .T. ) ;
#8330 = CARTESIAN_POINT ( 'NONE',  ( 78.40000000000000568, 18.50000000000000355, -1.500000000000000000 ) ) ;
#8331 = DIRECTION ( 'NONE',  ( -0.000000000000000000, -1.000000000000000000, -0.000000000000000000 ) ) ;
#8332 = DIRECTION ( 'NONE',  ( 0.3826834323650956105, -0.000000000000000000, 0.9238795325112842960 ) ) ;
#8333 = PLANE ( 'NONE',  #3087 ) ;
#8334 = CARTESIAN_POINT ( 'NONE',  ( 67.21200000000001751, 18.50000000000000355, -1.499999999999999556 ) ) ;
#8335 = EDGE_CURVE ( 'NONE', #7454, #6286, #1623, .T. ) ;
#8336 = ORIENTED_EDGE ( 'NONE', *, *, #2066, .F. ) ;
#8337 = ORIENTED_EDGE ( 'NONE', *, *, #10449, .F. ) ;
#8338 = EDGE_CURVE ( 'NONE', #4094, #9995, #2764, .T. ) ;
#8339 = VERTEX_POINT ( 'NONE', #6945 ) ;
#8340 = DIRECTION ( 'NONE',  ( 0.3826834323650853964, -0.000000000000000000, -0.9238795325112885148 ) ) ;
#8341 = PLANE ( 'NONE',  #5296 ) ;
#8342 = CARTESIAN_POINT ( 'NONE',  ( 19.80000000000000426, 18.49999994665291325, -5.131146991037542016 ) ) ;
#8343 = CARTESIAN_POINT ( 'NONE',  ( 59.00000000000001421, 17.50000000000000000, -7.744272920799772919 ) ) ;
#8344 = FACE_OUTER_BOUND ( 'NONE', #4954, .T. ) ;
#8345 = CARTESIAN_POINT ( 'NONE',  ( 46.95114944726936557, 18.50000000000000355, -15.78539724792377186 ) ) ;
#8346 = CARTESIAN_POINT ( 'NONE',  ( 88.20000000000001705, 2.000000000000000000, -18.50000000000000000 ) ) ;
#8347 = ORIENTED_EDGE ( 'NONE', *, *, #3653, .F. ) ;
#8348 =( BOUNDED_CURVE ( )  B_SPLINE_CURVE ( 3, ( #5243, #8506, #2842, #6102 ),
 .UNSPECIFIED., .F., .F. ) 
 B_SPLINE_CURVE_WITH_KNOTS ( ( 4, 4 ),
 ( 5.274661551707037432, 6.283185307179586232 ),
 .UNSPECIFIED. ) 
 CURVE ( )  GEOMETRIC_REPRESENTATION_ITEM ( )  RATIONAL_B_SPLINE_CURVE ( ( 1.000000000000000000, 0.9170208966857380517, 0.9170208966857380517, 1.000000000000000000 ) ) 
 REPRESENTATION_ITEM ( '' )  );
#8349 = VECTOR ( 'NONE', #8805, 1000.000000000000000 ) ;
#8350 = ORIENTED_EDGE ( 'NONE', *, *, #274, .F. ) ;
#8351 = DIRECTION ( 'NONE',  ( 0.3826834323650853964, -0.000000000000000000, -0.9238795325112885148 ) ) ;
#8352 = AXIS2_PLACEMENT_3D ( 'NONE', #8445, #8492, #8686 ) ;
#8353 = ADVANCED_FACE ( 'NONE', ( #5916 ), #6028, .F. ) ;
#8354 = EDGE_CURVE ( 'NONE', #6879, #4583, #9337, .T. ) ;
#8355 = CARTESIAN_POINT ( 'NONE',  ( 19.80000000000000426, 18.50000000000000355, -8.673617379884037444E-16 ) ) ;
#8356 = CARTESIAN_POINT ( 'NONE',  ( 19.79975000000001017, 18.34604576567463852, -1.500000000000000444 ) ) ;
#8357 = VECTOR ( 'NONE', #1999, 1000.000000000000000 ) ;
#8358 = EDGE_CURVE ( 'NONE', #155, #9954, #649, .T. ) ;
#8359 = LINE ( 'NONE', #1035, #3997 ) ;
#8360 = ORIENTED_EDGE ( 'NONE', *, *, #330, .F. ) ;
#8361 = DIRECTION ( 'NONE',  ( -0.000000000000000000, -0.000000000000000000, 1.000000000000000000 ) ) ;
#8362 = VECTOR ( 'NONE', #1119, 1000.000000000000000 ) ;
#8363 = DIRECTION ( 'NONE',  ( 0.3826592221992059506, 0.000000000000000000, -0.9238895603187097239 ) ) ;
#8364 = AXIS2_PLACEMENT_3D ( 'NONE', #9766, #9663, #2343 ) ;
#8365 = ORIENTED_EDGE ( 'NONE', *, *, #7350, .F. ) ;
#8366 = CARTESIAN_POINT ( 'NONE',  ( 91.57500000000001705, 20.00000000000000355, -1.500000000000000000 ) ) ;
#8367 = EDGE_LOOP ( 'NONE', ( #114, #10212, #5561, #6196, #9004 ) ) ;
#8368 = ORIENTED_EDGE ( 'NONE', *, *, #5511, .F. ) ;
#8369 = DIRECTION ( 'NONE',  ( -0.3826592221992072829, -0.000000000000000000, 0.9238895603187090577 ) ) ;
#8370 = AXIS2_PLACEMENT_3D ( 'NONE', #4242, #2817, #9333 ) ;
#8371 = EDGE_LOOP ( 'NONE', ( #6798, #4310, #8655, #43, #4716 ) ) ;
#8372 = VECTOR ( 'NONE', #1262, 1000.000000000000000 ) ;
#8373 = VECTOR ( 'NONE', #10584, 1000.000000000000000 ) ;
#8374 = CARTESIAN_POINT ( 'NONE',  ( 86.52300350039710963, 2.999999999999999112, -7.423951128325072091 ) ) ;
#8375 = CARTESIAN_POINT ( 'NONE',  ( 72.17277582909585476, 20.00000000000000355, -18.50000000000000000 ) ) ;
#8376 = CARTESIAN_POINT ( 'NONE',  ( 68.29439220029242108, 17.85125431679150765, -1.500000000000001110 ) ) ;
#8377 = CARTESIAN_POINT ( 'NONE',  ( 106.0000000000000142, 2.000000000000000000, -7.720907847203148044 ) ) ;
#8378 = ORIENTED_EDGE ( 'NONE', *, *, #7751, .T. ) ;
#8379 = CARTESIAN_POINT ( 'NONE',  ( 70.52474999999994054, 20.00000000000000355, -18.50000000000000000 ) ) ;
#8380 = EDGE_CURVE ( 'NONE', #5629, #6684, #8321, .T. ) ;
#8381 = LINE ( 'NONE', #4409, #11 ) ;
#8382 = VECTOR ( 'NONE', #4256, 1000.000000000000000 ) ;
#8383 = DIRECTION ( 'NONE',  ( 0.000000000000000000, 0.000000000000000000, 1.000000000000000000 ) ) ;
#8384 = ORIENTED_EDGE ( 'NONE', *, *, #2830, .T. ) ;
#8385 = VECTOR ( 'NONE', #8239, 1000.000000000000000 ) ;
#8386 = FACE_OUTER_BOUND ( 'NONE', #3844, .T. ) ;
#8387 = ORIENTED_EDGE ( 'NONE', *, *, #2672, .F. ) ;
#8388 = ORIENTED_EDGE ( 'NONE', *, *, #10337, .T. ) ;
#8389 = VERTEX_POINT ( 'NONE', #10146 ) ;
#8390 = CARTESIAN_POINT ( 'NONE',  ( 103.5443319706116654, 2.674305589214439394, -18.49999999999999645 ) ) ;
#8391 = VECTOR ( 'NONE', #3210, 999.9999999999998863 ) ;
#8392 = CARTESIAN_POINT ( 'NONE',  ( 11.00000000000000355, 2.999999999999999112, -10.15848648317290071 ) ) ;
#8393 = CARTESIAN_POINT ( 'NONE',  ( 6.721399489615654588, 2.999999999999999112, 2.784094826726366101 ) ) ;
#8394 = FACE_OUTER_BOUND ( 'NONE', #4111, .T. ) ;
#8395 = CARTESIAN_POINT ( 'NONE',  ( 102.6551680293882498, 2.674305589214434065, -18.50000000000000000 ) ) ;
#8396 = EDGE_LOOP ( 'NONE', ( #2463, #687, #5171, #8044 ) ) ;
#8397 = ORIENTED_EDGE ( 'NONE', *, *, #4744, .F. ) ;
#8398 = ORIENTED_EDGE ( 'NONE', *, *, #2621, .F. ) ;
#8399 = EDGE_CURVE ( 'NONE', #7509, #3942, #8381, .T. ) ;
#8400 = CARTESIAN_POINT ( 'NONE',  ( 30.10510779970761419, 18.50000000000000355, -1.500000000000000000 ) ) ;
#8401 = EDGE_CURVE ( 'NONE', #1393, #10307, #9168, .T. ) ;
#8402 = CARTESIAN_POINT ( 'NONE',  ( 54.54433197061164407, 2.674305589214430956, -18.50000000000000355 ) ) ;
#8403 = FACE_OUTER_BOUND ( 'NONE', #5778, .T. ) ;
#8404 = CARTESIAN_POINT ( 'NONE',  ( -10.00000000000000000, 10.00000000000000000, -20.00000000000000000 ) ) ;
#8405 = CARTESIAN_POINT ( 'NONE',  ( 21.52474999999994054, 20.00000000000000355, -18.50000000000000000 ) ) ;
#8406 = CARTESIAN_POINT ( 'NONE',  ( 32.97277582909585192, 18.50000000000000355, -18.50000000000000000 ) ) ;
#8407 = ORIENTED_EDGE ( 'NONE', *, *, #5872, .T. ) ;
#8408 = VERTEX_POINT ( 'NONE', #5104 ) ;
#8409 = FACE_OUTER_BOUND ( 'NONE', #3498, .T. ) ;
#8410 = EDGE_CURVE ( 'NONE', #129, #9566, #2705, .T. ) ;
#8411 = CARTESIAN_POINT ( 'NONE',  ( 37.67474999999993912, 18.50000000000000355, -18.50000000000000000 ) ) ;
#8412 = DIRECTION ( 'NONE',  ( 0.000000000000000000, 0.000000000000000000, -1.000000000000000000 ) ) ;
#8413 =( BOUNDED_CURVE ( )  B_SPLINE_CURVE ( 3, ( #1574, #7249, #5642, #8156 ),
 .UNSPECIFIED., .F., .F. ) 
 B_SPLINE_CURVE_WITH_KNOTS ( ( 4, 4 ),
 ( 1.570796326794892561, 3.141592653589793116 ),
 .UNSPECIFIED. ) 
 CURVE ( )  GEOMETRIC_REPRESENTATION_ITEM ( )  RATIONAL_B_SPLINE_CURVE ( ( 1.000000000000000000, 0.8047378541243640493, 0.8047378541243640493, 1.000000000000000000 ) ) 
 REPRESENTATION_ITEM ( '' )  );
#8414 = LINE ( 'NONE', #8516, #8619 ) ;
#8415 = ORIENTED_EDGE ( 'NONE', *, *, #191, .T. ) ;
#8416 = CARTESIAN_POINT ( 'NONE',  ( 12.00000000000000355, 2.000000000000000000, -2.694775461858567756 ) ) ;
#8417 = VECTOR ( 'NONE', #9124, 1000.000000000000000 ) ;
#8418 = DIRECTION ( 'NONE',  ( 0.9238795325112882928, 0.000000000000000000, 0.3826834323650858960 ) ) ;
#8419 = ORIENTED_EDGE ( 'NONE', *, *, #6996, .T. ) ;
#8420 = DIRECTION ( 'NONE',  ( -0.000000000000000000, -1.000000000000000000, -0.000000000000000000 ) ) ;
#8421 = ORIENTED_EDGE ( 'NONE', *, *, #7390, .F. ) ;
#8422 = VERTEX_POINT ( 'NONE', #5971 ) ;
#8423 = CARTESIAN_POINT ( 'NONE',  ( 24.69974999999995191, 2.999999999999999112, -16.96018989328458204 ) ) ;
#8424 = ORIENTED_EDGE ( 'NONE', *, *, #7432, .T. ) ;
#8425 = EDGE_CURVE ( 'NONE', #6077, #4249, #7525, .T. ) ;
#8426 = ORIENTED_EDGE ( 'NONE', *, *, #1337, .T. ) ;
#8427 = AXIS2_PLACEMENT_3D ( 'NONE', #3295, #1742, #6567 ) ;
#8428 = CARTESIAN_POINT ( 'NONE',  ( 28.01200000000000756, 2.000000000000000000, -1.499999999999999556 ) ) ;
#8429 = CARTESIAN_POINT ( 'NONE',  ( 25.14433197061164194, 17.50000000000000000, -18.50000000000000355 ) ) ;
#8430 = CARTESIAN_POINT ( 'NONE',  ( 37.81200000000001182, 20.00000000000000355, -1.499999999999999556 ) ) ;
#8431 = DIRECTION ( 'NONE',  ( 0.3826834323650853964, 0.000000000000000000, -0.9238795325112885148 ) ) ;
#8432 = ORIENTED_EDGE ( 'NONE', *, *, #2448, .T. ) ;
#8433 = CARTESIAN_POINT ( 'NONE',  ( 62.37277582909585050, 18.50000000000000355, -18.50000000000000000 ) ) ;
#8434 = VECTOR ( 'NONE', #4509, 1000.000000000000000 ) ;
#8435 = CARTESIAN_POINT ( 'NONE',  ( 40.52420221086863705, 18.50000000000000355, -13.07126189173587605 ) ) ;
#8436 = DIRECTION ( 'NONE',  ( -0.000000000000000000, -1.000000000000000000, -0.000000000000000000 ) ) ;
#8437 = ORIENTED_EDGE ( 'NONE', *, *, #9996, .F. ) ;
#8438 = CARTESIAN_POINT ( 'NONE',  ( 88.40000000000000568, 7.500000000000007105, -10.35619174377131557 ) ) ;
#8439 = VERTEX_POINT ( 'NONE', #366 ) ;
#8440 = VECTOR ( 'NONE', #105, 1000.000000000000000 ) ;
#8441 = EDGE_CURVE ( 'NONE', #999, #3146, #257, .T. ) ;
#8442 = ORIENTED_EDGE ( 'NONE', *, *, #2921, .F. ) ;
#8443 = ORIENTED_EDGE ( 'NONE', *, *, #5016, .F. ) ;
#8444 = EDGE_CURVE ( 'NONE', #9776, #1329, #9284, .T. ) ;
#8445 = CARTESIAN_POINT ( 'NONE',  ( 88.20000000000001705, 18.50000000000000355, -18.50000000000000000 ) ) ;
#8446 = EDGE_CURVE ( 'NONE', #9109, #5090, #6133, .T. ) ;
#8447 = CARTESIAN_POINT ( 'NONE',  ( 95.71246076258712776, 2.999999999999999112, 3.111763134659267127 ) ) ;
#8448 = DIRECTION ( 'NONE',  ( 0.9238795325112885148, 0.000000000000000000, 0.3826834323650856184 ) ) ;
#8449 = LINE ( 'NONE', #3416, #7028 ) ;
#8450 = ORIENTED_EDGE ( 'NONE', *, *, #7665, .T. ) ;
#8451 = ORIENTED_EDGE ( 'NONE', *, *, #7088, .F. ) ;
#8452 = VERTEX_POINT ( 'NONE', #4358 ) ;
#8453 = ADVANCED_FACE ( 'NONE', ( #3508 ), #6079, .F. ) ;
#8454 = CARTESIAN_POINT ( 'NONE',  ( 39.90510779970762201, 17.85125431679152541, -1.500000000000001554 ) ) ;
#8455 = CARTESIAN_POINT ( 'NONE',  ( 54.09974999999994338, 2.999999999999999112, -12.10960480172301423 ) ) ;
#8456 = CARTESIAN_POINT ( 'NONE',  ( 20.08699624298330377, 2.155262634567628677, -6.300238267576962592 ) ) ;
#8457 = PLANE ( 'NONE',  #4259 ) ;
#8458 = CARTESIAN_POINT ( 'NONE',  ( 10.00000000000000000, 11.50000000000000000, -15.10000000000000142 ) ) ;
#8459 = LINE ( 'NONE', #5074, #1335 ) ;
#8460 = ORIENTED_EDGE ( 'NONE', *, *, #10385, .F. ) ;
#8461 = DIRECTION ( 'NONE',  ( -0.000000000000000000, -1.000000000000000000, -0.000000000000000000 ) ) ;
#8462 = ADVANCED_FACE ( 'NONE', ( #1212 ), #9391, .F. ) ;
#8463 = EDGE_CURVE ( 'NONE', #3462, #5865, #3968, .T. ) ;
#8464 = VERTEX_POINT ( 'NONE', #4624 ) ;
#8465 = FACE_OUTER_BOUND ( 'NONE', #5604, .T. ) ;
#8466 = CARTESIAN_POINT ( 'NONE',  ( 0.000000000000000000, 20.00000000000000355, 0.000000000000000000 ) ) ;
#8467 = EDGE_CURVE ( 'NONE', #2114, #719, #3775, .T. ) ;
#8468 = CARTESIAN_POINT ( 'NONE',  ( 96.47474999999994338, 18.50000000000000355, -20.00000000000000000 ) ) ;
#8469 = ORIENTED_EDGE ( 'NONE', *, *, #2517, .T. ) ;
#8470 = ORIENTED_EDGE ( 'NONE', *, *, #757, .T. ) ;
#8471 = CARTESIAN_POINT ( 'NONE',  ( 97.87808768696163497, 2.341211518780913714, -1.500000000000000222 ) ) ;
#8472 = ORIENTED_EDGE ( 'NONE', *, *, #9435, .F. ) ;
#8473 = CARTESIAN_POINT ( 'NONE',  ( 68.47808768696162929, 2.341211518780905276, -1.500000000000000444 ) ) ;
#8474 = EDGE_CURVE ( 'NONE', #8755, #2114, #1268, .T. ) ;
#8475 = EDGE_CURVE ( 'NONE', #8037, #1358, #3717, .T. ) ;
#8476 = ORIENTED_EDGE ( 'NONE', *, *, #8947, .T. ) ;
#8477 = VERTEX_POINT ( 'NONE', #5433 ) ;
#8478 = PLANE ( 'NONE',  #6672 ) ;
#8479 = CARTESIAN_POINT ( 'NONE',  ( 106.2747499999999405, 20.00000000000000355, -20.00000000000000000 ) ) ;
#8480 = DIRECTION ( 'NONE',  ( -0.000000000000000000, -1.000000000000000000, -0.000000000000000000 ) ) ;
#8481 = CARTESIAN_POINT ( 'NONE',  ( 102.6551680293882498, 17.50000000000000000, -18.50000000000000355 ) ) ;
#8482 = ORIENTED_EDGE ( 'NONE', *, *, #5818, .F. ) ;
#8483 = CARTESIAN_POINT ( 'NONE',  ( 34.49974999999994907, 2.000000000000000000, -16.96018989328457849 ) ) ;
#8484 = CARTESIAN_POINT ( 'NONE',  ( 24.24210721821535941, 17.50000000000000000, 10.04140959028737079 ) ) ;
#8485 = CARTESIAN_POINT ( 'NONE',  ( 81.77500000000001990, 18.50000000000000355, 0.000000000000000000 ) ) ;
#8486 = ORIENTED_EDGE ( 'NONE', *, *, #9190, .F. ) ;
#8487 = LINE ( 'NONE', #2767, #1933 ) ;
#8488 =( BOUNDED_CURVE ( )  B_SPLINE_CURVE ( 3, ( #4282, #4224, #1998, #7559 ),
 .UNSPECIFIED., .F., .F. ) 
 B_SPLINE_CURVE_WITH_KNOTS ( ( 4, 4 ),
 ( 3.141592653589793116, 4.150116409062338363 ),
 .UNSPECIFIED. ) 
 CURVE ( )  GEOMETRIC_REPRESENTATION_ITEM ( )  RATIONAL_B_SPLINE_CURVE ( ( 1.000000000000000000, 0.9170208966857386068, 0.9170208966857386068, 1.000000000000000000 ) ) 
 REPRESENTATION_ITEM ( '' )  );
#8489 = CARTESIAN_POINT ( 'NONE',  ( 50.92474999999993912, 2.000000000000000000, -18.50000000000000000 ) ) ;
#8490 = ORIENTED_EDGE ( 'NONE', *, *, #6181, .T. ) ;
#8491 = VERTEX_POINT ( 'NONE', #2237 ) ;
#8492 = DIRECTION ( 'NONE',  ( 0.000000000000000000, 0.000000000000000000, -1.000000000000000000 ) ) ;
#8493 = EDGE_CURVE ( 'NONE', #9699, #10542, #584, .T. ) ;
#8494 = PLANE ( 'NONE',  #2958 ) ;
#8495 = FACE_OUTER_BOUND ( 'NONE', #5974, .T. ) ;
#8496 = CARTESIAN_POINT ( 'NONE',  ( 19.29439220029239976, 17.50000000000000000, -1.499999999999998002 ) ) ;
#8497 = CARTESIAN_POINT ( 'NONE',  ( 15.87728399040123861, 17.50000000000000000, 6.576586362473318736 ) ) ;
#8498 = CARTESIAN_POINT ( 'NONE',  ( 99.92474999999994623, 18.50000000000000355, -20.00000000000000000 ) ) ;
#8499 = ORIENTED_EDGE ( 'NONE', *, *, #8095, .T. ) ;
#8500 = VERTEX_POINT ( 'NONE', #4513 ) ;
#8501 = ORIENTED_EDGE ( 'NONE', *, *, #6473, .T. ) ;
#8502 = ORIENTED_EDGE ( 'NONE', *, *, #2393, .T. ) ;
#8503 = EDGE_CURVE ( 'NONE', #4799, #8692, #1373, .T. ) ;
#8504 = DIRECTION ( 'NONE',  ( 0.3826834323650956105, 0.000000000000000000, 0.9238795325112842960 ) ) ;
#8505 = DIRECTION ( 'NONE',  ( -0.000000000000000000, -1.000000000000000000, -0.000000000000000000 ) ) ;
#8506 = CARTESIAN_POINT ( 'NONE',  ( 59.32141231303840812, 18.15878848121909783, -1.500000000000001554 ) ) ;
#8507 = LINE ( 'NONE', #6055, #1379 ) ;
#8508 = LINE ( 'NONE', #7656, #4940 ) ;
#8509 = CARTESIAN_POINT ( 'NONE',  ( 0.000000000000000000, 2.000000000000000000, 0.000000000000000000 ) ) ;
#8510 = EDGE_CURVE ( 'NONE', #7252, #7530, #8799, .T. ) ;
#8511 = ORIENTED_EDGE ( 'NONE', *, *, #10495, .F. ) ;
#8512 = DIRECTION ( 'NONE',  ( -0.9238795325112844070, 0.000000000000000000, 0.3826834323650954994 ) ) ;
#8513 = EDGE_LOOP ( 'NONE', ( #6820, #6739, #4172, #5005 ) ) ;
#8514 = LINE ( 'NONE', #7662, #6925 ) ;
#8515 = FACE_OUTER_BOUND ( 'NONE', #4552, .T. ) ;
#8516 = CARTESIAN_POINT ( 'NONE',  ( 106.2747499999999405, 20.00000000000000355, -18.50000000000000000 ) ) ;
#8517 = ORIENTED_EDGE ( 'NONE', *, *, #3051, .T. ) ;
#8518 = VECTOR ( 'NONE', #4302, 1000.000000000000114 ) ;
#8519 = LINE ( 'NONE', #1194, #1182 ) ;
#8520 = ORIENTED_EDGE ( 'NONE', *, *, #8441, .T. ) ;
#8521 = CARTESIAN_POINT ( 'NONE',  ( 93.29974999999996044, 20.00000000000000355, -9.496478871970266411 ) ) ;
#8522 = EDGE_LOOP ( 'NONE', ( #4640, #3199, #2273, #4800 ) ) ;
#8523 = CARTESIAN_POINT ( 'NONE',  ( 58.99975000000002012, 2.414213562373096700, -7.743669367409177440 ) ) ;
#8524 = ORIENTED_EDGE ( 'NONE', *, *, #3327, .T. ) ;
#8525 = EDGE_CURVE ( 'NONE', #545, #1063, #8749, .T. ) ;
#8526 = VERTEX_POINT ( 'NONE', #4681 ) ;
#8527 = AXIS2_PLACEMENT_3D ( 'NONE', #7828, #2164, #5366 ) ;
#8528 = AXIS2_PLACEMENT_3D ( 'NONE', #5981, #4417, #2173 ) ;
#8529 = EDGE_CURVE ( 'NONE', #7242, #1347, #2982, .T. ) ;
#8530 = EDGE_CURVE ( 'NONE', #67, #9041, #630, .T. ) ;
#8531 = DIRECTION ( 'NONE',  ( -0.000000000000000000, -1.000000000000000000, -0.000000000000000000 ) ) ;
#8532 = DIRECTION ( 'NONE',  ( -0.3826834323650853964, 0.000000000000000000, 0.9238795325112886259 ) ) ;
#8533 = CARTESIAN_POINT ( 'NONE',  ( 91.57500000000001705, 20.00000000000000355, 0.000000000000000000 ) ) ;
#8534 = CARTESIAN_POINT ( 'NONE',  ( 36.02672417090403911, 18.50000000000000355, -18.50000000000000355 ) ) ;
#8535 = ORIENTED_EDGE ( 'NONE', *, *, #8812, .T. ) ;
#8536 = LINE ( 'NONE', #10246, #6651 ) ;
#8537 = VECTOR ( 'NONE', #4406, 1000.000000000000114 ) ;
#8538 = CARTESIAN_POINT ( 'NONE',  ( 10.00000000000000000, 10.00000000000000000, -20.00000000000000000 ) ) ;
#8539 = LINE ( 'NONE', #5167, #5581 ) ;
#8540 = ORIENTED_EDGE ( 'NONE', *, *, #4600, .T. ) ;
#8541 = CARTESIAN_POINT ( 'NONE',  ( 68.79975000000001728, 2.052697314414773544, -1.919915453368671754 ) ) ;
#8542 = CARTESIAN_POINT ( 'NONE',  ( 39.39975000000001160, 2.153954234325363259, -1.500000000000000444 ) ) ;
#8543 = VECTOR ( 'NONE', #10348, 1000.000000000000000 ) ;
#8544 = EDGE_CURVE ( 'NONE', #2684, #8943, #4728, .T. ) ;
#8545 = VERTEX_POINT ( 'NONE', #3874 ) ;
#8546 = VECTOR ( 'NONE', #10550, 1000.000000000000227 ) ;
#8547 = VECTOR ( 'NONE', #3373, 1000.000000000000114 ) ;
#8548 = CARTESIAN_POINT ( 'NONE',  ( 42.77277582909584908, 20.00000000000000355, -18.50000000000000000 ) ) ;
#8549 = DIRECTION ( 'NONE',  ( 0.3826834323650956660, -0.000000000000000000, 0.9238795325112844070 ) ) ;
#8550 = VECTOR ( 'NONE', #7539, 1000.000000000000000 ) ;
#8551 = PLANE ( 'NONE',  #7701 ) ;
#8552 = AXIS2_PLACEMENT_3D ( 'NONE', #213, #49, #1011 ) ;
#8553 =( BOUNDED_CURVE ( )  B_SPLINE_CURVE ( 3, ( #2379, #7100, #721, #5586 ),
 .UNSPECIFIED., .F., .F. ) 
 B_SPLINE_CURVE_WITH_KNOTS ( ( 4, 4 ),
 ( 1.570796326794912545, 2.200938728951641110 ),
 .UNSPECIFIED. ) 
 CURVE ( )  GEOMETRIC_REPRESENTATION_ITEM ( )  RATIONAL_B_SPLINE_CURVE ( ( 1.000000000000000000, 0.9671828781580998902, 0.9671828781580998902, 1.000000000000000000 ) ) 
 REPRESENTATION_ITEM ( '' )  );
#8554 = CARTESIAN_POINT ( 'NONE',  ( 103.5443319706116512, 17.50000000000000000, -18.50000000000000000 ) ) ;
#8555 = VERTEX_POINT ( 'NONE', #7153 ) ;
#8556 = VERTEX_POINT ( 'NONE', #10405 ) ;
#8557 = ORIENTED_EDGE ( 'NONE', *, *, #7698, .T. ) ;
#8558 = VERTEX_POINT ( 'NONE', #8000 ) ;
#8559 = EDGE_CURVE ( 'NONE', #2256, #5025, #3083, .T. ) ;
#8560 = EDGE_CURVE ( 'NONE', #2501, #3562, #7608, .T. ) ;
#8561 = AXIS2_PLACEMENT_3D ( 'NONE', #9790, #54, #1556 ) ;
#8562 = EDGE_CURVE ( 'NONE', #2270, #4374, #6189, .T. ) ;
#8563 = LINE ( 'NONE', #8400, #10570 ) ;
#8564 = CYLINDRICAL_SURFACE ( 'NONE', #6497, 1.000000000000003331 ) ;
#8565 = CARTESIAN_POINT ( 'NONE',  ( 52.37500000000000711, 20.00000000000000355, -1.500000000000000000 ) ) ;
#8566 = CARTESIAN_POINT ( 'NONE',  ( 18.71406477336863716, 17.50000000000000000, -7.751619436258013529 ) ) ;
#8567 = DIRECTION ( 'NONE',  ( 0.000000000000000000, 0.000000000000000000, -1.000000000000000000 ) ) ;
#8568 = CARTESIAN_POINT ( 'NONE',  ( 54.57904756189953588, 18.50000000000000355, -18.11731656763492282 ) ) ;
#8569 = ORIENTED_EDGE ( 'NONE', *, *, #501, .T. ) ;
#8570 = CARTESIAN_POINT ( 'NONE',  ( 60.72474999999994338, 20.00000000000000355, -18.50000000000000000 ) ) ;
#8571 = VECTOR ( 'NONE', #7975, 1000.000000000000114 ) ;
#8572 = ORIENTED_EDGE ( 'NONE', *, *, #6224, .T. ) ;
#8573 = EDGE_CURVE ( 'NONE', #1673, #3259, #5380, .T. ) ;
#8574 = CARTESIAN_POINT ( 'NONE',  ( 68.60000000000000853, 2.000000000000000000, -1.500000000000000000 ) ) ;
#8575 = DIRECTION ( 'NONE',  ( 0.000000000000000000, -1.000000000000000000, 0.000000000000000000 ) ) ;
#8576 = VECTOR ( 'NONE', #2423, 1000.000000000000114 ) ;
#8577 = LINE ( 'NONE', #9530, #9473 ) ;
#8578 = ORIENTED_EDGE ( 'NONE', *, *, #1418, .F. ) ;
#8579 = DIRECTION ( 'NONE',  ( 0.3826834323650853964, -0.000000000000000000, -0.9238795325112885148 ) ) ;
#8580 = EDGE_LOOP ( 'NONE', ( #9614, #8067, #898, #6720 ) ) ;
#8581 = ORIENTED_EDGE ( 'NONE', *, *, #8892, .T. ) ;
#8582 = LINE ( 'NONE', #7673, #7232 ) ;
#8583 = ORIENTED_EDGE ( 'NONE', *, *, #2675, .F. ) ;
#8584 = VERTEX_POINT ( 'NONE', #7842 ) ;
#8585 = VECTOR ( 'NONE', #5232, 1000.000000000000000 ) ;
#8586 = CARTESIAN_POINT ( 'NONE',  ( 106.2747499999999405, 18.50000000000000355, -18.50000000000000000 ) ) ;
#8587 = VECTOR ( 'NONE', #2252, 1000.000000000000000 ) ;
#8588 = LINE ( 'NONE', #7789, #5184 ) ;
#8589 = DIRECTION ( 'NONE',  ( -0.9238795325112884038, 0.000000000000000000, -0.3826834323650857850 ) ) ;
#8590 = DIRECTION ( 'NONE',  ( -0.3826834323650954439, 0.000000000000000000, -0.9238795325112842960 ) ) ;
#8591 = VERTEX_POINT ( 'NONE', #525 ) ;
#8592 = FACE_OUTER_BOUND ( 'NONE', #8291, .T. ) ;
#8593 = DIRECTION ( 'NONE',  ( 1.000000000000000000, -0.000000000000000000, -1.548860246407863336E-16 ) ) ;
#8594 = LINE ( 'NONE', #7634, #6279 ) ;
#8595 = ORIENTED_EDGE ( 'NONE', *, *, #6802, .F. ) ;
#8596 = DIRECTION ( 'NONE',  ( 8.673617379884035472E-17, 0.000000000000000000, 1.000000000000000000 ) ) ;
#8597 = CARTESIAN_POINT ( 'NONE',  ( 78.60000000000000853, 2.999999999999999112, -7.743669367409181881 ) ) ;
#8598 = ADVANCED_FACE ( 'NONE', ( #6247 ), #9497, .T. ) ;
#8599 = ADVANCED_FACE ( 'NONE', ( #2535 ), #8210, .T. ) ;
#8600 = EDGE_LOOP ( 'NONE', ( #9352, #23, #4062, #3232 ) ) ;
#8601 = VECTOR ( 'NONE', #1361, 1000.000000000000000 ) ;
#8602 = CYLINDRICAL_SURFACE ( 'NONE', #4817, 0.9999999999999987788 ) ;
#8603 = LINE ( 'NONE', #6198, #7047 ) ;
#8604 = CARTESIAN_POINT ( 'NONE',  ( 74.39751995710437882, 18.50000000000000355, 2.401411394361280482 ) ) ;
#8605 = EDGE_CURVE ( 'NONE', #3197, #9175, #4931, .T. ) ;
#8606 = CARTESIAN_POINT ( 'NONE',  ( 98.20000000000000284, 17.50000000000000000, -7.743669367409180992 ) ) ;
#8607 = ORIENTED_EDGE ( 'NONE', *, *, #10517, .F. ) ;
#8608 = CARTESIAN_POINT ( 'NONE',  ( 103.0997499999999576, 18.30794360463553261, -18.50000000000000000 ) ) ;
#8609 = EDGE_LOOP ( 'NONE', ( #3610, #2796, #3596, #3581 ) ) ;
#8610 = VERTEX_POINT ( 'NONE', #1575 ) ;
#8611 = ORIENTED_EDGE ( 'NONE', *, *, #3858, .F. ) ;
#8612 = VERTEX_POINT ( 'NONE', #878 ) ;
#8613 = AXIS2_PLACEMENT_3D ( 'NONE', #120, #4824, #7347 ) ;
#8614 = LINE ( 'NONE', #7022, #4586 ) ;
#8615 = DIRECTION ( 'NONE',  ( -0.9238795325112884038, 0.000000000000000000, -0.3826834323650857850 ) ) ;
#8616 = CARTESIAN_POINT ( 'NONE',  ( 68.80000000000001137, 13.00000000000000533, -10.35619174377131557 ) ) ;
#8617 = LINE ( 'NONE', #3742, #168 ) ;
#8618 = DIRECTION ( 'NONE',  ( 1.000000000000000000, -0.000000000000000000, 0.000000000000000000 ) ) ;
#8619 = VECTOR ( 'NONE', #348, 1000.000000000000000 ) ;
#8620 = VERTEX_POINT ( 'NONE', #4882 ) ;
#8621 = CARTESIAN_POINT ( 'NONE',  ( 58.49439220029240971, 2.999999999999999112, -1.499999999999999556 ) ) ;
#8622 = ORIENTED_EDGE ( 'NONE', *, *, #1259, .F. ) ;
#8623 = CARTESIAN_POINT ( 'NONE',  ( 78.59975000000002865, 2.000000000000000000, -5.130543437656422512 ) ) ;
#8624 = CARTESIAN_POINT ( 'NONE',  ( 89.32387953251131307, 2.000000000000000000, -7.361589488434682416 ) ) ;
#8625 = ADVANCED_FACE ( 'NONE', ( #3340 ), #4831, .F. ) ;
#8626 = DIRECTION ( 'NONE',  ( -0.000000000000000000, -1.000000000000000000, -0.000000000000000000 ) ) ;
#8627 = ORIENTED_EDGE ( 'NONE', *, *, #8141, .T. ) ;
#8628 = CARTESIAN_POINT ( 'NONE',  ( 10.00000000000000000, 10.00000000000000000, -17.09999999999999787 ) ) ;
#8629 = ORIENTED_EDGE ( 'NONE', *, *, #8844, .F. ) ;
#8630 = DIRECTION ( 'NONE',  ( -0.000000000000000000, -1.000000000000000000, -0.000000000000000000 ) ) ;
#8631 = ORIENTED_EDGE ( 'NONE', *, *, #6061, .T. ) ;
#8632 = ORIENTED_EDGE ( 'NONE', *, *, #3201, .F. ) ;
#8633 = EDGE_CURVE ( 'NONE', #2168, #9617, #6614, .T. ) ;
#8634 = PLANE ( 'NONE',  #6237 ) ;
#8635 = CARTESIAN_POINT ( 'NONE',  ( 13.97587046748864914, 2.000000000000000000, -12.49228823408810030 ) ) ;
#8636 = CARTESIAN_POINT ( 'NONE',  ( 83.94433197061164265, 18.50000000000000355, -18.50000000000000000 ) ) ;
#8637 = CARTESIAN_POINT ( 'NONE',  ( 88.39974999999999739, 2.052697314414772212, -1.919915453368662872 ) ) ;
#8638 = PLANE ( 'NONE',  #6411 ) ;
#8639 = ORIENTED_EDGE ( 'NONE', *, *, #9255, .T. ) ;
#8640 = LINE ( 'NONE', #6297, #1855 ) ;
#8641 = CARTESIAN_POINT ( 'NONE',  ( 24.69974999999995191, 18.50000000000000355, -17.96018989328458204 ) ) ;
#8642 = CARTESIAN_POINT ( 'NONE',  ( 83.49974999999994907, 2.192056395364472721, -18.50000000000000000 ) ) ;
#8643 = ORIENTED_EDGE ( 'NONE', *, *, #1514, .F. ) ;
#8644 = CARTESIAN_POINT ( 'NONE',  ( 20.72387953251129389, 2.000000000000000000, -7.361589488434684192 ) ) ;
#8645 = EDGE_CURVE ( 'NONE', #10153, #2370, #4027, .T. ) ;
#8646 = DIRECTION ( 'NONE',  ( -0.000000000000000000, -1.000000000000000000, -0.000000000000000000 ) ) ;
#8647 = AXIS2_PLACEMENT_3D ( 'NONE', #573, #6846, #623 ) ;
#8648 = DIRECTION ( 'NONE',  ( -0.000000000000000000, -1.000000000000000000, -0.000000000000000000 ) ) ;
#8649 = CARTESIAN_POINT ( 'NONE',  ( 55.27524443537455312, 18.50000000000000355, -6.658584263594879538 ) ) ;
#8650 = PLANE ( 'NONE',  #10260 ) ;
#8651 = LINE ( 'NONE', #8169, #6341 ) ;
#8652 = EDGE_LOOP ( 'NONE', ( #3865, #9304, #10437, #6017 ) ) ;
#8653 = LINE ( 'NONE', #7757, #3298 ) ;
#8654 = ORIENTED_EDGE ( 'NONE', *, *, #3905, .T. ) ;
#8655 = ORIENTED_EDGE ( 'NONE', *, *, #6778, .F. ) ;
#8656 = ORIENTED_EDGE ( 'NONE', *, *, #3174, .F. ) ;
#8657 = ORIENTED_EDGE ( 'NONE', *, *, #6027, .F. ) ;
#8658 = AXIS2_PLACEMENT_3D ( 'NONE', #880, #1739, #4181 ) ;
#8659 = EDGE_CURVE ( 'NONE', #10448, #9379, #1395, .T. ) ;
#8660 = CARTESIAN_POINT ( 'NONE',  ( 88.20000000000001705, 18.50000000000000355, -18.50000000000000000 ) ) ;
#8661 = CARTESIAN_POINT ( 'NONE',  ( 92.37587046748865305, 2.000000000000000000, -12.49228823408810030 ) ) ;
#8662 = CARTESIAN_POINT ( 'NONE',  ( 93.29974999999996044, 2.000000000000000000, -16.96018989328456428 ) ) ;
#8664 = ADVANCED_FACE ( 'NONE', ( #825 ), #8953, .T. ) ;
#8663 = PLANE ( 'NONE',  #10588 ) ;
#8665 = EDGE_CURVE ( 'NONE', #1070, #9356, #1727, .T. ) ;
#8666 = LINE ( 'NONE', #1342, #1 ) ;
#8667 = CARTESIAN_POINT ( 'NONE',  ( 29.59993749768392135, 18.50000000000000355, -10.35694617991807220 ) ) ;
#8668 = ORIENTED_EDGE ( 'NONE', *, *, #9988, .T. ) ;
#8669 = CARTESIAN_POINT ( 'NONE',  ( 67.07474999999995191, 18.50000000000000355, -20.00000000000000000 ) ) ;
#8670 = ORIENTED_EDGE ( 'NONE', *, *, #9043, .T. ) ;
#8671 = EDGE_CURVE ( 'NONE', #6286, #2370, #7613, .T. ) ;
#8672 = DIRECTION ( 'NONE',  ( -1.000000000000000000, -0.000000000000000000, -0.000000000000000000 ) ) ;
#8673 = VECTOR ( 'NONE', #1823, 1000.000000000000114 ) ;
#8674 = CARTESIAN_POINT ( 'NONE',  ( 68.80000000000001137, 12.66666666666666607, -7.744272920799764925 ) ) ;
#8675 = VERTEX_POINT ( 'NONE', #1629 ) ;
#8676 = LINE ( 'NONE', #6118, #6483 ) ;
#8677 = ORIENTED_EDGE ( 'NONE', *, *, #7617, .F. ) ;
#8678 = LINE ( 'NONE', #1359, #6153 ) ;
#8679 = ORIENTED_EDGE ( 'NONE', *, *, #412, .F. ) ;
#8680 = CARTESIAN_POINT ( 'NONE',  ( 39.39975000000001160, 2.153954234325363259, -1.500000000000000444 ) ) ;
#8681 = ORIENTED_EDGE ( 'NONE', *, *, #10024, .F. ) ;
#8682 = EDGE_CURVE ( 'NONE', #5396, #4606, #2335, .T. ) ;
#8683 = EDGE_CURVE ( 'NONE', #3466, #5253, #8157, .T. ) ;
#8684 = EDGE_CURVE ( 'NONE', #4564, #5814, #6987, .T. ) ;
#8685 = DIRECTION ( 'NONE',  ( -0.000000000000000000, -0.000000000000000000, -1.000000000000000000 ) ) ;
#8686 = DIRECTION ( 'NONE',  ( -1.000000000000000000, 0.000000000000000000, -0.000000000000000000 ) ) ;
#8687 = AXIS2_PLACEMENT_3D ( 'NONE', #9000, #8952, #7408 ) ;
#8688 = DIRECTION ( 'NONE',  ( 0.3826834323650853964, -0.000000000000000000, -0.9238795325112885148 ) ) ;
#8689 = CARTESIAN_POINT ( 'NONE',  ( 14.89974999999993699, 2.999999999999999112, -12.10960480172301601 ) ) ;
#8690 = DIRECTION ( 'NONE',  ( 0.3826834323650853964, 0.000000000000000000, -0.9238795325112886259 ) ) ;
#8691 = CARTESIAN_POINT ( 'NONE',  ( 97.69439220029241255, 2.999999999999999112, -1.499999999999999556 ) ) ;
#8692 = VERTEX_POINT ( 'NONE', #6661 ) ;
#8693 = PLANE ( 'NONE',  #6138 ) ;
#8694 = DIRECTION ( 'NONE',  ( -0.000000000000000000, -1.000000000000000000, -0.000000000000000000 ) ) ;
#8695 = CARTESIAN_POINT ( 'NONE',  ( 83.94433197061164265, 2.999999999999999112, -18.50000000000000000 ) ) ;
#8696 = ORIENTED_EDGE ( 'NONE', *, *, #5840, .T. ) ;
#8697 =( BOUNDED_CURVE ( )  B_SPLINE_CURVE ( 3, ( #9781, #5011, #4050, #2616 ),
 .UNSPECIFIED., .F., .F. ) 
 B_SPLINE_CURVE_WITH_KNOTS ( ( 4, 4 ),
 ( 5.274661551707046314, 6.283185307179586232 ),
 .UNSPECIFIED. ) 
 CURVE ( )  GEOMETRIC_REPRESENTATION_ITEM ( )  RATIONAL_B_SPLINE_CURVE ( ( 1.000000000000000000, 0.9170208966857394950, 0.9170208966857394950, 1.000000000000000000 ) ) 
 REPRESENTATION_ITEM ( '' )  );
#8698 = DIRECTION ( 'NONE',  ( 0.3826834323650853964, -0.000000000000000000, -0.9238795325112885148 ) ) ;
#8699 = DIRECTION ( 'NONE',  ( -0.000000000000000000, -1.000000000000000000, -0.000000000000000000 ) ) ;
#8700 = VECTOR ( 'NONE', #1017, 1000.000000000000000 ) ;
#8701 = VECTOR ( 'NONE', #9598, 1000.000000000000000 ) ;
#8702 = ADVANCED_FACE ( 'NONE', ( #1737 ), #8262, .F. ) ;
#8703 = LINE ( 'NONE', #6197, #10294 ) ;
#8704 = PLANE ( 'NONE',  #9072 ) ;
#8705 = ORIENTED_EDGE ( 'NONE', *, *, #2432, .F. ) ;
#8706 = LINE ( 'NONE', #4575, #9185 ) ;
#8707 = ORIENTED_EDGE ( 'NONE', *, *, #583, .F. ) ;
#8708 = CARTESIAN_POINT ( 'NONE',  ( 108.0000000000000000, 2.000000000000000000, -20.00000000000000000 ) ) ;
#8709 = AXIS2_PLACEMENT_3D ( 'NONE', #8974, #4855, #7272 ) ;
#8710 = ORIENTED_EDGE ( 'NONE', *, *, #730, .T. ) ;
#8711 = ORIENTED_EDGE ( 'NONE', *, *, #8082, .F. ) ;
#8712 = VECTOR ( 'NONE', #5639, 1000.000000000000000 ) ;
#8713 = VERTEX_POINT ( 'NONE', #3180 ) ;
#8714 = ORIENTED_EDGE ( 'NONE', *, *, #3185, .T. ) ;
#8715 = VECTOR ( 'NONE', #1020, 1000.000000000000000 ) ;
#8716 = LINE ( 'NONE', #10428, #10063 ) ;
#8717 = VECTOR ( 'NONE', #1536, 1000.000000000000000 ) ;
#8718 = CARTESIAN_POINT ( 'NONE',  ( 0.000000000000000000, 2.000000000000000000, -20.00000000000000000 ) ) ;
#8719 = CARTESIAN_POINT ( 'NONE',  ( 28.03634029509841241, 18.50000000000000355, 3.494446567024352746 ) ) ;
#8720 = CARTESIAN_POINT ( 'NONE',  ( 103.0997499999999434, 2.999999999999999112, -12.10960480172301068 ) ) ;
#8721 = CARTESIAN_POINT ( 'NONE',  ( 34.49974999999995617, 2.000000000000000000, -9.496478871970266411 ) ) ;
#8722 = LINE ( 'NONE', #7932, #9101 ) ;
#8723 = ORIENTED_EDGE ( 'NONE', *, *, #8410, .F. ) ;
#8724 = VECTOR ( 'NONE', #6298, 1000.000000000000000 ) ;
#8725 = ADVANCED_FACE ( 'NONE', ( #6454 ), #9701, .F. ) ;
#8726 = ADVANCED_FACE ( 'NONE', ( #9152 ), #5901, .F. ) ;
#8727 = DIRECTION ( 'NONE',  ( -0.000000000000000000, -0.000000000000000000, 1.000000000000000000 ) ) ;
#8728 = LINE ( 'NONE', #4655, #8864 ) ;
#8729 = CARTESIAN_POINT ( 'NONE',  ( 101.3750000000000142, 2.000000000000000000, 0.000000000000000000 ) ) ;
#8730 = ORIENTED_EDGE ( 'NONE', *, *, #6725, .F. ) ;
#8731 = CARTESIAN_POINT ( 'NONE',  ( 14.89974999999993877, 18.30794360463553971, -18.50000000000000000 ) ) ;
#8732 = ADVANCED_FACE ( 'NONE', ( #7619 ), #2591, .F. ) ;
#8733 = VECTOR ( 'NONE', #9066, 1000.000000000000000 ) ;
#8734 = ORIENTED_EDGE ( 'NONE', *, *, #4375, .T. ) ;
#8735 = CARTESIAN_POINT ( 'NONE',  ( 47.47474999999994338, 18.50000000000000355, -18.50000000000000000 ) ) ;
#8736 = ORIENTED_EDGE ( 'NONE', *, *, #1483, .T. ) ;
#8737 = PLANE ( 'NONE',  #8769 ) ;
#8738 = ORIENTED_EDGE ( 'NONE', *, *, #9382, .F. ) ;
#8739 = VECTOR ( 'NONE', #5337, 1000.000000000000000 ) ;
#8740 = CARTESIAN_POINT ( 'NONE',  ( 94.92139948961566631, 2.999999999999999112, 2.784094826726366101 ) ) ;
#8741 = CARTESIAN_POINT ( 'NONE',  ( 11.00282939503066792, 2.924828099585937480, -5.184232226123170584 ) ) ;
#8742 = DIRECTION ( 'NONE',  ( -1.000000000000000000, 0.000000000000000000, -0.000000000000000000 ) ) ;
#8743 = CARTESIAN_POINT ( 'NONE',  ( 65.62500000000001421, 20.00000000000000355, 0.000000000000000000 ) ) ;
#8744 = CARTESIAN_POINT ( 'NONE',  ( 88.39974999999998317, 1.999999999999997780, -2.396757161635504119 ) ) ;
#8745 = DIRECTION ( 'NONE',  ( 1.000000000000000000, -0.000000000000000000, 0.000000000000000000 ) ) ;
#8746 = VERTEX_POINT ( 'NONE', #5087 ) ;
#8747 = CARTESIAN_POINT ( 'NONE',  ( 93.29974999999996044, 20.00000000000000355, -9.496478871970266411 ) ) ;
#8748 = VECTOR ( 'NONE', #3881, 1000.000000000000000 ) ;
#8749 = LINE ( 'NONE', #2929, #4791 ) ;
#8750 = EDGE_LOOP ( 'NONE', ( #6033, #995, #780, #5284 ) ) ;
#8751 = ADVANCED_FACE ( 'NONE', ( #5850 ), #1834, .F. ) ;
#8752 = DIRECTION ( 'NONE',  ( -0.000000000000000000, -0.000000000000000000, 1.000000000000000000 ) ) ;
#8753 = CYLINDRICAL_SURFACE ( 'NONE', #9604, 0.9999999999999994449 ) ;
#8754 = DIRECTION ( 'NONE',  ( -1.000000000000000000, -0.000000000000000000, -0.000000000000000000 ) ) ;
#8755 = VERTEX_POINT ( 'NONE', #6719 ) ;
#8756 =( BOUNDED_CURVE ( )  B_SPLINE_CURVE ( 3, ( #520, #7051, #4620, #7149 ),
 .UNSPECIFIED., .F., .F. ) 
 B_SPLINE_CURVE_WITH_KNOTS ( ( 4, 4 ),
 ( 1.570796326794895004, 2.133068898117243428 ),
 .UNSPECIFIED. ) 
 CURVE ( )  GEOMETRIC_REPRESENTATION_ITEM ( )  RATIONAL_B_SPLINE_CURVE ( ( 1.000000000000000000, 0.9738271993243678981, 0.9738271993243678981, 1.000000000000000000 ) ) 
 REPRESENTATION_ITEM ( '' )  );
#8757 = CARTESIAN_POINT ( 'NONE',  ( 65.62500000000001421, 20.00000000000000355, 0.000000000000000000 ) ) ;
#8758 = EDGE_CURVE ( 'NONE', #10448, #8105, #7566, .T. ) ;
#8759 = DIRECTION ( 'NONE',  ( -0.000000000000000000, -1.000000000000000000, -0.000000000000000000 ) ) ;
#8760 = EDGE_LOOP ( 'NONE', ( #4090, #3912, #1815, #7069, #5525 ) ) ;
#8761 = CARTESIAN_POINT ( 'NONE',  ( 70.38750000000000284, 2.000000000000000000, -1.500000000000000888 ) ) ;
#8762 = ORIENTED_EDGE ( 'NONE', *, *, #5334, .T. ) ;
#8763 = ORIENTED_EDGE ( 'NONE', *, *, #8923, .F. ) ;
#8764 = MECHANICAL_DESIGN_GEOMETRIC_PRESENTATION_REPRESENTATION (  '', ( #6884 ), #4130 ) ;
#8765 = VERTEX_POINT ( 'NONE', #2692 ) ;
#8766 = ORIENTED_EDGE ( 'NONE', *, *, #820, .T. ) ;
#8767 = EDGE_CURVE ( 'NONE', #7426, #6245, #3495, .T. ) ;
#8768 = FACE_OUTER_BOUND ( 'NONE', #9002, .T. ) ;
#8769 = AXIS2_PLACEMENT_3D ( 'NONE', #10447, #7044, #9486 ) ;
#8770 = CARTESIAN_POINT ( 'NONE',  ( 43.01747318383923613, 17.50000000000000000, -17.81842081176745651 ) ) ;
#8771 = FACE_OUTER_BOUND ( 'NONE', #2239, .T. ) ;
#8772 = CARTESIAN_POINT ( 'NONE',  ( 49.19975000000002296, 18.34604576567463852, -1.500000000000001332 ) ) ;
#8773 = CARTESIAN_POINT ( 'NONE',  ( 81.97277582909586613, 18.50000000000000355, -18.50000000000000000 ) ) ;
#8774 = LINE ( 'NONE', #5358, #6904 ) ;
#8775 = ADVANCED_FACE ( 'NONE', ( #181 ), #240, .F. ) ;
#8776 = VECTOR ( 'NONE', #8699, 1000.000000000000000 ) ;
#8777 = ORIENTED_EDGE ( 'NONE', *, *, #7327, .F. ) ;
#8778 = DIRECTION ( 'NONE',  ( 0.000000000000000000, -0.000000000000000000, -1.000000000000000000 ) ) ;
#8779 = DIRECTION ( 'NONE',  ( -1.239088197126290817E-16, 0.000000000000000000, -1.000000000000000000 ) ) ;
#8780 = VECTOR ( 'NONE', #5377, 1000.000000000000000 ) ;
#8781 = LINE ( 'NONE', #8729, #8109 ) ;
#8782 = EDGE_LOOP ( 'NONE', ( #1986, #4151, #8611, #10131 ) ) ;
#8783 = CARTESIAN_POINT ( 'NONE',  ( 68.60000000000000853, 18.50000000000000355, -1.500000000000000000 ) ) ;
#8784 = ORIENTED_EDGE ( 'NONE', *, *, #526, .F. ) ;
#8785 = LINE ( 'NONE', #2218, #6667 ) ;
#8786 = VERTEX_POINT ( 'NONE', #1095 ) ;
#8787 = CARTESIAN_POINT ( 'NONE',  ( 98.20000000000001705, 7.833333333333334814, -7.744272920799765814 ) ) ;
#8788 = ORIENTED_EDGE ( 'NONE', *, *, #7323, .F. ) ;
#8789 = VECTOR ( 'NONE', #10285, 1000.000000000000000 ) ;
#8790 = EDGE_CURVE ( 'NONE', #7733, #5921, #4342, .T. ) ;
#8791 = CARTESIAN_POINT ( 'NONE',  ( 47.47474999999994338, 20.00000000000000355, -20.00000000000000000 ) ) ;
#8792 = LINE ( 'NONE', #7994, #7004 ) ;
#8793 = DIRECTION ( 'NONE',  ( 0.3826834323650856740, 0.000000000000000000, -0.9238795325112884038 ) ) ;
#8794 = LINE ( 'NONE', #9543, #8869 ) ;
#8795 = CARTESIAN_POINT ( 'NONE',  ( 0.000000000000000000, 0.000000000000000000, 0.000000000000000000 ) ) ;
#8796 = ORIENTED_EDGE ( 'NONE', *, *, #5705, .T. ) ;
#8797 = ADVANCED_FACE ( 'NONE', ( #8307 ), #7491, .F. ) ;
#8798 = ADVANCED_FACE ( 'NONE', ( #4211 ), #4812, .F. ) ;
#8799 = LINE ( 'NONE', #8641, #7195 ) ;
#8800 = ORIENTED_EDGE ( 'NONE', *, *, #7111, .T. ) ;
#8801 = CARTESIAN_POINT ( 'NONE',  ( 86.81200000000001182, 20.00000000000000355, -1.499999999999999556 ) ) ;
#8802 = CARTESIAN_POINT ( 'NONE',  ( 98.19975000000005139, 18.50000000000000355, -5.130543437656426065 ) ) ;
#8803 = LINE ( 'NONE', #592, #8057 ) ;
#8804 = ORIENTED_EDGE ( 'NONE', *, *, #2026, .F. ) ;
#8805 = DIRECTION ( 'NONE',  ( -0.000000000000000000, -1.000000000000000000, -0.000000000000000000 ) ) ;
#8806 = CARTESIAN_POINT ( 'NONE',  ( 14.89974999999993699, 2.192056395364461618, -18.50000000000000000 ) ) ;
#8807 = ORIENTED_EDGE ( 'NONE', *, *, #1722, .F. ) ;
#8808 = PLANE ( 'NONE',  #10299 ) ;
#8809 = ORIENTED_EDGE ( 'NONE', *, *, #10041, .F. ) ;
#8810 = ORIENTED_EDGE ( 'NONE', *, *, #3394, .T. ) ;
#8811 = ORIENTED_EDGE ( 'NONE', *, *, #7665, .F. ) ;
#8812 = EDGE_CURVE ( 'NONE', #5907, #2006, #4007, .T. ) ;
#8813 = ADVANCED_FACE ( 'NONE', ( #3270 ), #2475, .F. ) ;
#8814 = DIRECTION ( 'NONE',  ( -0.3826834323650954439, 0.000000000000000000, -0.9238795325112842960 ) ) ;
#8815 = CARTESIAN_POINT ( 'NONE',  ( 49.20000000000001705, 17.50000000000000000, -7.744272920799774695 ) ) ;
#8816 = DIRECTION ( 'NONE',  ( -0.000000000000000000, -1.000000000000000000, -0.000000000000000000 ) ) ;
#8817 = CARTESIAN_POINT ( 'NONE',  ( 21.52474999999994054, 20.00000000000000355, -18.50000000000000000 ) ) ;
#8818 = EDGE_CURVE ( 'NONE', #2984, #5126, #1663, .T. ) ;
#8819 = AXIS2_PLACEMENT_3D ( 'NONE', #6947, #10195, #3718 ) ;
#8820 = LINE ( 'NONE', #5461, #6912 ) ;
#8821 = VERTEX_POINT ( 'NONE', #3422 ) ;
#8822 =( BOUNDED_CURVE ( )  B_SPLINE_CURVE ( 3, ( #466, #2331, #7150, #10456 ),
 .UNSPECIFIED., .F., .F. ) 
 B_SPLINE_CURVE_WITH_KNOTS ( ( 4, 4 ),
 ( 1.570796326794899223, 2.200938728951639334 ),
 .UNSPECIFIED. ) 
 CURVE ( )  GEOMETRIC_REPRESENTATION_ITEM ( )  RATIONAL_B_SPLINE_CURVE ( ( 1.000000000000000000, 0.9671828781580986689, 0.9671828781580986689, 1.000000000000000000 ) ) 
 REPRESENTATION_ITEM ( '' )  );
#8823 = CARTESIAN_POINT ( 'NONE',  ( 11.00000000000000355, 5.000000000000000000, -5.000000000000000000 ) ) ;
#8824 = PLANE ( 'NONE',  #5110 ) ;
#8825 = EDGE_CURVE ( 'NONE', #828, #2303, #8070, .T. ) ;
#8826 = CARTESIAN_POINT ( 'NONE',  ( 45.82672417090404338, 18.50000000000000355, -18.50000000000000355 ) ) ;
#8827 = ORIENTED_EDGE ( 'NONE', *, *, #2755, .T. ) ;
#8828 = ORIENTED_EDGE ( 'NONE', *, *, #8475, .F. ) ;
#8829 = CARTESIAN_POINT ( 'NONE',  ( 94.82672417090404338, 18.50000000000000355, -18.50000000000000355 ) ) ;
#8830 = ORIENTED_EDGE ( 'NONE', *, *, #9343, .F. ) ;
#8831 = ORIENTED_EDGE ( 'NONE', *, *, #815, .T. ) ;
#8832 = VECTOR ( 'NONE', #7936, 1000.000000000000000 ) ;
#8833 = CARTESIAN_POINT ( 'NONE',  ( 34.49974999999994196, 18.30794360463553971, -18.50000000000000355 ) ) ;
#8834 = CARTESIAN_POINT ( 'NONE',  ( 10.00000000000000178, 10.00000000000000000, -10.35739885055255627 ) ) ;
#8835 = LINE ( 'NONE', #2283, #8132 ) ;
#8836 = CARTESIAN_POINT ( 'NONE',  ( 104.8250000000000171, 18.50000000000000355, -1.500000000000000000 ) ) ;
#8837 = CARTESIAN_POINT ( 'NONE',  ( 94.82672417090404338, 2.000000000000000000, -18.50000000000000355 ) ) ;
#8838 = ORIENTED_EDGE ( 'NONE', *, *, #5779, .F. ) ;
#8839 = CARTESIAN_POINT ( 'NONE',  ( 14.89974999999993877, 18.30794360463553971, -18.50000000000000000 ) ) ;
#8840 = CARTESIAN_POINT ( 'NONE',  ( 103.0997499999999434, 18.50000000000000711, -13.19199700201540360 ) ) ;
#8841 = CARTESIAN_POINT ( 'NONE',  ( 63.89974999999994765, 18.30794360463553616, -18.50000000000000000 ) ) ;
#8842 = VERTEX_POINT ( 'NONE', #9033 ) ;
#8843 = LINE ( 'NONE', #3085, #5849 ) ;
#8844 = EDGE_CURVE ( 'NONE', #1733, #2080, #1717, .T. ) ;
#8845 = CARTESIAN_POINT ( 'NONE',  ( 97.87808768696163497, 18.15878848121908362, -1.500000000000001110 ) ) ;
#8846 = EDGE_CURVE ( 'NONE', #5715, #10339, #4968, .T. ) ;
#8847 = EDGE_CURVE ( 'NONE', #3626, #5715, #7442, .T. ) ;
#8848 = DIRECTION ( 'NONE',  ( 0.000000000000000000, -1.000000000000000000, 0.000000000000000000 ) ) ;
#8849 = CARTESIAN_POINT ( 'NONE',  ( 98.96182383839121144, 2.000000000000000000, -8.516986300988198977 ) ) ;
#8850 = ORIENTED_EDGE ( 'NONE', *, *, #8659, .F. ) ;
#8851 = CARTESIAN_POINT ( 'NONE',  ( 19.80000000000000426, 18.50000000000000355, -10.35619174377131380 ) ) ;
#8852 = CARTESIAN_POINT ( 'NONE',  ( 19.60000000000000142, 2.000000000000000000, -1.500000000000000000 ) ) ;
#8853 = DIRECTION ( 'NONE',  ( -0.9238795325112882928, 0.000000000000000000, -0.3826834323650858960 ) ) ;
#8854 = ORIENTED_EDGE ( 'NONE', *, *, #3412, .F. ) ;
#8855 = VECTOR ( 'NONE', #2453, 1000.000000000000000 ) ;
#8856 = LINE ( 'NONE', #3993, #7565 ) ;
#8857 = ADVANCED_FACE ( 'NONE', ( #3372 ), #5728, .T. ) ;
#8858 = ORIENTED_EDGE ( 'NONE', *, *, #6994, .T. ) ;
#8859 = VECTOR ( 'NONE', #9490, 1000.000000000000114 ) ;
#8860 = ORIENTED_EDGE ( 'NONE', *, *, #1620, .F. ) ;
#8861 = ORIENTED_EDGE ( 'NONE', *, *, #375, .T. ) ;
#8862 = ADVANCED_BREP_SHAPE_REPRESENTATION ( 'Tawk_clone', ( #9195, #414 ), #9289 ) ;
#8863 = FACE_OUTER_BOUND ( 'NONE', #8371, .T. ) ;
#8864 = VECTOR ( 'NONE', #3013, 1000.000000000000000 ) ;
#8865 = DIRECTION ( 'NONE',  ( -1.000000000000000000, 0.000000000000000000, 0.000000000000000000 ) ) ;
#8866 = DIRECTION ( 'NONE',  ( 0.000000000000000000, -1.000000000000000000, 0.000000000000000000 ) ) ;
#8867 = PLANE ( 'NONE',  #696 ) ;
#8868 = LINE ( 'NONE', #751, #4609 ) ;
#8869 = VECTOR ( 'NONE', #5428, 1000.000000000000000 ) ;
#8870 = VECTOR ( 'NONE', #2274, 1000.000000000000114 ) ;
#8871 = EDGE_CURVE ( 'NONE', #6423, #3301, #5701, .T. ) ;
#8872 = EDGE_CURVE ( 'NONE', #6072, #7426, #5830, .T. ) ;
#8873 = DIRECTION ( 'NONE',  ( -0.3826834323650957770, 0.000000000000000000, -0.9238795325112841850 ) ) ;
#8874 = ORIENTED_EDGE ( 'NONE', *, *, #3246, .F. ) ;
#8875 = ADVANCED_FACE ( 'NONE', ( #1770 ), #5018, .F. ) ;
#8876 = AXIS2_PLACEMENT_3D ( 'NONE', #5678, #111, #6489 ) ;
#8877 = AXIS2_PLACEMENT_3D ( 'NONE', #5322, #8589, #10003 ) ;
#8878 = DIRECTION ( 'NONE',  ( 1.000000000000000000, -0.000000000000000000, 0.000000000000000000 ) ) ;
#8879 = CARTESIAN_POINT ( 'NONE',  ( 68.80000000000001137, 17.50000000000000000, -7.743669367409183657 ) ) ;
#8880 = DIRECTION ( 'NONE',  ( 0.3826834323650853964, 0.000000000000000000, -0.9238795325112886259 ) ) ;
#8881 = VECTOR ( 'NONE', #7160, 1000.000000000000000 ) ;
#8882 = FACE_OUTER_BOUND ( 'NONE', #8193, .T. ) ;
#8883 = ORIENTED_EDGE ( 'NONE', *, *, #10106, .T. ) ;
#8884 = EDGE_CURVE ( 'NONE', #4025, #563, #963, .T. ) ;
#8885 = VECTOR ( 'NONE', #5282, 1000.000000000000000 ) ;
#8886 = EDGE_LOOP ( 'NONE', ( #3777, #1493, #5343, #6125 ) ) ;
#8887 =( BOUNDED_CURVE ( )  B_SPLINE_CURVE ( 3, ( #2731, #6916, #3590, #5998 ),
 .UNSPECIFIED., .F., .F. ) 
 B_SPLINE_CURVE_WITH_KNOTS ( ( 4, 4 ),
 ( 1.570796326794897668, 3.141592653589793116 ),
 .UNSPECIFIED. ) 
 CURVE ( )  GEOMETRIC_REPRESENTATION_ITEM ( )  RATIONAL_B_SPLINE_CURVE ( ( 1.000000000000000000, 0.8047378541243652705, 0.8047378541243652705, 1.000000000000000000 ) ) 
 REPRESENTATION_ITEM ( '' )  );
#8888 = CARTESIAN_POINT ( 'NONE',  ( 11.72474999999993628, 18.50000000000000355, -20.00000000000000000 ) ) ;
#8889 = ORIENTED_EDGE ( 'NONE', *, *, #7305, .F. ) ;
#8890 = CARTESIAN_POINT ( 'NONE',  ( 86.67474999999994623, 2.000000000000000000, -18.50000000000000000 ) ) ;
#8891 = VERTEX_POINT ( 'NONE', #9735 ) ;
#8892 = EDGE_CURVE ( 'NONE', #3256, #6070, #916, .T. ) ;
#8893 = VECTOR ( 'NONE', #6407, 1000.000000000000000 ) ;
#8894 = LINE ( 'NONE', #5738, #3228 ) ;
#8895 = CARTESIAN_POINT ( 'NONE',  ( 103.0997499999999292, 2.000000000000000000, -14.72273073147576739 ) ) ;
#8896 = CARTESIAN_POINT ( 'NONE',  ( 43.85516802938823844, 2.674305589214435397, -18.50000000000000000 ) ) ;
#8897 = CARTESIAN_POINT ( 'NONE',  ( 64.37904756189955435, 18.50000000000000355, -18.11731656763492282 ) ) ;
#8898 = DIRECTION ( 'NONE',  ( 0.000000000000000000, 0.000000000000000000, 1.000000000000000000 ) ) ;
#8899 = ORIENTED_EDGE ( 'NONE', *, *, #373, .T. ) ;
#8900 = CARTESIAN_POINT ( 'NONE',  ( 78.09439220029241824, 17.85125431679151831, -1.500000000000001332 ) ) ;
#8901 = DIRECTION ( 'NONE',  ( -0.000000000000000000, -1.000000000000000000, -0.000000000000000000 ) ) ;
#8902 = ORIENTED_EDGE ( 'NONE', *, *, #910, .F. ) ;
#8903 = PLANE ( 'NONE',  #8994 ) ;
#8904 = ORIENTED_EDGE ( 'NONE', *, *, #6588, .T. ) ;
#8905 = CARTESIAN_POINT ( 'NONE',  ( 84.67524443537455170, 18.50000000000000355, -6.658584263594879538 ) ) ;
#8906 = CYLINDRICAL_SURFACE ( 'NONE', #2298, 0.9999999999999991118 ) ;
#8907 = EDGE_CURVE ( 'NONE', #10574, #4221, #2421, .T. ) ;
#8908 = VECTOR ( 'NONE', #639, 1000.000000000000114 ) ;
#8909 =( BOUNDED_CURVE ( )  B_SPLINE_CURVE ( 3, ( #7960, #731, #8845, #8110 ),
 .UNSPECIFIED., .F., .F. ) 
 B_SPLINE_CURVE_WITH_KNOTS ( ( 4, 4 ),
 ( 3.141592653589793116, 4.150116409062324152 ),
 .UNSPECIFIED. ) 
 CURVE ( )  GEOMETRIC_REPRESENTATION_ITEM ( )  RATIONAL_B_SPLINE_CURVE ( ( 1.000000000000000000, 0.9170208966857409383, 0.9170208966857409383, 1.000000000000000000 ) ) 
 REPRESENTATION_ITEM ( '' )  );
#8910 = DIRECTION ( 'NONE',  ( -0.3826834323650853964, 0.000000000000000000, 0.9238795325112885148 ) ) ;
#8911 = CARTESIAN_POINT ( 'NONE',  ( 63.89974999999996186, 20.00000000000000355, -9.496478871970266411 ) ) ;
#8912 = VERTEX_POINT ( 'NONE', #9459 ) ;
#8913 = LINE ( 'NONE', #3191, #3566 ) ;
#8914 = CARTESIAN_POINT ( 'NONE',  ( 18.21200000000000685, 18.50000000000000355, -1.499999999999999556 ) ) ;
#8915 = PLANE ( 'NONE',  #1676 ) ;
#8916 = ORIENTED_EDGE ( 'NONE', *, *, #9775, .F. ) ;
#8917 = DIRECTION ( 'NONE',  ( -0.000000000000000000, 0.000000000000000000, 1.000000000000000000 ) ) ;
#8918 = ORIENTED_EDGE ( 'NONE', *, *, #7718, .F. ) ;
#8919 = ADVANCED_FACE ( 'NONE', ( #6203 ), #10267, .F. ) ;
#8920 = EDGE_CURVE ( 'NONE', #8283, #4042, #4530, .T. ) ;
#8921 = ORIENTED_EDGE ( 'NONE', *, *, #4013, .F. ) ;
#8922 = ORIENTED_EDGE ( 'NONE', *, *, #4334, .F. ) ;
#8923 = EDGE_CURVE ( 'NONE', #2602, #8954, #2087, .T. ) ;
#8924 = CARTESIAN_POINT ( 'NONE',  ( 29.59975000000001444, 18.08578643762690774, -7.743669367409198756 ) ) ;
#8925 = VECTOR ( 'NONE', #7912, 1000.000000000000227 ) ;
#8926 = FACE_OUTER_BOUND ( 'NONE', #6749, .T. ) ;
#8927 = LINE ( 'NONE', #8179, #2769 ) ;
#8928 = DIRECTION ( 'NONE',  ( 0.3826834323650853964, 0.000000000000000000, -0.9238795325112886259 ) ) ;
#8929 = VECTOR ( 'NONE', #5236, 1000.000000000000114 ) ;
#8930 = DIRECTION ( 'NONE',  ( -0.3826834323650853964, 0.000000000000000000, 0.9238795325112885148 ) ) ;
#8931 = EDGE_CURVE ( 'NONE', #7923, #9595, #2762, .T. ) ;
#8932 = ADVANCED_FACE ( 'NONE', ( #2141 ), #325, .F. ) ;
#8933 = DIRECTION ( 'NONE',  ( -0.3826834323650958325, 0.000000000000000000, -0.9238795325112842960 ) ) ;
#8934 = ORIENTED_EDGE ( 'NONE', *, *, #7416, .F. ) ;
#8935 = VECTOR ( 'NONE', #6984, 1000.000000000000114 ) ;
#8936 = CARTESIAN_POINT ( 'NONE',  ( 11.00000000000000355, 17.50000000000000000, -2.694775461858567756 ) ) ;
#8937 = CARTESIAN_POINT ( 'NONE',  ( 72.17277582909585476, 20.00000000000000355, -18.50000000000000000 ) ) ;
#8938 = DIRECTION ( 'NONE',  ( 0.000000000000000000, -1.000000000000000000, 0.000000000000000000 ) ) ;
#8939 = LINE ( 'NONE', #9793, #6501 ) ;
#8940 = VECTOR ( 'NONE', #7837, 1000.000000000000000 ) ;
#8941 = CARTESIAN_POINT ( 'NONE',  ( 73.98457362364322876, 2.383975024205981619, -18.49999999999999645 ) ) ;
#8942 = ORIENTED_EDGE ( 'NONE', *, *, #4557, .F. ) ;
#8943 = VERTEX_POINT ( 'NONE', #7013 ) ;
#8944 = ORIENTED_EDGE ( 'NONE', *, *, #1338, .F. ) ;
#8945 = CARTESIAN_POINT ( 'NONE',  ( 103.0997499999999576, 18.30794360463553261, -18.50000000000000000 ) ) ;
#8946 = ORIENTED_EDGE ( 'NONE', *, *, #636, .T. ) ;
#8947 = EDGE_CURVE ( 'NONE', #9687, #10130, #1227, .T. ) ;
#8948 = CARTESIAN_POINT ( 'NONE',  ( 57.41200000000001324, 20.00000000000000355, -1.499999999999999556 ) ) ;
#8949 = LINE ( 'NONE', #8099, #2667 ) ;
#8950 = CARTESIAN_POINT ( 'NONE',  ( 27.87474999999994196, 20.00000000000000355, -20.00000000000000000 ) ) ;
#8951 = ORIENTED_EDGE ( 'NONE', *, *, #6253, .F. ) ;
#8952 = DIRECTION ( 'NONE',  ( 0.000000000000000000, 0.000000000000000000, -1.000000000000000000 ) ) ;
#8953 = PLANE ( 'NONE',  #7710 ) ;
#8954 = VERTEX_POINT ( 'NONE', #6855 ) ;
#8955 = PLANE ( 'NONE',  #2222 ) ;
#8956 = ORIENTED_EDGE ( 'NONE', *, *, #10535, .T. ) ;
#8957 = VERTEX_POINT ( 'NONE', #10318 ) ;
#8958 = FACE_OUTER_BOUND ( 'NONE', #1463, .T. ) ;
#8959 = EDGE_CURVE ( 'NONE', #7338, #7625, #5208, .T. ) ;
#8960 = PLANE ( 'NONE',  #8258 ) ;
#8961 = LINE ( 'NONE', #2396, #4124 ) ;
#8962 = FACE_OUTER_BOUND ( 'NONE', #5666, .T. ) ;
#8963 = ORIENTED_EDGE ( 'NONE', *, *, #2472, .F. ) ;
#8964 = DIRECTION ( 'NONE',  ( -0.000000000000000000, -1.000000000000000000, -0.000000000000000000 ) ) ;
#8965 = ADVANCED_FACE ( 'NONE', ( #2193 ), #10208, .F. ) ;
#8966 = FACE_OUTER_BOUND ( 'NONE', #5870, .T. ) ;
#8967 = DIRECTION ( 'NONE',  ( -0.000000000000000000, -1.000000000000000000, -0.000000000000000000 ) ) ;
#8968 = ORIENTED_EDGE ( 'NONE', *, *, #5093, .F. ) ;
#8969 = ORIENTED_EDGE ( 'NONE', *, *, #5679, .F. ) ;
#8970 = ORIENTED_EDGE ( 'NONE', *, *, #887, .F. ) ;
#8971 = ORIENTED_EDGE ( 'NONE', *, *, #3201, .T. ) ;
#8972 =( BOUNDED_CURVE ( )  B_SPLINE_CURVE ( 3, ( #3814, #621, #4613, #7143 ),
 .UNSPECIFIED., .F., .F. ) 
 B_SPLINE_CURVE_WITH_KNOTS ( ( 4, 4 ),
 ( 5.274661551707024998, 6.283185307179586232 ),
 .UNSPECIFIED. ) 
 CURVE ( )  GEOMETRIC_REPRESENTATION_ITEM ( )  RATIONAL_B_SPLINE_CURVE ( ( 1.000000000000000000, 0.9170208966857359423, 0.9170208966857359423, 1.000000000000000000 ) ) 
 REPRESENTATION_ITEM ( '' )  );
#8973 = PLANE ( 'NONE',  #2721 ) ;
#8974 = CARTESIAN_POINT ( 'NONE',  ( 0.000000000000000000, 2.000000000000000000, 0.000000000000000000 ) ) ;
#8975 = DIRECTION ( 'NONE',  ( 0.3826834323650856740, 0.000000000000000000, -0.9238795325112884038 ) ) ;
#8976 = DIRECTION ( 'NONE',  ( 1.000000000000000000, 0.000000000000000000, 0.000000000000000000 ) ) ;
#8977 = CARTESIAN_POINT ( 'NONE',  ( 25.39751995710436816, 18.50000000000000355, 2.401411394361280482 ) ) ;
#8978 = DIRECTION ( 'NONE',  ( -0.000000000000000000, -1.000000000000000000, -0.000000000000000000 ) ) ;
#8979 = EDGE_CURVE ( 'NONE', #2364, #2926, #8653, .T. ) ;
#8980 = ORIENTED_EDGE ( 'NONE', *, *, #973, .F. ) ;
#8981 = AXIS2_PLACEMENT_3D ( 'NONE', #3921, #8048, #4877 ) ;
#8982 = EDGE_CURVE ( 'NONE', #8477, #1983, #10107, .T. ) ;
#8983 = DIRECTION ( 'NONE',  ( 0.000000000000000000, -0.000000000000000000, -1.000000000000000000 ) ) ;
#8984 = ADVANCED_FACE ( 'NONE', ( #1330 ), #3636, .F. ) ;
#8985 = CARTESIAN_POINT ( 'NONE',  ( -4.000000000000000000, 11.50000000000000000, -17.09999999999999787 ) ) ;
#8986 = CARTESIAN_POINT ( 'NONE',  ( 67.07474999999995191, 20.00000000000000355, -18.50000000000000000 ) ) ;
#8987 = CARTESIAN_POINT ( 'NONE',  ( 85.22500000000000853, 18.50000000000000355, -1.500000000000000000 ) ) ;
#8988 = DIRECTION ( 'NONE',  ( -0.9238795325112844070, 0.000000000000000000, 0.3826834323650955549 ) ) ;
#8989 = VERTEX_POINT ( 'NONE', #8708 ) ;
#8990 = ORIENTED_EDGE ( 'NONE', *, *, #5818, .T. ) ;
#8991 = CARTESIAN_POINT ( 'NONE',  ( 102.6551680293882640, 17.82569441078556594, -18.49999999999999645 ) ) ;
#8992 = ORIENTED_EDGE ( 'NONE', *, *, #2367, .F. ) ;
#8993 = EDGE_CURVE ( 'NONE', #2321, #9561, #3580, .T. ) ;
#8994 = AXIS2_PLACEMENT_3D ( 'NONE', #2443, #4232, #5699 ) ;
#8995 = ORIENTED_EDGE ( 'NONE', *, *, #7039, .T. ) ;
#8996 = CARTESIAN_POINT ( 'NONE',  ( 0.000000000000000000, 2.000000000000000000, 0.000000000000000000 ) ) ;
#8997 = CARTESIAN_POINT ( 'NONE',  ( 93.29974999999997465, 1.999999999999999556, -17.51835138363012234 ) ) ;
#8998 = CARTESIAN_POINT ( 'NONE',  ( 67.07474999999995191, 2.000000000000000000, -20.00000000000000000 ) ) ;
#8999 = ORIENTED_EDGE ( 'NONE', *, *, #217, .T. ) ;
#9000 = CARTESIAN_POINT ( 'NONE',  ( 9.800000000000000711, 18.50000000000000355, -1.500000000000000000 ) ) ;
#9001 = CARTESIAN_POINT ( 'NONE',  ( 103.0997499999999434, 18.08578643762691129, -12.10960480172300002 ) ) ;
#9002 = EDGE_LOOP ( 'NONE', ( #3070, #10494, #6625, #580, #10245, #829 ) ) ;
#9003 = CARTESIAN_POINT ( 'NONE',  ( -10.00000000000000000, 0.000000000000000000, -20.00000000000000000 ) ) ;
#9004 = ORIENTED_EDGE ( 'NONE', *, *, #9285, .F. ) ;
#9005 = EDGE_LOOP ( 'NONE', ( #4285, #6015, #8889, #3358 ) ) ;
#9006 = CARTESIAN_POINT ( 'NONE',  ( 83.49974999999994907, 1.999999999999996225, -13.19199700201540537 ) ) ;
#9007 = ORIENTED_EDGE ( 'NONE', *, *, #9513, .F. ) ;
#9008 = EDGE_CURVE ( 'NONE', #5606, #746, #7705, .T. ) ;
#9009 = EDGE_CURVE ( 'NONE', #3448, #302, #384, .T. ) ;
#9010 = ADVANCED_FACE ( 'NONE', ( #2835 ), #6093, .F. ) ;
#9011 = CARTESIAN_POINT ( 'NONE',  ( 41.12474999999994196, 20.00000000000000355, -18.50000000000000000 ) ) ;
#9012 = CARTESIAN_POINT ( 'NONE',  ( 83.49974999999994907, 17.50000000000000000, -12.10960480172302134 ) ) ;
#9013 = EDGE_LOOP ( 'NONE', ( #273, #5422, #2592, #1099 ) ) ;
#9014 = CARTESIAN_POINT ( 'NONE',  ( 39.20000000000000284, 18.50000000000000355, -1.500000000000000000 ) ) ;
#9015 = CARTESIAN_POINT ( 'NONE',  ( 104.2752444353745602, 18.50000000000000355, -6.658584263594879538 ) ) ;
#9016 = ORIENTED_EDGE ( 'NONE', *, *, #2543, .T. ) ;
#9017 = LINE ( 'NONE', #5813, #9944 ) ;
#9018 = ORIENTED_EDGE ( 'NONE', *, *, #1259, .T. ) ;
#9019 = ORIENTED_EDGE ( 'NONE', *, *, #3692, .F. ) ;
#9020 = VERTEX_POINT ( 'NONE', #8761 ) ;
#9021 = ORIENTED_EDGE ( 'NONE', *, *, #3553, .T. ) ;
#9022 = EDGE_CURVE ( 'NONE', #9788, #3672, #7894, .T. ) ;
#9023 = CARTESIAN_POINT ( 'NONE',  ( 16.62500000000000355, 20.00000000000000355, -1.500000000000000000 ) ) ;
#9024 = CARTESIAN_POINT ( 'NONE',  ( 79.10510779970761064, 2.648745683208477697, -1.500000000000000444 ) ) ;
#9025 = DIRECTION ( 'NONE',  ( -0.3826834323650853964, 0.000000000000000000, 0.9238795325112886259 ) ) ;
#9026 = AXIS2_PLACEMENT_3D ( 'NONE', #6464, #4144, #35 ) ;
#9027 = DIRECTION ( 'NONE',  ( 0.9238895603187091687, -0.000000000000000000, 0.3826592221992072829 ) ) ;
#9028 = CARTESIAN_POINT ( 'NONE',  ( 49.96182383839119723, 2.000000000000000000, -8.516986300988198977 ) ) ;
#9029 =( BOUNDED_CURVE ( )  B_SPLINE_CURVE ( 3, ( #3870, #2978, #6185, #9493 ),
 .UNSPECIFIED., .F., .F. ) 
 B_SPLINE_CURVE_WITH_KNOTS ( ( 4, 4 ),
 ( 4.150116409062347245, 4.712388980384692339 ),
 .UNSPECIFIED. ) 
 CURVE ( )  GEOMETRIC_REPRESENTATION_ITEM ( )  RATIONAL_B_SPLINE_CURVE ( ( 1.000000000000000000, 0.9738271993243682312, 0.9738271993243682312, 1.000000000000000000 ) ) 
 REPRESENTATION_ITEM ( '' )  );
#9030 = DIRECTION ( 'NONE',  ( 0.9238795325112842960, 0.000000000000000000, -0.3826834323650958325 ) ) ;
#9031 = ORIENTED_EDGE ( 'NONE', *, *, #4608, .T. ) ;
#9032 = CIRCLE ( 'NONE', #8527, 2.075000000000000178 ) ;
#9033 = CARTESIAN_POINT ( 'NONE',  ( 68.79975000000004570, 18.50000000000000355, -5.130543437656435835 ) ) ;
#9034 = LINE ( 'NONE', #914, #1969 ) ;
#9035 = LINE ( 'NONE', #1719, #3110 ) ;
#9036 = FACE_OUTER_BOUND ( 'NONE', #3258, .T. ) ;
#9037 = AXIS2_PLACEMENT_3D ( 'NONE', #5903, #10132, #1144 ) ;
#9038 = PLANE ( 'NONE',  #3720 ) ;
#9039 = ORIENTED_EDGE ( 'NONE', *, *, #2517, .F. ) ;
#9040 = VECTOR ( 'NONE', #10432, 1000.000000000000000 ) ;
#9041 = VERTEX_POINT ( 'NONE', #9618 ) ;
#9042 = CARTESIAN_POINT ( 'NONE',  ( 98.19989330582617981, 2.000000000000000000, -10.35683949133576753 ) ) ;
#9043 = EDGE_CURVE ( 'NONE', #5762, #1447, #6313, .T. ) ;
#9044 = EDGE_CURVE ( 'NONE', #9581, #5303, #8065, .T. ) ;
#9045 = ORIENTED_EDGE ( 'NONE', *, *, #3699, .F. ) ;
#9046 = VECTOR ( 'NONE', #10514, 1000.000000000000114 ) ;
#9047 = CIRCLE ( 'NONE', #2568, 2.075000000000000178 ) ;
#9048 = FACE_OUTER_BOUND ( 'NONE', #2971, .T. ) ;
#9049 = VECTOR ( 'NONE', #3728, 1000.000000000000000 ) ;
#9050 = CARTESIAN_POINT ( 'NONE',  ( 98.19975000000000875, 2.153954234325370365, -1.500000000000000444 ) ) ;
#9051 = EDGE_CURVE ( 'NONE', #9377, #4581, #10421, .T. ) ;
#9052 = VECTOR ( 'NONE', #10531, 1000.000000000000000 ) ;
#9053 = LINE ( 'NONE', #3384, #9979 ) ;
#9054 = EDGE_LOOP ( 'NONE', ( #6844, #4233, #3460, #4726 ) ) ;
#9055 = CARTESIAN_POINT ( 'NONE',  ( 88.39975000000001160, 18.49999999999999645, -6.661277167116788966 ) ) ;
#9056 = CARTESIAN_POINT ( 'NONE',  ( 39.39989330582617555, 2.000000000000000000, -10.35683949133576398 ) ) ;
#9057 = ORIENTED_EDGE ( 'NONE', *, *, #10449, .T. ) ;
#9058 = DIRECTION ( 'NONE',  ( -0.000000000000000000, -1.000000000000000000, -0.000000000000000000 ) ) ;
#9059 = ORIENTED_EDGE ( 'NONE', *, *, #4271, .T. ) ;
#9060 = ORIENTED_EDGE ( 'NONE', *, *, #5395, .T. ) ;
#9061 = DIRECTION ( 'NONE',  ( -0.3826834323650958325, 0.000000000000000000, -0.9238795325112842960 ) ) ;
#9062 = ORIENTED_EDGE ( 'NONE', *, *, #4600, .F. ) ;
#9063 = AXIS2_PLACEMENT_3D ( 'NONE', #3322, #2520, #8983 ) ;
#9064 = CARTESIAN_POINT ( 'NONE',  ( 46.02500000000001279, 20.00000000000000355, -1.500000000000000000 ) ) ;
#9065 = CARTESIAN_POINT ( 'NONE',  ( 11.72474999999993628, 20.00000000000000355, -20.00000000000000000 ) ) ;
#9066 = DIRECTION ( 'NONE',  ( -0.000000000000000000, -0.000000000000000000, 1.000000000000000000 ) ) ;
#9067 = ORIENTED_EDGE ( 'NONE', *, *, #2420, .T. ) ;
#9068 = LINE ( 'NONE', #5862, #1174 ) ;
#9069 = FACE_OUTER_BOUND ( 'NONE', #6585, .T. ) ;
#9070 = ORIENTED_EDGE ( 'NONE', *, *, #8004, .F. ) ;
#9071 = CARTESIAN_POINT ( 'NONE',  ( 78.60000000000002274, 17.50000000000000000, -7.744272920799770255 ) ) ;
#9072 = AXIS2_PLACEMENT_3D ( 'NONE', #4632, #6305, #4689 ) ;
#9073 = ORIENTED_EDGE ( 'NONE', *, *, #1977, .T. ) ;
#9074 = ORIENTED_EDGE ( 'NONE', *, *, #959, .T. ) ;
#9075 = EDGE_LOOP ( 'NONE', ( #4768, #1003, #316, #6066 ) ) ;
#9076 = CARTESIAN_POINT ( 'NONE',  ( 34.05516802938824128, 2.999999999999999112, -18.50000000000000355 ) ) ;
#9077 = VECTOR ( 'NONE', #10217, 1000.000000000000000 ) ;
#9078 = EDGE_CURVE ( 'NONE', #5125, #9175, #9669, .T. ) ;
#9079 = DIRECTION ( 'NONE',  ( 0.3826834323650856740, 0.000000000000000000, -0.9238795325112884038 ) ) ;
#9080 = CARTESIAN_POINT ( 'NONE',  ( 11.72474999999993628, 10.00000000000000000, -18.50000000000000000 ) ) ;
#9081 = CARTESIAN_POINT ( 'NONE',  ( 31.32474999999994125, 2.000000000000000000, -20.00000000000000000 ) ) ;
#9082 = CARTESIAN_POINT ( 'NONE',  ( 73.69974999999992349, 2.000000000000000000, -14.72273073147576739 ) ) ;
#9083 = CARTESIAN_POINT ( 'NONE',  ( 78.59989330582617129, 2.000000000000000000, -10.35683949133576398 ) ) ;
#9084 = ORIENTED_EDGE ( 'NONE', *, *, #3967, .F. ) ;
#9085 = EDGE_CURVE ( 'NONE', #1939, #10038, #5505, .T. ) ;
#9086 = CARTESIAN_POINT ( 'NONE',  ( 19.80000000000000782, 17.50000000000000000, -7.743065814018601500 ) ) ;
#9087 = CARTESIAN_POINT ( 'NONE',  ( 89.16182383839120007, 18.50000000000000355, -8.516986300988198977 ) ) ;
#9088 = FACE_OUTER_BOUND ( 'NONE', #6135, .T. ) ;
#9089 = CARTESIAN_POINT ( 'NONE',  ( 0.000000000000000000, 2.000000000000000000, 0.000000000000000000 ) ) ;
#9090 = DIRECTION ( 'NONE',  ( -1.000000000000000000, 0.000000000000000000, 0.000000000000000000 ) ) ;
#9091 = ORIENTED_EDGE ( 'NONE', *, *, #4652, .F. ) ;
#9092 =( BOUNDED_CURVE ( )  B_SPLINE_CURVE ( 3, ( #480, #1226, #9403, #6042 ),
 .UNSPECIFIED., .F., .F. ) 
 B_SPLINE_CURVE_WITH_KNOTS ( ( 4, 4 ),
 ( 2.200938728951629120, 3.141592653589793116 ),
 .UNSPECIFIED. ) 
 CURVE ( )  GEOMETRIC_REPRESENTATION_ITEM ( )  RATIONAL_B_SPLINE_CURVE ( ( 1.000000000000000000, 0.9276134425277012818, 0.9276134425277012818, 1.000000000000000000 ) ) 
 REPRESENTATION_ITEM ( '' )  );
#9093 = EDGE_CURVE ( 'NONE', #1145, #6896, #7919, .T. ) ;
#9094 = ORIENTED_EDGE ( 'NONE', *, *, #494, .F. ) ;
#9095 = CARTESIAN_POINT ( 'NONE',  ( 55.62672417090404053, 20.00000000000000355, -18.50000000000000355 ) ) ;
#9096 = AXIS2_PLACEMENT_3D ( 'NONE', #9969, #9157, #988 ) ;
#9097 = ORIENTED_EDGE ( 'NONE', *, *, #4700, .F. ) ;
#9098 = FACE_OUTER_BOUND ( 'NONE', #1135, .T. ) ;
#9099 = DIRECTION ( 'NONE',  ( -0.000000000000000000, -1.000000000000000000, -0.000000000000000000 ) ) ;
#9100 = ADVANCED_FACE ( 'NONE', ( #690 ), #8808, .F. ) ;
#9101 = VECTOR ( 'NONE', #7083, 1000.000000000000000 ) ;
#9102 = FACE_OUTER_BOUND ( 'NONE', #8243, .T. ) ;
#9103 = ORIENTED_EDGE ( 'NONE', *, *, #4735, .T. ) ;
#9104 = CARTESIAN_POINT ( 'NONE',  ( 44.29974999999993202, 2.192056395364460730, -18.50000000000000000 ) ) ;
#9105 = CARTESIAN_POINT ( 'NONE',  ( 19.80000000000000782, 2.999999999999999112, -7.743065814018601500 ) ) ;
#9106 = VERTEX_POINT ( 'NONE', #1491 ) ;
#9107 = DIRECTION ( 'NONE',  ( 0.000000000000000000, 0.000000000000000000, 1.000000000000000000 ) ) ;
#9108 = ORIENTED_EDGE ( 'NONE', *, *, #1287, .F. ) ;
#9109 = VERTEX_POINT ( 'NONE', #10522 ) ;
#9110 = CARTESIAN_POINT ( 'NONE',  ( 106.2747499999999405, 2.000000000000000000, -18.50000000000000000 ) ) ;
#9111 = VERTEX_POINT ( 'NONE', #742 ) ;
#9112 = EDGE_CURVE ( 'NONE', #811, #1320, #9721, .T. ) ;
#9113 = ADVANCED_FACE ( 'NONE', ( #7316 ), #8014, .T. ) ;
#9114 = EDGE_CURVE ( 'NONE', #1320, #1117, #8856, .T. ) ;
#9115 = CARTESIAN_POINT ( 'NONE',  ( 24.69974999999993059, 1.999999999999997335, -13.19199700201540182 ) ) ;
#9116 = LINE ( 'NONE', #4240, #31 ) ;
#9117 = CARTESIAN_POINT ( 'NONE',  ( 101.3750000000000142, 20.00000000000000355, 0.000000000000000000 ) ) ;
#9118 = ORIENTED_EDGE ( 'NONE', *, *, #9254, .F. ) ;
#9119 = CARTESIAN_POINT ( 'NONE',  ( 58.99993749768392348, 18.50000000000000355, -10.35694617991806865 ) ) ;
#9120 = LINE ( 'NONE', #8914, #6690 ) ;
#9121 = DIRECTION ( 'NONE',  ( 0.000000000000000000, -0.000000000000000000, -1.000000000000000000 ) ) ;
#9122 = ORIENTED_EDGE ( 'NONE', *, *, #3674, .F. ) ;
#9123 = VECTOR ( 'NONE', #3287, 1000.000000000000000 ) ;
#9124 = DIRECTION ( 'NONE',  ( -0.000000000000000000, -1.000000000000000000, -0.000000000000000000 ) ) ;
#9125 = EDGE_LOOP ( 'NONE', ( #6986, #7138, #1411, #453, #6471 ) ) ;
#9126 = ORIENTED_EDGE ( 'NONE', *, *, #2582, .F. ) ;
#9127 = ORIENTED_EDGE ( 'NONE', *, *, #6654, .T. ) ;
#9128 = CARTESIAN_POINT ( 'NONE',  ( 96.47474999999994338, 18.50000000000000355, 0.000000000000000000 ) ) ;
#9129 = LINE ( 'NONE', #4155, #1582 ) ;
#9130 = CARTESIAN_POINT ( 'NONE',  ( 32.97277582909585192, 20.00000000000000355, -18.50000000000000000 ) ) ;
#9131 = CARTESIAN_POINT ( 'NONE',  ( 73.69974999999992349, 2.414213562373092259, -12.10960480172300535 ) ) ;
#9132 = EDGE_LOOP ( 'NONE', ( #9981, #9804, #8916, #1724, #9638 ) ) ;
#9133 = ORIENTED_EDGE ( 'NONE', *, *, #1190, .T. ) ;
#9134 = EDGE_CURVE ( 'NONE', #1466, #5782, #7217, .T. ) ;
#9135 = EDGE_CURVE ( 'NONE', #3942, #2749, #9380, .T. ) ;
#9136 = EDGE_CURVE ( 'NONE', #6265, #3524, #3841, .T. ) ;
#9137 = DIRECTION ( 'NONE',  ( -0.000000000000000000, -1.000000000000000000, -0.000000000000000000 ) ) ;
#9138 = CARTESIAN_POINT ( 'NONE',  ( 44.29974999999996044, 18.50000000000000000, -17.51835138363011524 ) ) ;
#9139 = CARTESIAN_POINT ( 'NONE',  ( 80.18750000000001421, 2.000000000000000000, -1.500000000000000888 ) ) ;
#9140 = CARTESIAN_POINT ( 'NONE',  ( 75.42500000000001137, 2.000000000000000000, 0.000000000000000000 ) ) ;
#9141 = DIRECTION ( 'NONE',  ( 0.000000000000000000, 0.000000000000000000, -1.000000000000000000 ) ) ;
#9142 = DIRECTION ( 'NONE',  ( 0.3826834323650958325, -0.000000000000000000, 0.9238795325112842960 ) ) ;
#9143 = ORIENTED_EDGE ( 'NONE', *, *, #3600, .F. ) ;
#9144 = EDGE_LOOP ( 'NONE', ( #2661, #8968, #4415, #2654, #4697, #5182 ) ) ;
#9145 = CARTESIAN_POINT ( 'NONE',  ( 103.0997499999999434, 17.50000000000000000, -12.10960480172301956 ) ) ;
#9146 = EDGE_CURVE ( 'NONE', #7120, #3294, #10474, .T. ) ;
#9147 = CARTESIAN_POINT ( 'NONE',  ( 108.0000000000000000, 0.000000000000000000, -20.00000000000000000 ) ) ;
#9148 =( BOUNDED_CURVE ( )  B_SPLINE_CURVE ( 3, ( #6259, #2300, #9507, #8806 ),
 .UNSPECIFIED., .F., .F. ) 
 B_SPLINE_CURVE_WITH_KNOTS ( ( 4, 4 ),
 ( 0.000000000000000000, 0.9406539246381677710 ),
 .UNSPECIFIED. ) 
 CURVE ( )  GEOMETRIC_REPRESENTATION_ITEM ( )  RATIONAL_B_SPLINE_CURVE ( ( 1.000000000000000000, 0.9276134425277007267, 0.9276134425277007267, 1.000000000000000000 ) ) 
 REPRESENTATION_ITEM ( '' )  );
#9149 = DIRECTION ( 'NONE',  ( -0.3826834323650958325, 0.000000000000000000, -0.9238795325112842960 ) ) ;
#9150 = ORIENTED_EDGE ( 'NONE', *, *, #7430, .F. ) ;
#9151 = CARTESIAN_POINT ( 'NONE',  ( 73.25516802938824412, 3.000000000000000888, -18.50000000000000355 ) ) ;
#9152 = FACE_OUTER_BOUND ( 'NONE', #3281, .T. ) ;
#9153 = ORIENTED_EDGE ( 'NONE', *, *, #2649, .F. ) ;
#9154 = LINE ( 'NONE', #408, #6328 ) ;
#9155 = ORIENTED_EDGE ( 'NONE', *, *, #10214, .T. ) ;
#9156 = ORIENTED_EDGE ( 'NONE', *, *, #5410, .T. ) ;
#9157 = DIRECTION ( 'NONE',  ( -0.9238795325112885148, 0.000000000000000000, -0.3826834323650853964 ) ) ;
#9158 = ORIENTED_EDGE ( 'NONE', *, *, #6980, .T. ) ;
#9159 = VECTOR ( 'NONE', #5224, 1000.000000000000000 ) ;
#9160 =( BOUNDED_CURVE ( )  B_SPLINE_CURVE ( 3, ( #9945, #9138, #4434, #276 ),
 .UNSPECIFIED., .F., .F. ) 
 B_SPLINE_CURVE_WITH_KNOTS ( ( 4, 4 ),
 ( 1.570796326794905884, 2.200938728951642886 ),
 .UNSPECIFIED. ) 
 CURVE ( )  GEOMETRIC_REPRESENTATION_ITEM ( )  RATIONAL_B_SPLINE_CURVE ( ( 1.000000000000000000, 0.9671828781580990020, 0.9671828781580990020, 1.000000000000000000 ) ) 
 REPRESENTATION_ITEM ( '' )  );
#9161 = CARTESIAN_POINT ( 'NONE',  ( 0.000000000000000000, 11.50000000000000000, 0.000000000000000000 ) ) ;
#9162 = DIRECTION ( 'NONE',  ( 0.000000000000000000, -1.000000000000000000, -0.000000000000000000 ) ) ;
#9163 = DIRECTION ( 'NONE',  ( -0.3826834323650957770, 0.000000000000000000, -0.9238795325112841850 ) ) ;
#9164 = CARTESIAN_POINT ( 'NONE',  ( 58.67808768696164634, 18.15878848121909428, -1.500000000000001332 ) ) ;
#9165 = ORIENTED_EDGE ( 'NONE', *, *, #9248, .F. ) ;
#9166 = LINE ( 'NONE', #1965, #4237 ) ;
#9167 = EDGE_CURVE ( 'NONE', #1013, #3259, #3147, .T. ) ;
#9168 = LINE ( 'NONE', #1849, #1217 ) ;
#9169 = CARTESIAN_POINT ( 'NONE',  ( 93.99751995710438734, 18.50000000000000355, 2.401411394361280482 ) ) ;
#9170 = ORIENTED_EDGE ( 'NONE', *, *, #30, .F. ) ;
#9171 = ORIENTED_EDGE ( 'NONE', *, *, #9841, .T. ) ;
#9172 = EDGE_CURVE ( 'NONE', #10424, #8142, #9017, .T. ) ;
#9173 = ORIENTED_EDGE ( 'NONE', *, *, #1434, .F. ) ;
#9174 = ADVANCED_FACE ( 'NONE', ( #9929 ), #1059, .F. ) ;
#9175 = VERTEX_POINT ( 'NONE', #6683 ) ;
#9176 = CARTESIAN_POINT ( 'NONE',  ( 18.87612046748872885, 18.50000000000000355, -7.360382381653506556 ) ) ;
#9177 = FACE_OUTER_BOUND ( 'NONE', #4594, .T. ) ;
#9178 = DIRECTION ( 'NONE',  ( -0.3826834323650853964, 0.000000000000000000, 0.9238795325112885148 ) ) ;
#9179 = CARTESIAN_POINT ( 'NONE',  ( 87.76021982760970275, 2.000000000000000000, 3.877129999389440584 ) ) ;
#9180 = EDGE_CURVE ( 'NONE', #9812, #3562, #2556, .T. ) ;
#9181 = CARTESIAN_POINT ( 'NONE',  ( 39.39975000000002581, 2.000000000000000000, -5.130543437656442052 ) ) ;
#9182 = ORIENTED_EDGE ( 'NONE', *, *, #5848, .F. ) ;
#9183 = ORIENTED_EDGE ( 'NONE', *, *, #2471, .T. ) ;
#9184 = ORIENTED_EDGE ( 'NONE', *, *, #6000, .F. ) ;
#9185 = VECTOR ( 'NONE', #7915, 1000.000000000000114 ) ;
#9186 = DIRECTION ( 'NONE',  ( 0.000000000000000000, 0.000000000000000000, -1.000000000000000000 ) ) ;
#9187 = DIRECTION ( 'NONE',  ( -0.000000000000000000, -1.000000000000000000, -0.000000000000000000 ) ) ;
#9188 = LINE ( 'NONE', #1235, #8235 ) ;
#9189 = DIRECTION ( 'NONE',  ( -0.000000000000000000, -0.000000000000000000, -1.000000000000000000 ) ) ;
#9190 = EDGE_CURVE ( 'NONE', #1740, #1788, #108, .T. ) ;
#9191 = LINE ( 'NONE', #8836, #10585 ) ;
#9192 = EDGE_CURVE ( 'NONE', #7167, #4991, #9874, .T. ) ;
#9193 = DIRECTION ( 'NONE',  ( -0.000000000000000000, -1.000000000000000000, -0.000000000000000000 ) ) ;
#9194 = EDGE_LOOP ( 'NONE', ( #3690, #3404, #4217, #1743 ) ) ;
#9195 = MANIFOLD_SOLID_BREP ( 'Fillet5', #10487 ) ;
#9196 = EDGE_CURVE ( 'NONE', #2496, #778, #7376, .T. ) ;
#9197 = AXIS2_PLACEMENT_3D ( 'NONE', #7507, #2691, #4178 ) ;
#9198 = ORIENTED_EDGE ( 'NONE', *, *, #5568, .F. ) ;
#9199 = DIRECTION ( 'NONE',  ( -0.3826834323650956105, 0.000000000000000000, -0.9238795325112842960 ) ) ;
#9200 = VECTOR ( 'NONE', #6589, 1000.000000000000000 ) ;
#9201 = VECTOR ( 'NONE', #5841, 1000.000000000000114 ) ;
#9202 = LINE ( 'NONE', #6008, #3835 ) ;
#9203 = CARTESIAN_POINT ( 'NONE',  ( 11.00000000000000355, 17.50000000000000000, -2.694775461858567756 ) ) ;
#9204 = EDGE_CURVE ( 'NONE', #7219, #8220, #39, .T. ) ;
#9205 = DIRECTION ( 'NONE',  ( 0.9238795325112886259, 0.000000000000000000, 0.3826834323650851188 ) ) ;
#9206 = ORIENTED_EDGE ( 'NONE', *, *, #4680, .F. ) ;
#9207 = CARTESIAN_POINT ( 'NONE',  ( 73.69974999999995191, 20.00000000000000355, -9.496478871970266411 ) ) ;
#9208 = VECTOR ( 'NONE', #903, 1000.000000000000000 ) ;
#9209 = CARTESIAN_POINT ( 'NONE',  ( 15.08622271742977539, 17.50000000000000000, 6.248918054540417266 ) ) ;
#9210 = VECTOR ( 'NONE', #3670, 1000.000000000000000 ) ;
#9211 = ORIENTED_EDGE ( 'NONE', *, *, #4137, .T. ) ;
#9212 = LINE ( 'NONE', #6933, #4770 ) ;
#9213 = ORIENTED_EDGE ( 'NONE', *, *, #7451, .T. ) ;
#9214 = VERTEX_POINT ( 'NONE', #6737 ) ;
#9215 = CARTESIAN_POINT ( 'NONE',  ( 83.49974999999994907, 2.066190996450165684, -18.04903699352147939 ) ) ;
#9216 = EDGE_CURVE ( 'NONE', #9686, #7029, #8279, .T. ) ;
#9217 = ORIENTED_EDGE ( 'NONE', *, *, #4019, .T. ) ;
#9218 = ADVANCED_FACE ( 'NONE', ( #8386 ), #1753, .F. ) ;
#9219 = AXIS2_PLACEMENT_3D ( 'NONE', #9221, #83, #1905 ) ;
#9220 = VECTOR ( 'NONE', #3107, 1000.000000000000114 ) ;
#9221 = CARTESIAN_POINT ( 'NONE',  ( 56.19912396788583209, 18.50000000000000355, -7.041267695959975370 ) ) ;
#9222 = LINE ( 'NONE', #9065, #2773 ) ;
#9223 = DIRECTION ( 'NONE',  ( 0.3826834323650956105, 0.000000000000000000, 0.9238795325112842960 ) ) ;
#9224 = CARTESIAN_POINT ( 'NONE',  ( 39.39989330582617555, 20.00000000000000355, -10.35683949133576043 ) ) ;
#9225 = VERTEX_POINT ( 'NONE', #2708 ) ;
#9226 = CARTESIAN_POINT ( 'NONE',  ( 77.01200000000001467, 18.50000000000000355, -1.499999999999999556 ) ) ;
#9227 = CARTESIAN_POINT ( 'NONE',  ( 49.20000000000001705, 2.999999999999999112, -7.743065814018599724 ) ) ;
#9228 = AXIS2_PLACEMENT_3D ( 'NONE', #978, #17, #6556 ) ;
#9229 = CARTESIAN_POINT ( 'NONE',  ( 95.02500000000000568, 18.50000000000000355, 0.000000000000000000 ) ) ;
#9230 = ORIENTED_EDGE ( 'NONE', *, *, #2499, .F. ) ;
#9231 = CARTESIAN_POINT ( 'NONE',  ( 88.39989330582618265, 2.000000000000000000, -10.35683949133576753 ) ) ;
#9232 = EDGE_CURVE ( 'NONE', #9922, #1071, #1853, .T. ) ;
#9233 = VERTEX_POINT ( 'NONE', #6580 ) ;
#9234 =( BOUNDED_CURVE ( )  B_SPLINE_CURVE ( 3, ( #7602, #7653, #9309, #3423 ),
 .UNSPECIFIED., .F., .F. ) 
 B_SPLINE_CURVE_WITH_KNOTS ( ( 4, 4 ),
 ( 2.133068898117262080, 3.141592653589793116 ),
 .UNSPECIFIED. ) 
 CURVE ( )  GEOMETRIC_REPRESENTATION_ITEM ( )  RATIONAL_B_SPLINE_CURVE ( ( 1.000000000000000000, 0.9170208966857409383, 0.9170208966857409383, 1.000000000000000000 ) ) 
 REPRESENTATION_ITEM ( '' )  );
#9235 = ORIENTED_EDGE ( 'NONE', *, *, #8298, .F. ) ;
#9236 = ORIENTED_EDGE ( 'NONE', *, *, #2008, .T. ) ;
#9237 = CARTESIAN_POINT ( 'NONE',  ( 67.07474999999995191, 20.00000000000000355, -20.00000000000000000 ) ) ;
#9238 = VECTOR ( 'NONE', #5773, 1000.000000000000114 ) ;
#9239 = CARTESIAN_POINT ( 'NONE',  ( 34.05516802938824128, 2.999999999999999112, -18.50000000000000355 ) ) ;
#9240 = DIRECTION ( 'NONE',  ( 1.000000000000000000, -0.000000000000000000, 0.000000000000000000 ) ) ;
#9241 = DIRECTION ( 'NONE',  ( 0.000000000000000000, -0.000000000000000000, -1.000000000000000000 ) ) ;
#9242 = ADVANCED_FACE ( 'NONE', ( #1648 ), #9828, .F. ) ;
#9243 = EDGE_CURVE ( 'NONE', #1419, #4581, #2507, .T. ) ;
#9244 = FACE_OUTER_BOUND ( 'NONE', #9305, .T. ) ;
#9245 = ORIENTED_EDGE ( 'NONE', *, *, #8979, .F. ) ;
#9246 = ORIENTED_EDGE ( 'NONE', *, *, #5028, .T. ) ;
#9247 = EDGE_LOOP ( 'NONE', ( #1279, #7762, #7706, #1955 ) ) ;
#9248 = EDGE_CURVE ( 'NONE', #8912, #5629, #3679, .T. ) ;
#9249 = VECTOR ( 'NONE', #9454, 1000.000000000000227 ) ;
#9250 = CARTESIAN_POINT ( 'NONE',  ( 15.34433197061164478, 2.674305589214432732, -18.50000000000000000 ) ) ;
#9251 = DIRECTION ( 'NONE',  ( -1.000000000000000000, 0.000000000000000000, 0.000000000000000000 ) ) ;
#9252 = DIRECTION ( 'NONE',  ( -1.000000000000000000, 0.000000000000000000, 0.000000000000000000 ) ) ;
#9254 = EDGE_CURVE ( 'NONE', #8408, #2321, #522, .T. ) ;
#9253 = LINE ( 'NONE', #2843, #4095 ) ;
#9255 = EDGE_CURVE ( 'NONE', #5682, #9271, #8487, .T. ) ;
#9256 = VECTOR ( 'NONE', #4891, 1000.000000000000000 ) ;
#9257 = PLANE ( 'NONE',  #2740 ) ;
#9258 = CARTESIAN_POINT ( 'NONE',  ( 73.69974999999995191, 2.000000000000000000, -9.496478871970266411 ) ) ;
#9259 = ORIENTED_EDGE ( 'NONE', *, *, #1301, .F. ) ;
#9260 = EDGE_LOOP ( 'NONE', ( #2699, #9742, #7481, #647 ) ) ;
#9261 = CARTESIAN_POINT ( 'NONE',  ( 95.02500000000000568, 18.50000000000000355, -1.500000000000000000 ) ) ;
#9262 = EDGE_LOOP ( 'NONE', ( #8918, #2734, #10184, #8415 ) ) ;
#9263 = DIRECTION ( 'NONE',  ( -0.000000000000000000, -1.000000000000000000, -0.000000000000000000 ) ) ;
#9264 = DIRECTION ( 'NONE',  ( -0.3826834323650957770, 0.000000000000000000, -0.9238795325112841850 ) ) ;
#9265 = CARTESIAN_POINT ( 'NONE',  ( 54.09974999999994338, 17.50000000000000000, -12.10960480172301423 ) ) ;
#9266 = ORIENTED_EDGE ( 'NONE', *, *, #3327, .F. ) ;
#9267 = DIRECTION ( 'NONE',  ( 0.3826834323650853964, -0.000000000000000000, -0.9238795325112885148 ) ) ;
#9268 = VECTOR ( 'NONE', #1481, 1000.000000000000000 ) ;
#9269 = ORIENTED_EDGE ( 'NONE', *, *, #526, .T. ) ;
#9270 = LINE ( 'NONE', #8521, #3750 ) ;
#9271 = VERTEX_POINT ( 'NONE', #5383 ) ;
#9272 = DIRECTION ( 'NONE',  ( -0.9238795325112884038, 0.000000000000000000, -0.3826834323650857850 ) ) ;
#9273 = ORIENTED_EDGE ( 'NONE', *, *, #1337, .F. ) ;
#9274 = EDGE_CURVE ( 'NONE', #1048, #9922, #10199, .T. ) ;
#9275 = ORIENTED_EDGE ( 'NONE', *, *, #171, .F. ) ;
#9276 = AXIS2_PLACEMENT_3D ( 'NONE', #9850, #6706, #2430 ) ;
#9277 = FACE_OUTER_BOUND ( 'NONE', #2608, .T. ) ;
#9278 = LINE ( 'NONE', #9492, #3816 ) ;
#9279 = CARTESIAN_POINT ( 'NONE',  ( 14.89974999999994942, 18.50000000000000355, -16.96018989328459270 ) ) ;
#9280 = CARTESIAN_POINT ( 'NONE',  ( 58.49439220029242392, 17.85125431679151831, -1.500000000000001332 ) ) ;
#9281 = VERTEX_POINT ( 'NONE', #2878 ) ;
#9282 = CARTESIAN_POINT ( 'NONE',  ( 14.45516802938823631, 2.999999999999999112, -18.50000000000000355 ) ) ;
#9283 = VECTOR ( 'NONE', #3397, 1000.000000000000000 ) ;
#9284 = LINE ( 'NONE', #9227, #5131 ) ;
#9285 = EDGE_CURVE ( 'NONE', #7029, #7923, #6082, .T. ) ;
#9286 = DIRECTION ( 'NONE',  ( 1.000000000000000000, -0.000000000000000000, -0.000000000000000000 ) ) ;
#9287 = VERTEX_POINT ( 'NONE', #3721 ) ;
#9288 = CARTESIAN_POINT ( 'NONE',  ( 85.12139948961566915, 2.999999999999999112, 2.784094826726366101 ) ) ;
#9289 =( GEOMETRIC_REPRESENTATION_CONTEXT ( 3 ) GLOBAL_UNCERTAINTY_ASSIGNED_CONTEXT ( ( #6254 ) ) GLOBAL_UNIT_ASSIGNED_CONTEXT ( ( #7110, #2241, #5547 ) ) REPRESENTATION_CONTEXT ( 'NONE', 'WORKASPACE' ) );
#9290 = CARTESIAN_POINT ( 'NONE',  ( 101.3750000000000142, 18.50000000000000355, -1.500000000000000000 ) ) ;
#9291 = ORIENTED_EDGE ( 'NONE', *, *, #8444, .F. ) ;
#9292 = ORIENTED_EDGE ( 'NONE', *, *, #4349, .F. ) ;
#9293 = CARTESIAN_POINT ( 'NONE',  ( 47.47474999999994338, 2.000000000000000000, -18.50000000000000000 ) ) ;
#9294 = LINE ( 'NONE', #6087, #8859 ) ;
#9295 = EDGE_CURVE ( 'NONE', #7620, #1063, #2150, .T. ) ;
#9296 = VECTOR ( 'NONE', #2803, 1000.000000000000000 ) ;
#9297 = LINE ( 'NONE', #5927, #1244 ) ;
#9298 = CARTESIAN_POINT ( 'NONE',  ( 85.22500000000000853, 2.000000000000000000, -1.500000000000000000 ) ) ;
#9299 = CARTESIAN_POINT ( 'NONE',  ( 67.87612046748874661, 18.50000000000000355, -7.360382381653505668 ) ) ;
#9300 = CYLINDRICAL_SURFACE ( 'NONE', #5304, 1.000000000000003331 ) ;
#9301 =( BOUNDED_CURVE ( )  B_SPLINE_CURVE ( 3, ( #8271, #941, #4189, #5859 ),
 .UNSPECIFIED., .F., .F. ) 
 B_SPLINE_CURVE_WITH_KNOTS ( ( 4, 4 ),
 ( 0.000000000000000000, 1.008523755472561678 ),
 .UNSPECIFIED. ) 
 CURVE ( )  GEOMETRIC_REPRESENTATION_ITEM ( )  RATIONAL_B_SPLINE_CURVE ( ( 1.000000000000000000, 0.9170208966857359423, 0.9170208966857359423, 1.000000000000000000 ) ) 
 REPRESENTATION_ITEM ( '' )  );
#9302 = DIRECTION ( 'NONE',  ( -0.000000000000000000, -1.000000000000000000, -0.000000000000000000 ) ) ;
#9303 = ORIENTED_EDGE ( 'NONE', *, *, #1141, .T. ) ;
#9304 = ORIENTED_EDGE ( 'NONE', *, *, #4223, .F. ) ;
#9305 = EDGE_LOOP ( 'NONE', ( #7133, #4464, #8365, #6992, #5977 ) ) ;
#9306 = ORIENTED_EDGE ( 'NONE', *, *, #2859, .F. ) ;
#9307 = VECTOR ( 'NONE', #5571, 1000.000000000000000 ) ;
#9308 = DIRECTION ( 'NONE',  ( -1.000000000000000000, 0.000000000000000000, 0.000000000000000000 ) ) ;
#9309 = CARTESIAN_POINT ( 'NONE',  ( 78.09439220029240403, 2.648745683208489687, -1.500000000000000222 ) ) ;
#9310 = CARTESIAN_POINT ( 'NONE',  ( 44.74433197061164691, 18.50000000000000355, -18.50000000000000000 ) ) ;
#9311 = LINE ( 'NONE', #8404, #8715 ) ;
#9312 = FACE_OUTER_BOUND ( 'NONE', #5969, .T. ) ;
#9313 = CARTESIAN_POINT ( 'NONE',  ( 85.22500000000000853, 18.50000000000000355, 0.000000000000000000 ) ) ;
#9314 = ADVANCED_FACE ( 'NONE', ( #1271 ), #5274, .F. ) ;
#9315 = ORIENTED_EDGE ( 'NONE', *, *, #7134, .T. ) ;
#9316 = PLANE ( 'NONE',  #8083 ) ;
#9317 = ORIENTED_EDGE ( 'NONE', *, *, #5137, .T. ) ;
#9318 = ADVANCED_FACE ( 'NONE', ( #10149 ), #1915, .F. ) ;
#9319 = EDGE_CURVE ( 'NONE', #2256, #7759, #5226, .T. ) ;
#9320 = CARTESIAN_POINT ( 'NONE',  ( 12.00000000000000355, 18.50000000000000355, -7.722114953984477559 ) ) ;
#9321 = CARTESIAN_POINT ( 'NONE',  ( 55.82500000000001705, 18.50000000000000355, -1.500000000000000000 ) ) ;
#9322 = ORIENTED_EDGE ( 'NONE', *, *, #8425, .T. ) ;
#9323 = CARTESIAN_POINT ( 'NONE',  ( 78.59975000000001444, 18.50000000000000355, -2.893084275847609188 ) ) ;
#9324 = ORIENTED_EDGE ( 'NONE', *, *, #9044, .T. ) ;
#9325 = CARTESIAN_POINT ( 'NONE',  ( 78.59975000000001444, 2.414213562373094923, -7.743669367409170334 ) ) ;
#9326 = ORIENTED_EDGE ( 'NONE', *, *, #204, .T. ) ;
#9327 = DIRECTION ( 'NONE',  ( -0.3826834323650956105, 0.000000000000000000, -0.9238795325112842960 ) ) ;
#9328 = ORIENTED_EDGE ( 'NONE', *, *, #4069, .F. ) ;
#9329 = ORIENTED_EDGE ( 'NONE', *, *, #5945, .F. ) ;
#9330 = LINE ( 'NONE', #8586, #8372 ) ;
#9331 = CARTESIAN_POINT ( 'NONE',  ( 45.47524443537454886, 2.000000000000000000, -6.658584263594879538 ) ) ;
#9332 = CARTESIAN_POINT ( 'NONE',  ( 72.17277582909585476, 2.000000000000000000, -18.50000000000000000 ) ) ;
#9333 = DIRECTION ( 'NONE',  ( -0.3826834323650957770, 0.000000000000000000, -0.9238795325112841850 ) ) ;
#9334 = ORIENTED_EDGE ( 'NONE', *, *, #8041, .F. ) ;
#9335 = CARTESIAN_POINT ( 'NONE',  ( 76.35114944726934993, 18.50000000000000355, -15.78539724792377896 ) ) ;
#9336 = EDGE_CURVE ( 'NONE', #7341, #2997, #6136, .T. ) ;
#9337 = LINE ( 'NONE', #421, #190 ) ;
#9338 = EDGE_CURVE ( 'NONE', #2529, #4788, #2077, .T. ) ;
#9339 = DIRECTION ( 'NONE',  ( -0.3826834323650956105, 0.000000000000000000, -0.9238795325112842960 ) ) ;
#9340 = VERTEX_POINT ( 'NONE', #6192 ) ;
#9341 = VECTOR ( 'NONE', #2336, 1000.000000000000000 ) ;
#9342 = CARTESIAN_POINT ( 'NONE',  ( 20.35748935664124204, 1.999999999999998668, -4.011813856752074692 ) ) ;
#9343 = EDGE_CURVE ( 'NONE', #4479, #5905, #10092, .T. ) ;
#9344 = CARTESIAN_POINT ( 'NONE',  ( 26.42500000000000426, 2.000000000000000000, 0.000000000000000000 ) ) ;
#9345 = ORIENTED_EDGE ( 'NONE', *, *, #4430, .T. ) ;
#9346 = ORIENTED_EDGE ( 'NONE', *, *, #8573, .T. ) ;
#9347 = LINE ( 'NONE', #10258, #2609 ) ;
#9348 = FACE_OUTER_BOUND ( 'NONE', #1565, .T. ) ;
#9349 = CARTESIAN_POINT ( 'NONE',  ( 37.67474999999993912, 2.000000000000000000, -18.50000000000000000 ) ) ;
#9350 = CARTESIAN_POINT ( 'NONE',  ( 98.19975000000003718, 18.08578643762690064, -7.743669367409125925 ) ) ;
#9351 = CARTESIAN_POINT ( 'NONE',  ( 38.31406477336862793, 2.999999999999999112, -7.751619436258012641 ) ) ;
#9352 = ORIENTED_EDGE ( 'NONE', *, *, #9435, .T. ) ;
#9353 = ORIENTED_EDGE ( 'NONE', *, *, #4063, .F. ) ;
#9354 = ORIENTED_EDGE ( 'NONE', *, *, #2266, .T. ) ;
#9355 = EDGE_CURVE ( 'NONE', #3773, #8422, #3852, .T. ) ;
#9356 = VERTEX_POINT ( 'NONE', #2130 ) ;
#9357 = VECTOR ( 'NONE', #9142, 999.9999999999998863 ) ;
#9358 = CARTESIAN_POINT ( 'NONE',  ( 46.02500000000001279, 18.50000000000000355, -1.500000000000000000 ) ) ;
#9359 = DIRECTION ( 'NONE',  ( -0.3826834323650958325, 0.000000000000000000, -0.9238795325112842960 ) ) ;
#9360 = CARTESIAN_POINT ( 'NONE',  ( 68.79993749768391353, 18.50000000000000355, -10.35694617991806865 ) ) ;
#9361 = FACE_OUTER_BOUND ( 'NONE', #5229, .T. ) ;
#9362 = CARTESIAN_POINT ( 'NONE',  ( 53.62045243810035799, 2.000000000000000000, -18.11731656763490861 ) ) ;
#9363 = DIRECTION ( 'NONE',  ( 0.3826834323650956660, 0.000000000000000000, 0.9238795325112844070 ) ) ;
#9364 = EDGE_LOOP ( 'NONE', ( #8196, #6747, #8992, #41 ) ) ;
#9365 = CARTESIAN_POINT ( 'NONE',  ( 70.52474999999994054, 20.00000000000000355, -18.50000000000000000 ) ) ;
#9366 = VERTEX_POINT ( 'NONE', #4570 ) ;
#9367 = CARTESIAN_POINT ( 'NONE',  ( 15.82362953251122129, 18.50000000000000355, -12.49228823408811095 ) ) ;
#9368 = CARTESIAN_POINT ( 'NONE',  ( 36.22500000000000853, 20.00000000000000355, 0.000000000000000000 ) ) ;
#9369 = CARTESIAN_POINT ( 'NONE',  ( 54.09974999999992917, 2.000000000000000000, -14.72273073147576028 ) ) ;
#9370 = ORIENTED_EDGE ( 'NONE', *, *, #5532, .F. ) ;
#9371 = VECTOR ( 'NONE', #7152, 1000.000000000000000 ) ;
#9372 = LINE ( 'NONE', #1356, #4419 ) ;
#9373 = ADVANCED_FACE ( 'NONE', ( #7689 ), #7845, .F. ) ;
#9374 = EDGE_CURVE ( 'NONE', #7829, #7329, #3161, .T. ) ;
#9375 = EDGE_LOOP ( 'NONE', ( #4472, #884, #7499, #4986 ) ) ;
#9376 = CARTESIAN_POINT ( 'NONE',  ( 98.19975000000000875, 2.153954234325370365, -1.500000000000000444 ) ) ;
#9377 = VERTEX_POINT ( 'NONE', #424 ) ;
#9378 = SPHERICAL_SURFACE ( 'NONE', #2461, 1.000000000000000000 ) ;
#9379 = VERTEX_POINT ( 'NONE', #9704 ) ;
#9380 =( BOUNDED_CURVE ( )  B_SPLINE_CURVE ( 3, ( #3255, #2457, #5714, #1390 ),
 .UNSPECIFIED., .F., .F. ) 
 B_SPLINE_CURVE_WITH_KNOTS ( ( 4, 4 ),
 ( 0.000000000000000000, 1.008523755472561678 ),
 .UNSPECIFIED. ) 
 CURVE ( )  GEOMETRIC_REPRESENTATION_ITEM ( )  RATIONAL_B_SPLINE_CURVE ( ( 1.000000000000000000, 0.9170208966857359423, 0.9170208966857359423, 1.000000000000000000 ) ) 
 REPRESENTATION_ITEM ( '' )  );
#9381 = ORIENTED_EDGE ( 'NONE', *, *, #5882, .T. ) ;
#9382 = EDGE_CURVE ( 'NONE', #7433, #2703, #1527, .T. ) ;
#9383 = AXIS2_PLACEMENT_3D ( 'NONE', #6336, #8779, #5522 ) ;
#9384 = LINE ( 'NONE', #2866, #9895 ) ;
#9385 = CARTESIAN_POINT ( 'NONE',  ( 68.16021982760969422, 2.000000000000000000, 3.877129999389440584 ) ) ;
#9386 = FACE_OUTER_BOUND ( 'NONE', #7412, .T. ) ;
#9387 = DIRECTION ( 'NONE',  ( -1.000000000000000000, -0.000000000000000000, -5.463695987328507701E-16 ) ) ;
#9388 = ORIENTED_EDGE ( 'NONE', *, *, #7992, .F. ) ;
#9389 = LINE ( 'NONE', #5325, #1518 ) ;
#9390 = AXIS2_PLACEMENT_3D ( 'NONE', #4454, #7730, #3607 ) ;
#9391 = CYLINDRICAL_SURFACE ( 'NONE', #2250, 0.9999999999999994449 ) ;
#9392 = LINE ( 'NONE', #6786, #10197 ) ;
#9393 = ORIENTED_EDGE ( 'NONE', *, *, #7961, .T. ) ;
#9394 = CARTESIAN_POINT ( 'NONE',  ( 16.62500000000000355, 20.00000000000000355, 0.000000000000000000 ) ) ;
#9395 = CARTESIAN_POINT ( 'NONE',  ( 60.72474999999994338, 2.000000000000000000, -18.50000000000000000 ) ) ;
#9396 = VECTOR ( 'NONE', #4868, 1000.000000000000000 ) ;
#9397 = VERTEX_POINT ( 'NONE', #5594 ) ;
#9398 = VECTOR ( 'NONE', #6129, 1000.000000000000114 ) ;
#9399 = CARTESIAN_POINT ( 'NONE',  ( 36.02672417090403911, 20.00000000000000355, -18.50000000000000355 ) ) ;
#9400 = CARTESIAN_POINT ( 'NONE',  ( 26.42500000000000426, 18.50000000000000355, 0.000000000000000000 ) ) ;
#9401 = AXIS2_PLACEMENT_3D ( 'NONE', #4806, #9027, #4157 ) ;
#9402 = FACE_OUTER_BOUND ( 'NONE', #10135, .T. ) ;
#9403 = CARTESIAN_POINT ( 'NONE',  ( 64.34433197061164833, 2.674305589214433621, -18.50000000000000000 ) ) ;
#9404 = VECTOR ( 'NONE', #5404, 1000.000000000000000 ) ;
#9405 = DIRECTION ( 'NONE',  ( -0.3826834323650853964, 0.000000000000000000, 0.9238795325112885148 ) ) ;
#9406 = VERTEX_POINT ( 'NONE', #10462 ) ;
#9407 = VERTEX_POINT ( 'NONE', #5545 ) ;
#9408 = ORIENTED_EDGE ( 'NONE', *, *, #5221, .F. ) ;
#9409 = ORIENTED_EDGE ( 'NONE', *, *, #637, .T. ) ;
#9410 = EDGE_CURVE ( 'NONE', #9340, #5558, #7156, .T. ) ;
#9411 = CARTESIAN_POINT ( 'NONE',  ( 69.92428806984527512, 18.50000000000000355, -13.07126799313208743 ) ) ;
#9412 = CARTESIAN_POINT ( 'NONE',  ( 107.0000000000000142, 17.50000000000000000, -2.693568355077375909 ) ) ;
#9413 = DIRECTION ( 'NONE',  ( 0.000000000000000000, 0.000000000000000000, -1.000000000000000000 ) ) ;
#9414 = CARTESIAN_POINT ( 'NONE',  ( 78.43794430587990973, 18.50000000000000355, -8.134302868623109362 ) ) ;
#9415 = CARTESIAN_POINT ( 'NONE',  ( 40.16182383839120007, 2.000000000000000000, -8.516986300988198977 ) ) ;
#9416 = CARTESIAN_POINT ( 'NONE',  ( 78.59975000000004286, 18.50000000000000355, -5.130543437656471362 ) ) ;
#9417 = EDGE_CURVE ( 'NONE', #7219, #6722, #4031, .T. ) ;
#9418 = PRODUCT_RELATED_PRODUCT_CATEGORY ( 'part', '', ( #9822 ) ) ;
#9419 = VERTEX_POINT ( 'NONE', #8801 ) ;
#9420 = CARTESIAN_POINT ( 'NONE',  ( 58.49439220029241682, 2.648745683208485246, -1.500000000000000444 ) ) ;
#9421 = AXIS2_PLACEMENT_3D ( 'NONE', #8023, #5402, #4648 ) ;
#9422 = EDGE_LOOP ( 'NONE', ( #876, #7622, #9039, #25, #9156 ) ) ;
#9423 = CARTESIAN_POINT ( 'NONE',  ( 77.01200000000001467, 2.000000000000000000, -1.499999999999999556 ) ) ;
#9424 = CARTESIAN_POINT ( 'NONE',  ( 0.000000000000000000, 18.50000000000000355, 0.000000000000000000 ) ) ;
#9425 = EDGE_CURVE ( 'NONE', #9831, #76, #5631, .T. ) ;
#9426 = AXIS2_PLACEMENT_3D ( 'NONE', #4273, #4867, #4 ) ;
#9427 = CARTESIAN_POINT ( 'NONE',  ( 74.14433197061164549, 17.50000000000000000, -18.50000000000000000 ) ) ;
#9428 = ORIENTED_EDGE ( 'NONE', *, *, #5330, .F. ) ;
#9429 = LINE ( 'NONE', #3707, #2555 ) ;
#9430 = VERTEX_POINT ( 'NONE', #7303 ) ;
#9431 = DIRECTION ( 'NONE',  ( 0.9238795325112885148, 0.000000000000000000, 0.3826834323650856184 ) ) ;
#9432 = ORIENTED_EDGE ( 'NONE', *, *, #6841, .T. ) ;
#9433 = CARTESIAN_POINT ( 'NONE',  ( 83.49974999999994907, 2.192056395364472721, -18.50000000000000000 ) ) ;
#9434 = ORIENTED_EDGE ( 'NONE', *, *, #2000, .F. ) ;
#9435 = EDGE_CURVE ( 'NONE', #293, #3900, #2388, .T. ) ;
#9436 = VECTOR ( 'NONE', #6038, 1000.000000000000000 ) ;
#9437 = CARTESIAN_POINT ( 'NONE',  ( 89.52428806984526943, 18.50000000000000355, -13.07126799313208743 ) ) ;
#9438 = CARTESIAN_POINT ( 'NONE',  ( 108.0000000000000000, 2.000000000000000000, 0.000000000000000000 ) ) ;
#9439 = CARTESIAN_POINT ( 'NONE',  ( 11.00000000000000355, 27.21604200192311040, -2.694775461858567756 ) ) ;
#9440 = FACE_OUTER_BOUND ( 'NONE', #895, .T. ) ;
#9441 = EDGE_LOOP ( 'NONE', ( #3475, #1025, #5102, #8469 ) ) ;
#9442 = LINE ( 'NONE', #3673, #7835 ) ;
#9443 = CARTESIAN_POINT ( 'NONE',  ( 40.98750000000000426, 20.00000000000000355, -1.500000000000000888 ) ) ;
#9444 = CARTESIAN_POINT ( 'NONE',  ( 16.99912396788582569, 18.50000000000000355, -7.041267695959975370 ) ) ;
#9445 = VERTEX_POINT ( 'NONE', #10357 ) ;
#9446 =( BOUNDED_CURVE ( )  B_SPLINE_CURVE ( 3, ( #10274, #1397, #3795, #4646 ),
 .UNSPECIFIED., .F., .F. ) 
 B_SPLINE_CURVE_WITH_KNOTS ( ( 4, 4 ),
 ( 2.133068898117247425, 3.141592653589793116 ),
 .UNSPECIFIED. ) 
 CURVE ( )  GEOMETRIC_REPRESENTATION_ITEM ( )  RATIONAL_B_SPLINE_CURVE ( ( 1.000000000000000000, 0.9170208966857386068, 0.9170208966857386068, 1.000000000000000000 ) ) 
 REPRESENTATION_ITEM ( '' )  );
#9447 = CARTESIAN_POINT ( 'NONE',  ( 20.30510779970761348, 2.999999999999999112, -1.500000000000001332 ) ) ;
#9448 = ADVANCED_FACE ( 'NONE', ( #5647 ), #8003, .T. ) ;
#9449 = DIRECTION ( 'NONE',  ( -1.000000000000000000, -0.000000000000000000, -2.732708689314432271E-16 ) ) ;
#9450 = VECTOR ( 'NONE', #228, 1000.000000000000114 ) ;
#9451 = EDGE_CURVE ( 'NONE', #4581, #1028, #8843, .T. ) ;
#9452 = EDGE_CURVE ( 'NONE', #5835, #1627, #6398, .T. ) ;
#9453 = CARTESIAN_POINT ( 'NONE',  ( 34.49974999999992775, 2.192056395364460730, -18.50000000000000000 ) ) ;
#9454 = DIRECTION ( 'NONE',  ( -0.02556636395044233762, -0.000000000000000000, 0.9996731270942283976 ) ) ;
#9455 = DIRECTION ( 'NONE',  ( -0.000000000000000000, -1.000000000000000000, -0.000000000000000000 ) ) ;
#9456 = VECTOR ( 'NONE', #2022, 1000.000000000000000 ) ;
#9457 = CARTESIAN_POINT ( 'NONE',  ( 80.32474999999993770, 2.000000000000000000, 0.000000000000000000 ) ) ;
#9458 = VERTEX_POINT ( 'NONE', #7205 ) ;
#9459 = CARTESIAN_POINT ( 'NONE',  ( 16.62500000000000355, 20.00000000000000355, 0.000000000000000000 ) ) ;
#9460 = ORIENTED_EDGE ( 'NONE', *, *, #5722, .F. ) ;
#9461 = ORIENTED_EDGE ( 'NONE', *, *, #7257, .T. ) ;
#9462 = VERTEX_POINT ( 'NONE', #4835 ) ;
#9463 = VERTEX_POINT ( 'NONE', #3036 ) ;
#9464 = AXIS2_PLACEMENT_3D ( 'NONE', #8201, #8150, #6555 ) ;
#9465 = PLANE ( 'NONE',  #3225 ) ;
#9466 = DIRECTION ( 'NONE',  ( 1.000000000000000000, -0.000000000000000000, -0.000000000000000000 ) ) ;
#9467 = DIRECTION ( 'NONE',  ( -0.9238795325112844070, 0.000000000000000000, 0.3826834323650956660 ) ) ;
#9468 = DIRECTION ( 'NONE',  ( 1.000000000000000000, 0.000000000000000000, 0.000000000000000000 ) ) ;
#9469 = DIRECTION ( 'NONE',  ( -1.000000000000000000, -0.000000000000000000, -0.000000000000000000 ) ) ;
#9470 = DIRECTION ( 'NONE',  ( 0.000000000000000000, 0.000000000000000000, -1.000000000000000000 ) ) ;
#9471 = ADVANCED_FACE ( 'NONE', ( #729 ), #6361, .F. ) ;
#9472 = EDGE_CURVE ( 'NONE', #6165, #5835, #2183, .T. ) ;
#9473 = VECTOR ( 'NONE', #7984, 1000.000000000000000 ) ;
#9474 = ORIENTED_EDGE ( 'NONE', *, *, #4013, .T. ) ;
#9475 = DIRECTION ( 'NONE',  ( -1.000000000000000000, -0.000000000000000000, -2.732708689314432271E-16 ) ) ;
#9476 = ORIENTED_EDGE ( 'NONE', *, *, #7351, .T. ) ;
#9477 = EDGE_CURVE ( 'NONE', #74, #7541, #1376, .T. ) ;
#9478 = LINE ( 'NONE', #3805, #5551 ) ;
#9479 = PLANE ( 'NONE',  #4596 ) ;
#9480 = LINE ( 'NONE', #10338, #8832 ) ;
#9481 = VERTEX_POINT ( 'NONE', #7909 ) ;
#9482 = CARTESIAN_POINT ( 'NONE',  ( 13.37277582909584694, 10.00000000000000000, -18.50000000000000000 ) ) ;
#9483 = EDGE_LOOP ( 'NONE', ( #8490, #9217, #7840, #3209, #5914, #1058, #543 ) ) ;
#9484 = LINE ( 'NONE', #8735, #5797 ) ;
#9485 = VERTEX_POINT ( 'NONE', #587 ) ;
#9486 = DIRECTION ( 'NONE',  ( -1.000000000000000000, 0.000000000000000000, -0.000000000000000000 ) ) ;
#9487 = ORIENTED_EDGE ( 'NONE', *, *, #6211, .F. ) ;
#9488 = ADVANCED_FACE ( 'NONE', ( #7108 ), #6302, .F. ) ;
#9489 = DIRECTION ( 'NONE',  ( -0.3826834323650957770, 0.000000000000000000, -0.9238795325112841850 ) ) ;
#9490 = DIRECTION ( 'NONE',  ( 0.3826834323650853964, -0.000000000000000000, -0.9238795325112885148 ) ) ;
#9491 = CARTESIAN_POINT ( 'NONE',  ( 93.29974999999994623, 17.50000000000000000, -12.10960480172301779 ) ) ;
#9492 = CARTESIAN_POINT ( 'NONE',  ( 0.000000000000000000, 2.000000000000000000, 0.000000000000000000 ) ) ;
#9493 = CARTESIAN_POINT ( 'NONE',  ( 78.59975000000001444, 18.50000000000000355, -2.893084275847609188 ) ) ;
#9494 = DIRECTION ( 'NONE',  ( -0.000000000000000000, -0.000000000000000000, 1.000000000000000000 ) ) ;
#9495 = ORIENTED_EDGE ( 'NONE', *, *, #2199, .F. ) ;
#9496 = DIRECTION ( 'NONE',  ( 0.3826834323650954439, 0.000000000000000000, 0.9238795325112842960 ) ) ;
#9497 = PLANE ( 'NONE',  #6170 ) ;
#9498 = DIRECTION ( 'NONE',  ( 0.000000000000000000, 0.000000000000000000, -1.000000000000000000 ) ) ;
#9499 = ORIENTED_EDGE ( 'NONE', *, *, #857, .F. ) ;
#9500 = CARTESIAN_POINT ( 'NONE',  ( 44.29974999999993912, 18.50000000000000355, -14.72273073147576028 ) ) ;
#9501 = LINE ( 'NONE', #10095, #2622 ) ;
#9502 = AXIS2_PLACEMENT_3D ( 'NONE', #4215, #5070, #1821 ) ;
#9503 = LINE ( 'NONE', #3631, #10465 ) ;
#9504 = CARTESIAN_POINT ( 'NONE',  ( 52.37500000000000711, 2.000000000000000000, -1.500000000000000000 ) ) ;
#9505 =( BOUNDED_CURVE ( )  B_SPLINE_CURVE ( 3, ( #6051, #5995, #9250, #275 ),
 .UNSPECIFIED., .F., .F. ) 
 B_SPLINE_CURVE_WITH_KNOTS ( ( 4, 4 ),
 ( 2.200938728951624679, 3.141592653589793116 ),
 .UNSPECIFIED. ) 
 CURVE ( )  GEOMETRIC_REPRESENTATION_ITEM ( )  RATIONAL_B_SPLINE_CURVE ( ( 1.000000000000000000, 0.9276134425277007267, 0.9276134425277007267, 1.000000000000000000 ) ) 
 REPRESENTATION_ITEM ( '' )  );
#9506 = DIRECTION ( 'NONE',  ( -1.000000000000000000, 0.000000000000000000, 0.000000000000000000 ) ) ;
#9507 = CARTESIAN_POINT ( 'NONE',  ( 14.61492637635664238, 2.383975024205970072, -18.50000000000000000 ) ) ;
#9508 = EDGE_LOOP ( 'NONE', ( #9326, #5113, #8350, #6867 ) ) ;
#9509 = EDGE_CURVE ( 'NONE', #9419, #2799, #5494, .T. ) ;
#9510 = DIRECTION ( 'NONE',  ( -0.9238795325112885148, 0.000000000000000000, -0.3826834323650853964 ) ) ;
#9511 = VERTEX_POINT ( 'NONE', #9110 ) ;
#9512 = ORIENTED_EDGE ( 'NONE', *, *, #5557, .T. ) ;
#9513 = EDGE_CURVE ( 'NONE', #2838, #3876, #10560, .T. ) ;
#9514 = VERTEX_POINT ( 'NONE', #2645 ) ;
#9515 = ORIENTED_EDGE ( 'NONE', *, *, #3885, .F. ) ;
#9516 = CIRCLE ( 'NONE', #299, 1.000000000000000888 ) ;
#9517 = ADVANCED_FACE ( 'NONE', ( #1792 ), #3392, .T. ) ;
#9518 = LINE ( 'NONE', #3847, #4615 ) ;
#9519 = CARTESIAN_POINT ( 'NONE',  ( 19.80000000000000426, 18.50000000000000355, 0.000000000000000000 ) ) ;
#9520 = FACE_OUTER_BOUND ( 'NONE', #8886, .T. ) ;
#9521 = CARTESIAN_POINT ( 'NONE',  ( 93.74433197061163980, 2.999999999999999112, -18.50000000000000000 ) ) ;
#9522 = DIRECTION ( 'NONE',  ( -0.000000000000000000, -1.000000000000000000, -0.000000000000000000 ) ) ;
#9523 = CARTESIAN_POINT ( 'NONE',  ( 9.800000000000000711, 18.50000000000000355, -18.50000000000000000 ) ) ;
#9524 = CARTESIAN_POINT ( 'NONE',  ( 73.25516802938824412, 17.50000000000000000, -18.50000000000000355 ) ) ;
#9525 = VERTEX_POINT ( 'NONE', #78 ) ;
#9526 = DIRECTION ( 'NONE',  ( 0.000000000000000000, -0.000000000000000000, 1.000000000000000000 ) ) ;
#9527 = FACE_OUTER_BOUND ( 'NONE', #1816, .T. ) ;
#9528 = AXIS2_PLACEMENT_3D ( 'NONE', #9523, #9470, #4793 ) ;
#9529 = EDGE_CURVE ( 'NONE', #811, #9214, #6666, .T. ) ;
#9530 = CARTESIAN_POINT ( 'NONE',  ( 14.45516802938823631, 18.50000000000000355, -18.50000000000000355 ) ) ;
#9531 = ORIENTED_EDGE ( 'NONE', *, *, #603, .F. ) ;
#9532 = CARTESIAN_POINT ( 'NONE',  ( 87.89439220029240118, 17.85125431679150765, -1.500000000000004885 ) ) ;
#9533 = ORIENTED_EDGE ( 'NONE', *, *, #4608, .F. ) ;
#9534 = LINE ( 'NONE', #456, #8870 ) ;
#9535 = VERTEX_POINT ( 'NONE', #5796 ) ;
#9536 = VERTEX_POINT ( 'NONE', #7513 ) ;
#9537 = EDGE_CURVE ( 'NONE', #3294, #5593, #883, .T. ) ;
#9538 = CARTESIAN_POINT ( 'NONE',  ( 80.32474999999993770, 18.50000000000000355, 0.000000000000000000 ) ) ;
#9539 = LINE ( 'NONE', #10398, #10411 ) ;
#9540 = VECTOR ( 'NONE', #5953, 1000.000000000000000 ) ;
#9541 = LINE ( 'NONE', #8635, #3918 ) ;
#9542 = DIRECTION ( 'NONE',  ( -0.000000000000000000, -1.000000000000000000, -0.000000000000000000 ) ) ;
#9543 = CARTESIAN_POINT ( 'NONE',  ( 14.89974999999993699, 18.50000000000000355, -12.10960480172301423 ) ) ;
#9544 = CARTESIAN_POINT ( 'NONE',  ( 39.39975000000001870, 18.08578643762690774, -7.743669367409167670 ) ) ;
#9545 = ORIENTED_EDGE ( 'NONE', *, *, #9172, .T. ) ;
#9546 = LINE ( 'NONE', #7841, #9371 ) ;
#9547 = CARTESIAN_POINT ( 'NONE',  ( 10.00000000000000000, 10.00000000000000000, -15.10000000000000142 ) ) ;
#9548 = CARTESIAN_POINT ( 'NONE',  ( 19.80000000000000071, 18.50000000000000355, -5.130342253204529079 ) ) ;
#9549 = ORIENTED_EDGE ( 'NONE', *, *, #10236, .T. ) ;
#9550 = CARTESIAN_POINT ( 'NONE',  ( 52.37500000000000711, 18.50000000000000355, 0.000000000000000000 ) ) ;
#9551 = EDGE_CURVE ( 'NONE', #8545, #5273, #130, .T. ) ;
#9552 = VECTOR ( 'NONE', #1252, 1000.000000000000114 ) ;
#9553 = VECTOR ( 'NONE', #3517, 1000.000000000000000 ) ;
#9554 = VECTOR ( 'NONE', #4553, 1000.000000000000000 ) ;
#9555 = CARTESIAN_POINT ( 'NONE',  ( 49.20000000000000995, 17.50000000000000000, -7.743669367409185433 ) ) ;
#9556 = DIRECTION ( 'NONE',  ( -0.000000000000000000, -1.000000000000000000, -0.000000000000000000 ) ) ;
#9557 = EDGE_LOOP ( 'NONE', ( #4279, #2671, #1688, #8325 ) ) ;
#9558 = DIRECTION ( 'NONE',  ( 0.9238795325112842960, 0.000000000000000000, -0.3826834323650958325 ) ) ;
#9559 = EDGE_CURVE ( 'NONE', #664, #5726, #5039, .T. ) ;
#9560 = CARTESIAN_POINT ( 'NONE',  ( 30.01827173280369010, 2.000000000000000000, -1.882683432365093834 ) ) ;
#9561 = VERTEX_POINT ( 'NONE', #2596 ) ;
#9562 = DIRECTION ( 'NONE',  ( -0.000000000000000000, -1.000000000000000000, -0.000000000000000000 ) ) ;
#9563 = ORIENTED_EDGE ( 'NONE', *, *, #65, .T. ) ;
#9564 = VERTEX_POINT ( 'NONE', #8312 ) ;
#9565 = VECTOR ( 'NONE', #9600, 1000.000000000000114 ) ;
#9566 = VERTEX_POINT ( 'NONE', #4185 ) ;
#9567 = AXIS2_PLACEMENT_3D ( 'NONE', #267, #1811, #149 ) ;
#9568 = VERTEX_POINT ( 'NONE', #2446 ) ;
#9569 = VECTOR ( 'NONE', #10084, 1000.000000000000000 ) ;
#9570 = B_SPLINE_CURVE_WITH_KNOTS ( 'NONE', 3,
 ( #2422, #2476, #4114, #5729 ),
 .UNSPECIFIED., .F., .F.,
 ( 4, 4 ),
 ( 0.000000000000000000, 1.000000000000000000 ),
 .UNSPECIFIED. ) ;
#9571 = FACE_OUTER_BOUND ( 'NONE', #5156, .T. ) ;
#9572 = ADVANCED_FACE ( 'NONE', ( #8958 ), #4990, .F. ) ;
#9573 = ADVANCED_FACE ( 'NONE', ( #1043 ), #2540, .T. ) ;
#9574 = VECTOR ( 'NONE', #7215, 1000.000000000000114 ) ;
#9575 = CARTESIAN_POINT ( 'NONE',  ( 91.77277582909586329, 18.50000000000000355, -18.50000000000000000 ) ) ;
#9576 = DIRECTION ( 'NONE',  ( -0.3826834323650853964, 0.000000000000000000, 0.9238795325112886259 ) ) ;
#9577 = CARTESIAN_POINT ( 'NONE',  ( 57.27474999999994054, 20.00000000000000355, -18.50000000000000000 ) ) ;
#9578 = CARTESIAN_POINT ( 'NONE',  ( 32.77500000000000568, 18.50000000000000355, 0.000000000000000000 ) ) ;
#9579 = CARTESIAN_POINT ( 'NONE',  ( 58.99975000000002012, 2.153954234325363259, -1.500000000000000444 ) ) ;
#9580 = ADVANCED_FACE ( 'NONE', ( #6724 ), #5906, .F. ) ;
#9581 = VERTEX_POINT ( 'NONE', #9816 ) ;
#9582 = VECTOR ( 'NONE', #10032, 1000.000000000000000 ) ;
#9583 =( BOUNDED_CURVE ( )  B_SPLINE_CURVE ( 3, ( #9791, #55, #6544, #3323 ),
 .UNSPECIFIED., .F., .F. ) 
 B_SPLINE_CURVE_WITH_KNOTS ( ( 4, 4 ),
 ( 1.570796326794895226, 3.141592653589793116 ),
 .UNSPECIFIED. ) 
 CURVE ( )  GEOMETRIC_REPRESENTATION_ITEM ( )  RATIONAL_B_SPLINE_CURVE ( ( 1.000000000000000000, 0.8047378541243646044, 0.8047378541243646044, 1.000000000000000000 ) ) 
 REPRESENTATION_ITEM ( '' )  );
#9584 = EDGE_CURVE ( 'NONE', #2059, #2602, #1634, .T. ) ;
#9585 = EDGE_CURVE ( 'NONE', #640, #684, #27, .T. ) ;
#9586 = LINE ( 'NONE', #10224, #8789 ) ;
#9587 = LINE ( 'NONE', #5412, #4251 ) ;
#9588 = LINE ( 'NONE', #6978, #5076 ) ;
#9589 = ORIENTED_EDGE ( 'NONE', *, *, #1670, .F. ) ;
#9590 = DIRECTION ( 'NONE',  ( 0.000000000000000000, 0.000000000000000000, -1.000000000000000000 ) ) ;
#9591 = VERTEX_POINT ( 'NONE', #2497 ) ;
#9592 = CARTESIAN_POINT ( 'NONE',  ( 98.20000000000000284, 2.999999999999999112, -7.743065814018603277 ) ) ;
#9593 = EDGE_LOOP ( 'NONE', ( #2943, #1780, #172, #5109, #132 ) ) ;
#9594 = LINE ( 'NONE', #512, #9953 ) ;
#9595 = VERTEX_POINT ( 'NONE', #6619 ) ;
#9596 = VECTOR ( 'NONE', #2625, 1000.000000000000114 ) ;
#9597 = CARTESIAN_POINT ( 'NONE',  ( 70.38750000000000284, 20.00000000000000355, -1.500000000000000888 ) ) ;
#9598 = DIRECTION ( 'NONE',  ( -1.000000000000000000, -0.000000000000000000, -0.000000000000000000 ) ) ;
#9599 = CARTESIAN_POINT ( 'NONE',  ( 65.27516208431447353, 17.50000000000000000, 27.03785742142472159 ) ) ;
#9600 = DIRECTION ( 'NONE',  ( 0.3826834323650956105, 0.000000000000000000, 0.9238795325112842960 ) ) ;
#9601 = LINE ( 'NONE', #4676, #260 ) ;
#9602 = ORIENTED_EDGE ( 'NONE', *, *, #8846, .F. ) ;
#9603 = DIRECTION ( 'NONE',  ( -0.3826834323650853964, 0.000000000000000000, 0.9238795325112886259 ) ) ;
#9604 = AXIS2_PLACEMENT_3D ( 'NONE', #7209, #7157, #2294 ) ;
#9605 = CARTESIAN_POINT ( 'NONE',  ( 57.27474999999994054, 18.50000000000000355, -20.00000000000000000 ) ) ;
#9606 = ORIENTED_EDGE ( 'NONE', *, *, #7222, .F. ) ;
#9607 = CARTESIAN_POINT ( 'NONE',  ( 70.52474999999994054, 2.000000000000000000, 0.000000000000000000 ) ) ;
#9608 = EDGE_CURVE ( 'NONE', #1740, #2901, #6513, .T. ) ;
#9609 = EDGE_CURVE ( 'NONE', #3146, #5273, #162, .T. ) ;
#9610 = AXIS2_PLACEMENT_3D ( 'NONE', #3135, #8108, #781 ) ;
#9611 = EDGE_CURVE ( 'NONE', #1375, #10543, #9862, .T. ) ;
#9612 = LINE ( 'NONE', #3248, #8241 ) ;
#9613 = DIRECTION ( 'NONE',  ( 0.000000000000000000, 0.000000000000000000, -1.000000000000000000 ) ) ;
#9614 = ORIENTED_EDGE ( 'NONE', *, *, #8846, .T. ) ;
#9615 = CARTESIAN_POINT ( 'NONE',  ( 36.59912396788582356, 18.50000000000000355, -7.041267695959975370 ) ) ;
#9616 = CARTESIAN_POINT ( 'NONE',  ( 28.96021982760969138, 18.50000000000000355, 3.877129999389440584 ) ) ;
#9617 = VERTEX_POINT ( 'NONE', #6772 ) ;
#9618 = CARTESIAN_POINT ( 'NONE',  ( 55.82500000000001705, 20.00000000000000355, -1.500000000000000000 ) ) ;
#9619 = ORIENTED_EDGE ( 'NONE', *, *, #7313, .T. ) ;
#9620 = VECTOR ( 'NONE', #8461, 1000.000000000000000 ) ;
#9621 = ORIENTED_EDGE ( 'NONE', *, *, #2427, .T. ) ;
#9622 = ORIENTED_EDGE ( 'NONE', *, *, #5857, .T. ) ;
#9623 = EDGE_CURVE ( 'NONE', #8821, #3347, #5260, .T. ) ;
#9624 = LINE ( 'NONE', #2308, #4421 ) ;
#9625 = VECTOR ( 'NONE', #4964, 1000.000000000000000 ) ;
#9626 = CARTESIAN_POINT ( 'NONE',  ( 88.23794430587992110, 18.50000000000000355, -8.134302868623109362 ) ) ;
#9627 = DIRECTION ( 'NONE',  ( 0.3826834323650853964, 0.000000000000000000, -0.9238795325112885148 ) ) ;
#9628 = CARTESIAN_POINT ( 'NONE',  ( 60.72474999999994338, 18.50000000000000355, -18.50000000000000000 ) ) ;
#9629 = DIRECTION ( 'NONE',  ( -0.000000000000000000, -1.000000000000000000, -0.000000000000000000 ) ) ;
#9630 = DIRECTION ( 'NONE',  ( 0.3826834323650853964, -0.000000000000000000, -0.9238795325112885148 ) ) ;
#9631 = ORIENTED_EDGE ( 'NONE', *, *, #9769, .T. ) ;
#9632 = SPHERICAL_SURFACE ( 'NONE', #4166, 1.000000000000000000 ) ;
#9633 = CARTESIAN_POINT ( 'NONE',  ( 37.67474999999993912, 18.50000000000000355, 0.000000000000000000 ) ) ;
#9634 = EDGE_CURVE ( 'NONE', #2915, #2456, #6457, .T. ) ;
#9635 = VECTOR ( 'NONE', #3231, 1000.000000000000000 ) ;
#9636 = FACE_OUTER_BOUND ( 'NONE', #8146, .T. ) ;
#9637 = ORIENTED_EDGE ( 'NONE', *, *, #9584, .T. ) ;
#9638 = ORIENTED_EDGE ( 'NONE', *, *, #6182, .F. ) ;
#9639 =( BOUNDED_CURVE ( )  B_SPLINE_CURVE ( 3, ( #1613, #3325, #5776, #4060 ),
 .UNSPECIFIED., .F., .F. ) 
 B_SPLINE_CURVE_WITH_KNOTS ( ( 4, 4 ),
 ( 0.000000000000000000, 1.008523755472549244 ),
 .UNSPECIFIED. ) 
 CURVE ( )  GEOMETRIC_REPRESENTATION_ITEM ( )  RATIONAL_B_SPLINE_CURVE ( ( 1.000000000000000000, 0.9170208966857380517, 0.9170208966857380517, 1.000000000000000000 ) ) 
 REPRESENTATION_ITEM ( '' )  );
#9640 = DIRECTION ( 'NONE',  ( 1.000000000000000000, 0.000000000000000000, 0.000000000000000000 ) ) ;
#9641 = VERTEX_POINT ( 'NONE', #2696 ) ;
#9642 = LINE ( 'NONE', #7989, #744 ) ;
#9643 = EDGE_CURVE ( 'NONE', #9463, #2501, #10134, .T. ) ;
#9644 = EDGE_CURVE ( 'NONE', #8612, #3512, #4593, .T. ) ;
#9645 = ORIENTED_EDGE ( 'NONE', *, *, #8004, .T. ) ;
#9646 = VECTOR ( 'NONE', #345, 1000.000000000000114 ) ;
#9647 = CARTESIAN_POINT ( 'NONE',  ( 34.05516802938824128, 17.82569441078556949, -18.50000000000000355 ) ) ;
#9648 = LINE ( 'NONE', #5636, #5618 ) ;
#9649 = ADVANCED_FACE ( 'NONE', ( #4347 ), #4456, .F. ) ;
#9650 = CARTESIAN_POINT ( 'NONE',  ( 43.85516802938823844, 2.999999999999999112, -18.50000000000000355 ) ) ;
#9651 = CARTESIAN_POINT ( 'NONE',  ( 57.70140012947181418, 17.50000000000000000, 23.90070250154356657 ) ) ;
#9652 = CYLINDRICAL_SURFACE ( 'NONE', #761, 0.9999999999999991118 ) ;
#9653 = ORIENTED_EDGE ( 'NONE', *, *, #2744, .T. ) ;
#9654 = DIRECTION ( 'NONE',  ( -0.3826834323650956105, 0.000000000000000000, -0.9238795325112842960 ) ) ;
#9655 = CARTESIAN_POINT ( 'NONE',  ( 78.59975000000000023, 18.50000000000000355, -6.661277167116823605 ) ) ;
#9656 = ORIENTED_EDGE ( 'NONE', *, *, #5130, .F. ) ;
#9657 = CARTESIAN_POINT ( 'NONE',  ( 43.85516802938825975, 17.82569441078555883, -18.49999999999999645 ) ) ;
#9658 = PRODUCT_CONTEXT ( 'NONE', #901, 'mechanical' ) ;
#9659 =( BOUNDED_CURVE ( )  B_SPLINE_CURVE ( 3, ( #555, #3009, #5569, #4651 ),
 .UNSPECIFIED., .F., .F. ) 
 B_SPLINE_CURVE_WITH_KNOTS ( ( 4, 4 ),
 ( 0.000000000000000000, 1.008523755472549244 ),
 .UNSPECIFIED. ) 
 CURVE ( )  GEOMETRIC_REPRESENTATION_ITEM ( )  RATIONAL_B_SPLINE_CURVE ( ( 1.000000000000000000, 0.9170208966857380517, 0.9170208966857380517, 1.000000000000000000 ) ) 
 REPRESENTATION_ITEM ( '' )  );
#9660 = EDGE_CURVE ( 'NONE', #7167, #3730, #5212, .T. ) ;
#9661 = ADVANCED_FACE ( 'NONE', ( #7784 ), #1257, .F. ) ;
#9662 = LINE ( 'NONE', #5550, #889 ) ;
#9663 = DIRECTION ( 'NONE',  ( 0.000000000000000000, 1.000000000000000000, 0.000000000000000000 ) ) ;
#9664 = ORIENTED_EDGE ( 'NONE', *, *, #8645, .T. ) ;
#9665 = CARTESIAN_POINT ( 'NONE',  ( 59.50510779970762343, 2.999999999999999112, -1.499999999999996891 ) ) ;
#9666 = CARTESIAN_POINT ( 'NONE',  ( 24.69974999999995191, 18.50000000000000355, -16.96018989328458559 ) ) ;
#9667 = ADVANCED_FACE ( 'NONE', ( #10077 ), #9378, .F. ) ;
#9668 = VERTEX_POINT ( 'NONE', #5155 ) ;
#9669 = LINE ( 'NONE', #4043, #8587 ) ;
#9670 = EDGE_LOOP ( 'NONE', ( #9158, #7544, #9818, #5892 ) ) ;
#9671 = ORIENTED_EDGE ( 'NONE', *, *, #61, .T. ) ;
#9672 = ORIENTED_EDGE ( 'NONE', *, *, #7535, .T. ) ;
#9673 = CARTESIAN_POINT ( 'NONE',  ( 68.79975000000001728, 18.34604576567463141, -1.500000000000001332 ) ) ;
#9674 = EDGE_CURVE ( 'NONE', #3995, #7907, #5315, .T. ) ;
#9675 = DIRECTION ( 'NONE',  ( -1.000000000000000000, -0.000000000000000000, -5.463695987328507701E-16 ) ) ;
#9676 = DIRECTION ( 'NONE',  ( 0.9238795325112882928, 0.000000000000000000, 0.3826834323650858960 ) ) ;
#9677 = FACE_OUTER_BOUND ( 'NONE', #9125, .T. ) ;
#9678 = LINE ( 'NONE', #4003, #5124 ) ;
#9679 = EDGE_CURVE ( 'NONE', #1070, #4643, #8582, .T. ) ;
#9680 = AXIS2_PLACEMENT_3D ( 'NONE', #2386, #5746, #2537 ) ;
#9681 = LINE ( 'NONE', #2363, #5006 ) ;
#9682 = EDGE_LOOP ( 'NONE', ( #2994, #3010, #6748, #7170 ) ) ;
#9683 = CARTESIAN_POINT ( 'NONE',  ( 68.79975000000004570, 18.50000000000000355, -5.130543437656435835 ) ) ;
#9684 = CARTESIAN_POINT ( 'NONE',  ( 30.36182383839119936, 18.50000000000000355, -8.516986300988198977 ) ) ;
#9685 = LINE ( 'NONE', #762, #487 ) ;
#9686 = VERTEX_POINT ( 'NONE', #410 ) ;
#9687 = VERTEX_POINT ( 'NONE', #3664 ) ;
#9688 = CARTESIAN_POINT ( 'NONE',  ( 65.07524443537454317, 18.50000000000000355, -6.658584263594879538 ) ) ;
#9689 = ORIENTED_EDGE ( 'NONE', *, *, #9216, .T. ) ;
#9690 = DIRECTION ( 'NONE',  ( -0.3826834323650853964, 0.000000000000000000, 0.9238795325112885148 ) ) ;
#9691 = ORIENTED_EDGE ( 'NONE', *, *, #1995, .F. ) ;
#9692 = AXIS2_PLACEMENT_3D ( 'NONE', #709, #919, #8 ) ;
#9693 = VERTEX_POINT ( 'NONE', #7571 ) ;
#9694 = DIRECTION ( 'NONE',  ( -0.3826834323650853964, 0.000000000000000000, 0.9238795325112885148 ) ) ;
#9695 = EDGE_CURVE ( 'NONE', #8408, #7822, #10479, .T. ) ;
#9696 = CARTESIAN_POINT ( 'NONE',  ( 32.97277582909585192, 18.50000000000000355, -18.50000000000000000 ) ) ;
#9697 = CARTESIAN_POINT ( 'NONE',  ( 52.37500000000000711, 20.00000000000000355, 0.000000000000000000 ) ) ;
#9698 = DIRECTION ( 'NONE',  ( 0.3826834323650956105, -0.000000000000000000, 0.9238795325112842960 ) ) ;
#9699 = VERTEX_POINT ( 'NONE', #7624 ) ;
#9700 = FACE_OUTER_BOUND ( 'NONE', #7187, .T. ) ;
#9701 = CYLINDRICAL_SURFACE ( 'NONE', #9743, 0.9999999999999998890 ) ;
#9702 = FACE_OUTER_BOUND ( 'NONE', #7512, .T. ) ;
#9703 = ORIENTED_EDGE ( 'NONE', *, *, #566, .T. ) ;
#9704 = CARTESIAN_POINT ( 'NONE',  ( 73.69974999999992349, 18.50000000000000355, -14.72273073147577271 ) ) ;
#9705 = DIRECTION ( 'NONE',  ( -0.9238795325112882928, 0.000000000000000000, -0.3826834323650858960 ) ) ;
#9706 = EDGE_CURVE ( 'NONE', #999, #5811, #2918, .T. ) ;
#9707 = ADVANCED_FACE ( 'NONE', ( #6827 ), #2752, .F. ) ;
#9708 = CARTESIAN_POINT ( 'NONE',  ( 34.94433197061164265, 2.999999999999999112, -18.50000000000000000 ) ) ;
#9709 = PLANE ( 'NONE',  #7346 ) ;
#9710 = ORIENTED_EDGE ( 'NONE', *, *, #204, .F. ) ;
#9711 = DIRECTION ( 'NONE',  ( -0.9238795325112844070, 0.000000000000000000, 0.3826834323650955549 ) ) ;
#9712 = CARTESIAN_POINT ( 'NONE',  ( 39.90510779970761490, 18.50000000000000355, -1.500000000000000000 ) ) ;
#9713 = CARTESIAN_POINT ( 'NONE',  ( 13.17500000000000249, 18.50000000000000355, 0.000000000000000000 ) ) ;
#9714 = ORIENTED_EDGE ( 'NONE', *, *, #5456, .T. ) ;
#9715 = VECTOR ( 'NONE', #10144, 1000.000000000000000 ) ;
#9716 = DIRECTION ( 'NONE',  ( -0.9238795325112844070, 0.000000000000000000, 0.3826834323650954994 ) ) ;
#9717 = EDGE_LOOP ( 'NONE', ( #9815, #38, #386, #4653 ) ) ;
#9718 = VECTOR ( 'NONE', #7502, 1000.000000000000000 ) ;
#9719 = ORIENTED_EDGE ( 'NONE', *, *, #5857, .F. ) ;
#9720 = ORIENTED_EDGE ( 'NONE', *, *, #461, .F. ) ;
#9721 =( BOUNDED_CURVE ( )  B_SPLINE_CURVE ( 3, ( #2404, #6468, #6528, #4743 ),
 .UNSPECIFIED., .F., .F. ) 
 B_SPLINE_CURVE_WITH_KNOTS ( ( 4, 4 ),
 ( 1.570796326794896558, 3.141592653589793116 ),
 .UNSPECIFIED. ) 
 CURVE ( )  GEOMETRIC_REPRESENTATION_ITEM ( )  RATIONAL_B_SPLINE_CURVE ( ( 1.000000000000000000, 0.8047378541243649375, 0.8047378541243649375, 1.000000000000000000 ) ) 
 REPRESENTATION_ITEM ( '' )  );
#9722 = CARTESIAN_POINT ( 'NONE',  ( 68.79975000000003149, 18.44730268558522823, -1.919915453368677527 ) ) ;
#9723 = AXIS2_PLACEMENT_3D ( 'NONE', #2743, #6168, #8412 ) ;
#9724 = CARTESIAN_POINT ( 'NONE',  ( 54.09974999999992917, 2.000000000000000000, -14.72273073147576028 ) ) ;
#9725 = CARTESIAN_POINT ( 'NONE',  ( 98.19975000000000875, 18.50000000000000355, -2.396757161635504119 ) ) ;
#9726 = DIRECTION ( 'NONE',  ( -1.000000000000000000, 0.000000000000000000, -0.000000000000000000 ) ) ;
#9727 = VECTOR ( 'NONE', #6535, 1000.000000000000114 ) ;
#9728 = DIRECTION ( 'NONE',  ( -0.9238795325112885148, 0.000000000000000000, -0.3826834323650853964 ) ) ;
#9729 = AXIS2_PLACEMENT_3D ( 'NONE', #6919, #3532, #5138 ) ;
#9730 = VECTOR ( 'NONE', #4239, 1000.000000000000000 ) ;
#9731 = PLANE ( 'NONE',  #10480 ) ;
#9732 = ORIENTED_EDGE ( 'NONE', *, *, #10036, .F. ) ;
#9733 = EDGE_CURVE ( 'NONE', #990, #3466, #355, .T. ) ;
#9734 = AXIS2_PLACEMENT_3D ( 'NONE', #6327, #3205, #3056 ) ;
#9735 = CARTESIAN_POINT ( 'NONE',  ( 98.19993749768391922, 18.50000000000000355, -10.35694617991806865 ) ) ;
#9736 = CARTESIAN_POINT ( 'NONE',  ( 19.60000000000000142, 18.50000000000000355, -1.500000000000000000 ) ) ;
#9737 = PLANE ( 'NONE',  #10112 ) ;
#9738 = CARTESIAN_POINT ( 'NONE',  ( 53.65516802938824270, 17.50000000000000000, -18.50000000000000355 ) ) ;
#9739 = VECTOR ( 'NONE', #4773, 1000.000000000000000 ) ;
#9740 = ADVANCED_FACE ( 'NONE', ( #10499 ), #10292, .T. ) ;
#9741 = CARTESIAN_POINT ( 'NONE',  ( 63.89974999999994765, 18.50000000000000355, -14.72273073147577627 ) ) ;
#9742 = ORIENTED_EDGE ( 'NONE', *, *, #7467, .F. ) ;
#9743 = AXIS2_PLACEMENT_3D ( 'NONE', #4230, #3442, #983 ) ;
#9744 = ORIENTED_EDGE ( 'NONE', *, *, #1297, .F. ) ;
#9745 = ORIENTED_EDGE ( 'NONE', *, *, #8544, .T. ) ;
#9746 = LINE ( 'NONE', #9261, #3645 ) ;
#9747 = ORIENTED_EDGE ( 'NONE', *, *, #8947, .F. ) ;
#9748 = EDGE_CURVE ( 'NONE', #8273, #1809, #8972, .T. ) ;
#9749 = VECTOR ( 'NONE', #4163, 1000.000000000000114 ) ;
#9750 = CARTESIAN_POINT ( 'NONE',  ( 19.29439220029239976, 17.50000000000000000, -1.499999999999999556 ) ) ;
#9751 = CARTESIAN_POINT ( 'NONE',  ( 58.99975000000002012, 18.50000000000000355, -2.893084275847622955 ) ) ;
#9752 = CARTESIAN_POINT ( 'NONE',  ( 44.29974999999993202, 2.192056395364460730, -18.50000000000000000 ) ) ;
#9753 = LINE ( 'NONE', #9697, #5292 ) ;
#9754 = CARTESIAN_POINT ( 'NONE',  ( 11.41421356237310114, 18.50000000000000355, -10.07609428288050957 ) ) ;
#9755 = ORIENTED_EDGE ( 'NONE', *, *, #9551, .T. ) ;
#9756 = DIRECTION ( 'NONE',  ( 0.3827076417426396593, 0.000000000000000000, 0.9238695042871516439 ) ) ;
#9757 = DIRECTION ( 'NONE',  ( 0.000000000000000000, 0.000000000000000000, 1.000000000000000000 ) ) ;
#9758 = ORIENTED_EDGE ( 'NONE', *, *, #10280, .T. ) ;
#9759 = DIRECTION ( 'NONE',  ( 0.000000000000000000, 0.000000000000000000, 1.000000000000000000 ) ) ;
#9760 = ORIENTED_EDGE ( 'NONE', *, *, #8503, .T. ) ;
#9761 = ORIENTED_EDGE ( 'NONE', *, *, #2891, .T. ) ;
#9762 = CARTESIAN_POINT ( 'NONE',  ( 83.94433197061164265, 17.50000000000000000, -18.50000000000000000 ) ) ;
#9763 = LINE ( 'NONE', #3982, #1091 ) ;
#9764 = VECTOR ( 'NONE', #268, 1000.000000000000000 ) ;
#9765 = CARTESIAN_POINT ( 'NONE',  ( 0.000000000000000000, 2.000000000000000000, 0.000000000000000000 ) ) ;
#9766 = CARTESIAN_POINT ( 'NONE',  ( 24.69974999999995191, 17.50000000000000000, -16.96018989328458915 ) ) ;
#9767 = EDGE_LOOP ( 'NONE', ( #7589, #9967, #8980, #6360 ) ) ;
#9768 = CARTESIAN_POINT ( 'NONE',  ( 88.39993749768392206, 18.50000000000000355, -10.35694617991806865 ) ) ;
#9769 = EDGE_CURVE ( 'NONE', #7066, #9287, #8231, .T. ) ;
#9770 = LINE ( 'NONE', #2552, #10438 ) ;
#9771 = CARTESIAN_POINT ( 'NONE',  ( 54.54433197061165117, 2.999999999999999112, -18.50000000000000000 ) ) ;
#9772 = ORIENTED_EDGE ( 'NONE', *, *, #2224, .T. ) ;
#9773 = CARTESIAN_POINT ( 'NONE',  ( 39.39975000000000449, 1.999999999999998668, -2.396757161635501898 ) ) ;
#9774 = VERTEX_POINT ( 'NONE', #7192 ) ;
#9775 = EDGE_CURVE ( 'NONE', #5780, #2904, #1666, .T. ) ;
#9776 = VERTEX_POINT ( 'NONE', #4555 ) ;
#9777 = EDGE_CURVE ( 'NONE', #10424, #5213, #9594, .T. ) ;
#9778 = ORIENTED_EDGE ( 'NONE', *, *, #5466, .F. ) ;
#9779 = DIRECTION ( 'NONE',  ( 0.000000000000000000, -0.000000000000000000, 1.000000000000000000 ) ) ;
#9780 = CARTESIAN_POINT ( 'NONE',  ( 92.82045243810036084, 2.000000000000000000, -18.11731656763490861 ) ) ;
#9781 = CARTESIAN_POINT ( 'NONE',  ( 68.79975000000001728, 18.34604576567463141, -1.500000000000001332 ) ) ;
#9782 = LINE ( 'NONE', #4857, #5300 ) ;
#9783 = VECTOR ( 'NONE', #3623, 1000.000000000000114 ) ;
#9784 = LINE ( 'NONE', #4858, #7188 ) ;
#9785 = EDGE_CURVE ( 'NONE', #4198, #2984, #6106, .T. ) ;
#9786 =( BOUNDED_CURVE ( )  B_SPLINE_CURVE ( 3, ( #1862, #2028, #379, #6901 ),
 .UNSPECIFIED., .F., .F. ) 
 B_SPLINE_CURVE_WITH_KNOTS ( ( 4, 4 ),
 ( 3.141592653589793116, 4.150116409062345468 ),
 .UNSPECIFIED. ) 
 CURVE ( )  GEOMETRIC_REPRESENTATION_ITEM ( )  RATIONAL_B_SPLINE_CURVE ( ( 1.000000000000000000, 0.9170208966857373856, 0.9170208966857373856, 1.000000000000000000 ) ) 
 REPRESENTATION_ITEM ( '' )  );
#9787 = LINE ( 'NONE', #4004, #2293 ) ;
#9788 = VERTEX_POINT ( 'NONE', #8680 ) ;
#9789 = AXIS2_PLACEMENT_3D ( 'NONE', #10235, #1901, #6122 ) ;
#9790 = CARTESIAN_POINT ( 'NONE',  ( 60.72474999999994338, 18.50000000000000355, 0.000000000000000000 ) ) ;
#9791 = CARTESIAN_POINT ( 'NONE',  ( 14.89974999999992278, 2.000000000000000000, -14.72273073147576206 ) ) ;
#9792 = DIRECTION ( 'NONE',  ( 0.000000000000000000, 0.000000000000000000, -1.000000000000000000 ) ) ;
#9793 = CARTESIAN_POINT ( 'NONE',  ( 102.6551680293882640, 2.999999999999999112, -18.50000000000001066 ) ) ;
#9794 = AXIS2_PLACEMENT_3D ( 'NONE', #3823, #1961, #1150 ) ;
#9795 = ADVANCED_FACE ( 'NONE', ( #6235 ), #8737, .T. ) ;
#9796 = EDGE_CURVE ( 'NONE', #6245, #2602, #8043, .T. ) ;
#9797 = CARTESIAN_POINT ( 'NONE',  ( 11.00000000000000355, 2.999999999999999112, -10.15848648317290071 ) ) ;
#9798 = VERTEX_POINT ( 'NONE', #3864 ) ;
#9799 = AXIS2_PLACEMENT_3D ( 'NONE', #7748, #6194, #6084 ) ;
#9800 = ORIENTED_EDGE ( 'NONE', *, *, #5737, .T. ) ;
#9801 = ADVANCED_FACE ( 'NONE', ( #6345 ), #1416, .F. ) ;
#9802 = ORIENTED_EDGE ( 'NONE', *, *, #8094, .T. ) ;
#9803 = DIRECTION ( 'NONE',  ( 1.000000000000000000, -0.000000000000000000, 0.000000000000000000 ) ) ;
#9804 = ORIENTED_EDGE ( 'NONE', *, *, #5395, .F. ) ;
#9805 = CARTESIAN_POINT ( 'NONE',  ( 42.77277582909584908, 18.50000000000000355, -18.50000000000000000 ) ) ;
#9806 = FACE_OUTER_BOUND ( 'NONE', #7745, .T. ) ;
#9807 = CARTESIAN_POINT ( 'NONE',  ( 36.22500000000000853, 20.00000000000000355, -1.500000000000000000 ) ) ;
#9808 = DIRECTION ( 'NONE',  ( 0.3826834323650853964, -0.000000000000000000, -0.9238795325112885148 ) ) ;
#9809 = ORIENTED_EDGE ( 'NONE', *, *, #3112, .F. ) ;
#9810 = CARTESIAN_POINT ( 'NONE',  ( 62.17500000000001137, 20.00000000000000355, -1.500000000000000000 ) ) ;
#9811 = CARTESIAN_POINT ( 'NONE',  ( 78.18122826719634588, 18.50000000000000355, -1.882683432365087839 ) ) ;
#9812 = VERTEX_POINT ( 'NONE', #4717 ) ;
#9813 = DIRECTION ( 'NONE',  ( -0.000000000000000000, -1.000000000000000000, -0.000000000000000000 ) ) ;
#9814 = ORIENTED_EDGE ( 'NONE', *, *, #9216, .F. ) ;
#9815 = ORIENTED_EDGE ( 'NONE', *, *, #10040, .T. ) ;
#9816 = CARTESIAN_POINT ( 'NONE',  ( 96.47474999999994338, 20.00000000000000355, -18.50000000000000000 ) ) ;
#9817 = EDGE_CURVE ( 'NONE', #7241, #9566, #10000, .T. ) ;
#9818 = ORIENTED_EDGE ( 'NONE', *, *, #7432, .F. ) ;
#9819 = AXIS2_PLACEMENT_3D ( 'NONE', #7033, #660, #7775 ) ;
#9820 = LINE ( 'NONE', #683, #5510 ) ;
#9821 = CARTESIAN_POINT ( 'NONE',  ( 23.17277582909584766, 20.00000000000000355, -18.50000000000000000 ) ) ;
#9822 = PRODUCT ( 'Tawk_clone', 'Tawk_clone', '', ( #9658 ) ) ;
#9823 = EDGE_LOOP ( 'NONE', ( #2351, #3854, #7741, #8657, #4451, #5932 ) ) ;
#9824 = CARTESIAN_POINT ( 'NONE',  ( 39.90510779970761490, 2.999999999999999112, -1.500000000000000000 ) ) ;
#9825 = LINE ( 'NONE', #7424, #4097 ) ;
#9826 = CARTESIAN_POINT ( 'NONE',  ( 25.62362953251122022, 18.50000000000000355, -12.49228823408811095 ) ) ;
#9827 = ORIENTED_EDGE ( 'NONE', *, *, #4430, .F. ) ;
#9828 = PLANE ( 'NONE',  #220 ) ;
#9829 = ORIENTED_EDGE ( 'NONE', *, *, #538, .F. ) ;
#9830 = ORIENTED_EDGE ( 'NONE', *, *, #5028, .F. ) ;
#9831 = VERTEX_POINT ( 'NONE', #7942 ) ;
#9832 = DIRECTION ( 'NONE',  ( -1.000000000000000000, 0.000000000000000000, -0.000000000000000000 ) ) ;
#9833 = DIRECTION ( 'NONE',  ( 0.000000000000000000, -1.000000000000000000, 0.000000000000000000 ) ) ;
#9834 = DIRECTION ( 'NONE',  ( 0.000000000000000000, 0.000000000000000000, -1.000000000000000000 ) ) ;
#9836 = EDGE_CURVE ( 'NONE', #5973, #7709, #2754, .T. ) ;
#9835 = LINE ( 'NONE', #6537, #8385 ) ;
#9837 = EDGE_CURVE ( 'NONE', #1014, #6070, #9642, .T. ) ;
#9838 = CARTESIAN_POINT ( 'NONE',  ( 44.29974999999994623, 18.30794360463552906, -18.49999999999999645 ) ) ;
#9839 = LINE ( 'NONE', #7691, #8776 ) ;
#9840 = ORIENTED_EDGE ( 'NONE', *, *, #10257, .F. ) ;
#9841 = EDGE_CURVE ( 'NONE', #9379, #867, #2324, .T. ) ;
#9842 = DIRECTION ( 'NONE',  ( 0.000000000000000000, 0.000000000000000000, -1.000000000000000000 ) ) ;
#9843 = CARTESIAN_POINT ( 'NONE',  ( 47.61200000000000898, 2.000000000000000000, -1.499999999999999556 ) ) ;
#9844 = CARTESIAN_POINT ( 'NONE',  ( 34.49974999999995617, 20.00000000000000355, -9.496478871970266411 ) ) ;
#9845 = CARTESIAN_POINT ( 'NONE',  ( 51.38229641165327877, 17.50000000000000000, -21.28324403958158584 ) ) ;
#9846 = CARTESIAN_POINT ( 'NONE',  ( 12.00000000000000355, 2.000000000000000000, -9.959574115793241589 ) ) ;
#9847 = ORIENTED_EDGE ( 'NONE', *, *, #1694, .F. ) ;
#9848 =( BOUNDED_CURVE ( )  B_SPLINE_CURVE ( 3, ( #1822, #8997, #722, #821 ),
 .UNSPECIFIED., .F., .F. ) 
 B_SPLINE_CURVE_WITH_KNOTS ( ( 4, 4 ),
 ( 1.570796326794899223, 2.200938728951639334 ),
 .UNSPECIFIED. ) 
 CURVE ( )  GEOMETRIC_REPRESENTATION_ITEM ( )  RATIONAL_B_SPLINE_CURVE ( ( 1.000000000000000000, 0.9671828781580986689, 0.9671828781580986689, 1.000000000000000000 ) ) 
 REPRESENTATION_ITEM ( '' )  );
#9849 = ORIENTED_EDGE ( 'NONE', *, *, #4295, .T. ) ;
#9850 = CARTESIAN_POINT ( 'NONE',  ( 90.08638791454794159, 20.00000000000000355, -18.50000000000000000 ) ) ;
#9851 = ORIENTED_EDGE ( 'NONE', *, *, #3268, .F. ) ;
#9852 = PLANE ( 'NONE',  #6111 ) ;
#9853 = CARTESIAN_POINT ( 'NONE',  ( 98.19975000000000875, 1.999999999999997780, -2.396757161635504119 ) ) ;
#9854 = DIRECTION ( 'NONE',  ( 0.000000000000000000, 0.000000000000000000, -1.000000000000000000 ) ) ;
#9855 = ORIENTED_EDGE ( 'NONE', *, *, #6195, .T. ) ;
#9856 = LINE ( 'NONE', #8416, #6829 ) ;
#9857 = DIRECTION ( 'NONE',  ( -0.3826834323650856740, 0.000000000000000000, 0.9238795325112884038 ) ) ;
#9858 = VERTEX_POINT ( 'NONE', #5628 ) ;
#9859 = CARTESIAN_POINT ( 'NONE',  ( 47.47474999999994338, 20.00000000000000355, -18.50000000000000000 ) ) ;
#9860 = ORIENTED_EDGE ( 'NONE', *, *, #4890, .F. ) ;
#9861 = ORIENTED_EDGE ( 'NONE', *, *, #9093, .F. ) ;
#9862 = LINE ( 'NONE', #4887, #3810 ) ;
#9863 = VERTEX_POINT ( 'NONE', #8890 ) ;
#9864 = EDGE_CURVE ( 'NONE', #8957, #9281, #3333, .T. ) ;
#9865 = CARTESIAN_POINT ( 'NONE',  ( 62.17500000000001137, 2.000000000000000000, -1.500000000000000000 ) ) ;
#9866 = CARTESIAN_POINT ( 'NONE',  ( 85.22500000000000853, 2.000000000000000000, 0.000000000000000000 ) ) ;
#9867 = DIRECTION ( 'NONE',  ( 0.3826713273149908168, 0.000000000000000000, -0.9238845464943026276 ) ) ;
#9868 = ORIENTED_EDGE ( 'NONE', *, *, #104, .T. ) ;
#9869 = CARTESIAN_POINT ( 'NONE',  ( 29.40000000000000213, 18.50000000000000355, -18.50000000000000000 ) ) ;
#9870 = CARTESIAN_POINT ( 'NONE',  ( 106.0000000000000142, 17.50000000000000000, 0.000000000000000000 ) ) ;
#9871 = EDGE_CURVE ( 'NONE', #3994, #7874, #6653, .T. ) ;
#9872 = CARTESIAN_POINT ( 'NONE',  ( 37.67474999999993912, 2.000000000000000000, -20.00000000000000000 ) ) ;
#9873 = EDGE_LOOP ( 'NONE', ( #10352, #6740, #8297, #5316 ) ) ;
#9874 = LINE ( 'NONE', #7529, #8417 ) ;
#9875 = ORIENTED_EDGE ( 'NONE', *, *, #2780, .T. ) ;
#9876 = ORIENTED_EDGE ( 'NONE', *, *, #3007, .F. ) ;
#9877 = VERTEX_POINT ( 'NONE', #63 ) ;
#9878 = FACE_OUTER_BOUND ( 'NONE', #9247, .T. ) ;
#9879 = EDGE_CURVE ( 'NONE', #4583, #2646, #3432, .T. ) ;
#9880 = DIRECTION ( 'NONE',  ( 0.3826834323650958325, 0.000000000000000000, 0.9238795325112842960 ) ) ;
#9881 = CARTESIAN_POINT ( 'NONE',  ( 57.91406477336863645, 2.999999999999999112, -7.751619436258012641 ) ) ;
#9882 = LINE ( 'NONE', #7384, #1032 ) ;
#9883 = CARTESIAN_POINT ( 'NONE',  ( 14.89974999999992278, 18.50000000000000355, -14.72273073147576028 ) ) ;
#9884 = EDGE_LOOP ( 'NONE', ( #6983, #7317, #5196, #5646, #10109 ) ) ;
#9885 = VECTOR ( 'NONE', #124, 1000.000000000000114 ) ;
#9886 = AXIS2_PLACEMENT_3D ( 'NONE', #6976, #10068, #9264 ) ;
#9887 = EDGE_CURVE ( 'NONE', #5748, #182, #868, .T. ) ;
#9888 = CARTESIAN_POINT ( 'NONE',  ( 19.80000000000000426, 18.49999994665291325, -5.131146991037542016 ) ) ;
#9889 = DIRECTION ( 'NONE',  ( -1.000000000000000000, 0.000000000000000000, 0.000000000000000000 ) ) ;
#9890 = LINE ( 'NONE', #2575, #1744 ) ;
#9891 = VECTOR ( 'NONE', #5162, 1000.000000000000000 ) ;
#9892 = LINE ( 'NONE', #2628, #8673 ) ;
#9893 = ORIENTED_EDGE ( 'NONE', *, *, #7416, .T. ) ;
#9894 = EDGE_CURVE ( 'NONE', #5344, #1193, #923, .T. ) ;
#9895 = VECTOR ( 'NONE', #6988, 1000.000000000000000 ) ;
#9896 = EDGE_LOOP ( 'NONE', ( #2970, #1968, #4387, #6979, #6768, #10221, #9710 ) ) ;
#9897 = CARTESIAN_POINT ( 'NONE',  ( 32.77500000000000568, 20.00000000000000355, -1.500000000000000000 ) ) ;
#9898 = VERTEX_POINT ( 'NONE', #6605 ) ;
#9899 = VECTOR ( 'NONE', #4438, 1000.000000000000114 ) ;
#9900 = EDGE_CURVE ( 'NONE', #7358, #9993, #10065, .T. ) ;
#9901 = VECTOR ( 'NONE', #8505, 1000.000000000000000 ) ;
#9902 = EDGE_CURVE ( 'NONE', #6370, #1554, #5838, .T. ) ;
#9903 = DIRECTION ( 'NONE',  ( -1.000000000000000000, 0.000000000000000000, 0.000000000000000000 ) ) ;
#9904 = AXIS2_PLACEMENT_3D ( 'NONE', #5877, #4318, #3521 ) ;
#9905 = CYLINDRICAL_SURFACE ( 'NONE', #534, 0.9999999999999994449 ) ;
#9906 = VECTOR ( 'NONE', #324, 1000.000000000000114 ) ;
#9907 = CARTESIAN_POINT ( 'NONE',  ( 26.42500000000000426, 18.50000000000000355, 0.000000000000000000 ) ) ;
#9908 = ORIENTED_EDGE ( 'NONE', *, *, #2946, .F. ) ;
#9909 = DIRECTION ( 'NONE',  ( 0.000000000000000000, 0.000000000000000000, -1.000000000000000000 ) ) ;
#9910 = CARTESIAN_POINT ( 'NONE',  ( 104.6267241709040405, 20.00000000000000355, -18.50000000000000355 ) ) ;
#9911 = ORIENTED_EDGE ( 'NONE', *, *, #4399, .F. ) ;
#9912 = FACE_OUTER_BOUND ( 'NONE', #7585, .T. ) ;
#9913 = ORIENTED_EDGE ( 'NONE', *, *, #9985, .F. ) ;
#9914 = ORIENTED_EDGE ( 'NONE', *, *, #8354, .F. ) ;
#9915 = DIRECTION ( 'NONE',  ( -0.000000000000000000, -1.000000000000000000, -0.000000000000000000 ) ) ;
#9916 = ORIENTED_EDGE ( 'NONE', *, *, #7222, .T. ) ;
#9917 = VECTOR ( 'NONE', #8694, 1000.000000000000000 ) ;
#9918 =( BOUNDED_CURVE ( )  B_SPLINE_CURVE ( 3, ( #6304, #1324, #4573, #2245 ),
 .UNSPECIFIED., .F., .F. ) 
 B_SPLINE_CURVE_WITH_KNOTS ( ( 4, 4 ),
 ( -1.776356839400250465E-15, 0.9406539246381675490 ),
 .UNSPECIFIED. ) 
 CURVE ( )  GEOMETRIC_REPRESENTATION_ITEM ( )  RATIONAL_B_SPLINE_CURVE ( ( 1.000000000000000000, 0.9276134425277003936, 0.9276134425277003936, 1.000000000000000000 ) ) 
 REPRESENTATION_ITEM ( '' )  );
#9919 = CYLINDRICAL_SURFACE ( 'NONE', #5119, 1.000000000000003109 ) ;
#9920 = DIRECTION ( 'NONE',  ( -0.3826834323650954439, 0.000000000000000000, -0.9238795325112842960 ) ) ;
#9921 = CARTESIAN_POINT ( 'NONE',  ( 52.37500000000000711, 2.000000000000000000, 0.000000000000000000 ) ) ;
#9922 = VERTEX_POINT ( 'NONE', #10544 ) ;
#9923 = DIRECTION ( 'NONE',  ( -0.000000000000000000, -1.000000000000000000, -0.000000000000000000 ) ) ;
#9924 = EDGE_CURVE ( 'NONE', #4788, #1392, #14, .T. ) ;
#9925 = DIRECTION ( 'NONE',  ( -0.3826834323650856740, 0.000000000000000000, 0.9238795325112884038 ) ) ;
#9926 = ADVANCED_FACE ( 'NONE', ( #1618 ), #9952, .F. ) ;
#9927 = CARTESIAN_POINT ( 'NONE',  ( 11.00000000000000355, 5.000000000000000000, -2.925000000000000266 ) ) ;
#9928 = ORIENTED_EDGE ( 'NONE', *, *, #1892, .T. ) ;
#9929 = FACE_OUTER_BOUND ( 'NONE', #7979, .T. ) ;
#9930 = AXIS2_PLACEMENT_3D ( 'NONE', #9881, #4001, #1763 ) ;
#9931 = ORIENTED_EDGE ( 'NONE', *, *, #1396, .T. ) ;
#9932 = VERTEX_POINT ( 'NONE', #9897 ) ;
#9933 = ORIENTED_EDGE ( 'NONE', *, *, #4226, .T. ) ;
#9934 = EDGE_CURVE ( 'NONE', #1266, #7509, #2016, .T. ) ;
#9935 = PLANE ( 'NONE',  #1887 ) ;
#9936 = VECTOR ( 'NONE', #5458, 1000.000000000000000 ) ;
#9937 = CARTESIAN_POINT ( 'NONE',  ( 16.42672417090403414, 18.50000000000000355, -18.50000000000000355 ) ) ;
#9938 = PLANE ( 'NONE',  #9904 ) ;
#9939 = PLANE ( 'NONE',  #4953 ) ;
#9940 = ADVANCED_FACE ( 'NONE', ( #7500 ), #170, .F. ) ;
#9941 = ORIENTED_EDGE ( 'NONE', *, *, #10059, .T. ) ;
#9942 = VECTOR ( 'NONE', #734, 1000.000000000000000 ) ;
#9943 = CARTESIAN_POINT ( 'NONE',  ( 19.80000000000000426, 18.08557190481627330, -7.743065814018620152 ) ) ;
#9944 = VECTOR ( 'NONE', #4306, 1000.000000000000000 ) ;
#9945 = CARTESIAN_POINT ( 'NONE',  ( 44.29974999999995333, 18.50000000000000355, -16.96018989328456428 ) ) ;
#9946 = CARTESIAN_POINT ( 'NONE',  ( 55.82500000000001705, 2.000000000000000000, 0.000000000000000000 ) ) ;
#9947 = DIRECTION ( 'NONE',  ( -1.000000000000000000, 0.000000000000000000, 0.000000000000000000 ) ) ;
#9948 = CARTESIAN_POINT ( 'NONE',  ( 68.60000000000000853, 18.50000000000000355, -18.50000000000000000 ) ) ;
#9949 = CARTESIAN_POINT ( 'NONE',  ( 31.32474999999994125, 18.50000000000000355, -18.50000000000000000 ) ) ;
#9950 = ORIENTED_EDGE ( 'NONE', *, *, #8148, .F. ) ;
#9951 = ORIENTED_EDGE ( 'NONE', *, *, #9417, .T. ) ;
#9952 = PLANE ( 'NONE',  #7405 ) ;
#9953 = VECTOR ( 'NONE', #3069, 1000.000000000000000 ) ;
#9954 = VERTEX_POINT ( 'NONE', #7400 ) ;
#9955 = ADVANCED_FACE ( 'NONE', ( #8091 ), #6552, .F. ) ;
#9956 = CARTESIAN_POINT ( 'NONE',  ( 29.59975000000000378, 2.052697314414772212, -1.919915453368669533 ) ) ;
#9957 = PLANE ( 'NONE',  #1873 ) ;
#9958 = AXIS2_PLACEMENT_3D ( 'NONE', #5648, #2447, #5706 ) ;
#9959 = CARTESIAN_POINT ( 'NONE',  ( 90.08638791454794159, 20.00000000000000355, -18.50000000000000000 ) ) ;
#9960 = EDGE_LOOP ( 'NONE', ( #4515, #5237, #5446, #4441 ) ) ;
#9961 = FACE_OUTER_BOUND ( 'NONE', #4949, .T. ) ;
#9962 = EDGE_CURVE ( 'NONE', #8891, #1791, #5174, .T. ) ;
#9963 = EDGE_CURVE ( 'NONE', #3642, #3146, #1725, .T. ) ;
#9964 = DIRECTION ( 'NONE',  ( 0.3826834323650956105, -0.000000000000000000, 0.9238795325112842960 ) ) ;
#9965 = VERTEX_POINT ( 'NONE', #4977 ) ;
#9966 = PLANE ( 'NONE',  #9037 ) ;
#9967 = ORIENTED_EDGE ( 'NONE', *, *, #2744, .F. ) ;
#9968 = ORIENTED_EDGE ( 'NONE', *, *, #2223, .F. ) ;
#9969 = CARTESIAN_POINT ( 'NONE',  ( 15.59751995710436923, 18.50000000000000355, 2.401411394361280482 ) ) ;
#9970 = ORIENTED_EDGE ( 'NONE', *, *, #2171, .F. ) ;
#9971 = EDGE_CURVE ( 'NONE', #9595, #3465, #2081, .T. ) ;
#9972 = CARTESIAN_POINT ( 'NONE',  ( 88.39974999999999739, 18.34604576567463141, -1.500000000000004885 ) ) ;
#9973 = CARTESIAN_POINT ( 'NONE',  ( 73.69974999999995191, 18.30794360463553616, -18.50000000000000000 ) ) ;
#9974 = EDGE_LOOP ( 'NONE', ( #7844, #788, #7661, #2747, #3845 ) ) ;
#9975 = CARTESIAN_POINT ( 'NONE',  ( 83.05516802938824128, 18.50000000000000355, -18.50000000000000355 ) ) ;
#9976 = CARTESIAN_POINT ( 'NONE',  ( 22.97500000000000142, 18.50000000000000355, 0.000000000000000000 ) ) ;
#9977 = DIRECTION ( 'NONE',  ( -1.000000000000000000, -0.000000000000000000, -0.000000000000000000 ) ) ;
#9978 = ORIENTED_EDGE ( 'NONE', *, *, #524, .F. ) ;
#9979 = VECTOR ( 'NONE', #3975, 1000.000000000000000 ) ;
#9980 = CARTESIAN_POINT ( 'NONE',  ( 88.40000000000001990, 12.66666666666666607, -7.744272920799764925 ) ) ;
#9981 = ORIENTED_EDGE ( 'NONE', *, *, #797, .T. ) ;
#9982 =( BOUNDED_CURVE ( )  B_SPLINE_CURVE ( 3, ( #7314, #10568, #5712, #6735 ),
 .UNSPECIFIED., .F., .F. ) 
 B_SPLINE_CURVE_WITH_KNOTS ( ( 4, 4 ),
 ( 5.342531382541413798, 6.283185307179586232 ),
 .UNSPECIFIED. ) 
 CURVE ( )  GEOMETRIC_REPRESENTATION_ITEM ( )  RATIONAL_B_SPLINE_CURVE ( ( 1.000000000000000000, 0.9276134425277000606, 0.9276134425277000606, 1.000000000000000000 ) ) 
 REPRESENTATION_ITEM ( '' )  );
#9983 = ORIENTED_EDGE ( 'NONE', *, *, #9817, .F. ) ;
#9984 = EDGE_LOOP ( 'NONE', ( #1870, #4577, #5219, #3659 ) ) ;
#9985 = EDGE_CURVE ( 'NONE', #8339, #6681, #9746, .T. ) ;
#9986 = ADVANCED_FACE ( 'NONE', ( #284 ), #9316, .T. ) ;
#9987 = CARTESIAN_POINT ( 'NONE',  ( 14.67364042459307427, 18.50000000000000355, 2.018727961996194420 ) ) ;
#9988 = EDGE_CURVE ( 'NONE', #2806, #3900, #6923, .T. ) ;
#9989 = CARTESIAN_POINT ( 'NONE',  ( 49.00000000000000711, 2.000000000000000000, -1.500000000000000000 ) ) ;
#9990 = PLANE ( 'NONE',  #5668 ) ;
#9991 = CARTESIAN_POINT ( 'NONE',  ( 0.000000000000000000, 2.000000000000000000, 0.000000000000000000 ) ) ;
#9992 = LINE ( 'NONE', #3634, #2243 ) ;
#9993 = VERTEX_POINT ( 'NONE', #10174 ) ;
#9994 = EDGE_LOOP ( 'NONE', ( #5623, #5789, #1083, #8714 ) ) ;
#9995 = VERTEX_POINT ( 'NONE', #6004 ) ;
#9996 = EDGE_CURVE ( 'NONE', #8452, #2633, #397, .T. ) ;
#9997 = DIRECTION ( 'NONE',  ( -0.9238795325112844070, 0.000000000000000000, 0.3826834323650956660 ) ) ;
#9998 = CARTESIAN_POINT ( 'NONE',  ( 54.38457362364322734, 2.383975024205967408, -18.50000000000000355 ) ) ;
#9999 = LINE ( 'NONE', #222, #717 ) ;
#10000 =( BOUNDED_CURVE ( )  B_SPLINE_CURVE ( 3, ( #2276, #1512, #4767, #5579 ),
 .UNSPECIFIED., .F., .F. ) 
 B_SPLINE_CURVE_WITH_KNOTS ( ( 4, 4 ),
 ( 2.133068898117247425, 3.141592653589793116 ),
 .UNSPECIFIED. ) 
 CURVE ( )  GEOMETRIC_REPRESENTATION_ITEM ( )  RATIONAL_B_SPLINE_CURVE ( ( 1.000000000000000000, 0.9170208966857386068, 0.9170208966857386068, 1.000000000000000000 ) ) 
 REPRESENTATION_ITEM ( '' )  );
#10001 = DIRECTION ( 'NONE',  ( -0.3826834323650853964, -0.000000000000000000, 0.9238795325112885148 ) ) ;
#10002 = EDGE_CURVE ( 'NONE', #6442, #3524, #6868, .T. ) ;
#10003 = DIRECTION ( 'NONE',  ( -0.3826834323650857850, 0.000000000000000000, 0.9238795325112884038 ) ) ;
#10004 = CARTESIAN_POINT ( 'NONE',  ( 87.47612046748874093, 18.50000000000000355, -7.360382381653503003 ) ) ;
#10005 = ORIENTED_EDGE ( 'NONE', *, *, #6437, .F. ) ;
#10006 = EDGE_LOOP ( 'NONE', ( #2102, #9094, #3390, #7721 ) ) ;
#10007 = DIRECTION ( 'NONE',  ( 0.3826834323650958325, -0.000000000000000000, 0.9238795325112842960 ) ) ;
#10008 = AXIS2_PLACEMENT_3D ( 'NONE', #3028, #5537, #7148 ) ;
#10009 = PLANE ( 'NONE',  #1456 ) ;
#10010 = CARTESIAN_POINT ( 'NONE',  ( 11.72474999999993628, 18.50000000000000355, -18.50000000000000000 ) ) ;
#10011 = EDGE_CURVE ( 'NONE', #497, #7358, #1134, .T. ) ;
#10012 = DIRECTION ( 'NONE',  ( -0.000000000000000000, -1.000000000000000000, -0.000000000000000000 ) ) ;
#10013 = ORIENTED_EDGE ( 'NONE', *, *, #7339, .F. ) ;
#10014 = DIRECTION ( 'NONE',  ( -0.000000000000000000, -1.000000000000000000, -0.000000000000000000 ) ) ;
#10015 = DIRECTION ( 'NONE',  ( 0.3826834323650958325, 0.000000000000000000, 0.9238795325112842960 ) ) ;
#10016 = VERTEX_POINT ( 'NONE', #7556 ) ;
#10017 = CARTESIAN_POINT ( 'NONE',  ( 97.69439220029241255, 2.648745683208489687, -1.500000000000000222 ) ) ;
#10018 = ORIENTED_EDGE ( 'NONE', *, *, #3516, .T. ) ;
#10019 = ORIENTED_EDGE ( 'NONE', *, *, #9660, .T. ) ;
#10020 = DIRECTION ( 'NONE',  ( -0.000000000000000000, -1.000000000000000000, -0.000000000000000000 ) ) ;
#10021 = ORIENTED_EDGE ( 'NONE', *, *, #6444, .F. ) ;
#10022 = VECTOR ( 'NONE', #9977, 1000.000000000000000 ) ;
#10023 = ORIENTED_EDGE ( 'NONE', *, *, #6758, .T. ) ;
#10024 = EDGE_CURVE ( 'NONE', #4606, #7779, #7720, .T. ) ;
#10025 = ADVANCED_FACE ( 'NONE', ( #2849, #8409 ), #3698, .T. ) ;
#10026 = FACE_OUTER_BOUND ( 'NONE', #10050, .T. ) ;
#10027 = LINE ( 'NONE', #1906, #1920 ) ;
#10028 = FACE_OUTER_BOUND ( 'NONE', #7563, .T. ) ;
#10029 = CARTESIAN_POINT ( 'NONE',  ( 11.72474999999993628, 20.00000000000000355, -18.50000000000000000 ) ) ;
#10030 = ORIENTED_EDGE ( 'NONE', *, *, #9477, .F. ) ;
#10031 = CARTESIAN_POINT ( 'NONE',  ( 34.49974999999994196, 2.066190996450163464, -18.04903699352147939 ) ) ;
#10032 = DIRECTION ( 'NONE',  ( 0.000000000000000000, 0.000000000000000000, -1.000000000000000000 ) ) ;
#10033 = LINE ( 'NONE', #9229, #9159 ) ;
#10034 = ORIENTED_EDGE ( 'NONE', *, *, #547, .T. ) ;
#10035 = DIRECTION ( 'NONE',  ( 0.000000000000000000, -0.000000000000000000, -1.000000000000000000 ) ) ;
#10036 = EDGE_CURVE ( 'NONE', #6574, #4762, #6108, .T. ) ;
#10037 = ORIENTED_EDGE ( 'NONE', *, *, #7289, .T. ) ;
#10038 = VERTEX_POINT ( 'NONE', #4280 ) ;
#10039 = ORIENTED_EDGE ( 'NONE', *, *, #10434, .T. ) ;
#10040 = EDGE_CURVE ( 'NONE', #184, #1063, #4442, .T. ) ;
#10041 = EDGE_CURVE ( 'NONE', #10061, #1554, #6971, .T. ) ;
#10042 = VECTOR ( 'NONE', #6057, 1000.000000000000000 ) ;
#10043 = CARTESIAN_POINT ( 'NONE',  ( 81.97277582909586613, 2.000000000000000000, -18.50000000000000000 ) ) ;
#10044 = FACE_OUTER_BOUND ( 'NONE', #255, .T. ) ;
#10045 = CARTESIAN_POINT ( 'NONE',  ( 21.52474999999994054, 2.000000000000000000, -20.00000000000000000 ) ) ;
#10046 = DIRECTION ( 'NONE',  ( -0.3827076417426388821, -0.000000000000000000, -0.9238695042871519769 ) ) ;
#10047 = LINE ( 'NONE', #1925, #7531 ) ;
#10048 = ORIENTED_EDGE ( 'NONE', *, *, #3109, .T. ) ;
#10049 = ORIENTED_EDGE ( 'NONE', *, *, #3151, .F. ) ;
#10050 = EDGE_LOOP ( 'NONE', ( #1124, #5091, #7159, #3700 ) ) ;
#10051 = VECTOR ( 'NONE', #2492, 1000.000000000000000 ) ;
#10052 = CARTESIAN_POINT ( 'NONE',  ( 103.0997499999999576, 2.000000000000000000, -16.96018989328456428 ) ) ;
#10053 = CARTESIAN_POINT ( 'NONE',  ( 34.49974999999994196, 18.50000000000000355, -12.10960480172301423 ) ) ;
#10054 = DIRECTION ( 'NONE',  ( -0.000000000000000000, -1.000000000000000000, -0.000000000000000000 ) ) ;
#10055 = CARTESIAN_POINT ( 'NONE',  ( 29.60000000000000853, 2.999999999999999112, -7.743669367409185433 ) ) ;
#10056 = FACE_OUTER_BOUND ( 'NONE', #9144, .T. ) ;
#10057 = CARTESIAN_POINT ( 'NONE',  ( 34.49974999999992775, 18.50000000000000355, -14.72273073147575850 ) ) ;
#10058 = ORIENTED_EDGE ( 'NONE', *, *, #10452, .T. ) ;
#10059 = EDGE_CURVE ( 'NONE', #263, #1145, #5079, .T. ) ;
#10060 = VECTOR ( 'NONE', #333, 1000.000000000000000 ) ;
#10061 = VERTEX_POINT ( 'NONE', #10121 ) ;
#10062 = DIRECTION ( 'NONE',  ( -0.000000000000000000, -0.000000000000000000, 1.000000000000000000 ) ) ;
#10063 = VECTOR ( 'NONE', #7973, 1000.000000000000114 ) ;
#10064 = VERTEX_POINT ( 'NONE', #8570 ) ;
#10065 =( BOUNDED_CURVE ( )  B_SPLINE_CURVE ( 3, ( #4122, #1779, #4171, #3380 ),
 .UNSPECIFIED., .F., .F. ) 
 B_SPLINE_CURVE_WITH_KNOTS ( ( 4, 4 ),
 ( 1.570796326794904330, 3.141592653589793116 ),
 .UNSPECIFIED. ) 
 CURVE ( )  GEOMETRIC_REPRESENTATION_ITEM ( )  RATIONAL_B_SPLINE_CURVE ( ( 1.000000000000000000, 0.8047378541243667138, 0.8047378541243667138, 1.000000000000000000 ) ) 
 REPRESENTATION_ITEM ( '' )  );
#10066 = EDGE_CURVE ( 'NONE', #1241, #7162, #5197, .T. ) ;
#10067 = PLANE ( 'NONE',  #6485 ) ;
#10068 = DIRECTION ( 'NONE',  ( 0.9238795325112842960, 0.000000000000000000, -0.3826834323650958325 ) ) ;
#10069 = LINE ( 'NONE', #6874, #10155 ) ;
#10070 = ORIENTED_EDGE ( 'NONE', *, *, #2025, .T. ) ;
#10071 = DIRECTION ( 'NONE',  ( -0.000000000000000000, -1.000000000000000000, -0.000000000000000000 ) ) ;
#10072 = AXIS2_PLACEMENT_3D ( 'NONE', #3315, #9833, #7224 ) ;
#10073 = VECTOR ( 'NONE', #4089, 999.9999999999998863 ) ;
#10074 = ORIENTED_EDGE ( 'NONE', *, *, #10374, .T. ) ;
#10075 = CARTESIAN_POINT ( 'NONE',  ( 97.69439220029241255, 2.999999999999999112, -1.499999999999999556 ) ) ;
#10076 = ORIENTED_EDGE ( 'NONE', *, *, #9112, .T. ) ;
#10077 = FACE_OUTER_BOUND ( 'NONE', #5747, .T. ) ;
#10078 = AXIS2_PLACEMENT_3D ( 'NONE', #7547, #8615, #2151 ) ;
#10079 = ORIENTED_EDGE ( 'NONE', *, *, #10296, .T. ) ;
#10080 = EDGE_CURVE ( 'NONE', #5816, #10506, #7660, .T. ) ;
#10081 = ORIENTED_EDGE ( 'NONE', *, *, #7213, .F. ) ;
#10082 = VECTOR ( 'NONE', #10001, 1000.000000000000114 ) ;
#10083 = AXIS2_PLACEMENT_3D ( 'NONE', #9015, #3304, #5001 ) ;
#10084 = DIRECTION ( 'NONE',  ( -0.000000000000000000, -1.000000000000000000, -0.000000000000000000 ) ) ;
#10085 = PLANE ( 'NONE',  #1088 ) ;
#10086 = DIRECTION ( 'NONE',  ( -0.000000000000000000, -1.000000000000000000, -0.000000000000000000 ) ) ;
#10087 = EDGE_LOOP ( 'NONE', ( #7670, #8572, #3391, #9303 ) ) ;
#10088 = CARTESIAN_POINT ( 'NONE',  ( 99.32428806984528080, 18.50000000000000355, -13.07126799313208743 ) ) ;
#10089 = DIRECTION ( 'NONE',  ( -0.000000000000000000, -0.000000000000000000, -1.000000000000000000 ) ) ;
#10090 = DIRECTION ( 'NONE',  ( -0.000000000000000000, -1.000000000000000000, -0.000000000000000000 ) ) ;
#10091 = VERTEX_POINT ( 'NONE', #2902 ) ;
#10092 = LINE ( 'NONE', #3563, #576 ) ;
#10093 = EDGE_CURVE ( 'NONE', #1809, #4564, #1994, .T. ) ;
#10094 = AXIS2_PLACEMENT_3D ( 'NONE', #1896, #1038, #2640 ) ;
#10095 = CARTESIAN_POINT ( 'NONE',  ( 54.54433197061165117, 18.50000000000000355, -18.50000000000000000 ) ) ;
#10096 = ORIENTED_EDGE ( 'NONE', *, *, #330, .T. ) ;
#10097 = ORIENTED_EDGE ( 'NONE', *, *, #5391, .T. ) ;
#10098 = FACE_OUTER_BOUND ( 'NONE', #9960, .T. ) ;
#10099 = EDGE_CURVE ( 'NONE', #3307, #4081, #1029, .T. ) ;
#10100 = CARTESIAN_POINT ( 'NONE',  ( 57.27474999999994054, 2.000000000000000000, -20.00000000000000000 ) ) ;
#10101 = DIRECTION ( 'NONE',  ( 0.3826834323650853964, 0.000000000000000000, -0.9238795325112886259 ) ) ;
#10102 = DIRECTION ( 'NONE',  ( 0.000000000000000000, 0.000000000000000000, -1.000000000000000000 ) ) ;
#10103 = LINE ( 'NONE', #1980, #4950 ) ;
#10104 = VECTOR ( 'NONE', #9178, 1000.000000000000114 ) ;
#10105 = CARTESIAN_POINT ( 'NONE',  ( 65.52139948961566063, 2.999999999999999112, 2.784094826726366101 ) ) ;
#10106 = EDGE_CURVE ( 'NONE', #6620, #2881, #6046, .T. ) ;
#10107 = LINE ( 'NONE', #4478, #2959 ) ;
#10108 = ORIENTED_EDGE ( 'NONE', *, *, #1073, .T. ) ;
#10109 = ORIENTED_EDGE ( 'NONE', *, *, #5176, .F. ) ;
#10110 = ADVANCED_FACE ( 'NONE', ( #5143 ), #1501, .F. ) ;
#10111 = VERTEX_POINT ( 'NONE', #6382 ) ;
#10112 = AXIS2_PLACEMENT_3D ( 'NONE', #5677, #8938, #4913 ) ;
#10113 = LINE ( 'NONE', #4432, #1700 ) ;
#10114 = CARTESIAN_POINT ( 'NONE',  ( 54.09974999999992917, 2.192056395364460730, -18.50000000000000000 ) ) ;
#10115 = CARTESIAN_POINT ( 'NONE',  ( 60.58750000000001279, 20.00000000000000355, -1.500000000000000888 ) ) ;
#10116 = DIRECTION ( 'NONE',  ( -0.3826834323650853964, 0.000000000000000000, 0.9238795325112885148 ) ) ;
#10117 = VECTOR ( 'NONE', #32, 1000.000000000000000 ) ;
#10118 = LINE ( 'NONE', #6967, #9899 ) ;
#10119 = CARTESIAN_POINT ( 'NONE',  ( 67.07474999999995191, 18.50000000000000355, 0.000000000000000000 ) ) ;
#10120 = ORIENTED_EDGE ( 'NONE', *, *, #7486, .F. ) ;
#10121 = CARTESIAN_POINT ( 'NONE',  ( 81.77500000000001990, 2.000000000000000000, 0.000000000000000000 ) ) ;
#10122 = ORIENTED_EDGE ( 'NONE', *, *, #2432, .T. ) ;
#10123 = AXIS2_PLACEMENT_3D ( 'NONE', #4527, #3731, #2941 ) ;
#10124 = EDGE_CURVE ( 'NONE', #7407, #828, #4707, .T. ) ;
#10125 = EDGE_CURVE ( 'NONE', #4249, #5772, #8774, .T. ) ;
#10126 = LINE ( 'NONE', #8411, #9718 ) ;
#10127 = LINE ( 'NONE', #8624, #6658 ) ;
#10128 = ADVANCED_FACE ( 'NONE', ( #1458 ), #6164, .F. ) ;
#10129 = CARTESIAN_POINT ( 'NONE',  ( 19.80000000000000426, 17.50000000000000000, -7.744272920799767590 ) ) ;
#10130 = VERTEX_POINT ( 'NONE', #1295 ) ;
#10131 = ORIENTED_EDGE ( 'NONE', *, *, #5497, .F. ) ;
#10132 = DIRECTION ( 'NONE',  ( 0.000000000000000000, -0.000000000000000000, 1.000000000000000000 ) ) ;
#10133 = ORIENTED_EDGE ( 'NONE', *, *, #8209, .T. ) ;
#10134 = LINE ( 'NONE', #2007, #1253 ) ;
#10135 = EDGE_LOOP ( 'NONE', ( #413, #2709, #7103, #5709 ) ) ;
#10136 =( BOUNDED_CURVE ( )  B_SPLINE_CURVE ( 3, ( #4092, #7475, #8222, #837 ),
 .UNSPECIFIED., .F., .F. ) 
 B_SPLINE_CURVE_WITH_KNOTS ( ( 4, 4 ),
 ( 4.451636322658157674, 4.712388980384688786 ),
 .UNSPECIFIED. ) 
 CURVE ( )  GEOMETRIC_REPRESENTATION_ITEM ( )  RATIONAL_B_SPLINE_CURVE ( ( 1.000000000000000000, 0.9943420256214785535, 0.9943420256214785535, 1.000000000000000000 ) ) 
 REPRESENTATION_ITEM ( '' )  );
#10137 = ORIENTED_EDGE ( 'NONE', *, *, #6348, .T. ) ;
#10138 = VECTOR ( 'NONE', #4292, 999.9999999999998863 ) ;
#10139 = DIRECTION ( 'NONE',  ( 0.000000000000000000, 0.000000000000000000, 1.000000000000000000 ) ) ;
#10140 = DIRECTION ( 'NONE',  ( -0.3826834323650954439, 0.000000000000000000, -0.9238795325112842960 ) ) ;
#10141 = CARTESIAN_POINT ( 'NONE',  ( 48.87808768696164208, 18.15878848121910139, -1.500000000000001332 ) ) ;
#10142 = FACE_OUTER_BOUND ( 'NONE', #1201, .T. ) ;
#10143 = EDGE_LOOP ( 'NONE', ( #9476, #4667, #8569, #3582, #8858, #8668, #8472, #10196 ) ) ;
#10144 = DIRECTION ( 'NONE',  ( 0.000000000000000000, 0.000000000000000000, 1.000000000000000000 ) ) ;
#10145 = EDGE_CURVE ( 'NONE', #9514, #1282, #7875, .T. ) ;
#10146 = CARTESIAN_POINT ( 'NONE',  ( 102.6551680293882498, 3.000000000000000888, -18.50000000000000355 ) ) ;
#10147 = CARTESIAN_POINT ( 'NONE',  ( 99.78750000000000853, 18.50000000000000355, -1.500000000000000888 ) ) ;
#10148 = ORIENTED_EDGE ( 'NONE', *, *, #2025, .F. ) ;
#10149 = FACE_OUTER_BOUND ( 'NONE', #1044, .T. ) ;
#10150 = VECTOR ( 'NONE', #10512, 1000.000000000000114 ) ;
#10151 = CARTESIAN_POINT ( 'NONE',  ( 38.89439220029240829, 2.648745683208485246, -1.500000000000000444 ) ) ;
#10152 = ORIENTED_EDGE ( 'NONE', *, *, #8232, .T. ) ;
#10153 = VERTEX_POINT ( 'NONE', #3853 ) ;
#10154 = LINE ( 'NONE', #6847, #5964 ) ;
#10155 = VECTOR ( 'NONE', #5031, 999.9999999999998863 ) ;
#10156 = CARTESIAN_POINT ( 'NONE',  ( 34.94433197061162844, 2.674305589214430956, -18.50000000000000355 ) ) ;
#10157 = CARTESIAN_POINT ( 'NONE',  ( 19.16021982760969067, 18.50000000000000355, 3.877129999389440584 ) ) ;
#10158 = LINE ( 'NONE', #1121, #7185 ) ;
#10159 = DIRECTION ( 'NONE',  ( -0.000000000000000000, -1.000000000000000000, -0.000000000000000000 ) ) ;
#10160 = VERTEX_POINT ( 'NONE', #2314 ) ;
#10161 = ORIENTED_EDGE ( 'NONE', *, *, #2859, .T. ) ;
#10162 = VERTEX_POINT ( 'NONE', #2956 ) ;
#10163 = ORIENTED_EDGE ( 'NONE', *, *, #1404, .F. ) ;
#10164 = VECTOR ( 'NONE', #400, 1000.000000000000000 ) ;
#10165 = EDGE_CURVE ( 'NONE', #2997, #7241, #9659, .T. ) ;
#10166 = DIRECTION ( 'NONE',  ( -0.000000000000000000, -1.000000000000000000, -0.000000000000000000 ) ) ;
#10167 = EDGE_CURVE ( 'NONE', #4396, #7733, #3802, .T. ) ;
#10168 = PLANE ( 'NONE',  #5976 ) ;
#10169 = CARTESIAN_POINT ( 'NONE',  ( -4.000000000000000000, 11.50000000000000000, -17.09999999999999787 ) ) ;
#10170 = DIRECTION ( 'NONE',  ( -0.000000000000000000, -1.000000000000000000, -0.000000000000000000 ) ) ;
#10171 = CARTESIAN_POINT ( 'NONE',  ( 22.97500000000000142, 2.000000000000000000, -1.500000000000000000 ) ) ;
#10172 = CARTESIAN_POINT ( 'NONE',  ( 39.40000000000000568, 12.66666666666666607, -7.744272920799767590 ) ) ;
#10173 = EDGE_LOOP ( 'NONE', ( #7267, #4277, #2429, #8019 ) ) ;
#10174 = CARTESIAN_POINT ( 'NONE',  ( 59.00000000000001421, 17.50000000000000000, -7.743669367409185433 ) ) ;
#10175 = ADVANCED_FACE ( 'NONE', ( #2157 ), #7132, .F. ) ;
#10176 = ORIENTED_EDGE ( 'NONE', *, *, #5176, .T. ) ;
#10177 = CARTESIAN_POINT ( 'NONE',  ( 0.000000000000000000, 2.000000000000000000, 0.000000000000000000 ) ) ;
#10178 = CARTESIAN_POINT ( 'NONE',  ( 15.34433197061163945, 17.50000000000000000, -18.50000000000000000 ) ) ;
#10179 = CARTESIAN_POINT ( 'NONE',  ( 54.09974999999994338, 18.50000000000000711, -13.19199700201540537 ) ) ;
#10180 = ORIENTED_EDGE ( 'NONE', *, *, #6866, .F. ) ;
#10181 = CARTESIAN_POINT ( 'NONE',  ( 88.39974999999999739, 18.34604576567463141, -1.500000000000004885 ) ) ;
#10182 = ORIENTED_EDGE ( 'NONE', *, *, #3206, .T. ) ;
#10183 = CARTESIAN_POINT ( 'NONE',  ( 73.25516802938824412, 17.82569441078556594, -18.50000000000000000 ) ) ;
#10184 = ORIENTED_EDGE ( 'NONE', *, *, #5705, .F. ) ;
#10185 = CARTESIAN_POINT ( 'NONE',  ( 59.00000000000001421, 2.999999999999999112, -7.743669367409185433 ) ) ;
#10186 = ORIENTED_EDGE ( 'NONE', *, *, #6742, .F. ) ;
#10187 = ORIENTED_EDGE ( 'NONE', *, *, #7891, .F. ) ;
#10188 = LINE ( 'NONE', #7049, #1708 ) ;
#10189 = CARTESIAN_POINT ( 'NONE',  ( 10.00000000000000178, 10.00000000000000000, -2.999999999999999112 ) ) ;
#10190 = LINE ( 'NONE', #2868, #9398 ) ;
#10191 = LINE ( 'NONE', #3617, #10247 ) ;
#10192 = ORIENTED_EDGE ( 'NONE', *, *, #6866, .T. ) ;
#10193 = CARTESIAN_POINT ( 'NONE',  ( 78.59993749768391069, 18.50000000000000355, -10.35694617991806865 ) ) ;
#10194 = CARTESIAN_POINT ( 'NONE',  ( 60.72474999999994338, 18.50000000000000355, -20.00000000000000000 ) ) ;
#10195 = DIRECTION ( 'NONE',  ( -1.000000000000000000, 0.000000000000000000, 0.000000000000000000 ) ) ;
#10196 = ORIENTED_EDGE ( 'NONE', *, *, #6161, .T. ) ;
#10197 = VECTOR ( 'NONE', #2875, 1000.000000000000000 ) ;
#10198 =( BOUNDED_CURVE ( )  B_SPLINE_CURVE ( 3, ( #5400, #3102, #2257, #7173 ),
 .UNSPECIFIED., .F., .F. ) 
 B_SPLINE_CURVE_WITH_KNOTS ( ( 4, 4 ),
 ( 4.082246578227943345, 4.712388980384666581 ),
 .UNSPECIFIED. ) 
 CURVE ( )  GEOMETRIC_REPRESENTATION_ITEM ( )  RATIONAL_B_SPLINE_CURVE ( ( 1.000000000000000000, 0.9671828781581004453, 0.9671828781581004453, 1.000000000000000000 ) ) 
 REPRESENTATION_ITEM ( '' )  );
#10199 = LINE ( 'NONE', #6031, #9783 ) ;
#10200 = EDGE_CURVE ( 'NONE', #3994, #1013, #8820, .T. ) ;
#10201 = CARTESIAN_POINT ( 'NONE',  ( 73.69974999999993770, 17.50000000000000000, -12.10960480172301423 ) ) ;
#10202 = ORIENTED_EDGE ( 'NONE', *, *, #6348, .F. ) ;
#10203 = EDGE_CURVE ( 'NONE', #935, #5867, #8722, .T. ) ;
#10204 = DIRECTION ( 'NONE',  ( -0.3826834323650956105, 0.000000000000000000, -0.9238795325112842960 ) ) ;
#10205 = CARTESIAN_POINT ( 'NONE',  ( 76.87474999999993486, 2.000000000000000000, -18.50000000000000000 ) ) ;
#10206 = CARTESIAN_POINT ( 'NONE',  ( 35.44371122899670468, 17.50000000000000000, -14.68126589188626774 ) ) ;
#10207 = CARTESIAN_POINT ( 'NONE',  ( 93.74433197061163980, 2.999999999999999112, -18.50000000000000000 ) ) ;
#10208 = PLANE ( 'NONE',  #10123 ) ;
#10209 = EDGE_LOOP ( 'NONE', ( #5449, #1171, #385, #5451 ) ) ;
#10210 = ORIENTED_EDGE ( 'NONE', *, *, #3297, .F. ) ;
#10211 = ORIENTED_EDGE ( 'NONE', *, *, #1190, .F. ) ;
#10212 = ORIENTED_EDGE ( 'NONE', *, *, #8884, .F. ) ;
#10213 = AXIS2_PLACEMENT_3D ( 'NONE', #59, #5573, #1507 ) ;
#10214 = EDGE_CURVE ( 'NONE', #8786, #3347, #7085, .T. ) ;
#10215 = CARTESIAN_POINT ( 'NONE',  ( 38.47612046748872672, 18.50000000000000355, -7.360382381653501227 ) ) ;
#10216 = CARTESIAN_POINT ( 'NONE',  ( 83.49974999999994907, 20.00000000000000355, -9.496478871970266411 ) ) ;
#10217 = DIRECTION ( 'NONE',  ( -1.000000000000000000, -0.000000000000000000, -0.000000000000000000 ) ) ;
#10218 = LINE ( 'NONE', #1178, #688 ) ;
#10219 = LINE ( 'NONE', #2899, #4262 ) ;
#10220 = DIRECTION ( 'NONE',  ( 0.000000000000000000, 0.000000000000000000, 1.000000000000000000 ) ) ;
#10221 = ORIENTED_EDGE ( 'NONE', *, *, #2416, .F. ) ;
#10222 = DIRECTION ( 'NONE',  ( -0.3826834323650853964, -0.000000000000000000, 0.9238795325112885148 ) ) ;
#10223 = EDGE_LOOP ( 'NONE', ( #7877, #9656, #7140, #612 ) ) ;
#10224 = CARTESIAN_POINT ( 'NONE',  ( 104.6267241709040405, 18.50000000000000355, -18.50000000000000355 ) ) ;
#10225 = DIRECTION ( 'NONE',  ( 0.000000000000000000, -0.000000000000000000, 1.000000000000000000 ) ) ;
#10226 = ADVANCED_FACE ( 'NONE', ( #611 ), #4544, .T. ) ;
#10227 = CARTESIAN_POINT ( 'NONE',  ( 40.16182383839120007, 18.50000000000000355, -8.516986300988198977 ) ) ;
#10228 = ORIENTED_EDGE ( 'NONE', *, *, #7289, .F. ) ;
#10229 = AXIS2_PLACEMENT_3D ( 'NONE', #9615, #5338, #10416 ) ;
#10230 = CARTESIAN_POINT ( 'NONE',  ( 87.89439220029241540, 17.50000000000000000, -1.499999999999999556 ) ) ;
#10231 = AXIS2_PLACEMENT_3D ( 'NONE', #8330, #7534, #208 ) ;
#10232 = ORIENTED_EDGE ( 'NONE', *, *, #6347, .T. ) ;
#10233 = CARTESIAN_POINT ( 'NONE',  ( 47.47474999999994338, 2.000000000000000000, -20.00000000000000000 ) ) ;
#10234 = ORIENTED_EDGE ( 'NONE', *, *, #9963, .F. ) ;
#10235 = CARTESIAN_POINT ( 'NONE',  ( 58.36021982760970417, 18.50000000000000355, 3.877129999389440584 ) ) ;
#10236 = EDGE_CURVE ( 'NONE', #6423, #8160, #3746, .T. ) ;
#10237 = EDGE_CURVE ( 'NONE', #9419, #7284, #10282, .T. ) ;
#10238 = VERTEX_POINT ( 'NONE', #9524 ) ;
#10239 = VERTEX_POINT ( 'NONE', #5407 ) ;
#10240 = VECTOR ( 'NONE', #10336, 1000.000000000000000 ) ;
#10241 = DIRECTION ( 'NONE',  ( -0.000000000000000000, -1.000000000000000000, -0.000000000000000000 ) ) ;
#10242 = VECTOR ( 'NONE', #18, 1000.000000000000000 ) ;
#10243 = CARTESIAN_POINT ( 'NONE',  ( 68.79989330582617413, 2.000000000000000000, -10.35683949133576931 ) ) ;
#10244 = DIRECTION ( 'NONE',  ( 0.3826834323650853964, -0.000000000000000000, -0.9238795325112885148 ) ) ;
#10245 = ORIENTED_EDGE ( 'NONE', *, *, #5166, .T. ) ;
#10246 = CARTESIAN_POINT ( 'NONE',  ( 59.41827173280369578, 2.000000000000000000, -1.882683432365094722 ) ) ;
#10247 = VECTOR ( 'NONE', #8590, 1000.000000000000114 ) ;
#10248 = CARTESIAN_POINT ( 'NONE',  ( 78.60000000000000853, 17.50000000000000000, -7.743669367409180992 ) ) ;
#10249 = DIRECTION ( 'NONE',  ( -1.000000000000000000, 0.000000000000000000, 0.000000000000000000 ) ) ;
#10250 = ORIENTED_EDGE ( 'NONE', *, *, #3402, .T. ) ;
#10251 = CARTESIAN_POINT ( 'NONE',  ( 88.40000000000000568, 13.00000000000000533, -10.35619174377131557 ) ) ;
#10252 = FACE_OUTER_BOUND ( 'NONE', #6948, .T. ) ;
#10253 = AXIS2_PLACEMENT_3D ( 'NONE', #9414, #3798, #7078 ) ;
#10254 = ORIENTED_EDGE ( 'NONE', *, *, #2225, .F. ) ;
#10255 = AXIS2_PLACEMENT_3D ( 'NONE', #8497, #5123, #6746 ) ;
#10256 = EDGE_CURVE ( 'NONE', #3510, #1914, #2262, .T. ) ;
#10257 = EDGE_CURVE ( 'NONE', #7318, #9536, #1713, .T. ) ;
#10258 = CARTESIAN_POINT ( 'NONE',  ( 65.42672417090405190, 20.00000000000000355, -18.50000000000000355 ) ) ;
#10259 = CARTESIAN_POINT ( 'NONE',  ( 90.12474999999994907, 20.00000000000000355, -20.00000000000000000 ) ) ;
#10260 = AXIS2_PLACEMENT_3D ( 'NONE', #8604, #7116, #6307 ) ;
#10261 =( BOUNDED_CURVE ( )  B_SPLINE_CURVE ( 3, ( #21, #8900, #824, #877 ),
 .UNSPECIFIED., .F., .F. ) 
 B_SPLINE_CURVE_WITH_KNOTS ( ( 4, 4 ),
 ( 3.141592653589793116, 4.150116409062338363 ),
 .UNSPECIFIED. ) 
 CURVE ( )  GEOMETRIC_REPRESENTATION_ITEM ( )  RATIONAL_B_SPLINE_CURVE ( ( 1.000000000000000000, 0.9170208966857386068, 0.9170208966857386068, 1.000000000000000000 ) ) 
 REPRESENTATION_ITEM ( '' )  );
#10262 = LINE ( 'NONE', #5443, #8349 ) ;
#10263 = LINE ( 'NONE', #596, #859 ) ;
#10264 = VECTOR ( 'NONE', #8759, 1000.000000000000000 ) ;
#10265 = EDGE_CURVE ( 'NONE', #9020, #9858, #2516, .T. ) ;
#10266 = ORIENTED_EDGE ( 'NONE', *, *, #3904, .T. ) ;
#10267 = PLANE ( 'NONE',  #546 ) ;
#10268 = EDGE_LOOP ( 'NONE', ( #1389, #2458, #3815, #2857 ) ) ;
#10269 = EDGE_LOOP ( 'NONE', ( #4017, #4119, #8860, #2188 ) ) ;
#10270 = EDGE_LOOP ( 'NONE', ( #8736, #8838, #10587, #5837, #4363 ) ) ;
#10271 = ORIENTED_EDGE ( 'NONE', *, *, #9623, .F. ) ;
#10272 = VECTOR ( 'NONE', #10089, 1000.000000000000000 ) ;
#10273 =( BOUNDED_CURVE ( )  B_SPLINE_CURVE ( 3, ( #1818, #160, #1176, #6861 ),
 .UNSPECIFIED., .F., .F. ) 
 B_SPLINE_CURVE_WITH_KNOTS ( ( 4, 4 ),
 ( 2.133068898117247425, 3.141592653589793116 ),
 .UNSPECIFIED. ) 
 CURVE ( )  GEOMETRIC_REPRESENTATION_ITEM ( )  RATIONAL_B_SPLINE_CURVE ( ( 1.000000000000000000, 0.9170208966857386068, 0.9170208966857386068, 1.000000000000000000 ) ) 
 REPRESENTATION_ITEM ( '' )  );
#10274 = CARTESIAN_POINT ( 'NONE',  ( 29.59975000000000733, 2.153954234325363259, -1.500000000000000444 ) ) ;
#10275 = DIRECTION ( 'NONE',  ( 0.000000000000000000, 0.000000000000000000, 1.000000000000000000 ) ) ;
#10276 = CARTESIAN_POINT ( 'NONE',  ( 46.39912396788582782, 18.50000000000000355, -7.041267695959975370 ) ) ;
#10277 = CARTESIAN_POINT ( 'NONE',  ( 83.94433197061164265, 17.50000000000000000, -18.50000000000000000 ) ) ;
#10278 = CARTESIAN_POINT ( 'NONE',  ( 75.22672417090403485, 2.000000000000000000, -18.50000000000000355 ) ) ;
#10279 = DIRECTION ( 'NONE',  ( -0.3826834323650958325, 0.000000000000000000, -0.9238795325112842960 ) ) ;
#10280 = EDGE_CURVE ( 'NONE', #7096, #9377, #4859, .T. ) ;
#10281 = ORIENTED_EDGE ( 'NONE', *, *, #3858, .T. ) ;
#10282 = LINE ( 'NONE', #10381, #4670 ) ;
#10283 = AXIS2_PLACEMENT_3D ( 'NONE', #1164, #10102, #3575 ) ;
#10284 = ORIENTED_EDGE ( 'NONE', *, *, #8847, .T. ) ;
#10285 = DIRECTION ( 'NONE',  ( -0.000000000000000000, -1.000000000000000000, -0.000000000000000000 ) ) ;
#10286 = CARTESIAN_POINT ( 'NONE',  ( 74.14433197061165970, 17.82569441078556949, -18.50000000000000000 ) ) ;
#10287 = VERTEX_POINT ( 'NONE', #4159 ) ;
#10288 = FACE_OUTER_BOUND ( 'NONE', #9364, .T. ) ;
#10289 = ORIENTED_EDGE ( 'NONE', *, *, #3944, .T. ) ;
#10290 = LINE ( 'NONE', #3760, #9554 ) ;
#10291 = ORIENTED_EDGE ( 'NONE', *, *, #7056, .T. ) ;
#10292 = PLANE ( 'NONE',  #6557 ) ;
#10293 = VERTEX_POINT ( 'NONE', #7388 ) ;
#10294 = VECTOR ( 'NONE', #5440, 1000.000000000000000 ) ;
#10295 = CYLINDRICAL_SURFACE ( 'NONE', #6268, 0.9999999999999991118 ) ;
#10296 = EDGE_CURVE ( 'NONE', #5213, #10557, #961, .T. ) ;
#10297 = EDGE_CURVE ( 'NONE', #7019, #1014, #232, .T. ) ;
#10298 = CARTESIAN_POINT ( 'NONE',  ( 88.39993749768392206, 18.50000000000000355, -10.35694617991806865 ) ) ;
#10299 = AXIS2_PLACEMENT_3D ( 'NONE', #5559, #5605, #793 ) ;
#10300 = DIRECTION ( 'NONE',  ( -0.3826834323650956105, 0.000000000000000000, -0.9238795325112842960 ) ) ;
#10301 = DIRECTION ( 'NONE',  ( -0.000000000000000000, -1.000000000000000000, -0.000000000000000000 ) ) ;
#10302 = CARTESIAN_POINT ( 'NONE',  ( 34.94433197061164265, 17.50000000000000000, -18.50000000000000000 ) ) ;
#10303 = VERTEX_POINT ( 'NONE', #2418 ) ;
#10304 = CARTESIAN_POINT ( 'NONE',  ( 45.47524443537454886, 18.50000000000000355, -6.658584263594879538 ) ) ;
#10305 = DIRECTION ( 'NONE',  ( 1.000000000000000000, -0.000000000000000000, -1.239088197126290817E-16 ) ) ;
#10306 = CARTESIAN_POINT ( 'NONE',  ( 43.85516802938823844, 18.50000000000000355, -18.50000000000000355 ) ) ;
#10307 = VERTEX_POINT ( 'NONE', #3266 ) ;
#10308 = DIRECTION ( 'NONE',  ( 0.3826834323650856740, 0.000000000000000000, -0.9238795325112884038 ) ) ;
#10309 = DIRECTION ( 'NONE',  ( 0.000000000000000000, -0.000000000000000000, 1.000000000000000000 ) ) ;
#10310 = ADVANCED_FACE ( 'NONE', ( #752 ), #5615, .T. ) ;
#10311 = VECTOR ( 'NONE', #9327, 1000.000000000000114 ) ;
#10312 = VECTOR ( 'NONE', #6171, 1000.000000000000227 ) ;
#10313 = LINE ( 'NONE', #535, #7561 ) ;
#10314 = CARTESIAN_POINT ( 'NONE',  ( 107.0000000000000142, 17.50000000000000000, -10.15727937639168488 ) ) ;
#10315 = CARTESIAN_POINT ( 'NONE',  ( 49.70510779970761917, 18.50000000000000355, -1.500000000000000000 ) ) ;
#10316 = CARTESIAN_POINT ( 'NONE',  ( 68.60000000000000853, 18.50000000000000355, -18.50000000000000000 ) ) ;
#10317 = ORIENTED_EDGE ( 'NONE', *, *, #7001, .T. ) ;
#10318 = CARTESIAN_POINT ( 'NONE',  ( 44.29974999999995333, 2.000000000000000000, -16.96018989328458204 ) ) ;
#10319 = ORIENTED_EDGE ( 'NONE', *, *, #5016, .T. ) ;
#10320 = ORIENTED_EDGE ( 'NONE', *, *, #9093, .T. ) ;
#10321 = ORIENTED_EDGE ( 'NONE', *, *, #2792, .T. ) ;
#10322 = ORIENTED_EDGE ( 'NONE', *, *, #7230, .T. ) ;
#10323 = EDGE_CURVE ( 'NONE', #1286, #5142, #5771, .T. ) ;
#10324 = CARTESIAN_POINT ( 'NONE',  ( 93.29974999999994623, 17.50000000000000000, -12.10960480172301423 ) ) ;
#10325 = DIRECTION ( 'NONE',  ( -0.9238795325112846291, 0.000000000000000000, 0.3826834323650947778 ) ) ;
#10326 = CARTESIAN_POINT ( 'NONE',  ( 93.29974999999996044, 2.000000000000000000, -9.496478871970266411 ) ) ;
#10327 = LINE ( 'NONE', #4590, #6154 ) ;
#10328 = DIRECTION ( 'NONE',  ( 0.3826834323650956105, -0.000000000000000000, 0.9238795325112842960 ) ) ;
#10329 = LINE ( 'NONE', #3696, #3551 ) ;
#10330 = DIRECTION ( 'NONE',  ( -0.3826834323650857850, 0.000000000000000000, 0.9238795325112884038 ) ) ;
#10331 = ORIENTED_EDGE ( 'NONE', *, *, #1542, .F. ) ;
#10332 = ADVANCED_FACE ( 'NONE', ( #8242 ), #5725, .F. ) ;
#10333 =( BOUNDED_CURVE ( )  B_SPLINE_CURVE ( 3, ( #9453, #6900, #10156, #5278 ),
 .UNSPECIFIED., .F., .F. ) 
 B_SPLINE_CURVE_WITH_KNOTS ( ( 4, 4 ),
 ( 2.200938728951621570, 3.141592653589793116 ),
 .UNSPECIFIED. ) 
 CURVE ( )  GEOMETRIC_REPRESENTATION_ITEM ( )  RATIONAL_B_SPLINE_CURVE ( ( 1.000000000000000000, 0.9276134425277000606, 0.9276134425277000606, 1.000000000000000000 ) ) 
 REPRESENTATION_ITEM ( '' )  );
#10334 = EDGE_CURVE ( 'NONE', #8115, #7433, #3369, .T. ) ;
#10335 = FACE_OUTER_BOUND ( 'NONE', #9823, .T. ) ;
#10336 = DIRECTION ( 'NONE',  ( 1.000000000000000000, -0.000000000000000000, -0.000000000000000000 ) ) ;
#10337 = EDGE_CURVE ( 'NONE', #7029, #1320, #3208, .T. ) ;
#10338 = CARTESIAN_POINT ( 'NONE',  ( 36.22500000000000853, 2.000000000000000000, 0.000000000000000000 ) ) ;
#10339 = VERTEX_POINT ( 'NONE', #9083 ) ;
#10340 = CARTESIAN_POINT ( 'NONE',  ( 24.69974999999995191, 17.50000000000000000, -16.96018989328458559 ) ) ;
#10341 = EDGE_LOOP ( 'NONE', ( #10291, #5688, #8228, #8535 ) ) ;
#10342 = CARTESIAN_POINT ( 'NONE',  ( 14.89974999999993699, 2.066190996450162576, -18.04903699352147939 ) ) ;
#10343 = VERTEX_POINT ( 'NONE', #10534 ) ;
#10344 = CARTESIAN_POINT ( 'NONE',  ( 49.19975000000000875, 2.000000000000000000, -2.893084275847616738 ) ) ;
#10345 = EDGE_LOOP ( 'NONE', ( #5044, #3513, #8830, #5662, #1169 ) ) ;
#10346 = EDGE_CURVE ( 'NONE', #4343, #4581, #5013, .T. ) ;
#10347 = CARTESIAN_POINT ( 'NONE',  ( 107.0000000000000142, 27.21604200192311040, -10.15727937639168488 ) ) ;
#10348 = DIRECTION ( 'NONE',  ( 1.000000000000000000, -0.000000000000000000, 0.000000000000000000 ) ) ;
#10349 = DIRECTION ( 'NONE',  ( 0.3826834323650857850, 0.000000000000000000, -0.9238795325112884038 ) ) ;
#10350 = LINE ( 'NONE', #3029, #4433 ) ;
#10351 = CARTESIAN_POINT ( 'NONE',  ( 88.40000000000000568, 17.50000000000000000, -7.743669367409180992 ) ) ;
#10352 = ORIENTED_EDGE ( 'NONE', *, *, #2852, .F. ) ;
#10353 = CARTESIAN_POINT ( 'NONE',  ( 106.0000000000000142, 18.50000000000000355, -7.720907847203138274 ) ) ;
#10354 = DIRECTION ( 'NONE',  ( 0.9238795325112880708, 0.000000000000000000, 0.3826834323650866176 ) ) ;
#10355 = CARTESIAN_POINT ( 'NONE',  ( 35.67524443537455170, 2.000000000000000000, -6.658584263594879538 ) ) ;
#10356 = ORIENTED_EDGE ( 'NONE', *, *, #329, .F. ) ;
#10357 = CARTESIAN_POINT ( 'NONE',  ( 48.69439220029240545, 2.999999999999999112, -1.499999999999999556 ) ) ;
#10358 = LINE ( 'NONE', #8056, #1600 ) ;
#10359 = VECTOR ( 'NONE', #3073, 1000.000000000000114 ) ;
#10360 = EDGE_CURVE ( 'NONE', #9430, #1633, #9787, .T. ) ;
#10361 = ADVANCED_FACE ( 'NONE', ( #6481 ), #9731, .T. ) ;
#10362 = CARTESIAN_POINT ( 'NONE',  ( 19.80000000000000426, 2.000000000000000000, -10.35619174377131380 ) ) ;
#10363 = LINE ( 'NONE', #7158, #3277 ) ;
#10364 = EDGE_LOOP ( 'NONE', ( #8711, #9062, #10457, #10403 ) ) ;
#10365 = PLANE ( 'NONE',  #10229 ) ;
#10366 = ADVANCED_FACE ( 'NONE', ( #7637 ), #3157, .F. ) ;
#10367 = LINE ( 'NONE', #6369, #9574 ) ;
#10368 = ORIENTED_EDGE ( 'NONE', *, *, #4470, .F. ) ;
#10369 = DIRECTION ( 'NONE',  ( -0.000000000000000000, -1.000000000000000000, -0.000000000000000000 ) ) ;
#10370 = ORIENTED_EDGE ( 'NONE', *, *, #8684, .T. ) ;
#10371 = VERTEX_POINT ( 'NONE', #6430 ) ;
#10372 = EDGE_CURVE ( 'NONE', #5811, #3642, #9681, .T. ) ;
#10373 = ORIENTED_EDGE ( 'NONE', *, *, #6303, .F. ) ;
#10374 = EDGE_CURVE ( 'NONE', #2080, #1909, #9839, .T. ) ;
#10375 = VERTEX_POINT ( 'NONE', #315 ) ;
#10376 = VECTOR ( 'NONE', #7203, 1000.000000000000000 ) ;
#10377 = DIRECTION ( 'NONE',  ( 0.3826834323650954439, 0.000000000000000000, 0.9238795325112842960 ) ) ;
#10378 = LINE ( 'NONE', #9575, #4086 ) ;
#10379 = CARTESIAN_POINT ( 'NONE',  ( 63.89974999999996186, 18.50000000000000355, -16.96018989328458204 ) ) ;
#10380 = CARTESIAN_POINT ( 'NONE',  ( 81.77500000000001990, 20.00000000000000355, -1.500000000000000000 ) ) ;
#10381 = CARTESIAN_POINT ( 'NONE',  ( 85.22500000000000853, 20.00000000000000355, -1.500000000000000000 ) ) ;
#10382 = ORIENTED_EDGE ( 'NONE', *, *, #6475, .F. ) ;
#10383 = DIRECTION ( 'NONE',  ( 0.3826834323650853964, 0.000000000000000000, -0.9238795325112885148 ) ) ;
#10384 = DIRECTION ( 'NONE',  ( -0.9238795325112844070, 0.000000000000000000, 0.3826834323650955549 ) ) ;
#10385 = EDGE_CURVE ( 'NONE', #3562, #5277, #8093, .T. ) ;
#10386 = CARTESIAN_POINT ( 'NONE',  ( 44.29974999999993202, 2.192056395364460730, -18.50000000000000000 ) ) ;
#10387 = EDGE_LOOP ( 'NONE', ( #7772, #9809, #5990, #2118, #6331 ) ) ;
#10388 = PLANE ( 'NONE',  #338 ) ;
#10389 = ORIENTED_EDGE ( 'NONE', *, *, #2133, .F. ) ;
#10390 =( BOUNDED_CURVE ( )  B_SPLINE_CURVE ( 3, ( #6130, #2071, #7522, #9973 ),
 .UNSPECIFIED., .F., .F. ) 
 B_SPLINE_CURVE_WITH_KNOTS ( ( 4, 4 ),
 ( 1.570796326794911213, 2.200938728951638890 ),
 .UNSPECIFIED. ) 
 CURVE ( )  GEOMETRIC_REPRESENTATION_ITEM ( )  RATIONAL_B_SPLINE_CURVE ( ( 1.000000000000000000, 0.9671828781580998902, 0.9671828781580998902, 1.000000000000000000 ) ) 
 REPRESENTATION_ITEM ( '' )  );
#10391 = CYLINDRICAL_SURFACE ( 'NONE', #1880, 0.9999999999999998890 ) ;
#10392 = EDGE_LOOP ( 'NONE', ( #6858, #7719, #4028, #7552 ) ) ;
#10393 = CARTESIAN_POINT ( 'NONE',  ( 68.79975000000000307, 2.414213562373094923, -7.743669367409184545 ) ) ;
#10394 = VERTEX_POINT ( 'NONE', #6137 ) ;
#10395 = EDGE_CURVE ( 'NONE', #3765, #9641, #1378, .T. ) ;
#10396 = PRODUCT_DEFINITION ( 'UNKNOWN', '', #5359, #3880 ) ;
#10397 = LINE ( 'NONE', #1420, #3017 ) ;
#10398 = CARTESIAN_POINT ( 'NONE',  ( -4.000000000000000888, 11.50000000000000000, -2.999999999999999112 ) ) ;
#10399 = AXIS2_PLACEMENT_3D ( 'NONE', #9014, #6626, #3251 ) ;
#10400 = CARTESIAN_POINT ( 'NONE',  ( 49.20000000000000995, 12.66666666666666607, -7.744272920799767590 ) ) ;
#10401 = DIRECTION ( 'NONE',  ( -0.000000000000000000, -1.000000000000000000, -0.000000000000000000 ) ) ;
#10402 = CARTESIAN_POINT ( 'NONE',  ( 39.40000000000000568, 17.50000000000000000, -7.743669367409184545 ) ) ;
#10403 = ORIENTED_EDGE ( 'NONE', *, *, #2811, .T. ) ;
#10404 = DIRECTION ( 'NONE',  ( -1.548860246407863336E-16, 0.000000000000000000, -1.000000000000000000 ) ) ;
#10405 = CARTESIAN_POINT ( 'NONE',  ( 47.61200000000000898, 20.00000000000000355, -1.499999999999999556 ) ) ;
#10406 = DIRECTION ( 'NONE',  ( -1.000000000000000000, -0.000000000000000000, -0.000000000000000000 ) ) ;
#10407 = ORIENTED_EDGE ( 'NONE', *, *, #5909, .F. ) ;
#10408 = CARTESIAN_POINT ( 'NONE',  ( 44.29974999999994623, 17.50000000000000000, -12.10960480172301423 ) ) ;
#10409 = EDGE_CURVE ( 'NONE', #9788, #10543, #4244, .T. ) ;
#10410 = VECTOR ( 'NONE', #9267, 1000.000000000000114 ) ;
#10411 = VECTOR ( 'NONE', #4825, 1000.000000000000000 ) ;
#10412 = VECTOR ( 'NONE', #8270, 1000.000000000000000 ) ;
#10413 = CARTESIAN_POINT ( 'NONE',  ( 35.19751995710436887, 18.50000000000000355, 2.401411394361280482 ) ) ;
#10414 = LINE ( 'NONE', #4574, #7208 ) ;
#10415 = ORIENTED_EDGE ( 'NONE', *, *, #8671, .F. ) ;
#10416 = DIRECTION ( 'NONE',  ( 0.3826834323650956105, 0.000000000000000000, 0.9238795325112842960 ) ) ;
#10417 = EDGE_CURVE ( 'NONE', #3791, #3943, #5439, .T. ) ;
#10418 = CARTESIAN_POINT ( 'NONE',  ( 78.09439220029240403, 17.50000000000000000, -1.499999999999999556 ) ) ;
#10419 = ORIENTED_EDGE ( 'NONE', *, *, #9248, .T. ) ;
#10420 = VECTOR ( 'NONE', #5910, 1000.000000000000000 ) ;
#10421 = LINE ( 'NONE', #7266, #48 ) ;
#10422 = ORIENTED_EDGE ( 'NONE', *, *, #5961, .T. ) ;
#10423 = VECTOR ( 'NONE', #4675, 1000.000000000000114 ) ;
#10424 = VERTEX_POINT ( 'NONE', #7799 ) ;
#10425 = ORIENTED_EDGE ( 'NONE', *, *, #65, .F. ) ;
#10426 = EDGE_CURVE ( 'NONE', #3730, #5817, #2826, .T. ) ;
#10427 = VECTOR ( 'NONE', #212, 1000.000000000000000 ) ;
#10428 = CARTESIAN_POINT ( 'NONE',  ( 93.77904756189954583, 18.50000000000000355, -18.11731656763492637 ) ) ;
#10429 = VECTOR ( 'NONE', #2205, 1000.000000000000000 ) ;
#10430 = CARTESIAN_POINT ( 'NONE',  ( 54.09974999999994338, 2.999999999999999112, -12.10960480172301423 ) ) ;
#10431 = CARTESIAN_POINT ( 'NONE',  ( 71.97500000000000853, 20.00000000000000355, -1.500000000000000000 ) ) ;
#10433 = ADVANCED_FACE ( 'NONE', ( #474 ), #2185, .F. ) ;
#10432 = DIRECTION ( 'NONE',  ( -4.336808689942017736E-16, 0.000000000000000000, 1.000000000000000000 ) ) ;
#10434 = EDGE_CURVE ( 'NONE', #9366, #4331, #4413, .T. ) ;
#10435 = LINE ( 'NONE', #5614, #9404 ) ;
#10436 = CARTESIAN_POINT ( 'NONE',  ( 97.56021982760969991, 18.50000000000000355, 3.877129999389440584 ) ) ;
#10437 = ORIENTED_EDGE ( 'NONE', *, *, #8208, .T. ) ;
#10438 = VECTOR ( 'NONE', #141, 1000.000000000000000 ) ;
#10439 = PLANE ( 'NONE',  #8284 ) ;
#10440 = CARTESIAN_POINT ( 'NONE',  ( 49.70510779970761917, 2.999999999999999112, -1.499999999999996891 ) ) ;
#10441 = DIRECTION ( 'NONE',  ( -1.000000000000000000, 0.000000000000000000, -0.000000000000000000 ) ) ;
#10442 = ORIENTED_EDGE ( 'NONE', *, *, #6308, .F. ) ;
#10443 = VECTOR ( 'NONE', #5752, 1000.000000000000114 ) ;
#10444 = ORIENTED_EDGE ( 'NONE', *, *, #2499, .T. ) ;
#10445 = DIRECTION ( 'NONE',  ( -0.000000000000000000, -0.000000000000000000, 1.000000000000000000 ) ) ;
#10446 = ORIENTED_EDGE ( 'NONE', *, *, #3890, .T. ) ;
#10447 = CARTESIAN_POINT ( 'NONE',  ( 39.20000000000000284, 18.50000000000000355, -1.500000000000000000 ) ) ;
#10448 = VERTEX_POINT ( 'NONE', #10201 ) ;
#10449 = EDGE_CURVE ( 'NONE', #9233, #664, #5384, .T. ) ;
#10450 = EDGE_CURVE ( 'NONE', #6722, #5782, #3680, .T. ) ;
#10451 = AXIS2_PLACEMENT_3D ( 'NONE', #8719, #10482, #9627 ) ;
#10452 = EDGE_CURVE ( 'NONE', #9041, #7819, #5275, .T. ) ;
#10453 = CARTESIAN_POINT ( 'NONE',  ( 29.60000000000000853, 20.00000000000000355, -10.35679529716193592 ) ) ;
#10454 = CARTESIAN_POINT ( 'NONE',  ( 49.20000000000000995, 2.999999999999999112, -7.743669367409185433 ) ) ;
#10455 = LINE ( 'NONE', #7246, #2567 ) ;
#10456 = CARTESIAN_POINT ( 'NONE',  ( 73.69974999999995191, 2.192056395364472721, -18.50000000000000000 ) ) ;
#10457 = ORIENTED_EDGE ( 'NONE', *, *, #7535, .F. ) ;
#10458 = CARTESIAN_POINT ( 'NONE',  ( 34.49974999999994196, 17.50000000000000000, -12.10960480172301423 ) ) ;
#10459 = CARTESIAN_POINT ( 'NONE',  ( 58.99975000000002012, 18.50000000000000355, -2.893084275847622955 ) ) ;
#10460 = CARTESIAN_POINT ( 'NONE',  ( 29.27808768696163355, 18.15878848121910139, -1.499999999999999556 ) ) ;
#10461 = VERTEX_POINT ( 'NONE', #9395 ) ;
#10462 = CARTESIAN_POINT ( 'NONE',  ( 95.02500000000000568, 20.00000000000000355, 0.000000000000000000 ) ) ;
#10463 = APPLICATION_CONTEXT ( 'automotive_design' ) ;
#10464 = FACE_OUTER_BOUND ( 'NONE', #1464, .T. ) ;
#10465 = VECTOR ( 'NONE', #1222, 1000.000000000000114 ) ;
#10466 = AXIS2_PLACEMENT_3D ( 'NONE', #3778, #7746, #10308 ) ;
#10467 = ADVANCED_FACE ( 'NONE', ( #4630 ), #1218, .F. ) ;
#10468 = CARTESIAN_POINT ( 'NONE',  ( -4.000000000000000000, 10.00000000000000000, -4.999999999999999112 ) ) ;
#10469 = CARTESIAN_POINT ( 'NONE',  ( 11.00000000000000355, 5.000000000000000000, -5.000000000000000000 ) ) ;
#10470 = VERTEX_POINT ( 'NONE', #1323 ) ;
#10471 = FACE_OUTER_BOUND ( 'NONE', #9422, .T. ) ;
#10472 = LINE ( 'NONE', #9560, #3599 ) ;
#10473 = ORIENTED_EDGE ( 'NONE', *, *, #8923, .T. ) ;
#10474 = LINE ( 'NONE', #3044, #5687 ) ;
#10475 = ORIENTED_EDGE ( 'NONE', *, *, #1826, .T. ) ;
#10476 = VECTOR ( 'NONE', #830, 999.9999999999998863 ) ;
#10477 = EDGE_LOOP ( 'NONE', ( #10319, #10037, #9122, #1446 ) ) ;
#10478 = ORIENTED_EDGE ( 'NONE', *, *, #8298, .T. ) ;
#10479 =( BOUNDED_CURVE ( )  B_SPLINE_CURVE ( 3, ( #6177, #8473, #245, #1100 ),
 .UNSPECIFIED., .F., .F. ) 
 B_SPLINE_CURVE_WITH_KNOTS ( ( 4, 4 ),
 ( 2.133068898117248313, 3.141592653589793116 ),
 .UNSPECIFIED. ) 
 CURVE ( )  GEOMETRIC_REPRESENTATION_ITEM ( )  RATIONAL_B_SPLINE_CURVE ( ( 1.000000000000000000, 0.9170208966857386068, 0.9170208966857386068, 1.000000000000000000 ) ) 
 REPRESENTATION_ITEM ( '' )  );
#10480 = AXIS2_PLACEMENT_3D ( 'NONE', #7328, #6596, #2473 ) ;
#10481 = DIRECTION ( 'NONE',  ( 0.000000000000000000, 0.000000000000000000, 1.000000000000000000 ) ) ;
#10482 = DIRECTION ( 'NONE',  ( 0.9238795325112885148, -0.000000000000000000, 0.3826834323650853964 ) ) ;
#10483 = CYLINDRICAL_SURFACE ( 'NONE', #1716, 0.9999999999999998890 ) ;
#10484 = DIRECTION ( 'NONE',  ( -1.000000000000000000, 0.000000000000000000, 0.000000000000000000 ) ) ;
#10485 = CARTESIAN_POINT ( 'NONE',  ( 63.89974999999994765, 18.30794360463553616, -18.50000000000000000 ) ) ;
#10486 = EDGE_LOOP ( 'NONE', ( #3351, #5805, #5225, #8080 ) ) ;
#10487 = CLOSED_SHELL ( 'NONE', ( #7651, #9218, #2821, #4338, #10025, #2973, #9517, #6431, #8984, #8919, #6280, #5082, #1220, #9100, #1107, #9955, #8813, #10433, #2874, #6050, #3788, #669, #753, #3476, #2272, #189, #6264, #6938, #2711, #7865, #5621, #755, #5991, #5432, #1350, #1842, #1758, #301, #1377, #2913, #2545, #2095, #7395, #5438, #4524, #3241, #10361, #5423, #10310, #5046, #4294, #1560, #29, #3494, #3047, #969, #3985, #556, #8857, #6882, #5650, #4994, #1932, #8200, #4429, #6621, #4505, #2334, #8069, #2161, #462, #8599, #2962, #6608, #230, #9318, #4958, #96, #4853, #6852, #3094, #4540, #3570, #3821, #9488, #9795, #3846, #7010, #4365, #3879, #1943, #40, #1644, #6570, #9573, #9661, #3366, #5680, #2851, #140, #5335, #9242, #304, #3781, #10128, #9113, #1535, #7763, #5495, #4309, #989, #2735, #5299, #582, #9448, #3137, #2389, #6688, #3552, #5751, #4428, #318, #9707, #9986, #5807, #2673, #6099, #814, #8664, #10110, #8183, #10579, #6911, #6252, #2519, #5942, #2306, #3966, #5684, #154, #9580, #4496, #2204, #4754, #6239, #8965, #8797, #5255, #7911, #4865, #7288, #9740, #6816, #6124, #7031, #4533, #5980, #1087, #6424, #1704, #1109, #3654, #6542, #8702, #2989, #476, #2988, #3136, #6083, #1065, #5061, #2357, #8798, #4149, #888, #874, #10489, #10332, #1349, #6763, #866, #4006, #3303, #5071, #3186, #8598, #4039, #572, #8096, #10226, #1674, #1609, #6774, #4384, #3140, #718, #7545, #6946, #5723, #10467, #3435, #9926, #5847, #246, #5289, #7677, #5596, #1382, #2392, #5757, #9373, #2768, #5548, #1653, #5355, #9801, #9174, #6115, #4105, #5462, #9940, #8932, #266, #9471, #3072, #4201, #6803, #7234, #52, #9649, #7558, #7131, #10175, #8751, #4966, #7696, #6088, #3611, #5256, #402, #6179, #3564, #4401, #6670, #4860, #247, #3984, #3226, #5122, #6210, #8725, #7931, #8076, #8453, #7112, #968, #615, #5827, #3820, #7553, #1662, #7423, #8010, #5923, #8875, #6894, #6644, #7330, #4517, #5585, #2079, #7082, #2244, #10577, #8462, #8233, #4539, #2333, #1204, #3531, #9572, #1675, #1605, #5022, #2036, #6209, #1503, #8732, #303, #6627, #8625, #3011, #3569, #848, #1871, #6123, #5415, #500, #1796, #7055, #1544, #1636, #2521, #4669, #4889, #9314, #6325, #10366, #4117, #1888, #10576, #2190, #2503, #8055, #4207, #4187, #7628, #610, #8353, #8726, #6801, #1442, #444, #634, #6750, #782, #8775, #6707, #207, #9667, #1239, #2561, #9010, #6643 ) ) ;
#10488 = EDGE_CURVE ( 'NONE', #7638, #8526, #7543, .T. ) ;
#10489 = ADVANCED_FACE ( 'NONE', ( #10252 ), #426, .T. ) ;
#10490 = DIRECTION ( 'NONE',  ( 0.000000000000000000, 0.000000000000000000, 1.000000000000000000 ) ) ;
#10491 = DIRECTION ( 'NONE',  ( -0.3826834323650956105, 0.000000000000000000, -0.9238795325112842960 ) ) ;
#10492 = VECTOR ( 'NONE', #10244, 1000.000000000000114 ) ;
#10493 = CARTESIAN_POINT ( 'NONE',  ( 14.89974999999993699, 2.192056395364461618, -18.50000000000000000 ) ) ;
#10494 = ORIENTED_EDGE ( 'NONE', *, *, #9135, .T. ) ;
#10495 = EDGE_CURVE ( 'NONE', #9831, #2606, #9501, .T. ) ;
#10496 = ORIENTED_EDGE ( 'NONE', *, *, #81, .F. ) ;
#10497 = CARTESIAN_POINT ( 'NONE',  ( 98.19993749768391922, 18.50000000000000355, -10.35694617991806865 ) ) ;
#10498 = ORIENTED_EDGE ( 'NONE', *, *, #7557, .T. ) ;
#10499 = FACE_OUTER_BOUND ( 'NONE', #6922, .T. ) ;
#10500 = ORIENTED_EDGE ( 'NONE', *, *, #2581, .F. ) ;
#10501 = PLANE ( 'NONE',  #9464 ) ;
#10502 = CARTESIAN_POINT ( 'NONE',  ( 58.99975000000002012, 2.153954234325363259, -1.500000000000000444 ) ) ;
#10503 = CYLINDRICAL_SURFACE ( 'NONE', #10008, 1.000000000000003109 ) ;
#10504 = LINE ( 'NONE', #4275, #5979 ) ;
#10505 = CARTESIAN_POINT ( 'NONE',  ( 79.10510779970761064, 17.50000000000000000, -1.500000000000000000 ) ) ;
#10506 = VERTEX_POINT ( 'NONE', #1972 ) ;
#10507 = DIRECTION ( 'NONE',  ( 0.000000000000000000, 0.000000000000000000, -1.000000000000000000 ) ) ;
#10508 = DIRECTION ( 'NONE',  ( 0.000000000000000000, 0.000000000000000000, -1.000000000000000000 ) ) ;
#10509 = PLANE ( 'NONE',  #3534 ) ;
#10510 = VERTEX_POINT ( 'NONE', #5228 ) ;
#10511 = DIRECTION ( 'NONE',  ( -0.000000000000000000, -0.000000000000000000, -1.000000000000000000 ) ) ;
#10512 = DIRECTION ( 'NONE',  ( -0.3827076417426388821, -0.000000000000000000, -0.9238695042871519769 ) ) ;
#10513 = DIRECTION ( 'NONE',  ( 0.3826834323650962211, -0.000000000000000000, 0.9238795325112840739 ) ) ;
#10514 = DIRECTION ( 'NONE',  ( 0.3826834323650956105, -0.000000000000000000, 0.9238795325112842960 ) ) ;
#10515 = VERTEX_POINT ( 'NONE', #8489 ) ;
#10516 = DIRECTION ( 'NONE',  ( 1.000000000000000000, 0.000000000000000000, 0.000000000000000000 ) ) ;
#10517 = EDGE_CURVE ( 'NONE', #5606, #705, #5595, .T. ) ;
#10518 = CARTESIAN_POINT ( 'NONE',  ( 29.59975000000000733, 18.50000000000000000, -2.396757161635501010 ) ) ;
#10519 = CARTESIAN_POINT ( 'NONE',  ( 37.52300350039710963, 2.999999999999999112, -7.423951128325072091 ) ) ;
#10520 = VERTEX_POINT ( 'NONE', #1581 ) ;
#10521 = VECTOR ( 'NONE', #6447, 1000.000000000000114 ) ;
#10522 = CARTESIAN_POINT ( 'NONE',  ( 75.42500000000001137, 20.00000000000000355, -1.500000000000000000 ) ) ;
#10523 = EDGE_LOOP ( 'NONE', ( #2942, #1344, #7567, #8831 ) ) ;
#10524 = ORIENTED_EDGE ( 'NONE', *, *, #8176, .F. ) ;
#10525 = ORIENTED_EDGE ( 'NONE', *, *, #217, .F. ) ;
#10526 = EDGE_CURVE ( 'NONE', #2862, #8273, #8909, .T. ) ;
#10527 = DIRECTION ( 'NONE',  ( 0.000000000000000000, -0.000000000000000000, -1.000000000000000000 ) ) ;
#10528 = DIRECTION ( 'NONE',  ( 0.000000000000000000, 0.000000000000000000, 1.000000000000000000 ) ) ;
#10529 = CARTESIAN_POINT ( 'NONE',  ( 58.80000000000000426, 18.50000000000000355, -18.50000000000000000 ) ) ;
#10530 = CARTESIAN_POINT ( 'NONE',  ( 27.11246076258712279, 2.999999999999999112, 3.111763134659267127 ) ) ;
#10531 = DIRECTION ( 'NONE',  ( 0.000000000000000000, 0.000000000000000000, 1.000000000000000000 ) ) ;
#10532 = VECTOR ( 'NONE', #4682, 1000.000000000000000 ) ;
#10533 =( BOUNDED_CURVE ( )  B_SPLINE_CURVE ( 3, ( #8006, #5387, #2246, #7852 ),
 .UNSPECIFIED., .F., .F. ) 
 B_SPLINE_CURVE_WITH_KNOTS ( ( 4, 4 ),
 ( -1.776356839400250465E-15, 0.9406539246381675490 ),
 .UNSPECIFIED. ) 
 CURVE ( )  GEOMETRIC_REPRESENTATION_ITEM ( )  RATIONAL_B_SPLINE_CURVE ( ( 1.000000000000000000, 0.9276134425277003936, 0.9276134425277003936, 1.000000000000000000 ) ) 
 REPRESENTATION_ITEM ( '' )  );
#10534 = CARTESIAN_POINT ( 'NONE',  ( 21.38750000000000284, 2.000000000000000000, -1.500000000000000888 ) ) ;
#10535 = EDGE_CURVE ( 'NONE', #4922, #2611, #7256, .T. ) ;
#10536 = VERTEX_POINT ( 'NONE', #10561 ) ;
#10537 = DIRECTION ( 'NONE',  ( -1.000000000000000000, 0.000000000000000000, -0.000000000000000000 ) ) ;
#10538 = DIRECTION ( 'NONE',  ( 0.9238795325112884038, -0.000000000000000000, 0.3826834323650856740 ) ) ;
#10539 = DIRECTION ( 'NONE',  ( 0.000000000000000000, 0.000000000000000000, -1.000000000000000000 ) ) ;
#10540 = CARTESIAN_POINT ( 'NONE',  ( 73.69974999999995191, 2.192056395364472721, -18.50000000000000000 ) ) ;
#10541 = VERTEX_POINT ( 'NONE', #3878 ) ;
#10542 = VERTEX_POINT ( 'NONE', #3240 ) ;
#10543 = VERTEX_POINT ( 'NONE', #1482 ) ;
#10544 = CARTESIAN_POINT ( 'NONE',  ( 39.39989330582617555, 20.00000000000000355, -10.35683949133576043 ) ) ;
#10545 = ORIENTED_EDGE ( 'NONE', *, *, #3833, .F. ) ;
#10546 = AXIS2_PLACEMENT_3D ( 'NONE', #8296, #4216, #5194 ) ;
#10547 = EDGE_CURVE ( 'NONE', #6896, #7761, #9763, .T. ) ;
#10548 = CARTESIAN_POINT ( 'NONE',  ( 74.62362953251123088, 18.50000000000000355, -12.49228823408811095 ) ) ;
#10549 = CARTESIAN_POINT ( 'NONE',  ( 11.00000000000000533, 2.949939586346345788, -5.371728797040566938 ) ) ;
#10550 = DIRECTION ( 'NONE',  ( -0.02556636395044233762, -0.000000000000000000, 0.9996731270942283976 ) ) ;
#10551 = FACE_OUTER_BOUND ( 'NONE', #6565, .T. ) ;
#10552 = ORIENTED_EDGE ( 'NONE', *, *, #4888, .F. ) ;
#10553 = DIRECTION ( 'NONE',  ( 1.000000000000000000, -0.000000000000000000, 2.105213941857293549E-15 ) ) ;
#10554 = EDGE_CURVE ( 'NONE', #1951, #5562, #2292, .T. ) ;
#10555 = EDGE_CURVE ( 'NONE', #7597, #6875, #10358, .T. ) ;
#10556 = DIRECTION ( 'NONE',  ( -1.000000000000000000, 0.000000000000000000, -0.000000000000000000 ) ) ;
#10557 = VERTEX_POINT ( 'NONE', #3932 ) ;
#10558 = ORIENTED_EDGE ( 'NONE', *, *, #3736, .F. ) ;
#10559 = ORIENTED_EDGE ( 'NONE', *, *, #2630, .F. ) ;
#10560 = LINE ( 'NONE', #5092, #4485 ) ;
#10561 = CARTESIAN_POINT ( 'NONE',  ( 31.32474999999994125, 2.000000000000000000, -18.50000000000000000 ) ) ;
#10562 = VECTOR ( 'NONE', #8051, 1000.000000000000000 ) ;
#10563 = DIRECTION ( 'NONE',  ( 0.9238795325112844070, 0.000000000000000000, -0.3826834323650956660 ) ) ;
#10564 = CYLINDRICAL_SURFACE ( 'NONE', #28, 1.000000000000003109 ) ;
#10565 = ORIENTED_EDGE ( 'NONE', *, *, #5361, .T. ) ;
#10566 = PLANE ( 'NONE',  #10399 ) ;
#10567 = CARTESIAN_POINT ( 'NONE',  ( 72.17277582909585476, 18.50000000000000355, -18.50000000000000000 ) ) ;
#10568 = CARTESIAN_POINT ( 'NONE',  ( 83.21492637635665801, 18.11602497579403703, -18.49999999999999645 ) ) ;
#10569 = ORIENTED_EDGE ( 'NONE', *, *, #1317, .F. ) ;
#10570 = VECTOR ( 'NONE', #1988, 1000.000000000000000 ) ;
#10571 = DIRECTION ( 'NONE',  ( 1.000000000000000000, -0.000000000000000000, 0.000000000000000000 ) ) ;
#10572 = ORIENTED_EDGE ( 'NONE', *, *, #9963, .T. ) ;
#10573 = VECTOR ( 'NONE', #7641, 1000.000000000000000 ) ;
#10574 = VERTEX_POINT ( 'NONE', #7207 ) ;
#10575 = EDGE_LOOP ( 'NONE', ( #5507, #4096, #4658, #1754 ) ) ;
#10576 = ADVANCED_FACE ( 'NONE', ( #3832 ), #8906, .F. ) ;
#10577 = ADVANCED_FACE ( 'NONE', ( #10464 ), #2390, .F. ) ;
#10578 = CARTESIAN_POINT ( 'NONE',  ( 84.84158932290942801, 17.50000000000000000, -35.14253695083809248 ) ) ;
#10579 = ADVANCED_FACE ( 'NONE', ( #4837 ), #8960, .T. ) ;
#10580 = CARTESIAN_POINT ( 'NONE',  ( 79.10510779970761064, 2.999999999999999112, -1.500000000000000000 ) ) ;
#10581 = LINE ( 'NONE', #5876, #3946 ) ;
#10582 = CARTESIAN_POINT ( 'NONE',  ( 81.97277582909586613, 20.00000000000000355, -18.50000000000000000 ) ) ;
#10583 = VECTOR ( 'NONE', #4486, 1000.000000000000114 ) ;
#10584 = DIRECTION ( 'NONE',  ( -0.000000000000000000, -0.000000000000000000, -1.000000000000000000 ) ) ;
#10585 = VECTOR ( 'NONE', #1023, 1000.000000000000000 ) ;
#10586 = CARTESIAN_POINT ( 'NONE',  ( 27.87474999999994196, 18.50000000000000355, -18.50000000000000000 ) ) ;
#10587 = ORIENTED_EDGE ( 'NONE', *, *, #229, .F. ) ;
#10588 = AXIS2_PLACEMENT_3D ( 'NONE', #1341, #5721, #905 ) ;
ENDSEC;
END-ISO-10303-21;
