ISO-10303-21;
HEADER;
FILE_DESCRIPTION (( 'STEP AP214' ),
    '1' );
FILE_NAME ('Wan_Clone.STEP',
    '2025-08-06T21:11:52',
    ( '' ),
    ( '' ),
    'SwSTEP 2.0',
    'SolidWorks 2024',
    '' );
FILE_SCHEMA (( 'AUTOMOTIVE_DESIGN' ));
ENDSEC;

DATA;
#1 = LINE ( 'NONE', #3021, #373 ) ;
#2 = EDGE_CURVE ( 'NONE', #2979, #4158, #903, .T. ) ;
#3 = DIRECTION ( 'NONE',  ( -1.000000000000000000, 0.000000000000000000, 0.000000000000000000 ) ) ;
#4 = LINE ( 'NONE', #1517, #858 ) ;
#5 = CARTESIAN_POINT ( 'NONE',  ( 5.999999999999994671, 17.94999999999999929, -7.400000000000003020 ) ) ;
#6 = ORIENTED_EDGE ( 'NONE', *, *, #3802, .F. ) ;
#7 = DIRECTION ( 'NONE',  ( -0.000000000000000000, 1.000000000000000000, -0.000000000000000000 ) ) ;
#8 = LINE ( 'NONE', #449, #282 ) ;
#9 = LINE ( 'NONE', #3032, #1797 ) ;
#10 = ORIENTED_EDGE ( 'NONE', *, *, #1590, .F. ) ;
#11 = CARTESIAN_POINT ( 'NONE',  ( 8.399999999999995026, 18.89999999999999858, -13.89999999999999858 ) ) ;
#12 = ORIENTED_EDGE ( 'NONE', *, *, #2724, .T. ) ;
#13 = ORIENTED_EDGE ( 'NONE', *, *, #2857, .T. ) ;
#14 = AXIS2_PLACEMENT_3D ( 'NONE', #3617, #4464, #3356 ) ;
#15 = VERTEX_POINT ( 'NONE', #573 ) ;
#16 = CARTESIAN_POINT ( 'NONE',  ( 9.499999999999996447, 20.00000000000000000, -4.881546635374435894 ) ) ;
#17 = ORIENTED_EDGE ( 'NONE', *, *, #791, .T. ) ;
#18 = CARTESIAN_POINT ( 'NONE',  ( -17.58000000000000185, 27.63430209709858332, 3.099999999999994760 ) ) ;
#19 = AXIS2_PLACEMENT_3D ( 'NONE', #3071, #2699, #1120 ) ;
#20 = ADVANCED_FACE ( 'NONE', ( #129 ), #477, .T. ) ;
#21 = CARTESIAN_POINT ( 'NONE',  ( 38.34216938573013067, 0.000000000000000000, 1.749999999999999778 ) ) ;
#22 = EDGE_LOOP ( 'NONE', ( #3036, #40, #4008, #4569 ) ) ;
#23 = AXIS2_PLACEMENT_3D ( 'NONE', #1355, #2970, #2520 ) ;
#24 = LINE ( 'NONE', #823, #2000 ) ;
#25 = CARTESIAN_POINT ( 'NONE',  ( -7.000000000000000000, 10.00000000000000000, -0.9250000000000000444 ) ) ;
#26 = VECTOR ( 'NONE', #1651, 1000.000000000000000 ) ;
#27 = PRODUCT_RELATED_PRODUCT_CATEGORY ( 'part', '', ( #1538 ) ) ;
#28 = ADVANCED_FACE ( 'NONE', ( #3175 ), #1644, .T. ) ;
#29 = ORIENTED_EDGE ( 'NONE', *, *, #2440, .F. ) ;
#30 = DIRECTION ( 'NONE',  ( -0.000000000000000000, -1.000000000000000000, -0.000000000000000000 ) ) ;
#31 = PLANE ( 'NONE',  #819 ) ;
#32 = CARTESIAN_POINT ( 'NONE',  ( 4.499999999999995559, 0.000000000000000000, -6.000000000000001776 ) ) ;
#33 = AXIS2_PLACEMENT_3D ( 'NONE', #2157, #1128, #4067 ) ;
#34 = LINE ( 'NONE', #2239, #444 ) ;
#35 = EDGE_CURVE ( 'NONE', #908, #1693, #1321, .T. ) ;
#36 = CARTESIAN_POINT ( 'NONE',  ( 35.90135769493380025, 0.000000000000000000, 3.100000000000000089 ) ) ;
#37 = EDGE_LOOP ( 'NONE', ( #461, #3070, #3244, #2622 ) ) ;
#38 = CARTESIAN_POINT ( 'NONE',  ( 27.18135769493380138, 27.63430209709858332, 3.100000000000000533 ) ) ;
#39 = ORIENTED_EDGE ( 'NONE', *, *, #4269, .T. ) ;
#40 = ORIENTED_EDGE ( 'NONE', *, *, #2696, .F. ) ;
#41 = ORIENTED_EDGE ( 'NONE', *, *, #4374, .T. ) ;
#42 = PLANE ( 'NONE',  #3853 ) ;
#43 = LINE ( 'NONE', #1365, #889 ) ;
#44 = EDGE_LOOP ( 'NONE', ( #4026, #2119, #1867, #4417 ) ) ;
#45 = DIRECTION ( 'NONE',  ( -1.000000000000000000, 0.000000000000000000, 0.000000000000000000 ) ) ;
#46 = ORIENTED_EDGE ( 'NONE', *, *, #721, .F. ) ;
#47 = CARTESIAN_POINT ( 'NONE',  ( 38.40000000000000568, 1.100000000000000089, -1.100000000000000089 ) ) ;
#48 = EDGE_CURVE ( 'NONE', #1456, #999, #947, .T. ) ;
#49 = LINE ( 'NONE', #1561, #4687 ) ;
#50 = CARTESIAN_POINT ( 'NONE',  ( 35.38162685482648584, 27.63430209709858332, 0.4000000000000027978 ) ) ;
#51 = CARTESIAN_POINT ( 'NONE',  ( 23.39999999999999503, 18.89999999999999858, -3.781546635374434917 ) ) ;
#52 = AXIS2_PLACEMENT_3D ( 'NONE', #830, #2332, #3497 ) ;
#53 = EDGE_LOOP ( 'NONE', ( #200, #3218, #2759, #3670 ) ) ;
#54 = LINE ( 'NONE', #3859, #4366 ) ;
#55 = EDGE_CURVE ( 'NONE', #4812, #1574, #2806, .T. ) ;
#56 = PLANE ( 'NONE',  #533 ) ;
#57 = VECTOR ( 'NONE', #277, 1000.000000000000000 ) ;
#58 = CARTESIAN_POINT ( 'NONE',  ( 33.40000000000000568, 18.89999999999999858, -3.781546635374434029 ) ) ;
#59 = LINE ( 'NONE', #83, #1879 ) ;
#60 = VERTEX_POINT ( 'NONE', #2454 ) ;
#61 = CARTESIAN_POINT ( 'NONE',  ( 30.99999999999999289, 1.100000000000000089, -4.881546635374434118 ) ) ;
#62 = VECTOR ( 'NONE', #1501, 1000.000000000000000 ) ;
#63 = ADVANCED_FACE ( 'NONE', ( #3961 ), #2086, .T. ) ;
#64 = VERTEX_POINT ( 'NONE', #3867 ) ;
#65 = VECTOR ( 'NONE', #1774, 1000.000000000000000 ) ;
#66 = AXIS2_PLACEMENT_3D ( 'NONE', #4707, #1324, #3573 ) ;
#67 = VECTOR ( 'NONE', #2554, 1000.000000000000000 ) ;
#68 = ORIENTED_EDGE ( 'NONE', *, *, #758, .F. ) ;
#69 = FACE_OUTER_BOUND ( 'NONE', #2621, .T. ) ;
#70 = ORIENTED_EDGE ( 'NONE', *, *, #2238, .T. ) ;
#71 = DIRECTION ( 'NONE',  ( 0.000000000000000000, 0.000000000000000000, 1.000000000000000000 ) ) ;
#72 = ORIENTED_EDGE ( 'NONE', *, *, #4790, .T. ) ;
#73 = LINE ( 'NONE', #4875, #1922 ) ;
#74 = DIRECTION ( 'NONE',  ( 0.000000000000000000, 0.000000000000000000, 1.000000000000000000 ) ) ;
#75 = EDGE_CURVE ( 'NONE', #2224, #1085, #1709, .T. ) ;
#76 = DIRECTION ( 'NONE',  ( -0.4092995309963232686, 0.000000000000000000, -0.9124000733922537076 ) ) ;
#77 = LINE ( 'NONE', #1588, #1208 ) ;
#78 = DIRECTION ( 'NONE',  ( 1.000000000000000000, 0.000000000000000000, 1.445602896647337684E-16 ) ) ;
#79 = EDGE_CURVE ( 'NONE', #4222, #3829, #2534, .T. ) ;
#80 = DIRECTION ( 'NONE',  ( -1.000000000000000000, 0.000000000000000000, 0.000000000000000000 ) ) ;
#81 = DIRECTION ( 'NONE',  ( -1.000000000000000000, 0.000000000000000000, -3.356713154187989077E-15 ) ) ;
#82 = EDGE_CURVE ( 'NONE', #3456, #1693, #2931, .T. ) ;
#83 = CARTESIAN_POINT ( 'NONE',  ( 36.00000000000000000, 1.100000000000000089, -15.00000000000000000 ) ) ;
#84 = ORIENTED_EDGE ( 'NONE', *, *, #3268, .F. ) ;
#85 = DIRECTION ( 'NONE',  ( -0.9124000733922508211, 0.000000000000000000, 0.4092995309963297079 ) ) ;
#86 = ORIENTED_EDGE ( 'NONE', *, *, #3882, .F. ) ;
#87 = EDGE_CURVE ( 'NONE', #4499, #996, #1819, .T. ) ;
#88 = ORIENTED_EDGE ( 'NONE', *, *, #4304, .T. ) ;
#89 = EDGE_CURVE ( 'NONE', #3105, #270, #4433, .T. ) ;
#90 = DIRECTION ( 'NONE',  ( 0.000000000000000000, 0.000000000000000000, 1.000000000000000000 ) ) ;
#91 = ORIENTED_EDGE ( 'NONE', *, *, #3161, .T. ) ;
#92 = LINE ( 'NONE', #4251, #2604 ) ;
#93 = VERTEX_POINT ( 'NONE', #3691 ) ;
#94 = CARTESIAN_POINT ( 'NONE',  ( -17.58000000000000185, 0.000000000000000000, 1.550000000000029354 ) ) ;
#95 = DIRECTION ( 'NONE',  ( -1.000000000000000000, -0.000000000000000000, -0.000000000000000000 ) ) ;
#96 = VECTOR ( 'NONE', #161, 1000.000000000000000 ) ;
#97 = FACE_BOUND ( 'NONE', #2969, .T. ) ;
#98 = CARTESIAN_POINT ( 'NONE',  ( 29.49999999999999289, 1.100000000000000089, -15.00000000000000000 ) ) ;
#99 = ORIENTED_EDGE ( 'NONE', *, *, #4311, .F. ) ;
#100 = CARTESIAN_POINT ( 'NONE',  ( 32.48216938573013124, 0.000000000000000000, 1.749999999999999778 ) ) ;
#101 = AXIS2_PLACEMENT_3D ( 'NONE', #946, #4679, #991 ) ;
#102 = CARTESIAN_POINT ( 'NONE',  ( 23.75335921247157600, 0.000000000000000000, 3.100000000000000533 ) ) ;
#103 = FACE_OUTER_BOUND ( 'NONE', #2629, .T. ) ;
#104 = AXIS2_PLACEMENT_3D ( 'NONE', #4695, #4280, #1725 ) ;
#105 = DIRECTION ( 'NONE',  ( -0.000000000000000000, -1.000000000000000000, -0.000000000000000000 ) ) ;
#106 = VERTEX_POINT ( 'NONE', #3640 ) ;
#107 = DIRECTION ( 'NONE',  ( 0.000000000000000000, -1.000000000000000000, 0.000000000000000000 ) ) ;
#108 = ADVANCED_FACE ( 'NONE', ( #1048 ), #4381, .T. ) ;
#109 = CARTESIAN_POINT ( 'NONE',  ( -2.766639066687122320E-15, 17.94999999999999929, -7.400000000000000355 ) ) ;
#110 = VERTEX_POINT ( 'NONE', #4751 ) ;
#111 = DIRECTION ( 'NONE',  ( -2.282530889443166529E-16, 0.000000000000000000, -1.000000000000000000 ) ) ;
#112 = ORIENTED_EDGE ( 'NONE', *, *, #733, .F. ) ;
#113 = EDGE_CURVE ( 'NONE', #396, #1730, #2216, .T. ) ;
#114 = LINE ( 'NONE', #864, #2430 ) ;
#115 = ORIENTED_EDGE ( 'NONE', *, *, #1485, .T. ) ;
#116 = DIRECTION ( 'NONE',  ( 0.3826834323650881720, 0.000000000000000000, -0.9238795325112874046 ) ) ;
#117 = DIRECTION ( 'NONE',  ( 1.000000000000000000, 0.000000000000000000, -0.000000000000000000 ) ) ;
#118 = ADVANCED_FACE ( 'NONE', ( #651 ), #4068, .T. ) ;
#119 = LINE ( 'NONE', #3582, #3884 ) ;
#120 = VERTEX_POINT ( 'NONE', #2981 ) ;
#121 = DIRECTION ( 'NONE',  ( 0.000000000000000000, -1.000000000000000000, 0.000000000000000000 ) ) ;
#122 = FACE_OUTER_BOUND ( 'NONE', #3907, .T. ) ;
#123 = LINE ( 'NONE', #2822, #1176 ) ;
#124 = FACE_OUTER_BOUND ( 'NONE', #2100, .T. ) ;
#125 = CARTESIAN_POINT ( 'NONE',  ( 35.89751289470343920, -0.000000000000000000, 1.550000000000000933 ) ) ;
#126 = EDGE_LOOP ( 'NONE', ( #677, #4660, #3888, #1191 ) ) ;
#127 = CARTESIAN_POINT ( 'NONE',  ( -17.58000000000000185, 20.00000000000000000, 3.099999999999992095 ) ) ;
#128 = VECTOR ( 'NONE', #1294, 1000.000000000000000 ) ;
#129 = FACE_OUTER_BOUND ( 'NONE', #2235, .T. ) ;
#130 = ADVANCED_FACE ( 'NONE', ( #1447 ), #598, .T. ) ;
#131 = ORIENTED_EDGE ( 'NONE', *, *, #2930, .F. ) ;
#132 = DIRECTION ( 'NONE',  ( 1.000000000000000000, 0.000000000000000000, -2.282530889443166529E-16 ) ) ;
#133 = VECTOR ( 'NONE', #2328, 999.9999999999998863 ) ;
#134 = ORIENTED_EDGE ( 'NONE', *, *, #1477, .F. ) ;
#135 = VECTOR ( 'NONE', #2490, 1000.000000000000000 ) ;
#136 = VECTOR ( 'NONE', #281, 1000.000000000000000 ) ;
#137 = APPLICATION_PROTOCOL_DEFINITION ( 'draft international standard', 'automotive_design', 1998, #871 ) ;
#138 = ORIENTED_EDGE ( 'NONE', *, *, #2715, .T. ) ;
#139 = EDGE_CURVE ( 'NONE', #60, #4352, #2108, .T. ) ;
#140 = DIRECTION ( 'NONE',  ( -0.000000000000000000, -1.000000000000000000, -0.000000000000000000 ) ) ;
#141 = VECTOR ( 'NONE', #1425, 1000.000000000000114 ) ;
#142 = LINE ( 'NONE', #1282, #609 ) ;
#143 = ORIENTED_EDGE ( 'NONE', *, *, #2329, .T. ) ;
#144 = EDGE_CURVE ( 'NONE', #3603, #4385, #3719, .T. ) ;
#145 = LINE ( 'NONE', #2948, #3177 ) ;
#146 = DIRECTION ( 'NONE',  ( 1.000000000000000000, 0.000000000000000000, -8.273704753157721312E-16 ) ) ;
#147 = PLANE ( 'NONE',  #3310 ) ;
#148 = ORIENTED_EDGE ( 'NONE', *, *, #1297, .T. ) ;
#149 = PLANE ( 'NONE',  #455 ) ;
#150 = VERTEX_POINT ( 'NONE', #4038 ) ;
#151 = CARTESIAN_POINT ( 'NONE',  ( 39.50000000000000000, 20.00000000000000000, 0.000000000000000000 ) ) ;
#152 = DIRECTION ( 'NONE',  ( 0.000000000000000000, -1.000000000000000000, 0.000000000000000000 ) ) ;
#153 = ORIENTED_EDGE ( 'NONE', *, *, #1649, .T. ) ;
#154 = DIRECTION ( 'NONE',  ( 0.000000000000000000, 0.000000000000000000, 1.000000000000000000 ) ) ;
#155 = VERTEX_POINT ( 'NONE', #1733 ) ;
#156 = ORIENTED_EDGE ( 'NONE', *, *, #3446, .F. ) ;
#157 = DIRECTION ( 'NONE',  ( 1.000000000000000000, 0.000000000000000000, 3.356713154187989077E-15 ) ) ;
#158 = FACE_OUTER_BOUND ( 'NONE', #4693, .T. ) ;
#159 = ADVANCED_FACE ( 'NONE', ( #2159 ), #994, .F. ) ;
#160 = ORIENTED_EDGE ( 'NONE', *, *, #1457, .T. ) ;
#161 = DIRECTION ( 'NONE',  ( -0.000000000000000000, -1.000000000000000000, -0.000000000000000000 ) ) ;
#162 = LINE ( 'NONE', #1360, #2246 ) ;
#163 = EDGE_CURVE ( 'NONE', #1139, #1826, #4096, .T. ) ;
#164 = VECTOR ( 'NONE', #778, 1000.000000000000000 ) ;
#165 = EDGE_CURVE ( 'NONE', #810, #3798, #2507, .T. ) ;
#166 = DIRECTION ( 'NONE',  ( 0.000000000000000000, -1.000000000000000000, 0.000000000000000000 ) ) ;
#167 = ORIENTED_EDGE ( 'NONE', *, *, #3587, .F. ) ;
#168 = DIRECTION ( 'NONE',  ( 6.927809408853062177E-18, 0.000000000000000000, -1.000000000000000000 ) ) ;
#169 = LINE ( 'NONE', #521, #1320 ) ;
#170 = VERTEX_POINT ( 'NONE', #3986 ) ;
#171 = CARTESIAN_POINT ( 'NONE',  ( 0.000000000000000000, 20.00000000000000000, 0.000000000000000000 ) ) ;
#172 = VECTOR ( 'NONE', #3087, 1000.000000000000000 ) ;
#173 = EDGE_CURVE ( 'NONE', #812, #2468, #225, .T. ) ;
#174 = VERTEX_POINT ( 'NONE', #3276 ) ;
#175 = VECTOR ( 'NONE', #1911, 1000.000000000000000 ) ;
#176 = ORIENTED_EDGE ( 'NONE', *, *, #4872, .F. ) ;
#177 = DIRECTION ( 'NONE',  ( -0.9124000733922535966, 0.000000000000000000, 0.4092995309963232686 ) ) ;
#178 = ORIENTED_EDGE ( 'NONE', *, *, #4289, .F. ) ;
#179 = ORIENTED_EDGE ( 'NONE', *, *, #3067, .F. ) ;
#180 = FACE_OUTER_BOUND ( 'NONE', #4551, .T. ) ;
#181 = ORIENTED_EDGE ( 'NONE', *, *, #4567, .T. ) ;
#182 = LINE ( 'NONE', #1696, #4845 ) ;
#183 = CARTESIAN_POINT ( 'NONE',  ( 27.63093620857273081, 20.00000000000000000, 0.3999999999999944711 ) ) ;
#184 = FACE_OUTER_BOUND ( 'NONE', #2994, .T. ) ;
#185 = EDGE_CURVE ( 'NONE', #1346, #2762, #274, .T. ) ;
#186 = ORIENTED_EDGE ( 'NONE', *, *, #89, .F. ) ;
#187 = LINE ( 'NONE', #491, #4213 ) ;
#188 = CARTESIAN_POINT ( 'NONE',  ( 33.49093620857273379, 0.000000000000000000, 0.3999999999999993006 ) ) ;
#189 = DIRECTION ( 'NONE',  ( 0.000000000000000000, -0.000000000000000000, 1.000000000000000000 ) ) ;
#190 = ORIENTED_EDGE ( 'NONE', *, *, #881, .T. ) ;
#191 = CARTESIAN_POINT ( 'NONE',  ( 14.49999999999999467, 20.00000000000000000, -4.881546635374435894 ) ) ;
#192 = LINE ( 'NONE', #3957, #128 ) ;
#193 = ORIENTED_EDGE ( 'NONE', *, *, #659, .F. ) ;
#194 = DIRECTION ( 'NONE',  ( -2.243176908590699067E-16, -1.000000000000000000, 1.325610866053751629E-31 ) ) ;
#195 = EDGE_CURVE ( 'NONE', #4546, #259, #2906, .T. ) ;
#196 = DIRECTION ( 'NONE',  ( 1.000000000000000000, 0.000000000000000000, -0.000000000000000000 ) ) ;
#197 = DIRECTION ( 'NONE',  ( 0.000000000000000000, -0.000000000000000000, 1.000000000000000000 ) ) ;
#198 = ORIENTED_EDGE ( 'NONE', *, *, #1768, .F. ) ;
#199 = LINE ( 'NONE', #3596, #2830 ) ;
#200 = ORIENTED_EDGE ( 'NONE', *, *, #4211, .F. ) ;
#201 = EDGE_CURVE ( 'NONE', #4286, #2166, #2761, .T. ) ;
#202 = EDGE_CURVE ( 'NONE', #2248, #2292, #2639, .T. ) ;
#203 = CARTESIAN_POINT ( 'NONE',  ( 25.99999999999999645, 1.100000000000000089, -15.00000000000000000 ) ) ;
#204 = AXIS2_PLACEMENT_3D ( 'NONE', #1469, #2978, #1103 ) ;
#205 = EDGE_LOOP ( 'NONE', ( #3155, #332, #3723, #1201 ) ) ;
#206 = CARTESIAN_POINT ( 'NONE',  ( 18.24003102824222822, 27.63430209709858332, 0.4000000000000010214 ) ) ;
#207 = ORIENTED_EDGE ( 'NONE', *, *, #840, .F. ) ;
#208 = DIRECTION ( 'NONE',  ( -0.3826834323650899483, 0.000000000000000000, -0.9238795325112867385 ) ) ;
#209 = DIRECTION ( 'NONE',  ( 1.000000000000000000, 0.000000000000000000, -0.000000000000000000 ) ) ;
#210 = VECTOR ( 'NONE', #4550, 999.9999999999998863 ) ;
#211 = VECTOR ( 'NONE', #4859, 1000.000000000000000 ) ;
#212 = VECTOR ( 'NONE', #1652, 999.9999999999998863 ) ;
#213 = AXIS2_PLACEMENT_3D ( 'NONE', #2456, #177, #974 ) ;
#214 = EDGE_LOOP ( 'NONE', ( #353, #4745, #716, #4049 ) ) ;
#215 = CARTESIAN_POINT ( 'NONE',  ( 21.29459061184367386, 0.000000000000000000, 1.950000000000002176 ) ) ;
#216 = DIRECTION ( 'NONE',  ( 8.273704753157721312E-16, 0.000000000000000000, 1.000000000000000000 ) ) ;
#217 = CARTESIAN_POINT ( 'NONE',  ( 19.49999999999999289, 0.000000000000000000, -15.00000000000000000 ) ) ;
#218 = ORIENTED_EDGE ( 'NONE', *, *, #2058, .T. ) ;
#219 = CARTESIAN_POINT ( 'NONE',  ( -23.44000000000000128, 0.000000000000000000, 1.550000000000029354 ) ) ;
#220 = LINE ( 'NONE', #4747, #2594 ) ;
#221 = ORIENTED_EDGE ( 'NONE', *, *, #201, .F. ) ;
#222 = FACE_BOUND ( 'NONE', #2487, .T. ) ;
#223 = DIRECTION ( 'NONE',  ( -1.000000000000000000, 0.000000000000000000, 0.000000000000000000 ) ) ;
#224 = EDGE_CURVE ( 'NONE', #120, #4393, #1917, .T. ) ;
#225 = LINE ( 'NONE', #4012, #1596 ) ;
#226 = EDGE_CURVE ( 'NONE', #3693, #243, #1591, .T. ) ;
#227 = ORIENTED_EDGE ( 'NONE', *, *, #3711, .T. ) ;
#228 = PLANE ( 'NONE',  #2512 ) ;
#229 = ORIENTED_EDGE ( 'NONE', *, *, #2692, .F. ) ;
#230 = ORIENTED_EDGE ( 'NONE', *, *, #2407, .T. ) ;
#231 = EDGE_CURVE ( 'NONE', #2154, #4273, #8, .T. ) ;
#232 = CARTESIAN_POINT ( 'NONE',  ( 15.46135769493380074, 20.00000000000000000, 3.100000000000000533 ) ) ;
#233 = EDGE_CURVE ( 'NONE', #1185, #3456, #1500, .T. ) ;
#234 = ORIENTED_EDGE ( 'NONE', *, *, #2514, .F. ) ;
#235 = FACE_BOUND ( 'NONE', #3271, .T. ) ;
#236 = ORIENTED_EDGE ( 'NONE', *, *, #2163, .T. ) ;
#237 = FACE_OUTER_BOUND ( 'NONE', #3376, .T. ) ;
#238 = DIRECTION ( 'NONE',  ( 0.9238795325112867385, 0.000000000000000000, -0.3826834323650900593 ) ) ;
#239 = ORIENTED_EDGE ( 'NONE', *, *, #1056, .T. ) ;
#240 = CARTESIAN_POINT ( 'NONE',  ( 37.10000000000000142, 18.89999999999999858, -3.781546635374434029 ) ) ;
#241 = DIRECTION ( 'NONE',  ( -1.000000000000000000, -0.000000000000000000, -0.000000000000000000 ) ) ;
#242 = CARTESIAN_POINT ( 'NONE',  ( 15.91093620857272484, 20.00000000000000000, 3.099999999999999645 ) ) ;
#243 = VERTEX_POINT ( 'NONE', #2286 ) ;
#244 = LINE ( 'NONE', #4458, #2352 ) ;
#245 = CARTESIAN_POINT ( 'NONE',  ( 15.77028664413127679, 0.000000000000000000, -11.38684956152296479 ) ) ;
#246 = ORIENTED_EDGE ( 'NONE', *, *, #1547, .F. ) ;
#247 = FACE_OUTER_BOUND ( 'NONE', #4278, .T. ) ;
#248 = VECTOR ( 'NONE', #2648, 1000.000000000000000 ) ;
#249 = DIRECTION ( 'NONE',  ( -1.000000000000000000, 0.000000000000000000, -2.187630329860364571E-16 ) ) ;
#250 = PLANE ( 'NONE',  #2823 ) ;
#251 = EDGE_LOOP ( 'NONE', ( #2649, #3334, #3292, #181 ) ) ;
#252 = VECTOR ( 'NONE', #3051, 1000.000000000000000 ) ;
#253 = EDGE_CURVE ( 'NONE', #3958, #3259, #351, .T. ) ;
#254 = PLANE ( 'NONE',  #3782 ) ;
#255 = ORIENTED_EDGE ( 'NONE', *, *, #388, .T. ) ;
#256 = AXIS2_PLACEMENT_3D ( 'NONE', #3650, #2862, #261 ) ;
#257 = PLANE ( 'NONE',  #3440 ) ;
#258 = DIRECTION ( 'NONE',  ( 0.000000000000000000, 1.000000000000000000, 0.000000000000000000 ) ) ;
#259 = VERTEX_POINT ( 'NONE', #2261 ) ;
#260 = VECTOR ( 'NONE', #698, 1000.000000000000000 ) ;
#261 = DIRECTION ( 'NONE',  ( 0.000000000000000000, 0.000000000000000000, 1.000000000000000000 ) ) ;
#262 = PLANE ( 'NONE',  #931 ) ;
#263 = EDGE_CURVE ( 'NONE', #4334, #4829, #1571, .T. ) ;
#264 = PLANE ( 'NONE',  #2747 ) ;
#265 = ORIENTED_EDGE ( 'NONE', *, *, #173, .T. ) ;
#266 = PLANE ( 'NONE',  #2711 ) ;
#267 = DIRECTION ( 'NONE',  ( 0.000000000000000000, -0.000000000000000000, 1.000000000000000000 ) ) ;
#268 = EDGE_CURVE ( 'NONE', #1268, #174, #1896, .T. ) ;
#269 = CARTESIAN_POINT ( 'NONE',  ( 21.77093620857273493, 20.00000000000000000, 0.3999999999999944711 ) ) ;
#270 = VERTEX_POINT ( 'NONE', #4559 ) ;
#271 = DIRECTION ( 'NONE',  ( -0.3826834323650900593, 0.000000000000000000, 0.9238795325112867385 ) ) ;
#272 = ORIENTED_EDGE ( 'NONE', *, *, #3944, .T. ) ;
#273 = DIRECTION ( 'NONE',  ( 0.000000000000000000, -0.000000000000000000, 1.000000000000000000 ) ) ;
#274 = LINE ( 'NONE', #4779, #1994 ) ;
#275 = CARTESIAN_POINT ( 'NONE',  ( 18.84000720206792678, 20.00000000000000000, 1.737451581485168317 ) ) ;
#276 = VERTEX_POINT ( 'NONE', #1522 ) ;
#277 = DIRECTION ( 'NONE',  ( -1.000000000000000000, 0.000000000000000000, 0.000000000000000000 ) ) ;
#278 = VERTEX_POINT ( 'NONE', #3452 ) ;
#279 = EDGE_CURVE ( 'NONE', #1262, #761, #4490, .T. ) ;
#280 = ORIENTED_EDGE ( 'NONE', *, *, #4010, .T. ) ;
#281 = DIRECTION ( 'NONE',  ( -0.000000000000000000, -1.000000000000000000, -0.000000000000000000 ) ) ;
#282 = VECTOR ( 'NONE', #80, 1000.000000000000000 ) ;
#283 = ORIENTED_EDGE ( 'NONE', *, *, #3067, .T. ) ;
#284 = CARTESIAN_POINT ( 'NONE',  ( 24.49999999999999289, 0.000000000000000000, -15.00000000000000000 ) ) ;
#285 = LINE ( 'NONE', #4818, #1568 ) ;
#286 = ADVANCED_FACE ( 'NONE', ( #424 ), #1152, .F. ) ;
#287 = VECTOR ( 'NONE', #1200, 1000.000000000000000 ) ;
#288 = CARTESIAN_POINT ( 'NONE',  ( 19.49999999999999289, 1.100000000000000089, -4.881546635374435006 ) ) ;
#289 = ADVANCED_FACE ( 'NONE', ( #784 ), #56, .T. ) ;
#290 = ORIENTED_EDGE ( 'NONE', *, *, #2016, .T. ) ;
#291 = CARTESIAN_POINT ( 'NONE',  ( 36.00000000000000000, 1.100000000000000089, -15.00000000000000000 ) ) ;
#292 = VECTOR ( 'NONE', #2824, 1000.000000000000114 ) ;
#293 = CARTESIAN_POINT ( 'NONE',  ( 18.32135769493379840, 0.000000000000000000, 3.100000000000000089 ) ) ;
#294 = CARTESIAN_POINT ( 'NONE',  ( 23.39999999999999503, 18.89999999999999858, -3.781546635374434917 ) ) ;
#295 = VECTOR ( 'NONE', #436, 1000.000000000000000 ) ;
#296 = AXIS2_PLACEMENT_3D ( 'NONE', #3856, #2091, #1719 ) ;
#297 = VECTOR ( 'NONE', #759, 1000.000000000000000 ) ;
#298 = EDGE_CURVE ( 'NONE', #2714, #1031, #398, .T. ) ;
#299 = DIRECTION ( 'NONE',  ( -0.000000000000000000, -1.000000000000000000, -0.000000000000000000 ) ) ;
#300 = DIRECTION ( 'NONE',  ( 0.000000000000000000, -1.000000000000000000, 0.000000000000000000 ) ) ;
#301 = ORIENTED_EDGE ( 'NONE', *, *, #3252, .T. ) ;
#302 = DIRECTION ( 'NONE',  ( -1.000000000000000000, 0.000000000000000000, 0.000000000000000000 ) ) ;
#303 = CARTESIAN_POINT ( 'NONE',  ( 12.09999999999999432, 18.89999999999999858, -13.89999999999999858 ) ) ;
#304 = CARTESIAN_POINT ( 'NONE',  ( 33.40000000000000568, 1.100000000000000089, -3.781546635374434029 ) ) ;
#305 = VERTEX_POINT ( 'NONE', #1968 ) ;
#306 = DIRECTION ( 'NONE',  ( 0.000000000000000000, -0.000000000000000000, 1.000000000000000000 ) ) ;
#307 = ORIENTED_EDGE ( 'NONE', *, *, #1518, .F. ) ;
#308 = LINE ( 'NONE', #4387, #2479 ) ;
#309 = ORIENTED_EDGE ( 'NONE', *, *, #4257, .F. ) ;
#310 = CARTESIAN_POINT ( 'NONE',  ( 38.40000000000000568, 18.89999999999999858, -1.100000000000000089 ) ) ;
#311 = ORIENTED_EDGE ( 'NONE', *, *, #4262, .F. ) ;
#312 = FACE_OUTER_BOUND ( 'NONE', #3063, .T. ) ;
#313 = CARTESIAN_POINT ( 'NONE',  ( 9.499999999999994671, 0.000000000000000000, -15.00000000000000000 ) ) ;
#314 = CARTESIAN_POINT ( 'NONE',  ( 22.86772351120764668, 27.63430209709859042, 11.89941269444658012 ) ) ;
#315 = EDGE_LOOP ( 'NONE', ( #1343, #3526, #736, #4730 ) ) ;
#316 = LINE ( 'NONE', #3345, #2152 ) ;
#317 = EDGE_CURVE ( 'NONE', #2460, #3546, #34, .T. ) ;
#318 = CARTESIAN_POINT ( 'NONE',  ( 18.39999999999999147, 18.89999999999999858, -13.89999999999999858 ) ) ;
#319 = LINE ( 'NONE', #3662, #4324 ) ;
#320 = LINE ( 'NONE', #245, #3065 ) ;
#321 = ORIENTED_EDGE ( 'NONE', *, *, #3108, .T. ) ;
#322 = DIRECTION ( 'NONE',  ( -0.3557458051467840554, 0.000000000000000000, 0.9345827529547431345 ) ) ;
#323 = EDGE_CURVE ( 'NONE', #2218, #1127, #1178, .T. ) ;
#324 = DIRECTION ( 'NONE',  ( 1.900632682732230014E-47, -1.000000000000000000, 4.930380657631323784E-32 ) ) ;
#325 = DIRECTION ( 'NONE',  ( 0.3557458051467840554, 0.000000000000000000, -0.9345827529547431345 ) ) ;
#326 = ORIENTED_EDGE ( 'NONE', *, *, #4205, .F. ) ;
#327 = CARTESIAN_POINT ( 'NONE',  ( -17.57999999999999829, 20.00000000000000000, 1.950000000000041478 ) ) ;
#328 = EDGE_LOOP ( 'NONE', ( #2666, #2850, #674, #2437 ) ) ;
#329 = ADVANCED_FACE ( 'NONE', ( #805 ), #3814, .F. ) ;
#330 = ORIENTED_EDGE ( 'NONE', *, *, #323, .T. ) ;
#331 = VECTOR ( 'NONE', #2869, 1000.000000000000114 ) ;
#332 = ORIENTED_EDGE ( 'NONE', *, *, #2400, .T. ) ;
#333 = LINE ( 'NONE', #1856, #3393 ) ;
#334 = ORIENTED_EDGE ( 'NONE', *, *, #1486, .F. ) ;
#335 = DIRECTION ( 'NONE',  ( -0.3826834323650849523, 0.000000000000000000, -0.9238795325112888479 ) ) ;
#336 = CARTESIAN_POINT ( 'NONE',  ( 29.96003102824223063, 20.00000000000000000, 0.4000000000000010214 ) ) ;
#337 = VECTOR ( 'NONE', #2093, 1000.000000000000000 ) ;
#338 = DIRECTION ( 'NONE',  ( -0.3826834323650881720, 0.000000000000000000, 0.9238795325112874046 ) ) ;
#339 = AXIS2_PLACEMENT_3D ( 'NONE', #4238, #829, #4260 ) ;
#340 = ORIENTED_EDGE ( 'NONE', *, *, #2868, .T. ) ;
#341 = DIRECTION ( 'NONE',  ( -1.000000000000000000, 0.000000000000000000, 3.711578864342414090E-16 ) ) ;
#342 = LINE ( 'NONE', #1493, #972 ) ;
#343 = ADVANCED_FACE ( 'NONE', ( #2705 ), #4218, .F. ) ;
#344 = CARTESIAN_POINT ( 'NONE',  ( 23.39999999999999503, 18.89999999999999858, -13.89999999999999858 ) ) ;
#345 = ORIENTED_EDGE ( 'NONE', *, *, #765, .F. ) ;
#346 = DIRECTION ( 'NONE',  ( -0.000000000000000000, -1.000000000000000000, -0.000000000000000000 ) ) ;
#347 = VECTOR ( 'NONE', #3, 1000.000000000000000 ) ;
#348 = LINE ( 'NONE', #2180, #1487 ) ;
#349 = ORIENTED_EDGE ( 'NONE', *, *, #4534, .F. ) ;
#350 = CARTESIAN_POINT ( 'NONE',  ( 8.574694545859678385, 20.00000000000000000, 12.18628660943929098 ) ) ;
#351 = LINE ( 'NONE', #3007, #4317 ) ;
#352 = CARTESIAN_POINT ( 'NONE',  ( 20.66852764704162837, 0.000000000000000000, 12.32858493149792878 ) ) ;
#353 = ORIENTED_EDGE ( 'NONE', *, *, #923, .T. ) ;
#354 = ADVANCED_FACE ( 'NONE', ( #1657 ), #147, .F. ) ;
#355 = LINE ( 'NONE', #4835, #4408 ) ;
#356 = VERTEX_POINT ( 'NONE', #102 ) ;
#357 = VERTEX_POINT ( 'NONE', #2447 ) ;
#358 = ORIENTED_EDGE ( 'NONE', *, *, #4728, .F. ) ;
#359 = ADVANCED_FACE ( 'NONE', ( #2078 ), #3954, .T. ) ;
#360 = DIRECTION ( 'NONE',  ( 0.000000000000000000, -1.000000000000000000, 0.000000000000000000 ) ) ;
#361 = EDGE_LOOP ( 'NONE', ( #1617, #1619, #3200, #4201 ) ) ;
#362 = DIRECTION ( 'NONE',  ( -0.9238795325112874046, 0.000000000000000000, -0.3826834323650881720 ) ) ;
#363 = DIRECTION ( 'NONE',  ( 6.857662583261808122E-16, 0.000000000000000000, 1.000000000000000000 ) ) ;
#364 = EDGE_LOOP ( 'NONE', ( #4457, #1795, #2611, #2433, #2173, #4133, #3989, #1847, #4834, #1763, #4762, #901, #1476, #660, #3158, #4842, #3811, #2122, #4590, #3247, #2109, #4338, #2601, #3910, #2635, #4640, #3251, #190 ) ) ;
#365 = CARTESIAN_POINT ( 'NONE',  ( 19.49999999999999289, 20.00000000000000000, -4.881546635374435006 ) ) ;
#366 = CARTESIAN_POINT ( 'NONE',  ( 5.864902712432475518, 20.00000000000000000, -13.14607844286650185 ) ) ;
#367 = VECTOR ( 'NONE', #3887, 1000.000000000000000 ) ;
#368 = DIRECTION ( 'NONE',  ( 0.000000000000000000, -1.000000000000000000, 0.000000000000000000 ) ) ;
#369 = VECTOR ( 'NONE', #2475, 1000.000000000000000 ) ;
#370 = CARTESIAN_POINT ( 'NONE',  ( 28.39999999999999147, 1.100000000000000089, -13.89999999999999858 ) ) ;
#371 = ORIENTED_EDGE ( 'NONE', *, *, #2359, .F. ) ;
#372 = FACE_OUTER_BOUND ( 'NONE', #1821, .T. ) ;
#373 = VECTOR ( 'NONE', #4532, 1000.000000000000000 ) ;
#374 = AXIS2_PLACEMENT_3D ( 'NONE', #1610, #2142, #1404 ) ;
#375 = DIRECTION ( 'NONE',  ( -1.000000000000000000, -0.000000000000000000, -0.000000000000000000 ) ) ;
#376 = DIRECTION ( 'NONE',  ( -1.407448530797437245E-16, 0.000000000000000000, 1.000000000000000000 ) ) ;
#377 = ORIENTED_EDGE ( 'NONE', *, *, #4768, .T. ) ;
#378 = CARTESIAN_POINT ( 'NONE',  ( 30.99999999999999289, 0.000000000000000000, -15.00000000000000000 ) ) ;
#379 = VECTOR ( 'NONE', #3253, 1000.000000000000000 ) ;
#380 = VERTEX_POINT ( 'NONE', #3102 ) ;
#381 = EDGE_CURVE ( 'NONE', #1323, #1662, #3906, .T. ) ;
#382 = ORIENTED_EDGE ( 'NONE', *, *, #231, .F. ) ;
#383 = ORIENTED_EDGE ( 'NONE', *, *, #3130, .T. ) ;
#384 = DIRECTION ( 'NONE',  ( 0.3557458051467840554, 0.000000000000000000, -0.9345827529547431345 ) ) ;
#385 = ORIENTED_EDGE ( 'NONE', *, *, #705, .T. ) ;
#386 = CARTESIAN_POINT ( 'NONE',  ( -7.000000000000000000, 0.000000000000000000, 0.000000000000000000 ) ) ;
#387 = EDGE_CURVE ( 'NONE', #485, #2389, #123, .T. ) ;
#388 = EDGE_CURVE ( 'NONE', #3701, #278, #564, .T. ) ;
#389 = DIRECTION ( 'NONE',  ( -0.000000000000000000, -1.000000000000000000, -0.000000000000000000 ) ) ;
#390 = ORIENTED_EDGE ( 'NONE', *, *, #2115, .T. ) ;
#391 = LINE ( 'NONE', #4162, #489 ) ;
#392 = LINE ( 'NONE', #3444, #423 ) ;
#393 = EDGE_CURVE ( 'NONE', #4301, #1482, #2423, .T. ) ;
#394 = LINE ( 'NONE', #3025, #3389 ) ;
#395 = DIRECTION ( 'NONE',  ( -0.4092995309963297079, 0.000000000000000000, -0.9124000733922508211 ) ) ;
#396 = VERTEX_POINT ( 'NONE', #3520 ) ;
#397 = CARTESIAN_POINT ( 'NONE',  ( 15.43459061184367442, 27.63430209709858332, 1.550000000000004485 ) ) ;
#398 = LINE ( 'NONE', #2685, #3682 ) ;
#399 = DIRECTION ( 'NONE',  ( 0.000000000000000000, 0.000000000000000000, -1.000000000000000000 ) ) ;
#400 = EDGE_LOOP ( 'NONE', ( #1905, #1824, #978, #1640 ) ) ;
#401 = DIRECTION ( 'NONE',  ( 0.000000000000000000, -1.000000000000000000, 0.000000000000000000 ) ) ;
#402 = ORIENTED_EDGE ( 'NONE', *, *, #845, .F. ) ;
#403 = EDGE_LOOP ( 'NONE', ( #2092, #1654, #340, #2811 ) ) ;
#404 = EDGE_CURVE ( 'NONE', #4452, #1730, #3192, .T. ) ;
#405 = AXIS2_PLACEMENT_3D ( 'NONE', #882, #4290, #2408 ) ;
#406 = ORIENTED_EDGE ( 'NONE', *, *, #4071, .F. ) ;
#407 = CARTESIAN_POINT ( 'NONE',  ( 7.099999999999996092, 18.89999999999999858, -4.900000000000001243 ) ) ;
#408 = EDGE_LOOP ( 'NONE', ( #3332, #3556, #3757, #406 ) ) ;
#409 = VECTOR ( 'NONE', #2750, 1000.000000000000114 ) ;
#410 = DIRECTION ( 'NONE',  ( 0.000000000000000000, -1.000000000000000000, 0.000000000000000000 ) ) ;
#411 = ORIENTED_EDGE ( 'NONE', *, *, #2467, .T. ) ;
#412 = VECTOR ( 'NONE', #3875, 1000.000000000000000 ) ;
#413 = EDGE_CURVE ( 'NONE', #2196, #4066, #2378, .T. ) ;
#414 = CARTESIAN_POINT ( 'NONE',  ( -11.72000000000000064, 20.00000000000000000, 0.3999999999999944711 ) ) ;
#415 = LINE ( 'NONE', #3471, #4847 ) ;
#416 = VECTOR ( 'NONE', #2422, 1000.000000000000000 ) ;
#417 = DIRECTION ( 'NONE',  ( -0.000000000000000000, -1.000000000000000000, -0.000000000000000000 ) ) ;
#418 = LINE ( 'NONE', #3099, #2673 ) ;
#419 = EDGE_CURVE ( 'NONE', #155, #474, #2754, .T. ) ;
#420 = DIRECTION ( 'NONE',  ( -0.000000000000000000, -1.000000000000000000, -0.000000000000000000 ) ) ;
#421 = ORIENTED_EDGE ( 'NONE', *, *, #4261, .F. ) ;
#422 = LINE ( 'NONE', #32, #4451 ) ;
#423 = VECTOR ( 'NONE', #3490, 1000.000000000000000 ) ;
#424 = FACE_OUTER_BOUND ( 'NONE', #1902, .T. ) ;
#425 = PLANE ( 'NONE',  #3302 ) ;
#426 = ORIENTED_EDGE ( 'NONE', *, *, #2132, .T. ) ;
#427 = CARTESIAN_POINT ( 'NONE',  ( -11.72000000000000064, 0.000000000000000000, 3.099999999999994760 ) ) ;
#428 = ORIENTED_EDGE ( 'NONE', *, *, #1718, .F. ) ;
#429 = CARTESIAN_POINT ( 'NONE',  ( 33.04135769493380081, 27.63430209709859042, 0.3999999999999999667 ) ) ;
#430 = VECTOR ( 'NONE', #1688, 1000.000000000000000 ) ;
#431 = ORIENTED_EDGE ( 'NONE', *, *, #4204, .F. ) ;
#432 = ORIENTED_EDGE ( 'NONE', *, *, #3076, .F. ) ;
#433 = CARTESIAN_POINT ( 'NONE',  ( -11.72000000000000242, 20.00000000000000000, 0.3999999999998820610 ) ) ;
#434 = VERTEX_POINT ( 'NONE', #3545 ) ;
#435 = EDGE_CURVE ( 'NONE', #1742, #4787, #896, .T. ) ;
#436 = DIRECTION ( 'NONE',  ( 0.000000000000000000, 0.000000000000000000, 1.000000000000000000 ) ) ;
#437 = ORIENTED_EDGE ( 'NONE', *, *, #2671, .F. ) ;
#438 = LINE ( 'NONE', #1955, #1283 ) ;
#439 = LINE ( 'NONE', #4210, #826 ) ;
#440 = EDGE_CURVE ( 'NONE', #2050, #3157, #2401, .T. ) ;
#441 = EDGE_CURVE ( 'NONE', #1075, #380, #4331, .T. ) ;
#442 = CARTESIAN_POINT ( 'NONE',  ( 5.999999999999994671, 15.05000000000000071, -7.400000000000003020 ) ) ;
#443 = CARTESIAN_POINT ( 'NONE',  ( 25.99999999999999645, 0.000000000000000000, -15.00000000000000000 ) ) ;
#444 = VECTOR ( 'NONE', #1941, 1000.000000000000114 ) ;
#445 = ORIENTED_EDGE ( 'NONE', *, *, #1478, .T. ) ;
#446 = FACE_OUTER_BOUND ( 'NONE', #3740, .T. ) ;
#447 = EDGE_CURVE ( 'NONE', #1156, #1384, #543, .T. ) ;
#448 = EDGE_CURVE ( 'NONE', #2983, #713, #4674, .T. ) ;
#449 = CARTESIAN_POINT ( 'NONE',  ( 22.09999999999999787, 1.100000000000000089, -3.781546635374434917 ) ) ;
#450 = VECTOR ( 'NONE', #3010, 999.9999999999998863 ) ;
#451 = CARTESIAN_POINT ( 'NONE',  ( 39.50000000000000000, 20.00000000000000000, -15.00000000000000000 ) ) ;
#452 = CARTESIAN_POINT ( 'NONE',  ( 27.09999999999999432, 1.100000000000000089, -13.89999999999999858 ) ) ;
#453 = VERTEX_POINT ( 'NONE', #2010 ) ;
#454 = LINE ( 'NONE', #4613, #970 ) ;
#455 = AXIS2_PLACEMENT_3D ( 'NONE', #4631, #3908, #919 ) ;
#456 = ORIENTED_EDGE ( 'NONE', *, *, #4769, .F. ) ;
#457 = AXIS2_PLACEMENT_3D ( 'NONE', #3873, #4185, #71 ) ;
#458 = AXIS2_PLACEMENT_3D ( 'NONE', #1998, #4617, #3869 ) ;
#459 = ORIENTED_EDGE ( 'NONE', *, *, #2905, .F. ) ;
#460 = CARTESIAN_POINT ( 'NONE',  ( 24.70000720206792622, 0.000000000000000000, 1.737451581485168317 ) ) ;
#461 = ORIENTED_EDGE ( 'NONE', *, *, #2837, .F. ) ;
#462 = DIRECTION ( 'NONE',  ( 0.000000000000000000, -0.000000000000000000, 1.000000000000000000 ) ) ;
#463 = ORIENTED_EDGE ( 'NONE', *, *, #1649, .F. ) ;
#464 = FACE_OUTER_BOUND ( 'NONE', #1524, .T. ) ;
#465 = DIRECTION ( 'NONE',  ( -0.000000000000000000, -1.000000000000000000, -0.000000000000000000 ) ) ;
#466 = EDGE_CURVE ( 'NONE', #150, #1041, #2030, .T. ) ;
#467 = PLANE ( 'NONE',  #374 ) ;
#468 = LINE ( 'NONE', #3078, #3733 ) ;
#469 = VERTEX_POINT ( 'NONE', #850 ) ;
#470 = LINE ( 'NONE', #1589, #3434 ) ;
#471 = CARTESIAN_POINT ( 'NONE',  ( 5.999999999999994671, 20.00000000000000000, -15.00000000000000000 ) ) ;
#472 = LINE ( 'NONE', #3499, #3925 ) ;
#473 = CARTESIAN_POINT ( 'NONE',  ( 33.01459061184367982, 20.00000000000000000, 1.950000000000002176 ) ) ;
#474 = VERTEX_POINT ( 'NONE', #3124 ) ;
#475 = CARTESIAN_POINT ( 'NONE',  ( 11.72490271243247584, 20.00000000000000000, -13.14607844286650185 ) ) ;
#476 = EDGE_CURVE ( 'NONE', #3949, #810, #4630, .T. ) ;
#477 = PLANE ( 'NONE',  #3878 ) ;
#478 = VECTOR ( 'NONE', #4127, 1000.000000000000000 ) ;
#479 = ORIENTED_EDGE ( 'NONE', *, *, #2341, .F. ) ;
#480 = CARTESIAN_POINT ( 'NONE',  ( 11.14772351120764426, 20.00000000000000000, 11.89941269444658012 ) ) ;
#481 = VERTEX_POINT ( 'NONE', #941 ) ;
#482 = EDGE_CURVE ( 'NONE', #1323, #812, #4608, .T. ) ;
#483 = VECTOR ( 'NONE', #152, 1000.000000000000000 ) ;
#484 = LINE ( 'NONE', #841, #2356 ) ;
#485 = VERTEX_POINT ( 'NONE', #1726 ) ;
#486 = FACE_OUTER_BOUND ( 'NONE', #2259, .T. ) ;
#487 = FACE_OUTER_BOUND ( 'NONE', #1686, .T. ) ;
#488 = VECTOR ( 'NONE', #1261, 1000.000000000000000 ) ;
#489 = VECTOR ( 'NONE', #4599, 1000.000000000000000 ) ;
#490 = FACE_BOUND ( 'NONE', #998, .T. ) ;
#491 = CARTESIAN_POINT ( 'NONE',  ( 23.66162685482648698, 27.63430209709858332, 0.4000000000000027978 ) ) ;
#492 = DIRECTION ( 'NONE',  ( 3.854941057726242534E-16, -0.000000000000000000, 1.000000000000000000 ) ) ;
#493 = AXIS2_PLACEMENT_3D ( 'NONE', #4367, #1801, #3238 ) ;
#494 = EDGE_CURVE ( 'NONE', #174, #120, #1040, .T. ) ;
#495 = DIRECTION ( 'NONE',  ( -1.000000000000000000, 0.000000000000000000, 1.197801575966169987E-15 ) ) ;
#496 = ORIENTED_EDGE ( 'NONE', *, *, #2, .T. ) ;
#497 = CARTESIAN_POINT ( 'NONE',  ( 7.099999999999996980, 18.89999999999999858, -1.100000000000000311 ) ) ;
#498 = VECTOR ( 'NONE', #2207, 1000.000000000000000 ) ;
#499 = DIRECTION ( 'NONE',  ( 1.000000000000000000, 0.000000000000000000, -0.000000000000000000 ) ) ;
#500 = EDGE_LOOP ( 'NONE', ( #4517, #1399, #885, #3646 ) ) ;
#501 = LINE ( 'NONE', #429, #3575 ) ;
#502 = ORIENTED_EDGE ( 'NONE', *, *, #2926, .T. ) ;
#503 = EDGE_CURVE ( 'NONE', #4066, #999, #4373, .T. ) ;
#504 = VERTEX_POINT ( 'NONE', #242 ) ;
#505 = CARTESIAN_POINT ( 'NONE',  ( 12.98000720206792735, 20.00000000000000000, 1.737451581485168317 ) ) ;
#506 = ORIENTED_EDGE ( 'NONE', *, *, #2264, .F. ) ;
#507 = AXIS2_PLACEMENT_3D ( 'NONE', #3608, #3633, #3216 ) ;
#508 = EDGE_CURVE ( 'NONE', #1669, #4869, #3295, .T. ) ;
#509 = CARTESIAN_POINT ( 'NONE',  ( 0.000000000000000000, 0.000000000000000000, 0.000000000000000000 ) ) ;
#510 = ORIENTED_EDGE ( 'NONE', *, *, #3215, .T. ) ;
#511 = CARTESIAN_POINT ( 'NONE',  ( 24.49999999999999289, 20.00000000000000000, -4.881546635374435006 ) ) ;
#512 = CARTESIAN_POINT ( 'NONE',  ( 29.49999999999999289, 1.100000000000000089, -4.881546635374434118 ) ) ;
#513 = ORIENTED_EDGE ( 'NONE', *, *, #3564, .F. ) ;
#514 = APPLICATION_CONTEXT ( 'automotive_design' ) ;
#515 = CARTESIAN_POINT ( 'NONE',  ( 19.49999999999999289, 0.000000000000000000, -15.00000000000000000 ) ) ;
#516 = CARTESIAN_POINT ( 'NONE',  ( -1.282395112762152900, 4.950000000000001066, -7.399999999999999467 ) ) ;
#517 = CARTESIAN_POINT ( 'NONE',  ( 32.38852764704162723, 20.00000000000000000, 12.32858493149792878 ) ) ;
#518 = ORIENTED_EDGE ( 'NONE', *, *, #758, .T. ) ;
#519 = VECTOR ( 'NONE', #1702, 999.9999999999998863 ) ;
#520 = PLANE ( 'NONE',  #1960 ) ;
#521 = CARTESIAN_POINT ( 'NONE',  ( -1.282395112762153122, 17.94999999999999929, -7.399999999999999467 ) ) ;
#522 = VERTEX_POINT ( 'NONE', #1781 ) ;
#523 = DIRECTION ( 'NONE',  ( 1.000000000000000000, 0.000000000000000000, 0.000000000000000000 ) ) ;
#524 = VECTOR ( 'NONE', #2128, 1000.000000000000000 ) ;
#525 = ORIENTED_EDGE ( 'NONE', *, *, #1021, .T. ) ;
#526 = ORIENTED_EDGE ( 'NONE', *, *, #3827, .F. ) ;
#527 = EDGE_CURVE ( 'NONE', #4175, #1262, #1071, .T. ) ;
#528 = FACE_OUTER_BOUND ( 'NONE', #2253, .T. ) ;
#529 = VECTOR ( 'NONE', #3815, 999.9999999999998863 ) ;
#530 = VERTEX_POINT ( 'NONE', #616 ) ;
#531 = VECTOR ( 'NONE', #3731, 1000.000000000000000 ) ;
#532 = AXIS2_PLACEMENT_3D ( 'NONE', #870, #258, #4021 ) ;
#533 = AXIS2_PLACEMENT_3D ( 'NONE', #3791, #4125, #734 ) ;
#534 = ORIENTED_EDGE ( 'NONE', *, *, #3944, .F. ) ;
#535 = CARTESIAN_POINT ( 'NONE',  ( 32.09999999999998721, 18.89999999999999858, -13.89999999999999858 ) ) ;
#536 = EDGE_CURVE ( 'NONE', #836, #3661, #3243, .T. ) ;
#537 = PLANE ( 'NONE',  #1642 ) ;
#538 = EDGE_CURVE ( 'NONE', #3701, #259, #4744, .T. ) ;
#539 = ORIENTED_EDGE ( 'NONE', *, *, #268, .T. ) ;
#540 = DIRECTION ( 'NONE',  ( -0.3826834323650901148, 0.000000000000000000, 0.9238795325112867385 ) ) ;
#541 = DIRECTION ( 'NONE',  ( -1.000000000000000000, -0.000000000000000000, 2.282530889443166529E-16 ) ) ;
#542 = EDGE_CURVE ( 'NONE', #1855, #485, #2925, .T. ) ;
#543 = LINE ( 'NONE', #4305, #2832 ) ;
#544 = ORIENTED_EDGE ( 'NONE', *, *, #2537, .F. ) ;
#545 = CARTESIAN_POINT ( 'NONE',  ( 24.49999999999999289, 20.00000000000000000, -15.00000000000000000 ) ) ;
#546 = CARTESIAN_POINT ( 'NONE',  ( 27.09999999999999432, 18.89999999999999858, -3.781546635374434917 ) ) ;
#547 = VERTEX_POINT ( 'NONE', #3978 ) ;
#548 = CARTESIAN_POINT ( 'NONE',  ( -23.44000000000000128, 27.63430209709858332, 0.3999999999999944711 ) ) ;
#549 = VERTEX_POINT ( 'NONE', #2177 ) ;
#550 = ORIENTED_EDGE ( 'NONE', *, *, #2040, .F. ) ;
#551 = LINE ( 'NONE', #2110, #2116 ) ;
#552 = VERTEX_POINT ( 'NONE', #269 ) ;
#553 = EDGE_CURVE ( 'NONE', #155, #4499, #2496, .T. ) ;
#554 = ORIENTED_EDGE ( 'NONE', *, *, #1297, .F. ) ;
#555 = CARTESIAN_POINT ( 'NONE',  ( 24.70000720206792622, 27.63430209709858332, 1.737451581485168317 ) ) ;
#556 = DIRECTION ( 'NONE',  ( -0.3826834323650900038, 0.000000000000000000, -0.9238795325112866275 ) ) ;
#557 = AXIS2_PLACEMENT_3D ( 'NONE', #1472, #2563, #2588 ) ;
#558 = EDGE_CURVE ( 'NONE', #4389, #106, #699, .T. ) ;
#559 = VECTOR ( 'NONE', #4682, 1000.000000000000000 ) ;
#560 = ORIENTED_EDGE ( 'NONE', *, *, #542, .T. ) ;
#561 = CARTESIAN_POINT ( 'NONE',  ( 24.10003102824222765, 20.00000000000000000, 0.4000000000000010214 ) ) ;
#562 = CARTESIAN_POINT ( 'NONE',  ( 7.099999999999996980, 1.100000000000000089, -1.100000000000000311 ) ) ;
#563 = VECTOR ( 'NONE', #1539, 1000.000000000000000 ) ;
#564 = LINE ( 'NONE', #471, #3930 ) ;
#565 = ADVANCED_FACE ( 'NONE', ( #641 ), #3683, .T. ) ;
#566 = ORIENTED_EDGE ( 'NONE', *, *, #317, .T. ) ;
#567 = DIRECTION ( 'NONE',  ( 0.3826834323650900593, 0.000000000000000000, -0.9238795325112866275 ) ) ;
#568 = CARTESIAN_POINT ( 'NONE',  ( 17.89335921247157657, 20.00000000000000000, 3.100000000000000533 ) ) ;
#569 = ORIENTED_EDGE ( 'NONE', *, *, #3081, .F. ) ;
#570 = DIRECTION ( 'NONE',  ( -1.000000000000000000, 0.000000000000000000, 3.711578864342414090E-16 ) ) ;
#571 = VECTOR ( 'NONE', #2766, 1000.000000000000000 ) ;
#572 = CARTESIAN_POINT ( 'NONE',  ( -2.766639066687122320E-15, 15.05000000000000071, -7.400000000000000355 ) ) ;
#573 = CARTESIAN_POINT ( 'NONE',  ( 5.999999999999995559, 2.050000000000001599, -6.000000000000001776 ) ) ;
#574 = AXIS2_PLACEMENT_3D ( 'NONE', #1393, #1471, #322 ) ;
#575 = ORIENTED_EDGE ( 'NONE', *, *, #3174, .F. ) ;
#576 = DIRECTION ( 'NONE',  ( 8.273704753157721312E-16, 0.000000000000000000, 1.000000000000000000 ) ) ;
#577 = VERTEX_POINT ( 'NONE', #294 ) ;
#578 = DIRECTION ( 'NONE',  ( 1.714415645815452277E-16, 0.000000000000000000, 1.000000000000000000 ) ) ;
#579 = DIRECTION ( 'NONE',  ( -1.000000000000000000, 0.000000000000000000, 0.000000000000000000 ) ) ;
#580 = VERTEX_POINT ( 'NONE', #1812 ) ;
#581 = LINE ( 'NONE', #3865, #1370 ) ;
#582 = PLANE ( 'NONE',  #4178 ) ;
#583 = ORIENTED_EDGE ( 'NONE', *, *, #1711, .F. ) ;
#584 = DIRECTION ( 'NONE',  ( 0.000000000000000000, -1.000000000000000000, 0.000000000000000000 ) ) ;
#585 = EDGE_CURVE ( 'NONE', #3460, #4793, #3712, .T. ) ;
#586 = FACE_OUTER_BOUND ( 'NONE', #4618, .T. ) ;
#587 = ADVANCED_FACE ( 'NONE', ( #3323 ), #1363, .F. ) ;
#588 = VECTOR ( 'NONE', #630, 1000.000000000000000 ) ;
#589 = CARTESIAN_POINT ( 'NONE',  ( 17.09999999999999432, 18.89999999999999858, -13.89999999999999858 ) ) ;
#590 = DIRECTION ( 'NONE',  ( -0.3557458051467841109, 0.000000000000000000, 0.9345827529547431345 ) ) ;
#591 = CARTESIAN_POINT ( 'NONE',  ( 4.050286644131276148, 20.00000000000000000, -11.38684956152296479 ) ) ;
#592 = DIRECTION ( 'NONE',  ( -0.000000000000000000, -1.000000000000000000, -0.000000000000000000 ) ) ;
#593 = ORIENTED_EDGE ( 'NONE', *, *, #1080, .F. ) ;
#594 = DIRECTION ( 'NONE',  ( -2.187630329860364324E-16, 0.000000000000000000, 1.000000000000000000 ) ) ;
#595 = CARTESIAN_POINT ( 'NONE',  ( 25.99999999999999645, 20.00000000000000000, -4.881546635374435006 ) ) ;
#596 = ADVANCED_FACE ( 'NONE', ( #4772 ), #2099, .F. ) ;
#597 = EDGE_CURVE ( 'NONE', #4752, #2902, #2472, .T. ) ;
#598 = PLANE ( 'NONE',  #4595 ) ;
#599 = ORIENTED_EDGE ( 'NONE', *, *, #3972, .T. ) ;
#600 = CARTESIAN_POINT ( 'NONE',  ( 10.99999999999999467, 1.100000000000000089, -15.00000000000000000 ) ) ;
#601 = ORIENTED_EDGE ( 'NONE', *, *, #981, .T. ) ;
#602 = VECTOR ( 'NONE', #2825, 1000.000000000000000 ) ;
#603 = DIRECTION ( 'NONE',  ( 0.4092995309963297079, 0.000000000000000000, 0.9124000733922508211 ) ) ;
#604 = VECTOR ( 'NONE', #4414, 1000.000000000000000 ) ;
#605 = FACE_BOUND ( 'NONE', #794, .T. ) ;
#606 = VERTEX_POINT ( 'NONE', #4002 ) ;
#607 = DIRECTION ( 'NONE',  ( 0.000000000000000000, 0.000000000000000000, 1.000000000000000000 ) ) ;
#608 = FACE_OUTER_BOUND ( 'NONE', #2593, .T. ) ;
#609 = VECTOR ( 'NONE', #2441, 1000.000000000000000 ) ;
#610 = VECTOR ( 'NONE', #30, 1000.000000000000000 ) ;
#611 = AXIS2_PLACEMENT_3D ( 'NONE', #407, #132, #111 ) ;
#612 = ORIENTED_EDGE ( 'NONE', *, *, #3645, .T. ) ;
#613 = CARTESIAN_POINT ( 'NONE',  ( 39.50000000000000000, 1.100000000000000089, -15.00000000000000000 ) ) ;
#614 = DIRECTION ( 'NONE',  ( -1.445602896647337684E-16, 0.000000000000000000, 1.000000000000000000 ) ) ;
#615 = EDGE_CURVE ( 'NONE', #1189, #549, #1387, .T. ) ;
#616 = CARTESIAN_POINT ( 'NONE',  ( 10.05093620857273251, 0.000000000000000000, 0.3999999999999993006 ) ) ;
#617 = ORIENTED_EDGE ( 'NONE', *, *, #1260, .F. ) ;
#618 = FACE_OUTER_BOUND ( 'NONE', #403, .T. ) ;
#619 = DIRECTION ( 'NONE',  ( 0.3826834323650899483, 0.000000000000000000, 0.9238795325112867385 ) ) ;
#620 = ORIENTED_EDGE ( 'NONE', *, *, #144, .F. ) ;
#621 = CARTESIAN_POINT ( 'NONE',  ( -2.766639066687122320E-15, -2.958228394578794270E-31, -7.400000000000000355 ) ) ;
#622 = LINE ( 'NONE', #1022, #1527 ) ;
#623 = CARTESIAN_POINT ( 'NONE',  ( 10.99999999999999467, 1.100000000000000089, -15.00000000000000000 ) ) ;
#624 = CARTESIAN_POINT ( 'NONE',  ( -6.781654022567112272E-16, 20.00000000000000000, 3.099999999999992095 ) ) ;
#625 = ORIENTED_EDGE ( 'NONE', *, *, #3619, .T. ) ;
#626 = EDGE_CURVE ( 'NONE', #3206, #1742, #1016, .T. ) ;
#627 = LINE ( 'NONE', #907, #1645 ) ;
#628 = EDGE_LOOP ( 'NONE', ( #513, #385, #3133, #3237 ) ) ;
#629 = ORIENTED_EDGE ( 'NONE', *, *, #3424, .F. ) ;
#630 = DIRECTION ( 'NONE',  ( 0.000000000000000000, -1.000000000000000000, 0.000000000000000000 ) ) ;
#631 = ORIENTED_EDGE ( 'NONE', *, *, #3706, .F. ) ;
#632 = ADVANCED_FACE ( 'NONE', ( #800 ), #3349, .F. ) ;
#633 = FACE_BOUND ( 'NONE', #3752, .T. ) ;
#634 = ORIENTED_EDGE ( 'NONE', *, *, #2245, .F. ) ;
#635 = PLANE ( 'NONE',  #256 ) ;
#636 = CARTESIAN_POINT ( 'NONE',  ( 13.39999999999999325, 18.89999999999999858, -3.781546635374435361 ) ) ;
#637 = CARTESIAN_POINT ( 'NONE',  ( 20.29469454585967725, 0.000000000000000000, 12.18628660943929098 ) ) ;
#638 = ORIENTED_EDGE ( 'NONE', *, *, #4350, .T. ) ;
#639 = CARTESIAN_POINT ( 'NONE',  ( 23.75335921247157600, 20.00000000000000000, 3.100000000000000533 ) ) ;
#640 = FACE_OUTER_BOUND ( 'NONE', #3417, .T. ) ;
#641 = FACE_OUTER_BOUND ( 'NONE', #1204, .T. ) ;
#642 = EDGE_LOOP ( 'NONE', ( #938, #2481, #1786, #3143 ) ) ;
#643 = PLANE ( 'NONE',  #2274 ) ;
#644 = CARTESIAN_POINT ( 'NONE',  ( 35.89751289470343920, 27.63430209709858332, 1.550000000000000933 ) ) ;
#645 = EDGE_LOOP ( 'NONE', ( #1753, #1901, #2191, #2784 ) ) ;
#646 = LINE ( 'NONE', #350, #4296 ) ;
#647 = EDGE_CURVE ( 'NONE', #2935, #4675, #727, .T. ) ;
#648 = PLANE ( 'NONE',  #4527 ) ;
#649 = VECTOR ( 'NONE', #3758, 999.9999999999998863 ) ;
#650 = VECTOR ( 'NONE', #4168, 1000.000000000000000 ) ;
#651 = FACE_OUTER_BOUND ( 'NONE', #3840, .T. ) ;
#652 = PLANE ( 'NONE',  #4663 ) ;
#653 = ORIENTED_EDGE ( 'NONE', *, *, #4071, .T. ) ;
#654 = VECTOR ( 'NONE', #3106, 1000.000000000000000 ) ;
#655 = CARTESIAN_POINT ( 'NONE',  ( 14.49999999999999467, 0.000000000000000000, -15.00000000000000000 ) ) ;
#656 = ORIENTED_EDGE ( 'NONE', *, *, #3023, .T. ) ;
#657 = EDGE_CURVE ( 'NONE', #1566, #4452, #3049, .T. ) ;
#658 = VECTOR ( 'NONE', #492, 1000.000000000000000 ) ;
#659 = EDGE_CURVE ( 'NONE', #1389, #2778, #751, .T. ) ;
#660 = ORIENTED_EDGE ( 'NONE', *, *, #2204, .T. ) ;
#661 = CARTESIAN_POINT ( 'NONE',  ( 18.84000720206792678, 0.000000000000000000, 1.737451581485168317 ) ) ;
#662 = ORIENTED_EDGE ( 'NONE', *, *, #3215, .F. ) ;
#663 = LINE ( 'NONE', #1508, #4800 ) ;
#664 = EDGE_LOOP ( 'NONE', ( #432, #2267, #3286, #148 ) ) ;
#665 = VECTOR ( 'NONE', #3426, 1000.000000000000000 ) ;
#666 = LINE ( 'NONE', #2144, #3347 ) ;
#667 = FACE_OUTER_BOUND ( 'NONE', #500, .T. ) ;
#668 = EDGE_CURVE ( 'NONE', #2050, #2194, #1516, .T. ) ;
#669 = CARTESIAN_POINT ( 'NONE',  ( 27.49028664413127743, -0.000000000000000000, -11.38684956152296479 ) ) ;
#670 = EDGE_LOOP ( 'NONE', ( #550, #4358, #3945, #3897 ) ) ;
#671 = CARTESIAN_POINT ( 'NONE',  ( 27.09999999999999432, 18.89999999999999858, -3.781546635374434917 ) ) ;
#672 = CARTESIAN_POINT ( 'NONE',  ( 10.99999999999999645, 20.00000000000000000, -4.881546635374435894 ) ) ;
#673 = CARTESIAN_POINT ( 'NONE',  ( 5.999999999999994671, 1.100000000000000089, -15.00000000000000000 ) ) ;
#674 = ORIENTED_EDGE ( 'NONE', *, *, #1518, .T. ) ;
#675 = DIRECTION ( 'NONE',  ( -1.000000000000000000, 0.000000000000000000, -1.407448530797437245E-16 ) ) ;
#676 =( NAMED_UNIT ( * ) PLANE_ANGLE_UNIT ( ) SI_UNIT ( $, .RADIAN. ) );
#677 = ORIENTED_EDGE ( 'NONE', *, *, #3639, .F. ) ;
#678 = DIRECTION ( 'NONE',  ( 1.000000000000000000, 0.000000000000000000, -8.273704753157721312E-16 ) ) ;
#679 = DIRECTION ( 'NONE',  ( 0.3557458051467840554, 0.000000000000000000, -0.9345827529547431345 ) ) ;
#680 = CARTESIAN_POINT ( 'NONE',  ( 12.96898628384834318, 10.00000000000000000, -3.000000000000000000 ) ) ;
#681 = ORIENTED_EDGE ( 'NONE', *, *, #2773, .T. ) ;
#682 = LINE ( 'NONE', #4861, #2028 ) ;
#683 = EDGE_LOOP ( 'NONE', ( #1114, #3095, #3656, #4633, #2992, #3255, #1411, #1507, #2143, #3280, #2579, #1223, #3724, #1816, #883, #2232, #330, #1307, #839, #2531, #2434, #3127, #2787, #4466, #3463, #3436, #2340, #4729, #4120, #3211, #1782, #3554, #255, #1275, #3708 ) ) ;
#684 = EDGE_LOOP ( 'NONE', ( #2933, #4044, #807, #3864 ) ) ;
#685 = LINE ( 'NONE', #4046, #588 ) ;
#686 = EDGE_CURVE ( 'NONE', #2218, #2652, #2090, .T. ) ;
#687 = ORIENTED_EDGE ( 'NONE', *, *, #948, .F. ) ;
#688 = CARTESIAN_POINT ( 'NONE',  ( 7.099999999999996980, 18.89999999999999858, -1.100000000000000311 ) ) ;
#689 = VECTOR ( 'NONE', #1440, 999.9999999999998863 ) ;
#690 = ORIENTED_EDGE ( 'NONE', *, *, #1784, .T. ) ;
#691 = CARTESIAN_POINT ( 'NONE',  ( 8.399999999999996803, 1.100000000000000089, -3.781546635374435361 ) ) ;
#692 = CARTESIAN_POINT ( 'NONE',  ( 17.09999999999999432, 18.89999999999999858, -13.89999999999999858 ) ) ;
#693 = VECTOR ( 'NONE', #4563, 1000.000000000000000 ) ;
#694 = FACE_OUTER_BOUND ( 'NONE', #1159, .T. ) ;
#695 = VERTEX_POINT ( 'NONE', #3233 ) ;
#696 = ADVANCED_FACE ( 'NONE', ( #1351 ), #3872, .T. ) ;
#697 = DIRECTION ( 'NONE',  ( 0.000000000000000000, -1.000000000000000000, 0.000000000000000000 ) ) ;
#698 = DIRECTION ( 'NONE',  ( -1.000000000000000000, 0.000000000000000000, 0.000000000000000000 ) ) ;
#699 = LINE ( 'NONE', #589, #3917 ) ;
#700 = AXIS2_PLACEMENT_3D ( 'NONE', #4846, #3018, #363 ) ;
#701 = VECTOR ( 'NONE', #927, 1000.000000000000000 ) ;
#702 = VECTOR ( 'NONE', #3588, 1000.000000000000000 ) ;
#703 = ORIENTED_EDGE ( 'NONE', *, *, #1837, .T. ) ;
#704 = DIRECTION ( 'NONE',  ( 3.356713154187989077E-15, 0.000000000000000000, -1.000000000000000000 ) ) ;
#705 = EDGE_CURVE ( 'NONE', #2555, #2312, #1825, .T. ) ;
#706 = DIRECTION ( 'NONE',  ( -0.000000000000000000, -1.000000000000000000, -0.000000000000000000 ) ) ;
#707 = ORIENTED_EDGE ( 'NONE', *, *, #2, .F. ) ;
#708 = CARTESIAN_POINT ( 'NONE',  ( 28.39999999999999147, 18.89999999999999858, -13.89999999999999858 ) ) ;
#709 = DIRECTION ( 'NONE',  ( -1.000000000000000000, -0.000000000000000000, -0.000000000000000000 ) ) ;
#710 = LINE ( 'NONE', #4884, #2373 ) ;
#711 = ORIENTED_EDGE ( 'NONE', *, *, #840, .T. ) ;
#712 = DIRECTION ( 'NONE',  ( -1.000000000000000000, 0.000000000000000000, -1.407448530797437245E-16 ) ) ;
#713 = VERTEX_POINT ( 'NONE', #2541 ) ;
#714 = ORIENTED_EDGE ( 'NONE', *, *, #144, .T. ) ;
#715 = CARTESIAN_POINT ( 'NONE',  ( -5.860000000000001208, 20.00000000000000000, 3.099999999999992095 ) ) ;
#716 = ORIENTED_EDGE ( 'NONE', *, *, #3711, .F. ) ;
#717 = CARTESIAN_POINT ( 'NONE',  ( 36.00000000000000000, 20.00000000000000000, -15.00000000000000000 ) ) ;
#718 = EDGE_LOOP ( 'NONE', ( #2619, #2338, #1316, #2073 ) ) ;
#719 = CARTESIAN_POINT ( 'NONE',  ( 12.98000720206792735, 0.000000000000000000, 1.737451581485168317 ) ) ;
#720 = CARTESIAN_POINT ( 'NONE',  ( 13.39999999999999325, 18.89999999999999858, -13.89999999999999858 ) ) ;
#721 = EDGE_CURVE ( 'NONE', #4708, #4040, #685, .T. ) ;
#722 = FACE_OUTER_BOUND ( 'NONE', #1455, .T. ) ;
#723 = VERTEX_POINT ( 'NONE', #2885 ) ;
#724 = CARTESIAN_POINT ( 'NONE',  ( -2.226947318605448651E-15, 17.94999999999999929, -6.000000000000000000 ) ) ;
#725 = CARTESIAN_POINT ( 'NONE',  ( 23.66162685482648698, 0.000000000000000000, 0.4000000000000027978 ) ) ;
#726 = EDGE_CURVE ( 'NONE', #1999, #4244, #754, .T. ) ;
#727 = LINE ( 'NONE', #344, #1544 ) ;
#728 = VERTEX_POINT ( 'NONE', #4758 ) ;
#729 = CARTESIAN_POINT ( 'NONE',  ( 35.82003102824223362, 20.00000000000000000, 0.4000000000000010214 ) ) ;
#730 = CARTESIAN_POINT ( 'NONE',  ( 26.24837024835333565, 0.000000000000000000, -13.29972242256474146 ) ) ;
#731 = VERTEX_POINT ( 'NONE', #661 ) ;
#732 = FACE_OUTER_BOUND ( 'NONE', #2558, .T. ) ;
#733 = EDGE_CURVE ( 'NONE', #580, #2770, #3990, .T. ) ;
#734 = DIRECTION ( 'NONE',  ( 1.000000000000000000, 0.000000000000000000, 1.407448530797437245E-16 ) ) ;
#735 = DIRECTION ( 'NONE',  ( -0.000000000000000000, -1.000000000000000000, -0.000000000000000000 ) ) ;
#736 = ORIENTED_EDGE ( 'NONE', *, *, #4277, .F. ) ;
#737 = LINE ( 'NONE', #655, #604 ) ;
#738 = ORIENTED_EDGE ( 'NONE', *, *, #4048, .F. ) ;
#739 = VERTEX_POINT ( 'NONE', #4106 ) ;
#740 = VECTOR ( 'NONE', #3474, 1000.000000000000000 ) ;
#741 = ORIENTED_EDGE ( 'NONE', *, *, #2442, .T. ) ;
#742 = LINE ( 'NONE', #2647, #1716 ) ;
#743 = ORIENTED_EDGE ( 'NONE', *, *, #3807, .F. ) ;
#744 = DIRECTION ( 'NONE',  ( -1.000000000000000000, 0.000000000000000000, -1.431323817838101058E-16 ) ) ;
#745 = AXIS2_PLACEMENT_3D ( 'NONE', #2236, #4146, #3354 ) ;
#746 = FACE_OUTER_BOUND ( 'NONE', #400, .T. ) ;
#747 = AXIS2_PLACEMENT_3D ( 'NONE', #2683, #1546, #78 ) ;
#748 = VERTEX_POINT ( 'NONE', #1796 ) ;
#749 = DIRECTION ( 'NONE',  ( 0.000000000000000000, 0.000000000000000000, -1.000000000000000000 ) ) ;
#750 = CARTESIAN_POINT ( 'NONE',  ( 9.499999999999996447, 0.000000000000000000, -4.881546635374435894 ) ) ;
#751 = LINE ( 'NONE', #3401, #347 ) ;
#752 = EDGE_CURVE ( 'NONE', #803, #1352, #4471, .T. ) ;
#753 = CARTESIAN_POINT ( 'NONE',  ( 35.91110287361382092, 27.63430209709858332, 1.949999999999998623 ) ) ;
#754 = CIRCLE ( 'NONE', #3371, 2.075000000000000178 ) ;
#755 = CARTESIAN_POINT ( 'NONE',  ( -1.282395112762154010, 2.876639104637620673E-16, -7.399999999999999467 ) ) ;
#756 = EDGE_LOOP ( 'NONE', ( #3728, #3979, #3300, #3430 ) ) ;
#757 = PLANE ( 'NONE',  #574 ) ;
#758 = EDGE_CURVE ( 'NONE', #1467, #4389, #2572, .T. ) ;
#759 = DIRECTION ( 'NONE',  ( 0.3826834323650881720, 0.000000000000000000, -0.9238795325112874046 ) ) ;
#760 = LINE ( 'NONE', #1592, #529 ) ;
#761 = VERTEX_POINT ( 'NONE', #2938 ) ;
#762 = DIRECTION ( 'NONE',  ( 0.000000000000000000, -1.000000000000000000, 0.000000000000000000 ) ) ;
#763 = ORIENTED_EDGE ( 'NONE', *, *, #4666, .F. ) ;
#764 = EDGE_CURVE ( 'NONE', #3466, #2247, #3700, .T. ) ;
#765 = EDGE_CURVE ( 'NONE', #1189, #3313, #308, .T. ) ;
#766 = ORIENTED_EDGE ( 'NONE', *, *, #3807, .T. ) ;
#767 = DIRECTION ( 'NONE',  ( 0.000000000000000000, 0.000000000000000000, -1.000000000000000000 ) ) ;
#768 = ORIENTED_EDGE ( 'NONE', *, *, #4759, .F. ) ;
#769 = EDGE_CURVE ( 'NONE', #1323, #3460, #2596, .T. ) ;
#770 = LINE ( 'NONE', #2626, #2350 ) ;
#771 = DIRECTION ( 'NONE',  ( -1.197801575966169987E-15, 0.000000000000000000, -1.000000000000000000 ) ) ;
#772 = VERTEX_POINT ( 'NONE', #4865 ) ;
#773 = PLANE ( 'NONE',  #19 ) ;
#774 = LINE ( 'NONE', #1515, #1684 ) ;
#775 = VECTOR ( 'NONE', #1945, 1000.000000000000000 ) ;
#776 = CARTESIAN_POINT ( 'NONE',  ( 21.32135769493380195, 0.000000000000000000, 0.3999999999999999667 ) ) ;
#777 = VECTOR ( 'NONE', #4194, 1000.000000000000000 ) ;
#778 = DIRECTION ( 'NONE',  ( 3.428831291630904061E-16, 0.000000000000000000, 1.000000000000000000 ) ) ;
#779 = ORIENTED_EDGE ( 'NONE', *, *, #1124, .T. ) ;
#780 = CARTESIAN_POINT ( 'NONE',  ( 32.01469454585968322, 27.63430209709858332, 12.18628660943929098 ) ) ;
#781 = ADVANCED_FACE ( 'NONE', ( #2989 ), #257, .T. ) ;
#782 = VECTOR ( 'NONE', #3581, 999.9999999999998863 ) ;
#783 = VECTOR ( 'NONE', #3285, 1000.000000000000000 ) ;
#784 = FACE_OUTER_BOUND ( 'NONE', #1061, .T. ) ;
#785 = FACE_OUTER_BOUND ( 'NONE', #4155, .T. ) ;
#786 = ORIENTED_EDGE ( 'NONE', *, *, #1357, .F. ) ;
#787 = CARTESIAN_POINT ( 'NONE',  ( 18.24003102824222822, 20.00000000000000000, 0.4000000000000010214 ) ) ;
#788 = VECTOR ( 'NONE', #2882, 1000.000000000000000 ) ;
#789 = VERTEX_POINT ( 'NONE', #232 ) ;
#790 = VERTEX_POINT ( 'NONE', #1740 ) ;
#791 = EDGE_CURVE ( 'NONE', #2448, #3668, #2140, .T. ) ;
#792 = ORIENTED_EDGE ( 'NONE', *, *, #2755, .T. ) ;
#793 = LINE ( 'NONE', #3461, #4326 ) ;
#794 = EDGE_LOOP ( 'NONE', ( #4678, #4577, #1059, #4748, #236, #1690 ) ) ;
#795 = DIRECTION ( 'NONE',  ( 0.000000000000000000, 0.000000000000000000, 1.000000000000000000 ) ) ;
#796 = EDGE_CURVE ( 'NONE', #4334, #1648, #4785, .T. ) ;
#797 = ORIENTED_EDGE ( 'NONE', *, *, #3678, .T. ) ;
#798 = CARTESIAN_POINT ( 'NONE',  ( 13.39999999999999325, 18.89999999999999858, -3.781546635374435361 ) ) ;
#799 = LINE ( 'NONE', #4233, #4455 ) ;
#800 = FACE_OUTER_BOUND ( 'NONE', #4520, .T. ) ;
#801 = CARTESIAN_POINT ( 'NONE',  ( 14.49999999999999467, 1.100000000000000089, -4.881546635374435894 ) ) ;
#802 = CARTESIAN_POINT ( 'NONE',  ( 9.800143193463492608, 23.62013693444405504, 0.000000000000000000 ) ) ;
#803 = VERTEX_POINT ( 'NONE', #3199 ) ;
#804 = FACE_OUTER_BOUND ( 'NONE', #328, .T. ) ;
#805 = FACE_OUTER_BOUND ( 'NONE', #205, .T. ) ;
#806 = FACE_OUTER_BOUND ( 'NONE', #4415, .T. ) ;
#807 = ORIENTED_EDGE ( 'NONE', *, *, #1388, .F. ) ;
#808 = EDGE_CURVE ( 'NONE', #2928, #2343, #4703, .T. ) ;
#809 = CARTESIAN_POINT ( 'NONE',  ( 24.70000720206792622, 20.00000000000000000, 1.737451581485168317 ) ) ;
#810 = VERTEX_POINT ( 'NONE', #1318 ) ;
#811 = LINE ( 'NONE', #1249, #172 ) ;
#812 = VERTEX_POINT ( 'NONE', #4380 ) ;
#813 = VECTOR ( 'NONE', #2183, 1000.000000000000000 ) ;
#814 = ORIENTED_EDGE ( 'NONE', *, *, #2696, .T. ) ;
#815 = EDGE_CURVE ( 'NONE', #4385, #4175, #2831, .T. ) ;
#816 = CARTESIAN_POINT ( 'NONE',  ( 15.99999999999999289, 1.100000000000000089, -15.00000000000000000 ) ) ;
#817 = ORIENTED_EDGE ( 'NONE', *, *, #2348, .T. ) ;
#818 = ADVANCED_FACE ( 'NONE', ( #2084 ), #3960, .F. ) ;
#819 = AXIS2_PLACEMENT_3D ( 'NONE', #2681, #3448, #2305 ) ;
#820 = CARTESIAN_POINT ( 'NONE',  ( 38.90135769493380025, 27.63430209709858332, 0.3999999999999999667 ) ) ;
#821 = ORIENTED_EDGE ( 'NONE', *, *, #2171, .T. ) ;
#822 = VECTOR ( 'NONE', #2036, 1000.000000000000000 ) ;
#823 = CARTESIAN_POINT ( 'NONE',  ( 28.39999999999999147, 18.89999999999999858, -3.781546635374434029 ) ) ;
#824 = LINE ( 'NONE', #3831, #3186 ) ;
#825 = EDGE_CURVE ( 'NONE', #1127, #3282, #3225, .T. ) ;
#826 = VECTOR ( 'NONE', #1540, 1000.000000000000000 ) ;
#827 = DIRECTION ( 'NONE',  ( 3.428831291630904061E-16, 0.000000000000000000, 1.000000000000000000 ) ) ;
#828 = LINE ( 'NONE', #98, #1046 ) ;
#829 = DIRECTION ( 'NONE',  ( -0.9124000733922508211, 0.000000000000000000, 0.4092995309963297079 ) ) ;
#830 = CARTESIAN_POINT ( 'NONE',  ( 5.999999999999994671, 1.100000000000000089, -15.00000000000000000 ) ) ;
#831 = VECTOR ( 'NONE', #3256, 1000.000000000000000 ) ;
#832 = LINE ( 'NONE', #3083, #2904 ) ;
#833 = CARTESIAN_POINT ( 'NONE',  ( 34.49999999999999289, 0.000000000000000000, -15.00000000000000000 ) ) ;
#834 = ORIENTED_EDGE ( 'NONE', *, *, #3166, .F. ) ;
#835 = DIRECTION ( 'NONE',  ( -1.000000000000000000, 0.000000000000000000, -2.187630329860364324E-16 ) ) ;
#836 = VERTEX_POINT ( 'NONE', #3249 ) ;
#837 = ORIENTED_EDGE ( 'NONE', *, *, #2773, .F. ) ;
#838 = CARTESIAN_POINT ( 'NONE',  ( -23.43999999999999773, 27.63430209709858332, 1.950000000000041478 ) ) ;
#839 = ORIENTED_EDGE ( 'NONE', *, *, #1146, .T. ) ;
#840 = EDGE_CURVE ( 'NONE', #996, #2284, #4750, .T. ) ;
#841 = CARTESIAN_POINT ( 'NONE',  ( 33.40000000000000568, 1.100000000000000089, -3.781546635374434029 ) ) ;
#842 = ORIENTED_EDGE ( 'NONE', *, *, #2613, .F. ) ;
#843 = DIRECTION ( 'NONE',  ( 0.000000000000000000, 0.000000000000000000, -1.000000000000000000 ) ) ;
#844 = LINE ( 'NONE', #3048, #1930 ) ;
#845 = EDGE_CURVE ( 'NONE', #1156, #1826, #622, .T. ) ;
#846 = LINE ( 'NONE', #4364, #3696 ) ;
#847 = DIRECTION ( 'NONE',  ( 0.000000000000000000, -1.000000000000000000, 0.000000000000000000 ) ) ;
#848 = EDGE_LOOP ( 'NONE', ( #4474, #1695, #707, #1430 ) ) ;
#849 = CARTESIAN_POINT ( 'NONE',  ( 30.04135769493380081, 27.63430209709859042, 3.100000000000000089 ) ) ;
#850 = CARTESIAN_POINT ( 'NONE',  ( 30.03751289470344332, 0.000000000000000000, 1.550000000000000933 ) ) ;
#851 = VECTOR ( 'NONE', #1182, 1000.000000000000000 ) ;
#852 = EDGE_CURVE ( 'NONE', #1480, #3825, #2533, .T. ) ;
#853 = CARTESIAN_POINT ( 'NONE',  ( 27.09999999999999432, 18.89999999999999858, -13.89999999999999858 ) ) ;
#854 = DIRECTION ( 'NONE',  ( -1.000000000000000000, -0.000000000000000000, 2.282530889443166529E-16 ) ) ;
#855 = ORIENTED_EDGE ( 'NONE', *, *, #2210, .T. ) ;
#856 = LINE ( 'NONE', #2313, #1924 ) ;
#857 = VECTOR ( 'NONE', #1744, 1000.000000000000000 ) ;
#858 = VECTOR ( 'NONE', #368, 1000.000000000000000 ) ;
#859 = ORIENTED_EDGE ( 'NONE', *, *, #4696, .F. ) ;
#860 = AXIS2_PLACEMENT_3D ( 'NONE', #1374, #576, #3942 ) ;
#861 = ORIENTED_EDGE ( 'NONE', *, *, #796, .T. ) ;
#862 = DIRECTION ( 'NONE',  ( 0.000000000000000000, 0.000000000000000000, 1.000000000000000000 ) ) ;
#863 = ORIENTED_EDGE ( 'NONE', *, *, #4231, .T. ) ;
#864 = CARTESIAN_POINT ( 'NONE',  ( 37.09999999999999432, 18.89999999999999858, -13.89999999999999858 ) ) ;
#865 = ORIENTED_EDGE ( 'NONE', *, *, #1935, .F. ) ;
#866 = CARTESIAN_POINT ( 'NONE',  ( 17.00772351120764370, 20.00000000000000000, 11.89941269444658012 ) ) ;
#867 = ADVANCED_FACE ( 'NONE', ( #4036 ), #648, .F. ) ;
#868 = FACE_OUTER_BOUND ( 'NONE', #1691, .T. ) ;
#869 = CARTESIAN_POINT ( 'NONE',  ( 20.76216938573012882, 0.000000000000000000, 1.749999999999999778 ) ) ;
#870 = CARTESIAN_POINT ( 'NONE',  ( 0.000000000000000000, 0.000000000000000000, 0.000000000000000000 ) ) ;
#871 = APPLICATION_CONTEXT ( 'automotive_design' ) ;
#872 = PLANE ( 'NONE',  #4288 ) ;
#873 = CARTESIAN_POINT ( 'NONE',  ( 32.09999999999998721, 1.100000000000000089, -3.781546635374434029 ) ) ;
#874 = EDGE_CURVE ( 'NONE', #4286, #3849, #4514, .T. ) ;
#875 = DIRECTION ( 'NONE',  ( 0.3557458051467864424, 0.000000000000000000, -0.9345827529547421353 ) ) ;
#876 = ORIENTED_EDGE ( 'NONE', *, *, #4470, .T. ) ;
#877 = PLANE ( 'NONE',  #4882 ) ;
#878 = LINE ( 'NONE', #4543, #3685 ) ;
#879 = ORIENTED_EDGE ( 'NONE', *, *, #4037, .T. ) ;
#880 = FACE_OUTER_BOUND ( 'NONE', #4298, .T. ) ;
#881 = EDGE_CURVE ( 'NONE', #1903, #3962, #2562, .T. ) ;
#882 = CARTESIAN_POINT ( 'NONE',  ( -2.766639066687122320E-15, 4.950000000000001066, -7.400000000000000355 ) ) ;
#883 = ORIENTED_EDGE ( 'NONE', *, *, #3394, .T. ) ;
#884 = DIRECTION ( 'NONE',  ( 3.854941057726242534E-16, -0.000000000000000000, 1.000000000000000000 ) ) ;
#885 = ORIENTED_EDGE ( 'NONE', *, *, #1671, .T. ) ;
#886 = ORIENTED_EDGE ( 'NONE', *, *, #1542, .T. ) ;
#887 = CARTESIAN_POINT ( 'NONE',  ( 19.49999999999999289, 1.100000000000000089, -4.881546635374435006 ) ) ;
#888 = DIRECTION ( 'NONE',  ( 0.3826834323650849523, 0.000000000000000000, 0.9238795325112887369 ) ) ;
#889 = VECTOR ( 'NONE', #3380, 1000.000000000000227 ) ;
#890 = AXIS2_PLACEMENT_3D ( 'NONE', #914, #1631, #4694 ) ;
#891 = ORIENTED_EDGE ( 'NONE', *, *, #1376, .F. ) ;
#892 = DIRECTION ( 'NONE',  ( -0.4092995309963297079, 0.000000000000000000, -0.9124000733922508211 ) ) ;
#893 = CARTESIAN_POINT ( 'NONE',  ( 33.49093620857272668, 0.000000000000000000, 3.099999999999999645 ) ) ;
#894 = VECTOR ( 'NONE', #1445, 1000.000000000000000 ) ;
#895 = ADVANCED_FACE ( 'NONE', ( #184 ), #2071, .F. ) ;
#896 = LINE ( 'NONE', #4263, #1163 ) ;
#897 = ORIENTED_EDGE ( 'NONE', *, *, #2384, .F. ) ;
#898 = CARTESIAN_POINT ( 'NONE',  ( 22.86772351120764668, 0.000000000000000000, 11.89941269444658012 ) ) ;
#899 = VECTOR ( 'NONE', #3812, 1000.000000000000000 ) ;
#900 = CARTESIAN_POINT ( 'NONE',  ( 33.39999999999999858, 18.89999999999999858, -13.89999999999999858 ) ) ;
#901 = ORIENTED_EDGE ( 'NONE', *, *, #961, .T. ) ;
#902 = CARTESIAN_POINT ( 'NONE',  ( 8.948527647041625954, 0.000000000000000000, 12.32858493149792878 ) ) ;
#903 = LINE ( 'NONE', #4704, #4042 ) ;
#904 = EDGE_CURVE ( 'NONE', #4314, #170, #3257, .T. ) ;
#905 = VERTEX_POINT ( 'NONE', #869 ) ;
#906 = EDGE_CURVE ( 'NONE', #1364, #1119, #119, .T. ) ;
#907 = CARTESIAN_POINT ( 'NONE',  ( 36.00000000000000000, 0.000000000000000000, -15.00000000000000000 ) ) ;
#908 = VERTEX_POINT ( 'NONE', #3877 ) ;
#909 = EDGE_CURVE ( 'NONE', #4393, #2032, #2049, .T. ) ;
#910 = ORIENTED_EDGE ( 'NONE', *, *, #752, .F. ) ;
#911 = LINE ( 'NONE', #3207, #4141 ) ;
#912 = CARTESIAN_POINT ( 'NONE',  ( 33.49093620857273379, 20.00000000000000000, 0.3999999999999944711 ) ) ;
#913 = VERTEX_POINT ( 'NONE', #1391 ) ;
#914 = CARTESIAN_POINT ( 'NONE',  ( -5.860000000000000320, 27.63430209709859042, 0.3999999999999944711 ) ) ;
#915 = CARTESIAN_POINT ( 'NONE',  ( 32.09999999999998721, 1.100000000000000089, -13.89999999999999858 ) ) ;
#916 = CARTESIAN_POINT ( 'NONE',  ( -5.860000000000001208, 20.00000000000000000, 3.099999999999994760 ) ) ;
#917 = EDGE_LOOP ( 'NONE', ( #3697, #3914, #1183, #2188 ) ) ;
#918 = AXIS2_PLACEMENT_3D ( 'NONE', #1106, #2659, #4169 ) ;
#919 = DIRECTION ( 'NONE',  ( 0.3826834323650901148, 0.000000000000000000, -0.9238795325112867385 ) ) ;
#920 = DIRECTION ( 'NONE',  ( -0.3557458051467864424, 0.000000000000000000, 0.9345827529547421353 ) ) ;
#921 = EDGE_LOOP ( 'NONE', ( #3664, #2497, #3532, #4283 ) ) ;
#922 = DIRECTION ( 'NONE',  ( 1.000000000000000000, 0.000000000000000000, 2.187630329860364324E-16 ) ) ;
#923 = EDGE_CURVE ( 'NONE', #1850, #2196, #2900, .T. ) ;
#924 = VECTOR ( 'NONE', #3375, 1000.000000000000000 ) ;
#925 = VERTEX_POINT ( 'NONE', #4403 ) ;
#926 = ORIENTED_EDGE ( 'NONE', *, *, #668, .F. ) ;
#927 = DIRECTION ( 'NONE',  ( -0.000000000000000000, -1.000000000000000000, -0.000000000000000000 ) ) ;
#928 = VECTOR ( 'NONE', #3272, 1000.000000000000000 ) ;
#929 = ORIENTED_EDGE ( 'NONE', *, *, #4837, .T. ) ;
#930 = EDGE_CURVE ( 'NONE', #64, #2096, #2529, .T. ) ;
#931 = AXIS2_PLACEMENT_3D ( 'NONE', #1035, #2890, #4448 ) ;
#932 = VECTOR ( 'NONE', #3132, 1000.000000000000000 ) ;
#933 = VECTOR ( 'NONE', #3148, 1000.000000000000000 ) ;
#934 = ORIENTED_EDGE ( 'NONE', *, *, #553, .T. ) ;
#935 = PLANE ( 'NONE',  #2791 ) ;
#936 = CARTESIAN_POINT ( 'NONE',  ( 5.999999999999995559, 4.950000000000000178, -7.400000000000003020 ) ) ;
#937 = EDGE_CURVE ( 'NONE', #2790, #2032, #43, .T. ) ;
#938 = ORIENTED_EDGE ( 'NONE', *, *, #2106, .F. ) ;
#939 = PLANE ( 'NONE',  #3963 ) ;
#940 = CARTESIAN_POINT ( 'NONE',  ( 32.48216938573013124, 20.00000000000000000, 1.749999999999999778 ) ) ;
#941 = CARTESIAN_POINT ( 'NONE',  ( 28.39999999999999147, 1.100000000000000089, -13.89999999999999858 ) ) ;
#942 = ORIENTED_EDGE ( 'NONE', *, *, #3765, .F. ) ;
#943 = DIRECTION ( 'NONE',  ( 0.3826834323650881720, 0.000000000000000000, -0.9238795325112874046 ) ) ;
#944 = LINE ( 'NONE', #2034, #4091 ) ;
#945 = ORIENTED_EDGE ( 'NONE', *, *, #2025, .T. ) ;
#946 = CARTESIAN_POINT ( 'NONE',  ( 9.499999999999996447, 1.100000000000000089, -4.881546635374435894 ) ) ;
#947 = LINE ( 'NONE', #1665, #559 ) ;
#948 = EDGE_CURVE ( 'NONE', #1826, #2248, #1820, .T. ) ;
#949 = ORIENTED_EDGE ( 'NONE', *, *, #233, .T. ) ;
#950 = PLANE ( 'NONE',  #213 ) ;
#951 = ORIENTED_EDGE ( 'NONE', *, *, #1388, .T. ) ;
#952 = EDGE_CURVE ( 'NONE', #3574, #305, #4039, .T. ) ;
#953 =( NAMED_UNIT ( * ) SI_UNIT ( $, .STERADIAN. ) SOLID_ANGLE_UNIT ( ) );
#954 = FACE_BOUND ( 'NONE', #1747, .T. ) ;
#955 = ORIENTED_EDGE ( 'NONE', *, *, #2325, .F. ) ;
#956 = EDGE_CURVE ( 'NONE', #2343, #2886, #1846, .T. ) ;
#957 = DIRECTION ( 'NONE',  ( 1.000000000000000000, 0.000000000000000000, -1.197801575966169987E-15 ) ) ;
#958 = CARTESIAN_POINT ( 'NONE',  ( 8.668370248353332030, 20.00000000000000000, -13.29972242256474146 ) ) ;
#959 = VERTEX_POINT ( 'NONE', #275 ) ;
#960 = EDGE_CURVE ( 'NONE', #1380, #15, #710, .T. ) ;
#961 = EDGE_CURVE ( 'NONE', #2221, #3677, #4465, .T. ) ;
#962 = CARTESIAN_POINT ( 'NONE',  ( 18.84000720206792678, 27.63430209709858332, 1.737451581485168317 ) ) ;
#963 = CARTESIAN_POINT ( 'NONE',  ( 1.282424236739471100E-15, 27.63430209709858332, 1.550000000000029354 ) ) ;
#964 = AXIS2_PLACEMENT_3D ( 'NONE', #3398, #3467, #4506 ) ;
#965 = DIRECTION ( 'NONE',  ( 0.000000000000000000, 0.000000000000000000, 1.000000000000000000 ) ) ;
#966 = CARTESIAN_POINT ( 'NONE',  ( 36.00000000000000000, 1.100000000000000089, -15.00000000000000000 ) ) ;
#967 = SURFACE_SIDE_STYLE ('',( #2404 ) ) ;
#968 = ORIENTED_EDGE ( 'NONE', *, *, #2867, .F. ) ;
#969 = DIRECTION ( 'NONE',  ( 1.000000000000000000, 0.000000000000000000, 1.407448530797437245E-16 ) ) ;
#970 = VECTOR ( 'NONE', #3502, 999.9999999999998863 ) ;
#971 = CARTESIAN_POINT ( 'NONE',  ( 34.50000000000000000, 0.000000000000000000, -4.881546635374434118 ) ) ;
#972 = VECTOR ( 'NONE', #4397, 1000.000000000000000 ) ;
#973 = EDGE_LOOP ( 'NONE', ( #134, #1368, #3196, #1083 ) ) ;
#974 = DIRECTION ( 'NONE',  ( 0.4092995309963232686, 0.000000000000000000, 0.9124000733922535966 ) ) ;
#975 = EDGE_LOOP ( 'NONE', ( #2892, #4195, #2250, #3626 ) ) ;
#976 = CARTESIAN_POINT ( 'NONE',  ( 11.72490271243247584, 27.63430209709858332, -13.14607844286650185 ) ) ;
#977 = LINE ( 'NONE', #2351, #4888 ) ;
#978 = ORIENTED_EDGE ( 'NONE', *, *, #1956, .T. ) ;
#979 = CARTESIAN_POINT ( 'NONE',  ( 5.999999999999994671, -2.958228394578794270E-31, -7.400000000000003020 ) ) ;
#980 = CARTESIAN_POINT ( 'NONE',  ( 14.90216938573012762, 27.63430209709858332, 1.749999999999999778 ) ) ;
#981 = EDGE_CURVE ( 'NONE', #790, #4760, #995, .T. ) ;
#982 = ORIENTED_EDGE ( 'NONE', *, *, #4410, .T. ) ;
#983 = CARTESIAN_POINT ( 'NONE',  ( 23.39999999999999503, 1.100000000000000089, -13.89999999999999858 ) ) ;
#984 = CARTESIAN_POINT ( 'NONE',  ( 27.15459061184367684, 27.63430209709859042, 1.950000000000002176 ) ) ;
#985 = EDGE_CURVE ( 'NONE', #4136, #3494, #2217, .T. ) ;
#986 = CARTESIAN_POINT ( 'NONE',  ( 12.47110287361381786, 27.63430209709858332, 1.949999999999998623 ) ) ;
#987 = ORIENTED_EDGE ( 'NONE', *, *, #4733, .F. ) ;
#988 = LINE ( 'NONE', #4006, #2506 ) ;
#989 = FACE_OUTER_BOUND ( 'NONE', #1254, .T. ) ;
#990 = ORIENTED_EDGE ( 'NONE', *, *, #2891, .F. ) ;
#991 = DIRECTION ( 'NONE',  ( 1.000000000000000000, 0.000000000000000000, -0.000000000000000000 ) ) ;
#992 = DIRECTION ( 'NONE',  ( 0.3826834323650920577, 0.000000000000000000, -0.9238795325112857393 ) ) ;
#993 = EDGE_CURVE ( 'NONE', #1389, #3858, #2880, .T. ) ;
#994 = PLANE ( 'NONE',  #14 ) ;
#995 = LINE ( 'NONE', #1448, #3162 ) ;
#996 = VERTEX_POINT ( 'NONE', #1024 ) ;
#997 = PLANE ( 'NONE',  #4254 ) ;
#998 = EDGE_LOOP ( 'NONE', ( #1459, #1727, #3773, #4043 ) ) ;
#999 = VERTEX_POINT ( 'NONE', #3357 ) ;
#1000 = DIRECTION ( 'NONE',  ( -0.000000000000000000, -1.000000000000000000, -0.000000000000000000 ) ) ;
#1001 = AXIS2_PLACEMENT_3D ( 'NONE', #4603, #3809, #3423 ) ;
#1002 = ORIENTED_EDGE ( 'NONE', *, *, #3645, .F. ) ;
#1003 = LINE ( 'NONE', #2461, #4647 ) ;
#1004 = ORIENTED_EDGE ( 'NONE', *, *, #3985, .F. ) ;
#1005 = PLANE ( 'NONE',  #23 ) ;
#1006 = DIRECTION ( 'NONE',  ( 0.000000000000000000, 0.000000000000000000, 1.000000000000000000 ) ) ;
#1007 = AXIS2_PLACEMENT_3D ( 'NONE', #3924, #3902, #209 ) ;
#1008 = VECTOR ( 'NONE', #3672, 1000.000000000000000 ) ;
#1009 = DIRECTION ( 'NONE',  ( 1.000000000000000000, 0.000000000000000000, -0.000000000000000000 ) ) ;
#1010 = ADVANCED_FACE ( 'NONE', ( #1473 ), #652, .F. ) ;
#1011 = VECTOR ( 'NONE', #2720, 1000.000000000000000 ) ;
#1012 = AXIS2_PLACEMENT_3D ( 'NONE', #4099, #1133, #3722 ) ;
#1013 = VERTEX_POINT ( 'NONE', #4382 ) ;
#1014 = CARTESIAN_POINT ( 'NONE',  ( 30.03751289470344688, 20.00000000000000000, 1.550000000000000933 ) ) ;
#1015 = CARTESIAN_POINT ( 'NONE',  ( 32.09999999999998721, 1.100000000000000089, -3.781546635374434029 ) ) ;
#1016 = LINE ( 'NONE', #2153, #3190 ) ;
#1017 = CARTESIAN_POINT ( 'NONE',  ( 32.09999999999998721, 18.89999999999999858, -3.781546635374434029 ) ) ;
#1018 =( NAMED_UNIT ( * ) SI_UNIT ( $, .STERADIAN. ) SOLID_ANGLE_UNIT ( ) );
#1019 = ORIENTED_EDGE ( 'NONE', *, *, #2807, .F. ) ;
#1020 = PLANE ( 'NONE',  #4220 ) ;
#1021 = EDGE_CURVE ( 'NONE', #4230, #1880, #3745, .T. ) ;
#1022 = CARTESIAN_POINT ( 'NONE',  ( 34.50000000000000000, 1.100000000000000089, -4.881546635374434118 ) ) ;
#1023 = DIRECTION ( 'NONE',  ( 0.3826834323650881720, 0.000000000000000000, -0.9238795325112874046 ) ) ;
#1024 = CARTESIAN_POINT ( 'NONE',  ( 24.18135769493379783, 20.00000000000000000, 3.100000000000000089 ) ) ;
#1025 = ORIENTED_EDGE ( 'NONE', *, *, #2446, .F. ) ;
#1026 = CARTESIAN_POINT ( 'NONE',  ( 5.864902712432475518, 27.63430209709858332, -13.14607844286650185 ) ) ;
#1027 = ORIENTED_EDGE ( 'NONE', *, *, #4526, .F. ) ;
#1028 = EDGE_CURVE ( 'NONE', #4413, #3015, #1871, .T. ) ;
#1029 = ADVANCED_FACE ( 'NONE', ( #2508 ), #250, .T. ) ;
#1030 = ORIENTED_EDGE ( 'NONE', *, *, #2051, .F. ) ;
#1031 = VERTEX_POINT ( 'NONE', #2535 ) ;
#1032 = LINE ( 'NONE', #3014, #2279 ) ;
#1033 = ORIENTED_EDGE ( 'NONE', *, *, #585, .T. ) ;
#1034 = FACE_OUTER_BOUND ( 'NONE', #1205, .T. ) ;
#1035 = CARTESIAN_POINT ( 'NONE',  ( 23.44490271243247648, 27.63430209709859042, -13.14607844286650185 ) ) ;
#1036 = DIRECTION ( 'NONE',  ( -1.000000000000000000, 0.000000000000000000, 3.711578864342414090E-16 ) ) ;
#1037 = ORIENTED_EDGE ( 'NONE', *, *, #4304, .F. ) ;
#1038 = CARTESIAN_POINT ( 'NONE',  ( 5.287723511207643057, 27.63430209709858332, 11.89941269444658012 ) ) ;
#1039 = DIRECTION ( 'NONE',  ( 0.000000000000000000, 0.000000000000000000, 1.000000000000000000 ) ) ;
#1040 = LINE ( 'NONE', #4456, #4719 ) ;
#1041 = VERTEX_POINT ( 'NONE', #304 ) ;
#1042 = DIRECTION ( 'NONE',  ( 0.000000000000000000, 0.000000000000000000, 1.000000000000000000 ) ) ;
#1043 = CARTESIAN_POINT ( 'NONE',  ( 12.03335921247157536, 20.00000000000000000, 3.100000000000000533 ) ) ;
#1044 = VERTEX_POINT ( 'NONE', #2161 ) ;
#1045 = DIRECTION ( 'NONE',  ( -0.9238795325112858503, 0.000000000000000000, -0.3826834323650921132 ) ) ;
#1046 = VECTOR ( 'NONE', #420, 1000.000000000000000 ) ;
#1047 = EDGE_CURVE ( 'NONE', #1268, #3825, #3667, .T. ) ;
#1048 = FACE_OUTER_BOUND ( 'NONE', #2739, .T. ) ;
#1049 = DIRECTION ( 'NONE',  ( -0.3826834323650849523, 0.000000000000000000, -0.9238795325112887369 ) ) ;
#1050 = VERTEX_POINT ( 'NONE', #1423 ) ;
#1051 = VECTOR ( 'NONE', #2004, 1000.000000000000000 ) ;
#1052 = CARTESIAN_POINT ( 'NONE',  ( 32.48216938573013124, 27.63430209709859042, 1.749999999999999778 ) ) ;
#1053 = ORIENTED_EDGE ( 'NONE', *, *, #3252, .F. ) ;
#1054 = AXIS2_PLACEMENT_3D ( 'NONE', #4085, #2124, #4850 ) ;
#1055 = ORIENTED_EDGE ( 'NONE', *, *, #2317, .F. ) ;
#1056 = EDGE_CURVE ( 'NONE', #2468, #3958, #2932, .T. ) ;
#1057 = DIRECTION ( 'NONE',  ( -1.000000000000000000, 0.000000000000000000, -1.407448530797437245E-16 ) ) ;
#1058 = ADVANCED_FACE ( 'NONE', ( #2565 ), #4069, .F. ) ;
#1059 = ORIENTED_EDGE ( 'NONE', *, *, #3486, .F. ) ;
#1060 = DIRECTION ( 'NONE',  ( -1.000000000000000000, 0.000000000000000000, -3.356713154187989077E-15 ) ) ;
#1061 = EDGE_LOOP ( 'NONE', ( #3591, #4689, #4874, #10 ) ) ;
#1062 = VECTOR ( 'NONE', #74, 1000.000000000000000 ) ;
#1063 = DIRECTION ( 'NONE',  ( 0.9238795325112867385, 0.000000000000000000, -0.3826834323650899483 ) ) ;
#1064 = CARTESIAN_POINT ( 'NONE',  ( 24.49999999999999289, 0.000000000000000000, -4.881546635374435006 ) ) ;
#1065 = VECTOR ( 'NONE', #578, 1000.000000000000000 ) ;
#1066 = ADVANCED_FACE ( 'NONE', ( #4833 ), #1078, .T. ) ;
#1067 = DIRECTION ( 'NONE',  ( 0.000000000000000000, -1.000000000000000000, 0.000000000000000000 ) ) ;
#1068 = VERTEX_POINT ( 'NONE', #451 ) ;
#1069 = DIRECTION ( 'NONE',  ( -0.3826834323650881720, 0.000000000000000000, 0.9238795325112874046 ) ) ;
#1070 = CARTESIAN_POINT ( 'NONE',  ( -1.282395112762153122, 15.05000000000000071, -7.399999999999999467 ) ) ;
#1071 = LINE ( 'NONE', #4062, #1329 ) ;
#1072 = ORIENTED_EDGE ( 'NONE', *, *, #476, .F. ) ;
#1073 = FACE_OUTER_BOUND ( 'NONE', #2539, .T. ) ;
#1074 = CARTESIAN_POINT ( 'NONE',  ( 36.42000720206792863, 27.63430209709858332, 1.737451581485168317 ) ) ;
#1075 = VERTEX_POINT ( 'NONE', #3477 ) ;
#1076 = DIRECTION ( 'NONE',  ( 0.3557458051467863869, 0.000000000000000000, -0.9345827529547421353 ) ) ;
#1077 = CARTESIAN_POINT ( 'NONE',  ( -11.72000000000000064, 20.00000000000000000, 3.099999999999994760 ) ) ;
#1078 = PLANE ( 'NONE',  #2991 ) ;
#1079 = ORIENTED_EDGE ( 'NONE', *, *, #419, .T. ) ;
#1080 = EDGE_CURVE ( 'NONE', #1554, #4812, #760, .T. ) ;
#1081 = LINE ( 'NONE', #4782, #4170 ) ;
#1082 = ORIENTED_EDGE ( 'NONE', *, *, #937, .F. ) ;
#1083 = ORIENTED_EDGE ( 'NONE', *, *, #2665, .F. ) ;
#1084 = CARTESIAN_POINT ( 'NONE',  ( -17.58000000000000185, 20.00000000000000000, 0.3999999999999944711 ) ) ;
#1085 = VERTEX_POINT ( 'NONE', #36 ) ;
#1086 = CARTESIAN_POINT ( 'NONE',  ( 35.82003102824223362, 27.63430209709858332, 0.4000000000000010214 ) ) ;
#1087 = VERTEX_POINT ( 'NONE', #853 ) ;
#1088 = CARTESIAN_POINT ( 'NONE',  ( 18.31751289470344446, 20.00000000000000000, 1.550000000000000933 ) ) ;
#1089 = DIRECTION ( 'NONE',  ( 0.000000000000000000, -1.000000000000000000, 0.000000000000000000 ) ) ;
#1090 = EDGE_CURVE ( 'NONE', #549, #2908, #2262, .T. ) ;
#1091 = VECTOR ( 'NONE', #3663, 999.9999999999998863 ) ;
#1092 = DIRECTION ( 'NONE',  ( 1.000000000000000000, 0.000000000000000000, -0.000000000000000000 ) ) ;
#1093 = ORIENTED_EDGE ( 'NONE', *, *, #3291, .F. ) ;
#1094 = PLANE ( 'NONE',  #1362 ) ;
#1095 = VECTOR ( 'NONE', #4121, 1000.000000000000000 ) ;
#1096 = DIRECTION ( 'NONE',  ( 1.000000000000000000, 0.000000000000000000, -0.000000000000000000 ) ) ;
#1097 = EDGE_CURVE ( 'NONE', #1662, #3259, #4586, .T. ) ;
#1098 = EDGE_CURVE ( 'NONE', #3157, #3488, #9, .T. ) ;
#1099 = VECTOR ( 'NONE', #4450, 1000.000000000000000 ) ;
#1100 = VECTOR ( 'NONE', #3738, 999.9999999999998863 ) ;
#1101 = ORIENTED_EDGE ( 'NONE', *, *, #1677, .T. ) ;
#1102 = LINE ( 'NONE', #4852, #1402 ) ;
#1103 = DIRECTION ( 'NONE',  ( 1.000000000000000000, 0.000000000000000000, -0.000000000000000000 ) ) ;
#1104 = ORIENTED_EDGE ( 'NONE', *, *, #2627, .F. ) ;
#1105 = PLANE ( 'NONE',  #745 ) ;
#1106 = CARTESIAN_POINT ( 'NONE',  ( 17.94986274178956620, 27.63430209709858332, -13.30979825526486948 ) ) ;
#1107 = CARTESIAN_POINT ( 'NONE',  ( 27.09999999999999432, 1.100000000000000089, -13.89999999999999858 ) ) ;
#1108 = EDGE_LOOP ( 'NONE', ( #3797, #3703, #4657, #617 ) ) ;
#1109 = CARTESIAN_POINT ( 'NONE',  ( 7.099999999999996980, 10.00000000000000000, -3.000000000000000000 ) ) ;
#1110 = EDGE_LOOP ( 'NONE', ( #3746, #554, #4511, #3754 ) ) ;
#1111 = ORIENTED_EDGE ( 'NONE', *, *, #597, .T. ) ;
#1112 = ORIENTED_EDGE ( 'NONE', *, *, #2577, .F. ) ;
#1113 = CARTESIAN_POINT ( 'NONE',  ( 25.99999999999999645, 1.100000000000000089, -15.00000000000000000 ) ) ;
#1114 = ORIENTED_EDGE ( 'NONE', *, *, #1047, .T. ) ;
#1115 = FACE_OUTER_BOUND ( 'NONE', #3816, .T. ) ;
#1116 = ADVANCED_FACE ( 'NONE', ( #785 ), #3103, .F. ) ;
#1117 = DIRECTION ( 'NONE',  ( -0.3826834323650849523, 0.000000000000000000, -0.9238795325112887369 ) ) ;
#1118 = ADVANCED_FACE ( 'NONE', ( #2640 ), #1131, .F. ) ;
#1119 = VERTEX_POINT ( 'NONE', #2731 ) ;
#1120 = DIRECTION ( 'NONE',  ( 1.000000000000000000, 0.000000000000000000, 2.187630329860364324E-16 ) ) ;
#1121 = LINE ( 'NONE', #3631, #498 ) ;
#1122 = UNCERTAINTY_MEASURE_WITH_UNIT (LENGTH_MEASURE( 1.000000000000000082E-05 ), #4677, 'distance_accuracy_value', 'NONE');
#1123 = ADVANCED_FACE ( 'NONE', ( #2660 ), #1153, .T. ) ;
#1124 = EDGE_CURVE ( 'NONE', #1798, #2721, #2309, .T. ) ;
#1125 = CARTESIAN_POINT ( 'NONE',  ( 37.09999999999999432, 18.89999999999999858, -13.89999999999999858 ) ) ;
#1126 = CARTESIAN_POINT ( 'NONE',  ( 35.47335921247157842, 0.000000000000000000, 3.100000000000000533 ) ) ;
#1127 = VERTEX_POINT ( 'NONE', #2706 ) ;
#1128 = DIRECTION ( 'NONE',  ( -0.9238795325112874046, 0.000000000000000000, -0.3826834323650881720 ) ) ;
#1129 = VECTOR ( 'NONE', #2133, 1000.000000000000000 ) ;
#1130 = CARTESIAN_POINT ( 'NONE',  ( -5.860000000000002096, 20.00000000000000000, 0.3999999999998820610 ) ) ;
#1131 = PLANE ( 'NONE',  #2031 ) ;
#1132 = ORIENTED_EDGE ( 'NONE', *, *, #2077, .T. ) ;
#1133 = DIRECTION ( 'NONE',  ( -1.000000000000000000, 0.000000000000000000, 0.000000000000000000 ) ) ;
#1134 = ORIENTED_EDGE ( 'NONE', *, *, #1203, .F. ) ;
#1135 = AXIS2_PLACEMENT_3D ( 'NONE', #1609, #3855, #3140 ) ;
#1136 = EDGE_LOOP ( 'NONE', ( #4341, #4151, #1528, #4659 ) ) ;
#1137 = VECTOR ( 'NONE', #3403, 1000.000000000000000 ) ;
#1138 = CARTESIAN_POINT ( 'NONE',  ( -17.58000000000000185, 20.00000000000000000, 1.550000000000029354 ) ) ;
#1139 = VERTEX_POINT ( 'NONE', #3055 ) ;
#1140 = DIRECTION ( 'NONE',  ( 0.000000000000000000, 0.000000000000000000, -1.000000000000000000 ) ) ;
#1141 = AXIS2_PLACEMENT_3D ( 'NONE', #548, #1663, #969 ) ;
#1142 = PLANE ( 'NONE',  #4881 ) ;
#1143 = VECTOR ( 'NONE', #4537, 1000.000000000000000 ) ;
#1144 = EDGE_LOOP ( 'NONE', ( #207, #4564, #525, #1954 ) ) ;
#1145 = LINE ( 'NONE', #4208, #2149 ) ;
#1146 = EDGE_CURVE ( 'NONE', #3282, #1189, #832, .T. ) ;
#1147 = LINE ( 'NONE', #2280, #3821 ) ;
#1148 = CARTESIAN_POINT ( 'NONE',  ( 12.98000720206792735, 27.63430209709858332, 1.737451581485168317 ) ) ;
#1149 = LINE ( 'NONE', #4166, #164 ) ;
#1150 = CARTESIAN_POINT ( 'NONE',  ( -7.000000000000000000, 20.00000000000000000, 0.000000000000000000 ) ) ;
#1151 = EDGE_CURVE ( 'NONE', #4158, #3009, #3862, .T. ) ;
#1152 = PLANE ( 'NONE',  #918 ) ;
#1153 = PLANE ( 'NONE',  #3217 ) ;
#1154 = VERTEX_POINT ( 'NONE', #4240 ) ;
#1155 = CARTESIAN_POINT ( 'NONE',  ( 5.999999999999995559, 20.00000000000000000, -6.000000000000001776 ) ) ;
#1156 = VERTEX_POINT ( 'NONE', #4609 ) ;
#1157 = ADVANCED_FACE ( 'NONE', ( #3838 ), #1221, .F. ) ;
#1158 = VERTEX_POINT ( 'NONE', #3429 ) ;
#1159 = EDGE_LOOP ( 'NONE', ( #2138, #3363, #4022, #3732 ) ) ;
#1160 = CARTESIAN_POINT ( 'NONE',  ( 20.99999999999999289, 1.100000000000000089, -15.00000000000000000 ) ) ;
#1161 = ORIENTED_EDGE ( 'NONE', *, *, #503, .T. ) ;
#1162 = CARTESIAN_POINT ( 'NONE',  ( 13.39999999999999325, 18.89999999999999858, -3.781546635374435361 ) ) ;
#1163 = VECTOR ( 'NONE', #2730, 1000.000000000000000 ) ;
#1164 = DIRECTION ( 'NONE',  ( -1.000000000000000000, 0.000000000000000000, 8.273704753157721312E-16 ) ) ;
#1165 = ORIENTED_EDGE ( 'NONE', *, *, #1090, .T. ) ;
#1166 = LINE ( 'NONE', #1514, #1051 ) ;
#1167 = CARTESIAN_POINT ( 'NONE',  ( 12.09999999999999609, 1.100000000000000089, -3.781546635374435361 ) ) ;
#1168 = PRESENTATION_LAYER_ASSIGNMENT (  '', '', ( #1632 ) ) ;
#1169 = EDGE_CURVE ( 'NONE', #2194, #3488, #472, .T. ) ;
#1170 = CARTESIAN_POINT ( 'NONE',  ( 10.99999999999999645, 1.100000000000000089, -4.881546635374435894 ) ) ;
#1171 = AXIS2_PLACEMENT_3D ( 'NONE', #3547, #1269, #590 ) ;
#1172 = DIRECTION ( 'NONE',  ( 0.000000000000000000, -1.000000000000000000, 0.000000000000000000 ) ) ;
#1173 = LINE ( 'NONE', #3450, #1454 ) ;
#1174 = AXIS2_PLACEMENT_3D ( 'NONE', #288, #4422, #1009 ) ;
#1175 = VECTOR ( 'NONE', #3824, 1000.000000000000000 ) ;
#1176 = VECTOR ( 'NONE', #166, 1000.000000000000000 ) ;
#1177 = EDGE_CURVE ( 'NONE', #3903, #2661, #4516, .T. ) ;
#1178 = LINE ( 'NONE', #3476, #2201 ) ;
#1179 = CARTESIAN_POINT ( 'NONE',  ( 14.49999999999999467, 1.100000000000000089, -15.00000000000000000 ) ) ;
#1180 = ORIENTED_EDGE ( 'NONE', *, *, #647, .T. ) ;
#1181 = ADVANCED_FACE ( 'NONE', ( #806 ), #425, .T. ) ;
#1182 = DIRECTION ( 'NONE',  ( -1.000000000000000000, 0.000000000000000000, 2.891205793294680792E-16 ) ) ;
#1183 = ORIENTED_EDGE ( 'NONE', *, *, #3893, .T. ) ;
#1184 = DIRECTION ( 'NONE',  ( 0.9238795325112867385, 0.000000000000000000, 0.3826834323650901148 ) ) ;
#1185 = VERTEX_POINT ( 'NONE', #3407 ) ;
#1186 = ORIENTED_EDGE ( 'NONE', *, *, #2984, .F. ) ;
#1187 = EDGE_CURVE ( 'NONE', #2644, #1252, #2080, .T. ) ;
#1188 = LINE ( 'NONE', #1555, #2357 ) ;
#1189 = VERTEX_POINT ( 'NONE', #545 ) ;
#1190 = DIRECTION ( 'NONE',  ( -1.000000000000000000, 0.000000000000000000, 1.197801575966169987E-15 ) ) ;
#1191 = ORIENTED_EDGE ( 'NONE', *, *, #1942, .T. ) ;
#1192 = FACE_OUTER_BOUND ( 'NONE', #718, .T. ) ;
#1193 = CARTESIAN_POINT ( 'NONE',  ( 22.09999999999999787, 18.89999999999999858, -3.781546635374434917 ) ) ;
#1194 = PLANE ( 'NONE',  #1001 ) ;
#1195 = FACE_OUTER_BOUND ( 'NONE', #3149, .T. ) ;
#1196 = ORIENTED_EDGE ( 'NONE', *, *, #4231, .F. ) ;
#1197 = LINE ( 'NONE', #3835, #1853 ) ;
#1198 = DIRECTION ( 'NONE',  ( 1.000000000000000000, 0.000000000000000000, 2.187630329860364324E-16 ) ) ;
#1199 = DIRECTION ( 'NONE',  ( -0.3557458051467840554, 0.000000000000000000, 0.9345827529547431345 ) ) ;
#1200 = DIRECTION ( 'NONE',  ( -1.000000000000000000, 0.000000000000000000, 0.000000000000000000 ) ) ;
#1201 = ORIENTED_EDGE ( 'NONE', *, *, #3506, .F. ) ;
#1202 = CARTESIAN_POINT ( 'NONE',  ( -6.781654022567112272E-16, 27.63430209709858332, 3.099999999999992095 ) ) ;
#1203 = EDGE_CURVE ( 'NONE', #3466, #434, #2012, .T. ) ;
#1204 = EDGE_LOOP ( 'NONE', ( #3278, #2045, #283, #4108 ) ) ;
#1205 = EDGE_LOOP ( 'NONE', ( #3366, #861, #115, #3361 ) ) ;
#1206 = LINE ( 'NONE', #433, #932 ) ;
#1207 = ORIENTED_EDGE ( 'NONE', *, *, #1732, .T. ) ;
#1208 = VECTOR ( 'NONE', #3100, 1000.000000000000000 ) ;
#1209 = EDGE_CURVE ( 'NONE', #3524, #3343, #2101, .T. ) ;
#1210 = FACE_OUTER_BOUND ( 'NONE', #1110, .T. ) ;
#1211 = VERTEX_POINT ( 'NONE', #4676 ) ;
#1212 = VECTOR ( 'NONE', #3993, 1000.000000000000000 ) ;
#1213 = DIRECTION ( 'NONE',  ( 0.000000000000000000, 0.000000000000000000, -1.000000000000000000 ) ) ;
#1214 = CARTESIAN_POINT ( 'NONE',  ( 5.999999999999995559, 4.950000000000000178, -6.000000000000001776 ) ) ;
#1215 = ADVANCED_FACE ( 'NONE', ( #3522 ), #2056, .T. ) ;
#1216 = AXIS2_PLACEMENT_3D ( 'NONE', #708, #2559, #3327 ) ;
#1217 = DIRECTION ( 'NONE',  ( 0.000000000000000000, -1.000000000000000000, 0.000000000000000000 ) ) ;
#1218 = CARTESIAN_POINT ( 'NONE',  ( 33.39999999999999858, 18.89999999999999858, -13.89999999999999858 ) ) ;
#1219 = DIRECTION ( 'NONE',  ( -0.3826834323650900038, 0.000000000000000000, -0.9238795325112866275 ) ) ;
#1220 = CARTESIAN_POINT ( 'NONE',  ( 13.39999999999999325, 18.89999999999999858, -13.89999999999999858 ) ) ;
#1221 = PLANE ( 'NONE',  #4004 ) ;
#1222 = CARTESIAN_POINT ( 'NONE',  ( 24.49999999999999289, 0.000000000000000000, -15.00000000000000000 ) ) ;
#1223 = ORIENTED_EDGE ( 'NONE', *, *, #2317, .T. ) ;
#1224 = CARTESIAN_POINT ( 'NONE',  ( 15.91093620857273194, 0.000000000000000000, 0.3999999999999993006 ) ) ;
#1225 = ORIENTED_EDGE ( 'NONE', *, *, #1680, .F. ) ;
#1226 = EDGE_CURVE ( 'NONE', #3358, #1044, #1704, .T. ) ;
#1227 = ORIENTED_EDGE ( 'NONE', *, *, #3536, .T. ) ;
#1228 = LINE ( 'NONE', #3092, #1175 ) ;
#1229 = ORIENTED_EDGE ( 'NONE', *, *, #2190, .T. ) ;
#1230 = VECTOR ( 'NONE', #2222, 1000.000000000000000 ) ;
#1231 =( NAMED_UNIT ( * ) PLANE_ANGLE_UNIT ( ) SI_UNIT ( $, .RADIAN. ) );
#1232 = ORIENTED_EDGE ( 'NONE', *, *, #1745, .T. ) ;
#1233 = ADVANCED_FACE ( 'NONE', ( #124 ), #4655, .F. ) ;
#1234 = DIRECTION ( 'NONE',  ( -0.000000000000000000, -1.000000000000000000, -0.000000000000000000 ) ) ;
#1235 = FACE_OUTER_BOUND ( 'NONE', #1304, .T. ) ;
#1236 = FACE_BOUND ( 'NONE', #2897, .T. ) ;
#1237 = EDGE_CURVE ( 'NONE', #3282, #4468, #1683, .T. ) ;
#1238 = CARTESIAN_POINT ( 'NONE',  ( 4.050286644131276148, 0.000000000000000000, -11.38684956152296479 ) ) ;
#1239 = ORIENTED_EDGE ( 'NONE', *, *, #82, .T. ) ;
#1240 = VECTOR ( 'NONE', #3151, 1000.000000000000114 ) ;
#1241 = DIRECTION ( 'NONE',  ( -0.9345827529547422463, 0.000000000000000000, -0.3557458051467864424 ) ) ;
#1242 = ADVANCED_FACE ( 'NONE', ( #2757 ), #877, .F. ) ;
#1243 = DIRECTION ( 'NONE',  ( -1.197801575966169987E-15, 0.000000000000000000, -1.000000000000000000 ) ) ;
#1244 = VECTOR ( 'NONE', #675, 1000.000000000000000 ) ;
#1245 = VERTEX_POINT ( 'NONE', #2802 ) ;
#1246 = DIRECTION ( 'NONE',  ( 1.000000000000000000, 0.000000000000000000, -0.000000000000000000 ) ) ;
#1247 = DIRECTION ( 'NONE',  ( -6.857662583261808122E-16, 0.000000000000000000, -1.000000000000000000 ) ) ;
#1248 = ORIENTED_EDGE ( 'NONE', *, *, #3060, .T. ) ;
#1249 = CARTESIAN_POINT ( 'NONE',  ( 15.91093620857272484, 27.63430209709858332, 3.099999999999999645 ) ) ;
#1250 = AXIS2_PLACEMENT_3D ( 'NONE', #2170, #3675, #4766 ) ;
#1251 = VECTOR ( 'NONE', #4561, 1000.000000000000000 ) ;
#1252 = VERTEX_POINT ( 'NONE', #3955 ) ;
#1253 = VECTOR ( 'NONE', #1694, 1000.000000000000000 ) ;
#1254 = EDGE_LOOP ( 'NONE', ( #1791, #1723, #612, #1377 ) ) ;
#1255 = DIRECTION ( 'NONE',  ( 0.000000000000000000, 0.000000000000000000, 1.000000000000000000 ) ) ;
#1256 = ORIENTED_EDGE ( 'NONE', *, *, #4164, .T. ) ;
#1257 = ORIENTED_EDGE ( 'NONE', *, *, #4313, .T. ) ;
#1258 = DIRECTION ( 'NONE',  ( 0.000000000000000000, 0.000000000000000000, -1.000000000000000000 ) ) ;
#1259 = DIRECTION ( 'NONE',  ( -0.3557458051467863869, 0.000000000000000000, 0.9345827529547421353 ) ) ;
#1260 = EDGE_CURVE ( 'NONE', #2687, #1648, #4284, .T. ) ;
#1261 = DIRECTION ( 'NONE',  ( 2.282530889443166529E-16, 0.000000000000000000, 1.000000000000000000 ) ) ;
#1262 = VERTEX_POINT ( 'NONE', #3980 ) ;
#1263 = CARTESIAN_POINT ( 'NONE',  ( 29.52162685482648641, 27.63430209709859042, 0.4000000000000027978 ) ) ;
#1264 = LINE ( 'NONE', #2772, #4147 ) ;
#1265 = ADVANCED_FACE ( 'NONE', ( #2449 ), #3935, .F. ) ;
#1266 = ADVANCED_FACE ( 'NONE', ( #3219 ), #149, .F. ) ;
#1267 = DIRECTION ( 'NONE',  ( 9.637352644315597708E-17, 0.000000000000000000, 1.000000000000000000 ) ) ;
#1268 = VERTEX_POINT ( 'NONE', #3589 ) ;
#1269 = DIRECTION ( 'NONE',  ( -0.9345827529547431345, 0.000000000000000000, -0.3557458051467841109 ) ) ;
#1270 = LINE ( 'NONE', #1639, #602 ) ;
#1271 = VECTOR ( 'NONE', #2618, 1000.000000000000000 ) ;
#1272 = VERTEX_POINT ( 'NONE', #191 ) ;
#1273 = FACE_BOUND ( 'NONE', #4200, .T. ) ;
#1274 = ADVANCED_FACE ( 'NONE', ( #103 ), #520, .F. ) ;
#1275 = ORIENTED_EDGE ( 'NONE', *, *, #2302, .T. ) ;
#1276 = EDGE_LOOP ( 'NONE', ( #4855, #1112, #1232, #876 ) ) ;
#1277 = CARTESIAN_POINT ( 'NONE',  ( 9.499999999999994671, 1.100000000000000089, -15.00000000000000000 ) ) ;
#1278 = ORIENTED_EDGE ( 'NONE', *, *, #726, .F. ) ;
#1279 = VECTOR ( 'NONE', #4409, 999.9999999999998863 ) ;
#1280 = ORIENTED_EDGE ( 'NONE', *, *, #1907, .F. ) ;
#1281 = LINE ( 'NONE', #555, #2316 ) ;
#1282 = CARTESIAN_POINT ( 'NONE',  ( 21.32135769493380195, 27.63430209709858332, 3.100000000000000533 ) ) ;
#1283 = VECTOR ( 'NONE', #3419, 1000.000000000000000 ) ;
#1284 = AXIS2_PLACEMENT_3D ( 'NONE', #1202, #2710, #4223 ) ;
#1285 = ADVANCED_FACE ( 'NONE', ( #1660 ), #1341, .F. ) ;
#1286 = ORIENTED_EDGE ( 'NONE', *, *, #4436, .F. ) ;
#1287 = DIRECTION ( 'NONE',  ( 1.000000000000000000, 0.000000000000000000, -2.282530889443166529E-16 ) ) ;
#1288 = DIRECTION ( 'NONE',  ( -0.000000000000000000, -1.000000000000000000, -0.000000000000000000 ) ) ;
#1289 = AXIS2_PLACEMENT_3D ( 'NONE', #3790, #4558, #1219 ) ;
#1290 = DIRECTION ( 'NONE',  ( 0.000000000000000000, -1.000000000000000000, 0.000000000000000000 ) ) ;
#1291 = ORIENTED_EDGE ( 'NONE', *, *, #4866, .T. ) ;
#1292 = CARTESIAN_POINT ( 'NONE',  ( 0.000000000000000000, 18.89999999999999858, 0.000000000000000000 ) ) ;
#1293 = VECTOR ( 'NONE', #95, 1000.000000000000000 ) ;
#1294 = DIRECTION ( 'NONE',  ( 0.000000000000000000, 0.000000000000000000, -1.000000000000000000 ) ) ;
#1295 = ORIENTED_EDGE ( 'NONE', *, *, #3394, .F. ) ;
#1296 = FACE_OUTER_BOUND ( 'NONE', #3982, .T. ) ;
#1297 = EDGE_CURVE ( 'NONE', #2513, #4136, #3169, .T. ) ;
#1298 = ORIENTED_EDGE ( 'NONE', *, *, #2046, .T. ) ;
#1299 = VERTEX_POINT ( 'NONE', #3886 ) ;
#1300 = CARTESIAN_POINT ( 'NONE',  ( -23.44000000000000128, 0.000000000000000000, 0.3999999999999944711 ) ) ;
#1301 = ORIENTED_EDGE ( 'NONE', *, *, #2891, .T. ) ;
#1302 = VECTOR ( 'NONE', #3647, 1000.000000000000000 ) ;
#1303 = EDGE_CURVE ( 'NONE', #270, #3868, #1102, .T. ) ;
#1304 = EDGE_LOOP ( 'NONE', ( #4177, #3634, #1301, #3921 ) ) ;
#1305 = CARTESIAN_POINT ( 'NONE',  ( 17.09999999999999432, 18.89999999999999858, -13.89999999999999858 ) ) ;
#1306 = LINE ( 'NONE', #1722, #212 ) ;
#1307 = ORIENTED_EDGE ( 'NONE', *, *, #825, .T. ) ;
#1308 = DIRECTION ( 'NONE',  ( 0.000000000000000000, -1.000000000000000000, 0.000000000000000000 ) ) ;
#1309 = LINE ( 'NONE', #3932, #1928 ) ;
#1310 = EDGE_CURVE ( 'NONE', #2856, #2405, #4484, .T. ) ;
#1311 = DIRECTION ( 'NONE',  ( -1.000000000000000000, 0.000000000000000000, 8.273704753157721312E-16 ) ) ;
#1312 = ORIENTED_EDGE ( 'NONE', *, *, #3951, .T. ) ;
#1313 = VECTOR ( 'NONE', #2617, 1000.000000000000000 ) ;
#1314 = DIRECTION ( 'NONE',  ( -0.000000000000000000, -1.000000000000000000, -0.000000000000000000 ) ) ;
#1315 = CARTESIAN_POINT ( 'NONE',  ( 17.89335921247157657, 27.63430209709858332, 3.100000000000000533 ) ) ;
#1316 = ORIENTED_EDGE ( 'NONE', *, *, #3002, .T. ) ;
#1317 = CARTESIAN_POINT ( 'NONE',  ( -23.44000000000000128, 20.00000000000000000, 3.099999999999992095 ) ) ;
#1318 = CARTESIAN_POINT ( 'NONE',  ( 21.29459061184367030, 20.00000000000000000, 1.550000000000004485 ) ) ;
#1319 = EDGE_CURVE ( 'NONE', #4793, #1662, #3298, .T. ) ;
#1320 = VECTOR ( 'NONE', #2450, 1000.000000000000000 ) ;
#1321 = LINE ( 'NONE', #2833, #483 ) ;
#1322 = EDGE_CURVE ( 'NONE', #2168, #3868, #1468, .T. ) ;
#1323 = VERTEX_POINT ( 'NONE', #1754 ) ;
#1324 = DIRECTION ( 'NONE',  ( 0.9238795325112867385, 0.000000000000000000, 0.3826834323650901148 ) ) ;
#1325 = VECTOR ( 'NONE', #3684, 1000.000000000000000 ) ;
#1326 = ORIENTED_EDGE ( 'NONE', *, *, #165, .F. ) ;
#1327 = AXIS2_PLACEMENT_3D ( 'NONE', #2094, #4323, #888 ) ;
#1328 = VECTOR ( 'NONE', #2701, 1000.000000000000000 ) ;
#1329 = VECTOR ( 'NONE', #1752, 1000.000000000000000 ) ;
#1330 = EDGE_CURVE ( 'NONE', #3962, #4760, #1814, .T. ) ;
#1331 = EDGE_CURVE ( 'NONE', #4058, #3798, #1417, .T. ) ;
#1332 = CARTESIAN_POINT ( 'NONE',  ( 18.32135769493379840, 27.63430209709858332, 3.100000000000000089 ) ) ;
#1333 = ORIENTED_EDGE ( 'NONE', *, *, #657, .F. ) ;
#1334 = LINE ( 'NONE', #2743, #3655 ) ;
#1335 = CARTESIAN_POINT ( 'NONE',  ( 12.46135769493379719, 20.00000000000000000, 3.100000000000000089 ) ) ;
#1336 = EDGE_LOOP ( 'NONE', ( #3968, #2801, #2129, #290 ) ) ;
#1337 = LINE ( 'NONE', #962, #1844 ) ;
#1338 = DIRECTION ( 'NONE',  ( 0.3557458051467863869, 0.000000000000000000, -0.9345827529547421353 ) ) ;
#1339 = DIRECTION ( 'NONE',  ( 0.000000000000000000, -1.000000000000000000, 0.000000000000000000 ) ) ;
#1340 = ORIENTED_EDGE ( 'NONE', *, *, #1226, .T. ) ;
#1341 = PLANE ( 'NONE',  #2749 ) ;
#1342 = LINE ( 'NONE', #2901, #1400 ) ;
#1343 = ORIENTED_EDGE ( 'NONE', *, *, #3335, .T. ) ;
#1344 = CARTESIAN_POINT ( 'NONE',  ( -23.44000000000000128, 27.63430209709858332, 3.099999999999992095 ) ) ;
#1345 = CARTESIAN_POINT ( 'NONE',  ( 5.999999999999994671, 1.100000000000000089, -15.00000000000000000 ) ) ;
#1346 = VERTEX_POINT ( 'NONE', #1390 ) ;
#1347 = ORIENTED_EDGE ( 'NONE', *, *, #1942, .F. ) ;
#1348 = EDGE_CURVE ( 'NONE', #2928, #3005, #2927, .T. ) ;
#1349 = CARTESIAN_POINT ( 'NONE',  ( -17.57999999999999829, 0.000000000000000000, 1.950000000000041478 ) ) ;
#1350 = EDGE_LOOP ( 'NONE', ( #3309, #4274, #3568, #2474 ) ) ;
#1351 = FACE_OUTER_BOUND ( 'NONE', #3170, .T. ) ;
#1352 = VERTEX_POINT ( 'NONE', #729 ) ;
#1353 = FACE_OUTER_BOUND ( 'NONE', #2415, .T. ) ;
#1354 = ORIENTED_EDGE ( 'NONE', *, *, #906, .F. ) ;
#1355 = CARTESIAN_POINT ( 'NONE',  ( 27.09999999999999432, 18.89999999999999858, -13.89999999999999858 ) ) ;
#1356 = CARTESIAN_POINT ( 'NONE',  ( 33.71535892843427007, 20.00000000000000000, 13.96535892843436244 ) ) ;
#1357 = EDGE_CURVE ( 'NONE', #606, #3105, #3612, .T. ) ;
#1358 = ORIENTED_EDGE ( 'NONE', *, *, #3263, .F. ) ;
#1359 = CARTESIAN_POINT ( 'NONE',  ( 21.77093620857272782, 0.000000000000000000, 3.099999999999999645 ) ) ;
#1360 = CARTESIAN_POINT ( 'NONE',  ( 20.99999999999999289, 0.000000000000000000, -15.00000000000000000 ) ) ;
#1361 = EDGE_CURVE ( 'NONE', #723, #4468, #2212, .T. ) ;
#1362 = AXIS2_PLACEMENT_3D ( 'NONE', #291, #2893, #3320 ) ;
#1363 = PLANE ( 'NONE',  #507 ) ;
#1364 = VERTEX_POINT ( 'NONE', #1442 ) ;
#1365 = CARTESIAN_POINT ( 'NONE',  ( 9.075269459310570497, 0.000000000000000000, 1.750000000000000000 ) ) ;
#1366 = CARTESIAN_POINT ( 'NONE',  ( -5.860000000000000320, 0.000000000000000000, 0.3999999999999944711 ) ) ;
#1367 = CARTESIAN_POINT ( 'NONE',  ( 8.574694545859678385, 0.000000000000000000, 12.18628660943929098 ) ) ;
#1368 = ORIENTED_EDGE ( 'NONE', *, *, #4826, .T. ) ;
#1369 = FACE_BOUND ( 'NONE', #2775, .T. ) ;
#1370 = VECTOR ( 'NONE', #1641, 1000.000000000000000 ) ;
#1371 = DIRECTION ( 'NONE',  ( -1.714415645815452277E-16, 0.000000000000000000, -1.000000000000000000 ) ) ;
#1372 = VECTOR ( 'NONE', #4583, 1000.000000000000000 ) ;
#1373 = ORIENTED_EDGE ( 'NONE', *, *, #558, .F. ) ;
#1374 = CARTESIAN_POINT ( 'NONE',  ( -11.71999999999999886, 27.63430209709858332, 1.550000000000029354 ) ) ;
#1375 = ORIENTED_EDGE ( 'NONE', *, *, #2755, .F. ) ;
#1376 = EDGE_CURVE ( 'NONE', #2661, #4040, #4031, .T. ) ;
#1377 = ORIENTED_EDGE ( 'NONE', *, *, #1562, .F. ) ;
#1378 = DIRECTION ( 'NONE',  ( -1.000000000000000000, 0.000000000000000000, 0.000000000000000000 ) ) ;
#1379 = LINE ( 'NONE', #2748, #3928 ) ;
#1380 = VERTEX_POINT ( 'NONE', #4746 ) ;
#1381 = PLANE ( 'NONE',  #1674 ) ;
#1382 = CARTESIAN_POINT ( 'NONE',  ( 36.00000000000000711, 20.00000000000000000, -4.881546635374434118 ) ) ;
#1383 = EDGE_CURVE ( 'NONE', #2540, #1903, #2874, .T. ) ;
#1384 = VERTEX_POINT ( 'NONE', #4429 ) ;
#1385 = DIRECTION ( 'NONE',  ( 0.000000000000000000, 0.000000000000000000, 1.000000000000000000 ) ) ;
#1386 = CARTESIAN_POINT ( 'NONE',  ( 18.39999999999999147, 1.100000000000000089, -13.89999999999999858 ) ) ;
#1387 = LINE ( 'NONE', #2896, #3975 ) ;
#1388 = EDGE_CURVE ( 'NONE', #4316, #4078, #988, .T. ) ;
#1389 = VERTEX_POINT ( 'NONE', #1017 ) ;
#1390 = CARTESIAN_POINT ( 'NONE',  ( 21.32135769493380195, 20.00000000000000000, 3.100000000000000533 ) ) ;
#1391 = CARTESIAN_POINT ( 'NONE',  ( 35.38162685482648584, -0.000000000000000000, 0.4000000000000027978 ) ) ;
#1392 = ORIENTED_EDGE ( 'NONE', *, *, #224, .F. ) ;
#1393 = CARTESIAN_POINT ( 'NONE',  ( 14.80852764704162716, 27.63430209709858332, 12.32858493149792878 ) ) ;
#1394 = CARTESIAN_POINT ( 'NONE',  ( 20.66852764704162837, 20.00000000000000000, 12.32858493149792878 ) ) ;
#1395 = DIRECTION ( 'NONE',  ( -1.000000000000000000, 0.000000000000000000, -1.445602896647337684E-16 ) ) ;
#1396 = CARTESIAN_POINT ( 'NONE',  ( 21.29459061184367386, 27.63430209709858332, 1.950000000000002176 ) ) ;
#1397 = EDGE_LOOP ( 'NONE', ( #859, #2937, #160, #4186 ) ) ;
#1398 = FACE_OUTER_BOUND ( 'NONE', #3459, .T. ) ;
#1399 = ORIENTED_EDGE ( 'NONE', *, *, #3506, .T. ) ;
#1400 = VECTOR ( 'NONE', #1497, 1000.000000000000114 ) ;
#1401 = ORIENTED_EDGE ( 'NONE', *, *, #1997, .T. ) ;
#1402 = VECTOR ( 'NONE', #2953, 999.9999999999998863 ) ;
#1403 = ORIENTED_EDGE ( 'NONE', *, *, #1997, .F. ) ;
#1404 = DIRECTION ( 'NONE',  ( 1.000000000000000000, 0.000000000000000000, -3.854941057726242041E-16 ) ) ;
#1405 = ORIENTED_EDGE ( 'NONE', *, *, #615, .F. ) ;
#1406 = PLANE ( 'NONE',  #2466 ) ;
#1407 = LINE ( 'NONE', #4080, #65 ) ;
#1408 = VECTOR ( 'NONE', #2944, 1000.000000000000000 ) ;
#1409 = VECTOR ( 'NONE', #3753, 1000.000000000000000 ) ;
#1410 = DIRECTION ( 'NONE',  ( 1.000000000000000000, 0.000000000000000000, -8.273704753157721312E-16 ) ) ;
#1411 = ORIENTED_EDGE ( 'NONE', *, *, #3587, .T. ) ;
#1412 = CARTESIAN_POINT ( 'NONE',  ( 32.09999999999998721, 18.89999999999999858, -13.89999999999999858 ) ) ;
#1413 = ADVANCED_FACE ( 'NONE', ( #618 ), #2127, .T. ) ;
#1414 = DIRECTION ( 'NONE',  ( -1.000000000000000000, 0.000000000000000000, 0.000000000000000000 ) ) ;
#1415 = CARTESIAN_POINT ( 'NONE',  ( 28.39999999999999147, 18.89999999999999858, -3.781546635374434029 ) ) ;
#1416 = ORIENTED_EDGE ( 'NONE', *, *, #2943, .T. ) ;
#1417 = LINE ( 'NONE', #4774, #1325 ) ;
#1418 = DIRECTION ( 'NONE',  ( 0.000000000000000000, -1.000000000000000000, 0.000000000000000000 ) ) ;
#1419 = ORIENTED_EDGE ( 'NONE', *, *, #404, .T. ) ;
#1420 = CARTESIAN_POINT ( 'NONE',  ( -23.44000000000000128, 27.63430209709858332, 1.550000000000029354 ) ) ;
#1421 = EDGE_CURVE ( 'NONE', #1050, #2902, #244, .T. ) ;
#1422 = CARTESIAN_POINT ( 'NONE',  ( -17.58000000000000185, 0.000000000000000000, 0.3999999999998820610 ) ) ;
#1423 = CARTESIAN_POINT ( 'NONE',  ( 19.49999999999999289, 20.00000000000000000, -15.00000000000000000 ) ) ;
#1424 = ORIENTED_EDGE ( 'NONE', *, *, #2726, .T. ) ;
#1425 = DIRECTION ( 'NONE',  ( -0.4092995309963297079, 0.000000000000000000, -0.9124000733922508211 ) ) ;
#1426 = ORIENTED_EDGE ( 'NONE', *, *, #3204, .F. ) ;
#1427 = ADVANCED_FACE ( 'NONE', ( #1073 ), #643, .F. ) ;
#1428 = EDGE_CURVE ( 'NONE', #1119, #474, #319, .T. ) ;
#1429 = ORIENTED_EDGE ( 'NONE', *, *, #3024, .T. ) ;
#1430 = ORIENTED_EDGE ( 'NONE', *, *, #3017, .T. ) ;
#1431 = LINE ( 'NONE', #688, #136 ) ;
#1432 = ORIENTED_EDGE ( 'NONE', *, *, #3081, .T. ) ;
#1433 = FACE_OUTER_BOUND ( 'NONE', #1706, .T. ) ;
#1434 = PLANE ( 'NONE',  #4716 ) ;
#1435 = CARTESIAN_POINT ( 'NONE',  ( 38.40000000000000568, 1.100000000000000089, -1.100000000000000089 ) ) ;
#1436 = ORIENTED_EDGE ( 'NONE', *, *, #3619, .F. ) ;
#1437 = CARTESIAN_POINT ( 'NONE',  ( 33.04135769493380081, 20.00000000000000000, 3.100000000000000533 ) ) ;
#1438 = DIRECTION ( 'NONE',  ( -0.3826834323650900593, 0.000000000000000000, 0.9238795325112866275 ) ) ;
#1439 = EDGE_CURVE ( 'NONE', #106, #3111, #1839, .T. ) ;
#1440 = DIRECTION ( 'NONE',  ( -0.3826834323650900593, 0.000000000000000000, 0.9238795325112867385 ) ) ;
#1441 = VERTEX_POINT ( 'NONE', #2556 ) ;
#1442 = CARTESIAN_POINT ( 'NONE',  ( 27.18135769493380138, 20.00000000000000000, 0.3999999999999999667 ) ) ;
#1443 = LINE ( 'NONE', #2585, #1091 ) ;
#1444 = ORIENTED_EDGE ( 'NONE', *, *, #35, .F. ) ;
#1445 = DIRECTION ( 'NONE',  ( 0.000000000000000000, -1.000000000000000000, 0.000000000000000000 ) ) ;
#1446 = VECTOR ( 'NONE', #3739, 1000.000000000000000 ) ;
#1447 = FACE_OUTER_BOUND ( 'NONE', #3571, .T. ) ;
#1448 = CARTESIAN_POINT ( 'NONE',  ( 38.40000000000000568, 18.89999999999999858, -1.100000000000000089 ) ) ;
#1449 = ORIENTED_EDGE ( 'NONE', *, *, #2726, .F. ) ;
#1450 = VECTOR ( 'NONE', #4379, 1000.000000000000000 ) ;
#1451 = EDGE_CURVE ( 'NONE', #1272, #4787, #4064, .T. ) ;
#1452 = CARTESIAN_POINT ( 'NONE',  ( 37.09999999999999432, 1.100000000000000089, -13.89999999999999858 ) ) ;
#1453 = ORIENTED_EDGE ( 'NONE', *, *, #1562, .T. ) ;
#1454 = VECTOR ( 'NONE', #4167, 1000.000000000000000 ) ;
#1455 = EDGE_LOOP ( 'NONE', ( #4063, #84, #3916, #510 ) ) ;
#1456 = VERTEX_POINT ( 'NONE', #1914 ) ;
#1457 = EDGE_CURVE ( 'NONE', #731, #3012, #1496, .T. ) ;
#1458 = LINE ( 'NONE', #1086, #4717 ) ;
#1459 = ORIENTED_EDGE ( 'NONE', *, *, #3047, .F. ) ;
#1460 = FACE_OUTER_BOUND ( 'NONE', #1675, .T. ) ;
#1461 = LINE ( 'NONE', #2971, #2278 ) ;
#1462 = CARTESIAN_POINT ( 'NONE',  ( -2.226947318605448651E-15, 2.050000000000001599, -6.000000000000000000 ) ) ;
#1463 = ORIENTED_EDGE ( 'NONE', *, *, #930, .F. ) ;
#1464 = FACE_OUTER_BOUND ( 'NONE', #3937, .T. ) ;
#1465 = DIRECTION ( 'NONE',  ( -1.000000000000000000, 0.000000000000000000, 0.000000000000000000 ) ) ;
#1466 = CARTESIAN_POINT ( 'NONE',  ( 11.14772351120764426, 27.63430209709858332, 11.89941269444658012 ) ) ;
#1467 = VERTEX_POINT ( 'NONE', #3003 ) ;
#1468 = LINE ( 'NONE', #1366, #1244 ) ;
#1469 = CARTESIAN_POINT ( 'NONE',  ( 17.09999999999999432, 18.89999999999999858, -3.781546635374435361 ) ) ;
#1470 = VERTEX_POINT ( 'NONE', #1125 ) ;
#1471 = DIRECTION ( 'NONE',  ( -0.9345827529547431345, 0.000000000000000000, -0.3557458051467840554 ) ) ;
#1472 = CARTESIAN_POINT ( 'NONE',  ( 20.29469454585967725, 27.63430209709858332, 12.18628660943929098 ) ) ;
#1473 = FACE_OUTER_BOUND ( 'NONE', #315, .T. ) ;
#1474 = VERTEX_POINT ( 'NONE', #776 ) ;
#1475 = CARTESIAN_POINT ( 'NONE',  ( 29.30490271243247946, -0.000000000000000000, -13.14607844286650185 ) ) ;
#1476 = ORIENTED_EDGE ( 'NONE', *, *, #3985, .T. ) ;
#1477 = EDGE_CURVE ( 'NONE', #803, #110, #3402, .T. ) ;
#1478 = EDGE_CURVE ( 'NONE', #4370, #3456, #4, .T. ) ;
#1479 = VERTEX_POINT ( 'NONE', #1891 ) ;
#1480 = VERTEX_POINT ( 'NONE', #4508 ) ;
#1481 = CARTESIAN_POINT ( 'NONE',  ( 34.50000000000000000, 0.000000000000000000, -4.881546635374434118 ) ) ;
#1482 = VERTEX_POINT ( 'NONE', #3077 ) ;
#1483 = CARTESIAN_POINT ( 'NONE',  ( 21.32135769493380195, 20.00000000000000000, 0.3999999999999999667 ) ) ;
#1484 = PLANE ( 'NONE',  #3538 ) ;
#1485 = EDGE_CURVE ( 'NONE', #1648, #3176, #3447, .T. ) ;
#1486 = EDGE_CURVE ( 'NONE', #4544, #2154, #418, .T. ) ;
#1487 = VECTOR ( 'NONE', #4430, 1000.000000000000000 ) ;
#1488 = CARTESIAN_POINT ( 'NONE',  ( 19.49999999999999289, 0.000000000000000000, -4.881546635374435006 ) ) ;
#1489 = EDGE_LOOP ( 'NONE', ( #4020, #2946, #1257, #1432 ) ) ;
#1490 = FACE_OUTER_BOUND ( 'NONE', #2607, .T. ) ;
#1491 = AXIS2_PLACEMENT_3D ( 'NONE', #512, #3948, #117 ) ;
#1492 = VECTOR ( 'NONE', #1049, 1000.000000000000114 ) ;
#1493 = CARTESIAN_POINT ( 'NONE',  ( -17.58000000000000185, 0.000000000000000000, 3.099999999999994760 ) ) ;
#1494 = VECTOR ( 'NONE', #3803, 1000.000000000000000 ) ;
#1495 = VECTOR ( 'NONE', #4661, 1000.000000000000000 ) ;
#1496 = LINE ( 'NONE', #1587, #3772 ) ;
#1497 = DIRECTION ( 'NONE',  ( 0.3557458051467863869, 0.000000000000000000, -0.9345827529547421353 ) ) ;
#1498 = ORIENTED_EDGE ( 'NONE', *, *, #1582, .F. ) ;
#1499 = DIRECTION ( 'NONE',  ( 0.000000000000000000, -1.000000000000000000, 0.000000000000000000 ) ) ;
#1500 = LINE ( 'NONE', #4149, #297 ) ;
#1501 = DIRECTION ( 'NONE',  ( 0.000000000000000000, -1.000000000000000000, 0.000000000000000000 ) ) ;
#1502 = ORIENTED_EDGE ( 'NONE', *, *, #2996, .F. ) ;
#1503 = CARTESIAN_POINT ( 'NONE',  ( 33.04135769493380081, 0.000000000000000000, 0.3999999999999999667 ) ) ;
#1504 = ORIENTED_EDGE ( 'NONE', *, *, #4666, .T. ) ;
#1505 = ORIENTED_EDGE ( 'NONE', *, *, #233, .F. ) ;
#1506 = EDGE_CURVE ( 'NONE', #4519, #1156, #394, .T. ) ;
#1507 = ORIENTED_EDGE ( 'NONE', *, *, #1929, .T. ) ;
#1508 = CARTESIAN_POINT ( 'NONE',  ( -5.860000000000000320, 20.00000000000000000, 0.3999999999999944711 ) ) ;
#1509 = ORIENTED_EDGE ( 'NONE', *, *, #4601, .T. ) ;
#1510 = LINE ( 'NONE', #2251, #3927 ) ;
#1511 = CARTESIAN_POINT ( 'NONE',  ( 7.099999999999996980, 18.89999999999999858, -1.100000000000000311 ) ) ;
#1512 = ORIENTED_EDGE ( 'NONE', *, *, #466, .F. ) ;
#1513 = EDGE_CURVE ( 'NONE', #789, #4812, #2633, .T. ) ;
#1514 = CARTESIAN_POINT ( 'NONE',  ( 18.39999999999999147, 18.89999999999999858, -3.781546635374434917 ) ) ;
#1515 = CARTESIAN_POINT ( 'NONE',  ( 30.99999999999999289, 20.00000000000000000, -4.881546635374434118 ) ) ;
#1516 = LINE ( 'NONE', #3022, #1065 ) ;
#1517 = CARTESIAN_POINT ( 'NONE',  ( 15.91093620857273194, 27.63430209709858332, 0.3999999999999993006 ) ) ;
#1518 = EDGE_CURVE ( 'NONE', #453, #243, #2304, .T. ) ;
#1519 = LINE ( 'NONE', #802, #1602 ) ;
#1520 = EDGE_LOOP ( 'NONE', ( #2939, #4784, #1838, #2783 ) ) ;
#1521 = LINE ( 'NONE', #3028, #1143 ) ;
#1522 = CARTESIAN_POINT ( 'NONE',  ( 7.099999999999996980, 10.83404136588061561, -1.100000000000000311 ) ) ;
#1523 = DIRECTION ( 'NONE',  ( -0.000000000000000000, -1.000000000000000000, -0.000000000000000000 ) ) ;
#1524 = EDGE_LOOP ( 'NONE', ( #1358, #855, #1861, #459 ) ) ;
#1525 = CARTESIAN_POINT ( 'NONE',  ( 35.90135769493380025, 27.63430209709858332, 3.100000000000000089 ) ) ;
#1526 = ORIENTED_EDGE ( 'NONE', *, *, #3950, .T. ) ;
#1527 = VECTOR ( 'NONE', #2131, 1000.000000000000000 ) ;
#1528 = ORIENTED_EDGE ( 'NONE', *, *, #825, .F. ) ;
#1529 = VECTOR ( 'NONE', #2097, 1000.000000000000000 ) ;
#1530 = ORIENTED_EDGE ( 'NONE', *, *, #1187, .F. ) ;
#1531 = CARTESIAN_POINT ( 'NONE',  ( 29.49999999999999289, 0.000000000000000000, -15.00000000000000000 ) ) ;
#1532 = EDGE_LOOP ( 'NONE', ( #86, #218, #1919, #2625 ) ) ;
#1533 = DIRECTION ( 'NONE',  ( 0.3826834323650881720, 0.000000000000000000, -0.9238795325112874046 ) ) ;
#1534 = VECTOR ( 'NONE', #140, 1000.000000000000000 ) ;
#1535 = EDGE_CURVE ( 'NONE', #4385, #4723, #4143, .T. ) ;
#1536 = VECTOR ( 'NONE', #2798, 1000.000000000000000 ) ;
#1537 = ORIENTED_EDGE ( 'NONE', *, *, #2638, .F. ) ;
#1538 = PRODUCT ( 'Wan_Clone', 'Wan_Clone', '', ( #4319 ) ) ;
#1539 = DIRECTION ( 'NONE',  ( -0.000000000000000000, -1.000000000000000000, -0.000000000000000000 ) ) ;
#1540 = DIRECTION ( 'NONE',  ( 1.000000000000000000, 0.000000000000000000, -1.197801575966169987E-15 ) ) ;
#1541 = ADVANCED_FACE ( 'NONE', ( #4580 ), #1194, .F. ) ;
#1542 = EDGE_CURVE ( 'NONE', #1044, #913, #2257, .T. ) ;
#1543 = LINE ( 'NONE', #1170, #3776 ) ;
#1544 = VECTOR ( 'NONE', #1864, 1000.000000000000000 ) ;
#1545 = DIRECTION ( 'NONE',  ( -1.000000000000000000, 0.000000000000000000, 8.273704753157721312E-16 ) ) ;
#1546 = DIRECTION ( 'NONE',  ( -1.445602896647337684E-16, 0.000000000000000000, 1.000000000000000000 ) ) ;
#1547 = EDGE_CURVE ( 'NONE', #2675, #3939, #4214, .T. ) ;
#1548 = DIRECTION ( 'NONE',  ( 0.000000000000000000, -1.000000000000000000, 0.000000000000000000 ) ) ;
#1549 = CARTESIAN_POINT ( 'NONE',  ( 9.499999999999996447, 1.100000000000000089, -4.881546635374435894 ) ) ;
#1550 = EDGE_LOOP ( 'NONE', ( #3045, #2818, #653, #4361 ) ) ;
#1551 = CARTESIAN_POINT ( 'NONE',  ( 20.99999999999999645, 20.00000000000000000, -4.881546635374435006 ) ) ;
#1552 = ORIENTED_EDGE ( 'NONE', *, *, #494, .T. ) ;
#1553 = ORIENTED_EDGE ( 'NONE', *, *, #3946, .F. ) ;
#1554 = VERTEX_POINT ( 'NONE', #4535 ) ;
#1555 = CARTESIAN_POINT ( 'NONE',  ( 28.39999999999999147, 18.89999999999999858, -13.89999999999999858 ) ) ;
#1556 = EDGE_LOOP ( 'NONE', ( #4726, #620, #814, #2483, #3618, #4781, #4347, #2709, #4083, #1885, #377, #4636 ) ) ;
#1557 = VECTOR ( 'NONE', #2054, 999.9999999999998863 ) ;
#1558 = DIRECTION ( 'NONE',  ( 1.000000000000000000, 0.000000000000000000, 3.356713154187989077E-15 ) ) ;
#1559 = ORIENTED_EDGE ( 'NONE', *, *, #3653, .T. ) ;
#1560 = CARTESIAN_POINT ( 'NONE',  ( 29.49999999999999289, 0.000000000000000000, -4.881546635374434118 ) ) ;
#1561 = CARTESIAN_POINT ( 'NONE',  ( 32.47792206135780901, 0.000000000000000000, -13.45279579551081461 ) ) ;
#1562 = EDGE_CURVE ( 'NONE', #1855, #3509, #3473, .T. ) ;
#1563 = DIRECTION ( 'NONE',  ( 3.854941057726242534E-16, -0.000000000000000000, 1.000000000000000000 ) ) ;
#1564 = AXIS2_PLACEMENT_3D ( 'NONE', #3351, #2528, #2584 ) ;
#1565 = DIRECTION ( 'NONE',  ( -0.000000000000000000, -1.000000000000000000, -0.000000000000000000 ) ) ;
#1566 = VERTEX_POINT ( 'NONE', #2656 ) ;
#1567 = CARTESIAN_POINT ( 'NONE',  ( 28.72772351120764611, 0.000000000000000000, 11.89941269444658012 ) ) ;
#1568 = VECTOR ( 'NONE', #3261, 1000.000000000000000 ) ;
#1569 = VECTOR ( 'NONE', #3064, 1000.000000000000000 ) ;
#1570 = VECTOR ( 'NONE', #1681, 1000.000000000000000 ) ;
#1571 = LINE ( 'NONE', #1130, #3061 ) ;
#1572 = DIRECTION ( 'NONE',  ( -1.000000000000000000, 0.000000000000000000, 6.857662583261808122E-16 ) ) ;
#1573 = LINE ( 'NONE', #4174, #2669 ) ;
#1574 = VERTEX_POINT ( 'NONE', #2233 ) ;
#1575 = EDGE_CURVE ( 'NONE', #3479, #3113, #1937, .T. ) ;
#1576 = LINE ( 'NONE', #4566, #3034 ) ;
#1577 = EDGE_CURVE ( 'NONE', #552, #4316, #4189, .T. ) ;
#1578 = ORIENTED_EDGE ( 'NONE', *, *, #3899, .F. ) ;
#1579 = EDGE_LOOP ( 'NONE', ( #1931, #4207, #4483, #1720 ) ) ;
#1580 = CARTESIAN_POINT ( 'NONE',  ( 28.39999999999999147, 1.100000000000000089, -3.781546635374434029 ) ) ;
#1581 = ORIENTED_EDGE ( 'NONE', *, *, #1851, .F. ) ;
#1582 = EDGE_CURVE ( 'NONE', #1909, #522, #1543, .T. ) ;
#1583 = CARTESIAN_POINT ( 'NONE',  ( 27.15459061184367684, 20.00000000000000000, 1.950000000000002176 ) ) ;
#1584 = ORIENTED_EDGE ( 'NONE', *, *, #4575, .T. ) ;
#1585 = LINE ( 'NONE', #2723, #4673 ) ;
#1586 = DIRECTION ( 'NONE',  ( -1.000000000000000000, 0.000000000000000000, 0.000000000000000000 ) ) ;
#1587 = CARTESIAN_POINT ( 'NONE',  ( 12.08986274178956677, 0.000000000000000000, -13.30979825526486948 ) ) ;
#1588 = CARTESIAN_POINT ( 'NONE',  ( 20.99999999999999289, 20.00000000000000000, -15.00000000000000000 ) ) ;
#1589 = CARTESIAN_POINT ( 'NONE',  ( -23.44000000000000128, 20.00000000000000000, 0.3999999999999944711 ) ) ;
#1590 = EDGE_CURVE ( 'NONE', #1474, #3012, #1865, .T. ) ;
#1591 = LINE ( 'NONE', #4540, #1313 ) ;
#1592 = CARTESIAN_POINT ( 'NONE',  ( 8.668370248353332030, 0.000000000000000000, -13.29972242256474146 ) ) ;
#1593 = LINE ( 'NONE', #1155, #851 ) ;
#1594 = EDGE_LOOP ( 'NONE', ( #2881, #2148, #3231, #4197 ) ) ;
#1595 = PLANE ( 'NONE',  #2242 ) ;
#1596 = VECTOR ( 'NONE', #249, 1000.000000000000000 ) ;
#1597 = ORIENTED_EDGE ( 'NONE', *, *, #298, .F. ) ;
#1598 = ADVANCED_FACE ( 'NONE', ( #4342, #1741, #3625, #4761, #2118, #490, #3205, #954, #3120, #97, #235, #2859, #633, #3258, #1236, #605 ), #3236, .F. ) ;
#1599 = ORIENTED_EDGE ( 'NONE', *, *, #3912, .T. ) ;
#1600 = CARTESIAN_POINT ( 'NONE',  ( 7.099999999999995204, 1.100000000000000089, -13.89999999999999858 ) ) ;
#1601 = ORIENTED_EDGE ( 'NONE', *, *, #2707, .F. ) ;
#1602 = VECTOR ( 'NONE', #4604, 1000.000000000000000 ) ;
#1603 = EDGE_CURVE ( 'NONE', #3011, #4544, #846, .T. ) ;
#1604 = EDGE_LOOP ( 'NONE', ( #3796, #2385, #4014, #2501, #4773, #4497 ) ) ;
#1605 = VECTOR ( 'NONE', #4109, 1000.000000000000000 ) ;
#1606 = CARTESIAN_POINT ( 'NONE',  ( 26.24837024835333565, 27.63430209709859042, -13.29972242256474146 ) ) ;
#1607 = LINE ( 'NONE', #366, #2990 ) ;
#1608 = VECTOR ( 'NONE', #3741, 1000.000000000000000 ) ;
#1609 = CARTESIAN_POINT ( 'NONE',  ( 7.099999999999996980, 10.00000000000000000, -3.000000000000000000 ) ) ;
#1610 = CARTESIAN_POINT ( 'NONE',  ( 4.499999999999995559, 1.100000000000000089, -6.000000000000001776 ) ) ;
#1611 = CARTESIAN_POINT ( 'NONE',  ( 9.499999999999996447, 20.00000000000000000, -4.881546635374435894 ) ) ;
#1612 = ORIENTED_EDGE ( 'NONE', *, *, #2495, .F. ) ;
#1613 = LINE ( 'NONE', #3405, #3659 ) ;
#1614 = CARTESIAN_POINT ( 'NONE',  ( 29.49999999999999289, 1.100000000000000089, -4.881546635374434118 ) ) ;
#1615 = DIRECTION ( 'NONE',  ( 0.000000000000000000, 0.000000000000000000, 1.000000000000000000 ) ) ;
#1616 = LINE ( 'NONE', #3455, #287 ) ;
#1617 = ORIENTED_EDGE ( 'NONE', *, *, #808, .F. ) ;
#1618 = CARTESIAN_POINT ( 'NONE',  ( 12.09999999999999609, 1.100000000000000089, -3.781546635374435361 ) ) ;
#1619 = ORIENTED_EDGE ( 'NONE', *, *, #1348, .T. ) ;
#1620 = ORIENTED_EDGE ( 'NONE', *, *, #527, .T. ) ;
#1621 = EDGE_CURVE ( 'NONE', #1730, #522, #1379, .T. ) ;
#1622 = CARTESIAN_POINT ( 'NONE',  ( 39.50000000000000000, 20.00000000000000000, -15.00000000000000000 ) ) ;
#1623 = ORIENTED_EDGE ( 'NONE', *, *, #2095, .F. ) ;
#1624 = DIRECTION ( 'NONE',  ( -6.857662583261808122E-16, 0.000000000000000000, -1.000000000000000000 ) ) ;
#1625 = ORIENTED_EDGE ( 'NONE', *, *, #1506, .F. ) ;
#1626 = CARTESIAN_POINT ( 'NONE',  ( 29.52162685482648641, 0.000000000000000000, 0.4000000000000027978 ) ) ;
#1627 = ADVANCED_FACE ( 'NONE', ( #180 ), #467, .F. ) ;
#1628 = CARTESIAN_POINT ( 'NONE',  ( -17.58000000000000185, 20.00000000000000000, 0.3999999999998820610 ) ) ;
#1629 = EDGE_CURVE ( 'NONE', #2247, #3012, #3598, .T. ) ;
#1630 = ORIENTED_EDGE ( 'NONE', *, *, #1376, .T. ) ;
#1631 = DIRECTION ( 'NONE',  ( -1.407448530797437491E-16, 0.000000000000000000, 1.000000000000000000 ) ) ;
#1632 = STYLED_ITEM ( 'NONE', ( #3548 ), #2488 ) ;
#1633 = DIRECTION ( 'NONE',  ( -0.3826834323650849523, 0.000000000000000000, -0.9238795325112888479 ) ) ;
#1634 = EDGE_CURVE ( 'NONE', #4244, #1999, #1888, .T. ) ;
#1635 = CARTESIAN_POINT ( 'NONE',  ( 26.15469454585968023, 20.00000000000000000, 12.18628660943929098 ) ) ;
#1636 = VECTOR ( 'NONE', #4265, 999.9999999999998863 ) ;
#1637 = ORIENTED_EDGE ( 'NONE', *, *, #3926, .F. ) ;
#1638 = CARTESIAN_POINT ( 'NONE',  ( 18.31751289470344091, 27.63430209709858332, 1.550000000000000933 ) ) ;
#1639 = CARTESIAN_POINT ( 'NONE',  ( 9.800143193463485503, 23.62013693444405504, 3.499999999999999556 ) ) ;
#1640 = ORIENTED_EDGE ( 'NONE', *, *, #2058, .F. ) ;
#1641 = DIRECTION ( 'NONE',  ( -1.000000000000000000, 0.000000000000000000, 0.000000000000000000 ) ) ;
#1642 = AXIS2_PLACEMENT_3D ( 'NONE', #2048, #2145, #3994 ) ;
#1643 = VECTOR ( 'NONE', #3760, 1000.000000000000000 ) ;
#1644 = PLANE ( 'NONE',  #405 ) ;
#1645 = VECTOR ( 'NONE', #2411, 1000.000000000000000 ) ;
#1646 = EDGE_LOOP ( 'NONE', ( #2595, #569, #4161, #2826 ) ) ;
#1647 = PLANE ( 'NONE',  #860 ) ;
#1648 = VERTEX_POINT ( 'NONE', #2887 ) ;
#1649 = EDGE_CURVE ( 'NONE', #3313, #2908, #4258, .T. ) ;
#1650 = ORIENTED_EDGE ( 'NONE', *, *, #1913, .F. ) ;
#1651 = DIRECTION ( 'NONE',  ( -0.000000000000000000, -1.000000000000000000, -0.000000000000000000 ) ) ;
#1652 = DIRECTION ( 'NONE',  ( 0.3826834323650899483, 0.000000000000000000, 0.9238795325112867385 ) ) ;
#1653 = EDGE_CURVE ( 'NONE', #4723, #1262, #977, .T. ) ;
#1654 = ORIENTED_EDGE ( 'NONE', *, *, #3161, .F. ) ;
#1655 = CARTESIAN_POINT ( 'NONE',  ( 5.864902712432475518, 0.000000000000000000, -13.14607844286650185 ) ) ;
#1656 = PLANE ( 'NONE',  #2871 ) ;
#1657 = FACE_OUTER_BOUND ( 'NONE', #642, .T. ) ;
#1658 = EDGE_CURVE ( 'NONE', #905, #4016, #3879, .T. ) ;
#1659 = ORIENTED_EDGE ( 'NONE', *, *, #1738, .T. ) ;
#1660 = FACE_OUTER_BOUND ( 'NONE', #756, .T. ) ;
#1661 = DIRECTION ( 'NONE',  ( -0.000000000000000000, -1.000000000000000000, -0.000000000000000000 ) ) ;
#1662 = VERTEX_POINT ( 'NONE', #3991 ) ;
#1663 = DIRECTION ( 'NONE',  ( -1.407448530797437245E-16, 0.000000000000000000, 1.000000000000000000 ) ) ;
#1664 = CARTESIAN_POINT ( 'NONE',  ( -11.71999999999999886, 27.63430209709858332, 1.950000000000041478 ) ) ;
#1665 = CARTESIAN_POINT ( 'NONE',  ( -23.43999999999999773, 0.000000000000000000, 1.950000000000041478 ) ) ;
#1666 = ORIENTED_EDGE ( 'NONE', *, *, #441, .T. ) ;
#1667 = DIRECTION ( 'NONE',  ( -1.000000000000000000, -0.000000000000000000, -0.000000000000000000 ) ) ;
#1668 = ORIENTED_EDGE ( 'NONE', *, *, #1803, .F. ) ;
#1669 = VERTEX_POINT ( 'NONE', #4736 ) ;
#1670 = CARTESIAN_POINT ( 'NONE',  ( -23.44000000000000128, 20.00000000000000000, 0.3999999999998820610 ) ) ;
#1671 = EDGE_CURVE ( 'NONE', #3350, #3661, #1003, .T. ) ;
#1672 = CARTESIAN_POINT ( 'NONE',  ( 8.574694545859678385, 27.63430209709858332, 12.18628660943929098 ) ) ;
#1673 = VECTOR ( 'NONE', #2123, 1000.000000000000000 ) ;
#1674 = AXIS2_PLACEMENT_3D ( 'NONE', #2889, #4390, #4738 ) ;
#1675 = EDGE_LOOP ( 'NONE', ( #4431, #3629, #4472, #743 ) ) ;
#1676 = DIRECTION ( 'NONE',  ( -1.000000000000000000, -0.000000000000000000, -0.000000000000000000 ) ) ;
#1677 = EDGE_CURVE ( 'NONE', #3798, #4316, #2518, .T. ) ;
#1678 = CARTESIAN_POINT ( 'NONE',  ( 5.287723511207643057, 20.00000000000000000, 11.89941269444658012 ) ) ;
#1679 = VECTOR ( 'NONE', #4432, 1000.000000000000000 ) ;
#1680 = EDGE_CURVE ( 'NONE', #2762, #4089, #1771, .T. ) ;
#1681 = DIRECTION ( 'NONE',  ( -1.000000000000000000, 0.000000000000000000, 0.000000000000000000 ) ) ;
#1682 = ORIENTED_EDGE ( 'NONE', *, *, #2861, .F. ) ;
#1683 = LINE ( 'NONE', #4699, #4396 ) ;
#1684 = VECTOR ( 'NONE', #2301, 1000.000000000000000 ) ;
#1685 = DIRECTION ( 'NONE',  ( -0.9345827529547422463, 0.000000000000000000, -0.3557458051467864979 ) ) ;
#1686 = EDGE_LOOP ( 'NONE', ( #1800, #227, #1161, #2387 ) ) ;
#1687 = FACE_OUTER_BOUND ( 'NONE', #4612, .T. ) ;
#1688 = DIRECTION ( 'NONE',  ( 0.000000000000000000, -1.000000000000000000, 0.000000000000000000 ) ) ;
#1689 = ADVANCED_FACE ( 'NONE', ( #1353 ), #4786, .F. ) ;
#1690 = ORIENTED_EDGE ( 'NONE', *, *, #2269, .F. ) ;
#1691 = EDGE_LOOP ( 'NONE', ( #1248, #2066, #2523, #4306 ) ) ;
#1692 = LINE ( 'NONE', #4360, #1495 ) ;
#1693 = VERTEX_POINT ( 'NONE', #2573 ) ;
#1694 = DIRECTION ( 'NONE',  ( 0.3826834323650881720, 0.000000000000000000, -0.9238795325112874046 ) ) ;
#1695 = ORIENTED_EDGE ( 'NONE', *, *, #4211, .T. ) ;
#1696 = CARTESIAN_POINT ( 'NONE',  ( 2.335713073134081350E-15, 20.00000000000000000, 1.950000000000041478 ) ) ;
#1697 = CARTESIAN_POINT ( 'NONE',  ( 11.72490271243247584, 0.000000000000000000, -13.14607844286650185 ) ) ;
#1698 = ORIENTED_EDGE ( 'NONE', *, *, #3882, .T. ) ;
#1699 = CARTESIAN_POINT ( 'NONE',  ( 19.49999999999999289, 0.000000000000000000, -4.881546635374435006 ) ) ;
#1700 = DIRECTION ( 'NONE',  ( 0.000000000000000000, 0.000000000000000000, -1.000000000000000000 ) ) ;
#1701 = EDGE_CURVE ( 'NONE', #3206, #1272, #1032, .T. ) ;
#1702 = DIRECTION ( 'NONE',  ( 0.3826834323650900038, 0.000000000000000000, 0.9238795325112867385 ) ) ;
#1703 = ORIENTED_EDGE ( 'NONE', *, *, #2442, .F. ) ;
#1704 = LINE ( 'NONE', #3125, #292 ) ;
#1705 = CARTESIAN_POINT ( 'NONE',  ( 26.15469454585968023, 27.63430209709859042, 12.18628660943929098 ) ) ;
#1706 = EDGE_LOOP ( 'NONE', ( #1111, #4405, #3265, #3649 ) ) ;
#1707 = CARTESIAN_POINT ( 'NONE',  ( -4.481368979606739499E-16, 20.00000000000000000, 3.099999999999994760 ) ) ;
#1708 = VECTOR ( 'NONE', #706, 1000.000000000000000 ) ;
#1709 = LINE ( 'NONE', #3227, #4438 ) ;
#1710 = ORIENTED_EDGE ( 'NONE', *, *, #4625, .T. ) ;
#1711 = EDGE_CURVE ( 'NONE', #2545, #4244, #1799, .T. ) ;
#1712 = CARTESIAN_POINT ( 'NONE',  ( 9.800143193463492608, 0.000000000000000000, 0.000000000000000000 ) ) ;
#1713 = VECTOR ( 'NONE', #1523, 1000.000000000000000 ) ;
#1714 = ORIENTED_EDGE ( 'NONE', *, *, #4759, .T. ) ;
#1715 = VECTOR ( 'NONE', #2945, 1000.000000000000114 ) ;
#1716 = VECTOR ( 'NONE', #384, 1000.000000000000000 ) ;
#1717 = ORIENTED_EDGE ( 'NONE', *, *, #3108, .F. ) ;
#1718 = EDGE_CURVE ( 'NONE', #1482, #2519, #2223, .T. ) ;
#1719 = DIRECTION ( 'NONE',  ( 1.000000000000000000, 0.000000000000000000, -0.000000000000000000 ) ) ;
#1720 = ORIENTED_EDGE ( 'NONE', *, *, #2597, .F. ) ;
#1721 = CARTESIAN_POINT ( 'NONE',  ( -1.282395112762153566, 2.050000000000001599, -7.399999999999999467 ) ) ;
#1722 = CARTESIAN_POINT ( 'NONE',  ( 20.38837024835333267, 0.000000000000000000, -13.29972242256474146 ) ) ;
#1723 = ORIENTED_EDGE ( 'NONE', *, *, #2435, .T. ) ;
#1724 = CARTESIAN_POINT ( 'NONE',  ( 21.77093620857272782, 20.00000000000000000, 3.099999999999999645 ) ) ;
#1725 = DIRECTION ( 'NONE',  ( 1.000000000000000000, 0.000000000000000000, -0.000000000000000000 ) ) ;
#1726 = CARTESIAN_POINT ( 'NONE',  ( 12.38003102824222701, 20.00000000000000000, 0.4000000000000010214 ) ) ;
#1727 = ORIENTED_EDGE ( 'NONE', *, *, #2543, .F. ) ;
#1728 = DIRECTION ( 'NONE',  ( -1.000000000000000000, 0.000000000000000000, 8.273704753157721312E-16 ) ) ;
#1729 = DIRECTION ( 'NONE',  ( -0.000000000000000000, -1.000000000000000000, -0.000000000000000000 ) ) ;
#1730 = VERTEX_POINT ( 'NONE', #3778 ) ;
#1731 = FACE_BOUND ( 'NONE', #3056, .T. ) ;
#1732 = EDGE_CURVE ( 'NONE', #3524, #1158, #4077, .T. ) ;
#1733 = CARTESIAN_POINT ( 'NONE',  ( 26.62216938573012825, 20.00000000000000000, 1.749999999999999778 ) ) ;
#1734 = VECTOR ( 'NONE', #4013, 1000.000000000000000 ) ;
#1735 = EDGE_LOOP ( 'NONE', ( #625, #1666, #1841, #910, #3846, #3093 ) ) ;
#1736 = CARTESIAN_POINT ( 'NONE',  ( -7.000000000000000000, 10.00000000000000000, -5.074999999999999289 ) ) ;
#1737 = ORIENTED_EDGE ( 'NONE', *, *, #791, .F. ) ;
#1738 = EDGE_CURVE ( 'NONE', #170, #3962, #1431, .T. ) ;
#1739 = VERTEX_POINT ( 'NONE', #4445 ) ;
#1740 = CARTESIAN_POINT ( 'NONE',  ( 38.40000000000000568, 18.89999999999999858, -1.100000000000000089 ) ) ;
#1741 = FACE_BOUND ( 'NONE', #3751, .T. ) ;
#1742 = VERTEX_POINT ( 'NONE', #4841 ) ;
#1743 = CARTESIAN_POINT ( 'NONE',  ( 32.09999999999998721, 18.89999999999999858, -3.781546635374434029 ) ) ;
#1744 = DIRECTION ( 'NONE',  ( -1.000000000000000000, 0.000000000000000000, 0.000000000000000000 ) ) ;
#1745 = EDGE_CURVE ( 'NONE', #695, #3135, #2195, .T. ) ;
#1746 = ADVANCED_FACE ( 'NONE', ( #3338 ), #4157, .F. ) ;
#1747 = EDGE_LOOP ( 'NONE', ( #2419, #4548, #2178, #3370, #4614, #1927 ) ) ;
#1748 = DIRECTION ( 'NONE',  ( -1.000000000000000000, 0.000000000000000000, 0.000000000000000000 ) ) ;
#1749 = CARTESIAN_POINT ( 'NONE',  ( 38.40000000000000568, 18.89999999999999858, -13.89999999999999858 ) ) ;
#1750 = VECTOR ( 'NONE', #3714, 1000.000000000000000 ) ;
#1751 = VECTOR ( 'NONE', #1565, 1000.000000000000000 ) ;
#1752 = DIRECTION ( 'NONE',  ( 3.854941057726242534E-16, -0.000000000000000000, 1.000000000000000000 ) ) ;
#1753 = ORIENTED_EDGE ( 'NONE', *, *, #3528, .F. ) ;
#1754 = CARTESIAN_POINT ( 'NONE',  ( 29.61335921247157899, 20.00000000000000000, 3.100000000000000533 ) ) ;
#1755 = CARTESIAN_POINT ( 'NONE',  ( 8.948527647041625954, 27.63430209709858332, 12.32858493149792878 ) ) ;
#1756 = ORIENTED_EDGE ( 'NONE', *, *, #1421, .T. ) ;
#1757 = CARTESIAN_POINT ( 'NONE',  ( 5.999999999999994671, 17.94999999999999929, -7.400000000000003020 ) ) ;
#1758 = AXIS2_PLACEMENT_3D ( 'NONE', #171, #3959, #2429 ) ;
#1759 = DIRECTION ( 'NONE',  ( 0.3557458051467841109, 0.000000000000000000, -0.9345827529547431345 ) ) ;
#1760 = CARTESIAN_POINT ( 'NONE',  ( 26.52852764704162780, 0.000000000000000000, 12.32858493149792878 ) ) ;
#1761 = VECTOR ( 'NONE', #7, 1000.000000000000000 ) ;
#1762 = DIRECTION ( 'NONE',  ( -0.9345827529547422463, 0.000000000000000000, -0.3557458051467864424 ) ) ;
#1763 = ORIENTED_EDGE ( 'NONE', *, *, #2390, .T. ) ;
#1764 = LINE ( 'NONE', #1475, #141 ) ;
#1765 = VERTEX_POINT ( 'NONE', #4050 ) ;
#1766 = ORIENTED_EDGE ( 'NONE', *, *, #3851, .F. ) ;
#1767 = DIRECTION ( 'NONE',  ( 0.000000000000000000, 0.000000000000000000, 1.000000000000000000 ) ) ;
#1768 = EDGE_CURVE ( 'NONE', #790, #2513, #2940, .T. ) ;
#1769 = VECTOR ( 'NONE', #2872, 1000.000000000000000 ) ;
#1770 = ORIENTED_EDGE ( 'NONE', *, *, #1907, .T. ) ;
#1771 = LINE ( 'NONE', #1332, #783 ) ;
#1772 = ORIENTED_EDGE ( 'NONE', *, *, #1322, .T. ) ;
#1773 = LINE ( 'NONE', #979, #1212 ) ;
#1774 = DIRECTION ( 'NONE',  ( -0.000000000000000000, -1.000000000000000000, -0.000000000000000000 ) ) ;
#1775 = DIRECTION ( 'NONE',  ( -0.9345827529547431345, 0.000000000000000000, -0.3557458051467840554 ) ) ;
#1776 = ORIENTED_EDGE ( 'NONE', *, *, #3951, .F. ) ;
#1777 = EDGE_CURVE ( 'NONE', #4337, #4572, #663, .T. ) ;
#1778 = EDGE_CURVE ( 'NONE', #3849, #1480, #2968, .T. ) ;
#1779 = CARTESIAN_POINT ( 'NONE',  ( 20.99999999999999289, 0.000000000000000000, -15.00000000000000000 ) ) ;
#1780 = DIRECTION ( 'NONE',  ( -0.9124000733922535966, 0.000000000000000000, 0.4092995309963232686 ) ) ;
#1781 = CARTESIAN_POINT ( 'NONE',  ( 10.99999999999999645, 0.000000000000000000, -4.881546635374435894 ) ) ;
#1782 = ORIENTED_EDGE ( 'NONE', *, *, #2671, .T. ) ;
#1783 = CARTESIAN_POINT ( 'NONE',  ( 17.09999999999999432, 1.100000000000000089, -13.89999999999999858 ) ) ;
#1784 = EDGE_CURVE ( 'NONE', #1352, #1245, #1458, .T. ) ;
#1785 = PLANE ( 'NONE',  #3845 ) ;
#1786 = ORIENTED_EDGE ( 'NONE', *, *, #2051, .T. ) ;
#1787 = FACE_OUTER_BOUND ( 'NONE', #4093, .T. ) ;
#1788 = CARTESIAN_POINT ( 'NONE',  ( 5.999999999999994671, 0.000000000000000000, -15.00000000000000000 ) ) ;
#1789 = VECTOR ( 'NONE', #3406, 1000.000000000000000 ) ;
#1790 = CARTESIAN_POINT ( 'NONE',  ( 0.000000000000000000, 20.00000000000000000, 0.000000000000000000 ) ) ;
#1791 = ORIENTED_EDGE ( 'NONE', *, *, #4350, .F. ) ;
#1792 = LINE ( 'NONE', #1052, #2189 ) ;
#1793 = ORIENTED_EDGE ( 'NONE', *, *, #4113, .F. ) ;
#1794 = VECTOR ( 'NONE', #1418, 1000.000000000000000 ) ;
#1795 = ORIENTED_EDGE ( 'NONE', *, *, #3076, .T. ) ;
#1796 = CARTESIAN_POINT ( 'NONE',  ( 11.94162685482648456, 0.000000000000000000, 0.4000000000000027978 ) ) ;
#1797 = VECTOR ( 'NONE', #4219, 1000.000000000000000 ) ;
#1798 = VERTEX_POINT ( 'NONE', #16 ) ;
#1799 = LINE ( 'NONE', #2270, #1409 ) ;
#1800 = ORIENTED_EDGE ( 'NONE', *, *, #705, .F. ) ;
#1801 = DIRECTION ( 'NONE',  ( 0.000000000000000000, 0.000000000000000000, 1.000000000000000000 ) ) ;
#1802 = FACE_OUTER_BOUND ( 'NONE', #4783, .T. ) ;
#1803 = EDGE_CURVE ( 'NONE', #3460, #2468, #2600, .T. ) ;
#1804 = AXIS2_PLACEMENT_3D ( 'NONE', #4896, #2548, #1410 ) ;
#1805 = AXIS2_PLACEMENT_3D ( 'NONE', #3702, #3390, #1060 ) ;
#1806 = VECTOR ( 'NONE', #875, 1000.000000000000114 ) ;
#1807 = DIRECTION ( 'NONE',  ( 0.000000000000000000, -0.000000000000000000, 1.000000000000000000 ) ) ;
#1808 = VERTEX_POINT ( 'NONE', #717 ) ;
#1809 = DIRECTION ( 'NONE',  ( 0.000000000000000000, -1.000000000000000000, 0.000000000000000000 ) ) ;
#1810 = DIRECTION ( 'NONE',  ( 0.000000000000000000, 0.000000000000000000, 1.000000000000000000 ) ) ;
#1811 = ADVANCED_FACE ( 'NONE', ( #4892 ), #3727, .F. ) ;
#1812 = CARTESIAN_POINT ( 'NONE',  ( 15.46135769493380074, 20.00000000000000000, 0.3999999999999999667 ) ) ;
#1813 = ORIENTED_EDGE ( 'NONE', *, *, #2807, .T. ) ;
#1814 = LINE ( 'NONE', #4802, #928 ) ;
#1815 = CARTESIAN_POINT ( 'NONE',  ( -23.44000000000000128, 27.63430209709858332, 0.3999999999998820610 ) ) ;
#1816 = ORIENTED_EDGE ( 'NONE', *, *, #4225, .T. ) ;
#1817 = LINE ( 'NONE', #2929, #1679 ) ;
#1818 = EDGE_CURVE ( 'NONE', #772, #3113, #333, .T. ) ;
#1819 = LINE ( 'NONE', #1077, #813 ) ;
#1820 = LINE ( 'NONE', #3720, #4126 ) ;
#1821 = EDGE_LOOP ( 'NONE', ( #1682, #2961, #1630, #46 ) ) ;
#1822 = DIRECTION ( 'NONE',  ( -0.4092995309963232686, 0.000000000000000000, -0.9124000733922537076 ) ) ;
#1823 = ORIENTED_EDGE ( 'NONE', *, *, #2724, .F. ) ;
#1824 = ORIENTED_EDGE ( 'NONE', *, *, #4728, .T. ) ;
#1825 = LINE ( 'NONE', #2965, #2735 ) ;
#1826 = VERTEX_POINT ( 'NONE', #1481 ) ;
#1827 = CARTESIAN_POINT ( 'NONE',  ( 9.800143193463485503, 20.00000000000000000, 3.499999999999999556 ) ) ;
#1828 = ORIENTED_EDGE ( 'NONE', *, *, #558, .T. ) ;
#1829 = LINE ( 'NONE', #3340, #2789 ) ;
#1830 = CARTESIAN_POINT ( 'NONE',  ( 20.76216938573012882, 27.63430209709858332, 1.749999999999999778 ) ) ;
#1831 = LINE ( 'NONE', #3487, #4570 ) ;
#1832 = ADVANCED_FACE ( 'NONE', ( #4132 ), #4868, .F. ) ;
#1833 = ORIENTED_EDGE ( 'NONE', *, *, #3089, .T. ) ;
#1834 = LINE ( 'NONE', #1412, #4602 ) ;
#1835 = AXIS2_PLACEMENT_3D ( 'NONE', #303, #3330, #1371 ) ;
#1836 = PLANE ( 'NONE',  #2321 ) ;
#1837 = EDGE_CURVE ( 'NONE', #1085, #2220, #742, .T. ) ;
#1838 = ORIENTED_EDGE ( 'NONE', *, *, #3686, .T. ) ;
#1839 = LINE ( 'NONE', #1783, #2193 ) ;
#1840 = CARTESIAN_POINT ( 'NONE',  ( 7.099999999999997868, 10.00000000000000000, -0.9250000000000000444 ) ) ;
#1841 = ORIENTED_EDGE ( 'NONE', *, *, #4436, .T. ) ;
#1842 = PLANE ( 'NONE',  #3037 ) ;
#1843 = ADVANCED_FACE ( 'NONE', ( #4418 ), #2544, .T. ) ;
#1844 = VECTOR ( 'NONE', #584, 1000.000000000000000 ) ;
#1845 = DIRECTION ( 'NONE',  ( 0.000000000000000000, -0.000000000000000000, 1.000000000000000000 ) ) ;
#1846 = LINE ( 'NONE', #1396, #1734 ) ;
#1847 = ORIENTED_EDGE ( 'NONE', *, *, #2638, .T. ) ;
#1848 = VECTOR ( 'NONE', #4713, 1000.000000000000000 ) ;
#1849 = LINE ( 'NONE', #2962, #3147 ) ;
#1850 = VERTEX_POINT ( 'NONE', #3896 ) ;
#1851 = EDGE_CURVE ( 'NONE', #2652, #723, #2019, .T. ) ;
#1852 = ADVANCED_FACE ( 'NONE', ( #3437 ), #2738, .F. ) ;
#1853 = VECTOR ( 'NONE', #4605, 1000.000000000000000 ) ;
#1854 = ORIENTED_EDGE ( 'NONE', *, *, #4806, .T. ) ;
#1855 = VERTEX_POINT ( 'NONE', #505 ) ;
#1856 = CARTESIAN_POINT ( 'NONE',  ( 38.77512626584707789, 27.63430209709858332, 1.749999999999999778 ) ) ;
#1857 = VERTEX_POINT ( 'NONE', #1580 ) ;
#1858 = CARTESIAN_POINT ( 'NONE',  ( 9.910286644131277356, 20.00000000000000000, -11.38684956152296479 ) ) ;
#1859 = DIRECTION ( 'NONE',  ( -0.3826834323650900038, 0.000000000000000000, -0.9238795325112866275 ) ) ;
#1860 = LINE ( 'NONE', #3654, #531 ) ;
#1861 = ORIENTED_EDGE ( 'NONE', *, *, #2613, .T. ) ;
#1862 = CARTESIAN_POINT ( 'NONE',  ( 32.47792206135780901, 20.00000000000000000, -13.45279579551081461 ) ) ;
#1863 = CARTESIAN_POINT ( 'NONE',  ( 38.40000000000000568, 1.100000000000000089, -13.89999999999999858 ) ) ;
#1864 = DIRECTION ( 'NONE',  ( -1.000000000000000000, 0.000000000000000000, 0.000000000000000000 ) ) ;
#1865 = LINE ( 'NONE', #3374, #2997 ) ;
#1866 = CARTESIAN_POINT ( 'NONE',  ( 29.49999999999999289, 0.000000000000000000, -15.00000000000000000 ) ) ;
#1867 = ORIENTED_EDGE ( 'NONE', *, *, #815, .F. ) ;
#1868 = FACE_OUTER_BOUND ( 'NONE', #2041, .T. ) ;
#1869 = EDGE_CURVE ( 'NONE', #3311, #4487, #2294, .T. ) ;
#1870 = DIRECTION ( 'NONE',  ( -1.000000000000000000, -0.000000000000000000, -0.000000000000000000 ) ) ;
#1871 = LINE ( 'NONE', #3641, #211 ) ;
#1872 = ORIENTED_EDGE ( 'NONE', *, *, #1169, .T. ) ;
#1873 = CARTESIAN_POINT ( 'NONE',  ( 22.09999999999999787, 1.100000000000000089, -3.781546635374434917 ) ) ;
#1874 = ORIENTED_EDGE ( 'NONE', *, *, #2264, .T. ) ;
#1875 = ORIENTED_EDGE ( 'NONE', *, *, #2407, .F. ) ;
#1876 = ADVANCED_FACE ( 'NONE', ( #2694 ), #4272, .F. ) ;
#1877 = ORIENTED_EDGE ( 'NONE', *, *, #89, .T. ) ;
#1878 = CARTESIAN_POINT ( 'NONE',  ( 27.63093620857272725, 27.63430209709859042, 3.099999999999999645 ) ) ;
#1879 = VECTOR ( 'NONE', #3104, 1000.000000000000000 ) ;
#1880 = VERTEX_POINT ( 'NONE', #460 ) ;
#1881 = FACE_OUTER_BOUND ( 'NONE', #4755, .T. ) ;
#1882 = VECTOR ( 'NONE', #3566, 1000.000000000000000 ) ;
#1883 = ADVANCED_FACE ( 'NONE', ( #2319 ), #3529, .T. ) ;
#1884 = DIRECTION ( 'NONE',  ( -0.000000000000000000, -1.000000000000000000, -0.000000000000000000 ) ) ;
#1885 = ORIENTED_EDGE ( 'NONE', *, *, #3386, .F. ) ;
#1886 = PLANE ( 'NONE',  #2392 ) ;
#1887 = AXIS2_PLACEMENT_3D ( 'NONE', #1162, #2672, #795 ) ;
#1888 = CIRCLE ( 'NONE', #1966, 2.075000000000000178 ) ;
#1889 = LINE ( 'NONE', #1981, #2564 ) ;
#1890 = AXIS2_PLACEMENT_3D ( 'NONE', #1277, #2835, #2482 ) ;
#1891 = CARTESIAN_POINT ( 'NONE',  ( 36.00000000000000000, 0.000000000000000000, -15.00000000000000000 ) ) ;
#1892 = LINE ( 'NONE', #370, #1137 ) ;
#1893 = ORIENTED_EDGE ( 'NONE', *, *, #413, .F. ) ;
#1894 = PLANE ( 'NONE',  #1289 ) ;
#1895 = CARTESIAN_POINT ( 'NONE',  ( -5.009633362433346678E-16, 20.00000000000000000, 3.499999999999994671 ) ) ;
#1896 = LINE ( 'NONE', #3428, #1789 ) ;
#1897 = DIRECTION ( 'NONE',  ( 1.000000000000000000, 0.000000000000000000, 1.407448530797437245E-16 ) ) ;
#1898 = ORIENTED_EDGE ( 'NONE', *, *, #3364, .F. ) ;
#1899 = EDGE_CURVE ( 'NONE', #4203, #2050, #3040, .T. ) ;
#1900 = CARTESIAN_POINT ( 'NONE',  ( 37.09999999999999432, 18.89999999999999858, -13.89999999999999858 ) ) ;
#1901 = ORIENTED_EDGE ( 'NONE', *, *, #476, .T. ) ;
#1902 = EDGE_LOOP ( 'NONE', ( #1403, #3201, #821, #2266 ) ) ;
#1903 = VERTEX_POINT ( 'NONE', #1600 ) ;
#1904 = DIRECTION ( 'NONE',  ( -0.3826834323650890601, 0.000000000000000000, -0.9238795325112870716 ) ) ;
#1905 = ORIENTED_EDGE ( 'NONE', *, *, #2719, .F. ) ;
#1906 = CARTESIAN_POINT ( 'NONE',  ( 28.72772351120764611, 27.63430209709858332, 11.89941269444658012 ) ) ;
#1907 = EDGE_CURVE ( 'NONE', #4686, #790, #1228, .T. ) ;
#1908 = LINE ( 'NONE', #820, #4494 ) ;
#1909 = VERTEX_POINT ( 'NONE', #4547 ) ;
#1910 = CARTESIAN_POINT ( 'NONE',  ( 17.09999999999999432, 1.100000000000000089, -3.781546635374435361 ) ) ;
#1911 = DIRECTION ( 'NONE',  ( -1.000000000000000000, 0.000000000000000000, 0.000000000000000000 ) ) ;
#1912 = ADVANCED_FACE ( 'NONE', ( #4593 ), #42, .F. ) ;
#1913 = EDGE_CURVE ( 'NONE', #1158, #4370, #4638, .T. ) ;
#1914 = CARTESIAN_POINT ( 'NONE',  ( 9.574590611843673216, 0.000000000000000000, 1.950000000000002176 ) ) ;
#1915 = LINE ( 'NONE', #4190, #252 ) ;
#1916 = CARTESIAN_POINT ( 'NONE',  ( 10.05093620857272541, 27.63430209709858332, 3.099999999999999645 ) ) ;
#1917 = LINE ( 'NONE', #3766, #3074 ) ;
#1918 = DIRECTION ( 'NONE',  ( -1.000000000000000000, 0.000000000000000000, 0.000000000000000000 ) ) ;
#1919 = ORIENTED_EDGE ( 'NONE', *, *, #1260, .T. ) ;
#1920 = LINE ( 'NONE', #3432, #693 ) ;
#1921 = ORIENTED_EDGE ( 'NONE', *, *, #2302, .F. ) ;
#1922 = VECTOR ( 'NONE', #2653, 1000.000000000000000 ) ;
#1923 = ORIENTED_EDGE ( 'NONE', *, *, #538, .F. ) ;
#1924 = VECTOR ( 'NONE', #2015, 1000.000000000000114 ) ;
#1925 = EDGE_LOOP ( 'NONE', ( #2847, #1278 ) ) ;
#1926 = DIRECTION ( 'NONE',  ( -1.000000000000000000, 0.000000000000000000, 0.000000000000000000 ) ) ;
#1927 = ORIENTED_EDGE ( 'NONE', *, *, #1457, .F. ) ;
#1928 = VECTOR ( 'NONE', #1288, 1000.000000000000000 ) ;
#1929 = EDGE_CURVE ( 'NONE', #1068, #1808, #2339, .T. ) ;
#1930 = VECTOR ( 'NONE', #4188, 1000.000000000000000 ) ;
#1931 = ORIENTED_EDGE ( 'NONE', *, *, #3130, .F. ) ;
#1932 = DIRECTION ( 'NONE',  ( -1.000000000000000000, -0.000000000000000000, -0.000000000000000000 ) ) ;
#1933 = CARTESIAN_POINT ( 'NONE',  ( 18.39999999999999147, 1.100000000000000089, -3.781546635374434917 ) ) ;
#1934 = VECTOR ( 'NONE', #4734, 1000.000000000000000 ) ;
#1935 = EDGE_CURVE ( 'NONE', #4885, #1087, #1188, .T. ) ;
#1936 = EDGE_CURVE ( 'NONE', #552, #3038, #1206, .T. ) ;
#1937 = LINE ( 'NONE', #4165, #1100 ) ;
#1938 = LINE ( 'NONE', #51, #1751 ) ;
#1939 = ORIENTED_EDGE ( 'NONE', *, *, #1383, .T. ) ;
#1940 = LINE ( 'NONE', #1567, #1372 ) ;
#1941 = DIRECTION ( 'NONE',  ( 0.3557458051467863869, 0.000000000000000000, -0.9345827529547421353 ) ) ;
#1942 = EDGE_CURVE ( 'NONE', #1380, #3311, #2763, .T. ) ;
#1943 = DIRECTION ( 'NONE',  ( 3.356713154187989077E-15, 0.000000000000000000, -1.000000000000000000 ) ) ;
#1944 = ORIENTED_EDGE ( 'NONE', *, *, #3187, .F. ) ;
#1945 = DIRECTION ( 'NONE',  ( -1.000000000000000000, 0.000000000000000000, -1.445602896647337931E-16 ) ) ;
#1946 = ORIENTED_EDGE ( 'NONE', *, *, #55, .T. ) ;
#1947 = DIRECTION ( 'NONE',  ( -0.000000000000000000, -1.000000000000000000, -0.000000000000000000 ) ) ;
#1948 = EDGE_LOOP ( 'NONE', ( #1004, #3039, #502, #792 ) ) ;
#1949 = VERTEX_POINT ( 'NONE', #1950 ) ;
#1950 = CARTESIAN_POINT ( 'NONE',  ( 8.399999999999996803, 1.100000000000000089, -3.781546635374435361 ) ) ;
#1951 = ORIENTED_EDGE ( 'NONE', *, *, #4886, .F. ) ;
#1952 = AXIS2_PLACEMENT_3D ( 'NONE', #1220, #189, #2360 ) ;
#1953 = LINE ( 'NONE', #3465, #210 ) ;
#1954 = ORIENTED_EDGE ( 'NONE', *, *, #3289, .F. ) ;
#1955 = CARTESIAN_POINT ( 'NONE',  ( -1.342685261674799820E-15, -0.000000000000000000, 0.3999999999998820610 ) ) ;
#1956 = EDGE_CURVE ( 'NONE', #469, #2687, #793, .T. ) ;
#1957 = CARTESIAN_POINT ( 'NONE',  ( 15.99999999999999289, 20.00000000000000000, -15.00000000000000000 ) ) ;
#1958 = VECTOR ( 'NONE', #300, 1000.000000000000000 ) ;
#1959 = CARTESIAN_POINT ( 'NONE',  ( -6.781654022567112272E-16, 0.000000000000000000, 3.099999999999992095 ) ) ;
#1960 = AXIS2_PLACEMENT_3D ( 'NONE', #4353, #4724, #2033 ) ;
#1961 = CARTESIAN_POINT ( 'NONE',  ( 12.45751289470343970, 0.000000000000000000, 1.550000000000000933 ) ) ;
#1962 = EDGE_LOOP ( 'NONE', ( #3415, #4294, #1295, #2915 ) ) ;
#1963 = LINE ( 'NONE', #849, #665 ) ;
#1964 = ADVANCED_FACE ( 'NONE', ( #69 ), #4227, .F. ) ;
#1965 = VECTOR ( 'NONE', #389, 1000.000000000000000 ) ;
#1966 = AXIS2_PLACEMENT_3D ( 'NONE', #3648, #579, #2916 ) ;
#1967 = VECTOR ( 'NONE', #4029, 1000.000000000000000 ) ;
#1968 = CARTESIAN_POINT ( 'NONE',  ( 33.49093620857272668, 20.00000000000000000, 3.099999999999999645 ) ) ;
#1969 = CARTESIAN_POINT ( 'NONE',  ( 32.38852764704162723, 27.63430209709858332, 12.32858493149792878 ) ) ;
#1970 = DIRECTION ( 'NONE',  ( -0.000000000000000000, -1.000000000000000000, -0.000000000000000000 ) ) ;
#1971 = ORIENTED_EDGE ( 'NONE', *, *, #3802, .T. ) ;
#1972 = CARTESIAN_POINT ( 'NONE',  ( 17.58490271243247705, 27.63430209709858332, -13.14607844286650185 ) ) ;
#1973 = ADVANCED_FACE ( 'NONE', ( #2063 ), #2436, .F. ) ;
#1974 = ORIENTED_EDGE ( 'NONE', *, *, #224, .T. ) ;
#1975 = ORIENTED_EDGE ( 'NONE', *, *, #4477, .T. ) ;
#1976 = DIRECTION ( 'NONE',  ( -1.445602896647338177E-16, 0.000000000000000000, 1.000000000000000000 ) ) ;
#1977 = ORIENTED_EDGE ( 'NONE', *, *, #1226, .F. ) ;
#1978 =( LENGTH_UNIT ( ) NAMED_UNIT ( * ) SI_UNIT ( .MILLI., .METRE. ) );
#1979 = EDGE_LOOP ( 'NONE', ( #3163, #4809, #690, #4735 ) ) ;
#1980 = PLANE ( 'NONE',  #3813 ) ;
#1981 = CARTESIAN_POINT ( 'NONE',  ( 7.099999999999996980, 18.89999999999999858, -1.100000000000000311 ) ) ;
#1982 = DIRECTION ( 'NONE',  ( 0.000000000000000000, -1.000000000000000000, 0.000000000000000000 ) ) ;
#1983 = CARTESIAN_POINT ( 'NONE',  ( 32.09999999999998721, 1.100000000000000089, -13.89999999999999858 ) ) ;
#1984 = ORIENTED_EDGE ( 'NONE', *, *, #2577, .T. ) ;
#1985 = DIRECTION ( 'NONE',  ( 0.3826834323650881720, 0.000000000000000000, -0.9238795325112874046 ) ) ;
#1986 = ADVANCED_FACE ( 'NONE', ( #2854 ), #2136, .F. ) ;
#1987 = DIRECTION ( 'NONE',  ( -6.857662583261808122E-16, 0.000000000000000000, -1.000000000000000000 ) ) ;
#1988 = CARTESIAN_POINT ( 'NONE',  ( 20.99999999999999289, 1.100000000000000089, -15.00000000000000000 ) ) ;
#1989 = ADVANCED_FACE ( 'NONE', ( #4340 ), #228, .F. ) ;
#1990 = DIRECTION ( 'NONE',  ( 0.000000000000000000, -1.000000000000000000, 0.000000000000000000 ) ) ;
#1991 = ORIENTED_EDGE ( 'NONE', *, *, #1577, .T. ) ;
#1992 = LINE ( 'NONE', #61, #2642 ) ;
#1993 = ORIENTED_EDGE ( 'NONE', *, *, #2146, .F. ) ;
#1994 = VECTOR ( 'NONE', #1395, 1000.000000000000000 ) ;
#1995 = ADVANCED_FACE ( 'NONE', ( #528 ), #950, .F. ) ;
#1996 = ORIENTED_EDGE ( 'NONE', *, *, #952, .F. ) ;
#1997 = EDGE_CURVE ( 'NONE', #2284, #2839, #199, .T. ) ;
#1998 = CARTESIAN_POINT ( 'NONE',  ( -5.629794123189671325E-17, 27.63430209709858332, 0.3999999999999944711 ) ) ;
#1999 = VERTEX_POINT ( 'NONE', #1736 ) ;
#2000 = VECTOR ( 'NONE', #843, 1000.000000000000000 ) ;
#2001 = FACE_OUTER_BOUND ( 'NONE', #4664, .T. ) ;
#2002 = ORIENTED_EDGE ( 'NONE', *, *, #668, .T. ) ;
#2003 = AXIS2_PLACEMENT_3D ( 'NONE', #3316, #4817, #2942 ) ;
#2004 = DIRECTION ( 'NONE',  ( -0.000000000000000000, -1.000000000000000000, -0.000000000000000000 ) ) ;
#2005 = PLANE ( 'NONE',  #1327 ) ;
#2006 = VECTOR ( 'NONE', #1414, 1000.000000000000000 ) ;
#2007 = DIRECTION ( 'NONE',  ( 0.3826834323650899483, 0.000000000000000000, 0.9238795325112867385 ) ) ;
#2008 = DIRECTION ( 'NONE',  ( 0.000000000000000000, 0.000000000000000000, 1.000000000000000000 ) ) ;
#2009 = CARTESIAN_POINT ( 'NONE',  ( 32.01469454585968322, 20.00000000000000000, 12.18628660943929098 ) ) ;
#2010 = CARTESIAN_POINT ( 'NONE',  ( 35.91110287361382092, 20.00000000000000000, 1.949999999999998623 ) ) ;
#2011 = ORIENTED_EDGE ( 'NONE', *, *, #2781, .F. ) ;
#2012 = LINE ( 'NONE', #3150, #1636 ) ;
#2013 = PLANE ( 'NONE',  #3385 ) ;
#2014 = ORIENTED_EDGE ( 'NONE', *, *, #4261, .T. ) ;
#2015 = DIRECTION ( 'NONE',  ( -0.4092995309963297079, 0.000000000000000000, -0.9124000733922508211 ) ) ;
#2016 = EDGE_CURVE ( 'NONE', #2856, #1949, #2042, .T. ) ;
#2017 = ORIENTED_EDGE ( 'NONE', *, *, #2719, .T. ) ;
#2018 = EDGE_LOOP ( 'NONE', ( #1537, #1426, #3565, #2337 ) ) ;
#2019 = LINE ( 'NONE', #3484, #3539 ) ;
#2020 = ORIENTED_EDGE ( 'NONE', *, *, #1090, .F. ) ;
#2021 = ADVANCED_FACE ( 'NONE', ( #3553 ), #1647, .F. ) ;
#2022 = ORIENTED_EDGE ( 'NONE', *, *, #202, .F. ) ;
#2023 = CARTESIAN_POINT ( 'NONE',  ( 30.56000720206792920, 20.00000000000000000, 1.737451581485168317 ) ) ;
#2024 = PLANE ( 'NONE',  #3388 ) ;
#2025 = EDGE_CURVE ( 'NONE', #93, #2790, #2088, .T. ) ;
#2026 = ORIENTED_EDGE ( 'NONE', *, *, #647, .F. ) ;
#2027 = LINE ( 'NONE', #2771, #1529 ) ;
#2028 = VECTOR ( 'NONE', #3306, 1000.000000000000000 ) ;
#2029 = CARTESIAN_POINT ( 'NONE',  ( 27.09999999999999432, 1.100000000000000089, -3.781546635374434917 ) ) ;
#2030 = LINE ( 'NONE', #3563, #1570 ) ;
#2031 = AXIS2_PLACEMENT_3D ( 'NONE', #2287, #1943, #81 ) ;
#2032 = VERTEX_POINT ( 'NONE', #1712 ) ;
#2033 = DIRECTION ( 'NONE',  ( 0.000000000000000000, -0.000000000000000000, 1.000000000000000000 ) ) ;
#2034 = CARTESIAN_POINT ( 'NONE',  ( 22.09999999999999432, 18.89999999999999858, -13.89999999999999858 ) ) ;
#2035 = ORIENTED_EDGE ( 'NONE', *, *, #2569, .F. ) ;
#2036 = DIRECTION ( 'NONE',  ( -1.000000000000000000, 0.000000000000000000, -2.187630329860364324E-16 ) ) ;
#2037 = AXIS2_PLACEMENT_3D ( 'NONE', #3730, #238, #1859 ) ;
#2038 = VECTOR ( 'NONE', #884, 1000.000000000000000 ) ;
#2039 = ORIENTED_EDGE ( 'NONE', *, *, #279, .F. ) ;
#2040 = EDGE_CURVE ( 'NONE', #3829, #4487, #1692, .T. ) ;
#2041 = EDGE_LOOP ( 'NONE', ( #2952, #2455, #1101, #2438 ) ) ;
#2042 = LINE ( 'NONE', #3964, #701 ) ;
#2043 = ORIENTED_EDGE ( 'NONE', *, *, #4623, .T. ) ;
#2044 = ADVANCED_FACE ( 'NONE', ( #2786 ), #997, .F. ) ;
#2045 = ORIENTED_EDGE ( 'NONE', *, *, #3912, .F. ) ;
#2046 = EDGE_CURVE ( 'NONE', #2902, #1252, #551, .T. ) ;
#2047 = LINE ( 'NONE', #3159, #571 ) ;
#2048 = CARTESIAN_POINT ( 'NONE',  ( 22.09999999999999432, 18.89999999999999858, -13.89999999999999858 ) ) ;
#2049 = LINE ( 'NONE', #2769, #1750 ) ;
#2050 = VERTEX_POINT ( 'NONE', #4731 ) ;
#2051 = EDGE_CURVE ( 'NONE', #3661, #3570, #2510, .T. ) ;
#2052 = LINE ( 'NONE', #2420, #2550 ) ;
#2053 = CARTESIAN_POINT ( 'NONE',  ( 24.17751289470344389, 20.00000000000000000, 1.550000000000000933 ) ) ;
#2054 = DIRECTION ( 'NONE',  ( 0.3557458051467841109, 0.000000000000000000, -0.9345827529547431345 ) ) ;
#2055 = ORIENTED_EDGE ( 'NONE', *, *, #173, .F. ) ;
#2056 = PLANE ( 'NONE',  #3537 ) ;
#2057 = CARTESIAN_POINT ( 'NONE',  ( 8.399999999999995026, 18.89999999999999858, -13.89999999999999858 ) ) ;
#2058 = EDGE_CURVE ( 'NONE', #2764, #2687, #4754, .T. ) ;
#2059 = ORIENTED_EDGE ( 'NONE', *, *, #4509, .F. ) ;
#2060 = LINE ( 'NONE', #1317, #822 ) ;
#2061 = ORIENTED_EDGE ( 'NONE', *, *, #494, .F. ) ;
#2062 = VERTEX_POINT ( 'NONE', #4384 ) ;
#2063 = FACE_OUTER_BOUND ( 'NONE', #973, .T. ) ;
#2064 = ORIENTED_EDGE ( 'NONE', *, *, #1428, .F. ) ;
#2065 = DIRECTION ( 'NONE',  ( 1.000000000000000000, 0.000000000000000000, 0.000000000000000000 ) ) ;
#2066 = ORIENTED_EDGE ( 'NONE', *, *, #393, .F. ) ;
#2067 = DIRECTION ( 'NONE',  ( -0.000000000000000000, -1.000000000000000000, -0.000000000000000000 ) ) ;
#2068 = PLANE ( 'NONE',  #1491 ) ;
#2069 = VECTOR ( 'NONE', #1545, 1000.000000000000000 ) ;
#2070 = EDGE_CURVE ( 'NONE', #3623, #1479, #627, .T. ) ;
#2071 = PLANE ( 'NONE',  #3498 ) ;
#2072 = VECTOR ( 'NONE', #3372, 999.9999999999998863 ) ;
#2073 = ORIENTED_EDGE ( 'NONE', *, *, #1348, .F. ) ;
#2074 = CARTESIAN_POINT ( 'NONE',  ( 24.18135769493379783, 27.63430209709858332, 3.100000000000000089 ) ) ;
#2075 = DIRECTION ( 'NONE',  ( 0.3557458051467841109, 0.000000000000000000, -0.9345827529547431345 ) ) ;
#2076 = VECTOR ( 'NONE', #4482, 1000.000000000000000 ) ;
#2077 = EDGE_CURVE ( 'NONE', #2770, #2389, #3178, .T. ) ;
#2078 = FACE_OUTER_BOUND ( 'NONE', #4419, .T. ) ;
#2079 = ORIENTED_EDGE ( 'NONE', *, *, #3536, .F. ) ;
#2080 = LINE ( 'NONE', #3194, #369 ) ;
#2081 = LINE ( 'NONE', #1367, #1240 ) ;
#2082 = ORIENTED_EDGE ( 'NONE', *, *, #3232, .F. ) ;
#2083 = FACE_BOUND ( 'NONE', #4705, .T. ) ;
#2084 = FACE_OUTER_BOUND ( 'NONE', #3785, .T. ) ;
#2085 = ADVANCED_FACE ( 'NONE', ( #4315 ), #3202, .F. ) ;
#2086 = PLANE ( 'NONE',  #3172 ) ;
#2087 = ORIENTED_EDGE ( 'NONE', *, *, #3706, .T. ) ;
#2088 = LINE ( 'NONE', #3156, #3616 ) ;
#2089 = VERTEX_POINT ( 'NONE', #3360 ) ;
#2090 = LINE ( 'NONE', #203, #1934 ) ;
#2091 = DIRECTION ( 'NONE',  ( 0.000000000000000000, 0.000000000000000000, 1.000000000000000000 ) ) ;
#2092 = ORIENTED_EDGE ( 'NONE', *, *, #2141, .F. ) ;
#2093 = DIRECTION ( 'NONE',  ( 0.000000000000000000, 0.000000000000000000, -1.000000000000000000 ) ) ;
#2094 = CARTESIAN_POINT ( 'NONE',  ( 4.050286644131276148, 27.63430209709858332, -11.38684956152296479 ) ) ;
#2095 = EDGE_CURVE ( 'NONE', #1808, #4519, #355, .T. ) ;
#2096 = VERTEX_POINT ( 'NONE', #3747 ) ;
#2097 = DIRECTION ( 'NONE',  ( 0.000000000000000000, 0.000000000000000000, -1.000000000000000000 ) ) ;
#2098 = DIRECTION ( 'NONE',  ( -1.900632682732230014E-47, 1.000000000000000000, -4.930380657631323784E-32 ) ) ;
#2099 = PLANE ( 'NONE',  #4853 ) ;
#2100 = EDGE_LOOP ( 'NONE', ( #311, #3644, #1877, #634 ) ) ;
#2101 = LINE ( 'NONE', #1638, #1882 ) ;
#2102 = DIRECTION ( 'NONE',  ( -0.3826834323650849523, 0.000000000000000000, -0.9238795325112888479 ) ) ;
#2103 = PLANE ( 'NONE',  #3531 ) ;
#2104 = EDGE_LOOP ( 'NONE', ( #2765, #897, #1776, #1620 ) ) ;
#2105 = FACE_BOUND ( 'NONE', #848, .T. ) ;
#2106 = EDGE_CURVE ( 'NONE', #836, #3546, #2538, .T. ) ;
#2107 = MECHANICAL_DESIGN_GEOMETRIC_PRESENTATION_REPRESENTATION (  '', ( #1632 ), #4392 ) ;
#2108 = LINE ( 'NONE', #3303, #2457 ) ;
#2109 = ORIENTED_EDGE ( 'NONE', *, *, #2202, .T. ) ;
#2110 = CARTESIAN_POINT ( 'NONE',  ( 15.99999999999999289, 0.000000000000000000, -15.00000000000000000 ) ) ;
#2111 = AXIS2_PLACEMENT_3D ( 'NONE', #2578, #1775, #2172 ) ;
#2112 = AXIS2_PLACEMENT_3D ( 'NONE', #680, #2185, #3692 ) ;
#2113 = ORIENTED_EDGE ( 'NONE', *, *, #441, .F. ) ;
#2114 = ADVANCED_FACE ( 'NONE', ( #4493 ), #254, .T. ) ;
#2115 = EDGE_CURVE ( 'NONE', #2448, #913, #1764, .T. ) ;
#2116 = VECTOR ( 'NONE', #1667, 1000.000000000000000 ) ;
#2117 = DIRECTION ( 'NONE',  ( -0.3826834323650912806, 0.000000000000000000, -0.9238795325112860723 ) ) ;
#2118 = FACE_BOUND ( 'NONE', #4309, .T. ) ;
#2119 = ORIENTED_EDGE ( 'NONE', *, *, #527, .F. ) ;
#2120 = CARTESIAN_POINT ( 'NONE',  ( 23.75335921247157600, 27.63430209709858332, 3.100000000000000533 ) ) ;
#2121 = DIRECTION ( 'NONE',  ( -0.9238795325112887369, 0.000000000000000000, 0.3826834323650849523 ) ) ;
#2122 = ORIENTED_EDGE ( 'NONE', *, *, #2141, .T. ) ;
#2123 = DIRECTION ( 'NONE',  ( -1.000000000000000000, 0.000000000000000000, 3.711578864342414090E-16 ) ) ;
#2124 = DIRECTION ( 'NONE',  ( 1.000000000000000000, 0.000000000000000000, -1.714415645815452031E-16 ) ) ;
#2125 = DIRECTION ( 'NONE',  ( -0.000000000000000000, -1.000000000000000000, -0.000000000000000000 ) ) ;
#2126 = ORIENTED_EDGE ( 'NONE', *, *, #4670, .T. ) ;
#2127 = PLANE ( 'NONE',  #1564 ) ;
#2128 = DIRECTION ( 'NONE',  ( 0.000000000000000000, -1.000000000000000000, 0.000000000000000000 ) ) ;
#2129 = ORIENTED_EDGE ( 'NONE', *, *, #3424, .T. ) ;
#2130 = LINE ( 'NONE', #2779, #2553 ) ;
#2131 = DIRECTION ( 'NONE',  ( -0.000000000000000000, -1.000000000000000000, -0.000000000000000000 ) ) ;
#2132 = EDGE_CURVE ( 'NONE', #170, #2545, #2914, .T. ) ;
#2133 = DIRECTION ( 'NONE',  ( 1.000000000000000000, 0.000000000000000000, 3.356713154187989077E-15 ) ) ;
#2134 = DIRECTION ( 'NONE',  ( -1.000000000000000000, 0.000000000000000000, 0.000000000000000000 ) ) ;
#2135 = ORIENTED_EDGE ( 'NONE', *, *, #163, .F. ) ;
#2136 = PLANE ( 'NONE',  #1890 ) ;
#2137 = ORIENTED_EDGE ( 'NONE', *, *, #4363, .F. ) ;
#2138 = ORIENTED_EDGE ( 'NONE', *, *, #948, .T. ) ;
#2139 = EDGE_CURVE ( 'NONE', #3479, #3623, #1849, .T. ) ;
#2140 = LINE ( 'NONE', #4019, #1302 ) ;
#2141 = EDGE_CURVE ( 'NONE', #4273, #2866, #682, .T. ) ;
#2142 = DIRECTION ( 'NONE',  ( 3.854941057726242041E-16, -0.000000000000000000, 1.000000000000000000 ) ) ;
#2143 = ORIENTED_EDGE ( 'NONE', *, *, #2095, .T. ) ;
#2144 = CARTESIAN_POINT ( 'NONE',  ( 15.99999999999999289, 0.000000000000000000, -15.00000000000000000 ) ) ;
#2145 = DIRECTION ( 'NONE',  ( 1.000000000000000000, 0.000000000000000000, -3.428831291630904061E-16 ) ) ;
#2146 = EDGE_CURVE ( 'NONE', #3494, #150, #2187, .T. ) ;
#2147 = PLANE ( 'NONE',  #2111 ) ;
#2148 = ORIENTED_EDGE ( 'NONE', *, *, #4554, .F. ) ;
#2149 = VECTOR ( 'NONE', #2254, 1000.000000000000000 ) ;
#2150 = CARTESIAN_POINT ( 'NONE',  ( 9.075269459310570497, 23.62013693444405504, 1.750000000000000000 ) ) ;
#2151 = LINE ( 'NONE', #1386, #2006 ) ;
#2152 = VECTOR ( 'NONE', #3630, 1000.000000000000000 ) ;
#2153 = CARTESIAN_POINT ( 'NONE',  ( 15.99999999999999289, 1.100000000000000089, -4.881546635374435894 ) ) ;
#2154 = VERTEX_POINT ( 'NONE', #1873 ) ;
#2155 = CARTESIAN_POINT ( 'NONE',  ( 24.49999999999999289, 0.000000000000000000, -4.881546635374435006 ) ) ;
#2156 = ORIENTED_EDGE ( 'NONE', *, *, #3866, .T. ) ;
#2157 = CARTESIAN_POINT ( 'NONE',  ( 17.00772351120764370, 27.63430209709858332, 11.89941269444658012 ) ) ;
#2158 = AXIS2_PLACEMENT_3D ( 'NONE', #1305, #2840, #1258 ) ;
#2159 = FACE_OUTER_BOUND ( 'NONE', #408, .T. ) ;
#2160 = VECTOR ( 'NONE', #4462, 999.9999999999998863 ) ;
#2161 = CARTESIAN_POINT ( 'NONE',  ( 35.38162685482648584, 20.00000000000000000, 0.4000000000000027978 ) ) ;
#2162 = ORIENTED_EDGE ( 'NONE', *, *, #3445, .F. ) ;
#2163 = EDGE_CURVE ( 'NONE', #1669, #1245, #3382, .T. ) ;
#2164 = CARTESIAN_POINT ( 'NONE',  ( 9.574590611843673216, 20.00000000000000000, 1.950000000000002176 ) ) ;
#2165 = ORIENTED_EDGE ( 'NONE', *, *, #2664, .F. ) ;
#2166 = VERTEX_POINT ( 'NONE', #4467 ) ;
#2167 = DIRECTION ( 'NONE',  ( -1.000000000000000000, 0.000000000000000000, -1.407448530797437491E-16 ) ) ;
#2168 = VERTEX_POINT ( 'NONE', #1503 ) ;
#2169 = FACE_OUTER_BOUND ( 'NONE', #2443, .T. ) ;
#2170 = CARTESIAN_POINT ( 'NONE',  ( 8.399999999999996803, 18.89999999999999858, -3.781546635374435361 ) ) ;
#2171 = EDGE_CURVE ( 'NONE', #1880, #3716, #1081, .T. ) ;
#2172 = DIRECTION ( 'NONE',  ( -0.3557458051467840554, 0.000000000000000000, 0.9345827529547431345 ) ) ;
#2173 = ORIENTED_EDGE ( 'NONE', *, *, #466, .T. ) ;
#2174 = FACE_OUTER_BOUND ( 'NONE', #3027, .T. ) ;
#2175 = PLANE ( 'NONE',  #2645 ) ;
#2176 = ADVANCED_FACE ( 'NONE', ( #1398 ), #2219, .T. ) ;
#2177 = CARTESIAN_POINT ( 'NONE',  ( 20.99999999999999289, 20.00000000000000000, -15.00000000000000000 ) ) ;
#2178 = ORIENTED_EDGE ( 'NONE', *, *, #1658, .F. ) ;
#2179 = DIRECTION ( 'NONE',  ( 1.000000000000000000, 0.000000000000000000, 3.356713154187989077E-15 ) ) ;
#2180 = CARTESIAN_POINT ( 'NONE',  ( 9.499999999999994671, 20.00000000000000000, -15.00000000000000000 ) ) ;
#2181 = ORIENTED_EDGE ( 'NONE', *, *, #3335, .F. ) ;
#2182 = CARTESIAN_POINT ( 'NONE',  ( 29.49999999999999289, 20.00000000000000000, -15.00000000000000000 ) ) ;
#2183 = DIRECTION ( 'NONE',  ( -1.000000000000000000, 0.000000000000000000, -1.445602896647337684E-16 ) ) ;
#2184 = VECTOR ( 'NONE', #4585, 1000.000000000000000 ) ;
#2185 = DIRECTION ( 'NONE',  ( -1.000000000000000000, -0.000000000000000000, -0.000000000000000000 ) ) ;
#2186 = ORIENTED_EDGE ( 'NONE', *, *, #769, .F. ) ;
#2187 = LINE ( 'NONE', #1452, #2820 ) ;
#2188 = ORIENTED_EDGE ( 'NONE', *, *, #3895, .F. ) ;
#2189 = VECTOR ( 'NONE', #762, 1000.000000000000000 ) ;
#2190 = EDGE_CURVE ( 'NONE', #4787, #4452, #737, .T. ) ;
#2191 = ORIENTED_EDGE ( 'NONE', *, *, #3226, .T. ) ;
#2192 = DIRECTION ( 'NONE',  ( -1.000000000000000000, 0.000000000000000000, 0.000000000000000000 ) ) ;
#2193 = VECTOR ( 'NONE', #1042, 1000.000000000000000 ) ;
#2194 = VERTEX_POINT ( 'NONE', #4152 ) ;
#2195 = LINE ( 'NONE', #3414, #4179 ) ;
#2196 = VERTEX_POINT ( 'NONE', #2164 ) ;
#2197 = LINE ( 'NONE', #4420, #2713 ) ;
#2198 = CARTESIAN_POINT ( 'NONE',  ( 8.399999999999995026, 1.100000000000000089, -13.89999999999999858 ) ) ;
#2199 = VECTOR ( 'NONE', #3160, 999.9999999999998863 ) ;
#2200 = AXIS2_PLACEMENT_3D ( 'NONE', #3844, #1976, #4015 ) ;
#2201 = VECTOR ( 'NONE', #4193, 1000.000000000000000 ) ;
#2202 = EDGE_CURVE ( 'NONE', #3111, #4242, #4810, .T. ) ;
#2203 = CARTESIAN_POINT ( 'NONE',  ( 12.08986274178956677, 20.00000000000000000, -13.30979825526486948 ) ) ;
#2204 = EDGE_CURVE ( 'NONE', #739, #3011, #2909, .T. ) ;
#2205 = ORIENTED_EDGE ( 'NONE', *, *, #1818, .F. ) ;
#2206 = DIRECTION ( 'NONE',  ( -0.000000000000000000, -1.000000000000000000, -0.000000000000000000 ) ) ;
#2207 = DIRECTION ( 'NONE',  ( 9.637352644315597708E-17, 0.000000000000000000, 1.000000000000000000 ) ) ;
#2208 = DIRECTION ( 'NONE',  ( 0.000000000000000000, 0.000000000000000000, 1.000000000000000000 ) ) ;
#2209 = EDGE_CURVE ( 'NONE', #434, #1346, #2567, .T. ) ;
#2210 = EDGE_CURVE ( 'NONE', #4018, #3885, #1792, .T. ) ;
#2211 = EDGE_LOOP ( 'NONE', ( #1186, #2244, #138, #1082 ) ) ;
#2212 = LINE ( 'NONE', #2155, #4000 ) ;
#2213 = FACE_OUTER_BOUND ( 'NONE', #4297, .T. ) ;
#2214 = ORIENTED_EDGE ( 'NONE', *, *, #3451, .T. ) ;
#2215 = CARTESIAN_POINT ( 'NONE',  ( 33.01459061184367982, -0.000000000000000000, 1.950000000000002176 ) ) ;
#2216 = LINE ( 'NONE', #623, #3337 ) ;
#2217 = LINE ( 'NONE', #4780, #3871 ) ;
#2218 = VERTEX_POINT ( 'NONE', #2265 ) ;
#2219 = PLANE ( 'NONE',  #2899 ) ;
#2220 = VERTEX_POINT ( 'NONE', #3694 ) ;
#2221 = VERTEX_POINT ( 'NONE', #452 ) ;
#2222 = DIRECTION ( 'NONE',  ( 0.000000000000000000, -1.000000000000000000, 0.000000000000000000 ) ) ;
#2223 = LINE ( 'NONE', #1531, #1008 ) ;
#2224 = VERTEX_POINT ( 'NONE', #4266 ) ;
#2225 = DIRECTION ( 'NONE',  ( 0.4092995309963297079, 0.000000000000000000, 0.9124000733922508211 ) ) ;
#2226 = DIRECTION ( 'NONE',  ( -0.000000000000000000, -1.000000000000000000, -0.000000000000000000 ) ) ;
#2227 = PLANE ( 'NONE',  #1174 ) ;
#2228 = ORIENTED_EDGE ( 'NONE', *, *, #2655, .T. ) ;
#2229 = CARTESIAN_POINT ( 'NONE',  ( 23.39999999999999503, 18.89999999999999858, -13.89999999999999858 ) ) ;
#2230 = EDGE_CURVE ( 'NONE', #1075, #1085, #3126, .T. ) ;
#2231 = DIRECTION ( 'NONE',  ( 0.000000000000000000, -1.000000000000000000, 0.000000000000000000 ) ) ;
#2232 = ORIENTED_EDGE ( 'NONE', *, *, #4289, .T. ) ;
#2233 = CARTESIAN_POINT ( 'NONE',  ( 12.46135769493379719, 0.000000000000000000, 3.100000000000000089 ) ) ;
#2234 = LINE ( 'NONE', #3636, #1446 ) ;
#2235 = EDGE_LOOP ( 'NONE', ( #2941, #1375, #280, #3929 ) ) ;
#2236 = CARTESIAN_POINT ( 'NONE',  ( 2.335713073134081350E-15, 27.63430209709858332, 1.950000000000041478 ) ) ;
#2237 = VECTOR ( 'NONE', #1676, 1000.000000000000000 ) ;
#2238 = EDGE_CURVE ( 'NONE', #4723, #4222, #4611, .T. ) ;
#2239 = CARTESIAN_POINT ( 'NONE',  ( 14.43469454585967782, 20.00000000000000000, 12.18628660943929098 ) ) ;
#2240 = CARTESIAN_POINT ( 'NONE',  ( 32.09999999999998721, 18.89999999999999858, -3.781546635374434029 ) ) ;
#2241 = ORIENTED_EDGE ( 'NONE', *, *, #1818, .T. ) ;
#2242 = AXIS2_PLACEMENT_3D ( 'NONE', #2383, #3889, #3729 ) ;
#2243 = CARTESIAN_POINT ( 'NONE',  ( 14.52837024835333324, 20.00000000000000000, -13.29972242256474146 ) ) ;
#2244 = ORIENTED_EDGE ( 'NONE', *, *, #852, .T. ) ;
#2245 = EDGE_CURVE ( 'NONE', #3284, #270, #2758, .T. ) ;
#2246 = VECTOR ( 'NONE', #3953, 1000.000000000000000 ) ;
#2247 = VERTEX_POINT ( 'NONE', #787 ) ;
#2248 = VERTEX_POINT ( 'NONE', #833 ) ;
#2249 = DIRECTION ( 'NONE',  ( 0.000000000000000000, 0.000000000000000000, -1.000000000000000000 ) ) ;
#2250 = ORIENTED_EDGE ( 'NONE', *, *, #1701, .F. ) ;
#2251 = CARTESIAN_POINT ( 'NONE',  ( -5.009633362433346678E-16, 0.000000000000000000, 3.499999999999994671 ) ) ;
#2252 = CARTESIAN_POINT ( 'NONE',  ( 27.09999999999999432, 18.89999999999999858, -3.781546635374434917 ) ) ;
#2253 = EDGE_LOOP ( 'NONE', ( #4228, #1453, #2834, #4867 ) ) ;
#2254 = DIRECTION ( 'NONE',  ( 0.000000000000000000, -1.000000000000000000, 0.000000000000000000 ) ) ;
#2255 = DIRECTION ( 'NONE',  ( -3.428831291630904061E-16, 0.000000000000000000, -1.000000000000000000 ) ) ;
#2256 = EDGE_CURVE ( 'NONE', #3509, #2389, #878, .T. ) ;
#2257 = LINE ( 'NONE', #50, #1328 ) ;
#2258 = DIRECTION ( 'NONE',  ( 3.854941057726242534E-16, 0.000000000000000000, 1.000000000000000000 ) ) ;
#2259 = EDGE_LOOP ( 'NONE', ( #3305, #1373, #3058, #1984 ) ) ;
#2260 = DIRECTION ( 'NONE',  ( -0.3826834323650921132, 0.000000000000000000, 0.9238795325112858503 ) ) ;
#2261 = CARTESIAN_POINT ( 'NONE',  ( 5.999999999999994671, 0.000000000000000000, -15.00000000000000000 ) ) ;
#2262 = LINE ( 'NONE', #1988, #1713 ) ;
#2263 = VERTEX_POINT ( 'NONE', #473 ) ;
#2264 = EDGE_CURVE ( 'NONE', #2405, #4030, #3409, .T. ) ;
#2265 = CARTESIAN_POINT ( 'NONE',  ( 25.99999999999999645, 20.00000000000000000, -15.00000000000000000 ) ) ;
#2266 = ORIENTED_EDGE ( 'NONE', *, *, #2809, .F. ) ;
#2267 = ORIENTED_EDGE ( 'NONE', *, *, #981, .F. ) ;
#2268 = ORIENTED_EDGE ( 'NONE', *, *, #904, .F. ) ;
#2269 = EDGE_CURVE ( 'NONE', #2220, #1245, #1573, .T. ) ;
#2270 = CARTESIAN_POINT ( 'NONE',  ( 12.96898628384834318, 10.00000000000000000, -0.9250000000000000444 ) ) ;
#2271 = VECTOR ( 'NONE', #3795, 1000.000000000000000 ) ;
#2272 = ORIENTED_EDGE ( 'NONE', *, *, #3486, .T. ) ;
#2273 = LINE ( 'NONE', #4184, #4003 ) ;
#2274 = AXIS2_PLACEMENT_3D ( 'NONE', #4090, #704, #3713 ) ;
#2275 = PLANE ( 'NONE',  #3919 ) ;
#2276 = ORIENTED_EDGE ( 'NONE', *, *, #3686, .F. ) ;
#2277 = CARTESIAN_POINT ( 'NONE',  ( 9.905807115429793086, 0.000000000000000000, 13.81228555548828574 ) ) ;
#2278 = VECTOR ( 'NONE', #1089, 1000.000000000000000 ) ;
#2279 = VECTOR ( 'NONE', #4473, 1000.000000000000000 ) ;
#2280 = CARTESIAN_POINT ( 'NONE',  ( 29.49999999999999289, 20.00000000000000000, -15.00000000000000000 ) ) ;
#2281 = VECTOR ( 'NONE', #4887, 1000.000000000000000 ) ;
#2282 = DIRECTION ( 'NONE',  ( 0.000000000000000000, -1.000000000000000000, 0.000000000000000000 ) ) ;
#2283 = LINE ( 'NONE', #3789, #4359 ) ;
#2284 = VERTEX_POINT ( 'NONE', #809 ) ;
#2285 = DIRECTION ( 'NONE',  ( 0.000000000000000000, -1.000000000000000000, 0.000000000000000000 ) ) ;
#2286 = CARTESIAN_POINT ( 'NONE',  ( 35.91110287361382092, 0.000000000000000000, 1.949999999999998623 ) ) ;
#2287 = CARTESIAN_POINT ( 'NONE',  ( -17.58000000000000185, 27.63430209709858332, 0.3999999999998820610 ) ) ;
#2288 = ORIENTED_EDGE ( 'NONE', *, *, #904, .T. ) ;
#2289 = DIRECTION ( 'NONE',  ( -0.4092995309963232686, 0.000000000000000000, -0.9124000733922537076 ) ) ;
#2290 = ORIENTED_EDGE ( 'NONE', *, *, #1784, .F. ) ;
#2291 = ADVANCED_FACE ( 'NONE', ( #3500 ), #3085, .F. ) ;
#2292 = VERTEX_POINT ( 'NONE', #378 ) ;
#2293 = VERTEX_POINT ( 'NONE', #1551 ) ;
#2294 = LINE ( 'NONE', #2388, #2038 ) ;
#2295 = EDGE_LOOP ( 'NONE', ( #1286, #4428, #4386, #2290 ) ) ;
#2296 = DIRECTION ( 'NONE',  ( 1.000000000000000000, 0.000000000000000000, -3.854941057726242534E-16 ) ) ;
#2297 = ADVANCED_FACE ( 'NONE', ( #3818 ), #3035, .T. ) ;
#2298 = CARTESIAN_POINT ( 'NONE',  ( -5.859999999999997655, 27.63430209709859042, 1.950000000000041478 ) ) ;
#2299 = ORIENTED_EDGE ( 'NONE', *, *, #2325, .T. ) ;
#2300 = LINE ( 'NONE', #1560, #3808 ) ;
#2301 = DIRECTION ( 'NONE',  ( -1.000000000000000000, 0.000000000000000000, 0.000000000000000000 ) ) ;
#2302 = EDGE_CURVE ( 'NONE', #278, #174, #1593, .T. ) ;
#2303 = CARTESIAN_POINT ( 'NONE',  ( 14.49999999999999467, 1.100000000000000089, -15.00000000000000000 ) ) ;
#2304 = LINE ( 'NONE', #753, #4250 ) ;
#2305 = DIRECTION ( 'NONE',  ( 1.000000000000000000, 0.000000000000000000, -0.000000000000000000 ) ) ;
#2306 = EDGE_LOOP ( 'NONE', ( #3182, #143, #3941, #2615 ) ) ;
#2307 = LINE ( 'NONE', #1916, #899 ) ;
#2308 = DIRECTION ( 'NONE',  ( 1.000000000000000000, 0.000000000000000000, 3.356713154187989471E-15 ) ) ;
#2309 = LINE ( 'NONE', #1549, #4639 ) ;
#2310 = EDGE_LOOP ( 'NONE', ( #1875, #534, #371, #4145, #3383 ) ) ;
#2311 = DIRECTION ( 'NONE',  ( -0.4092995309963232686, 0.000000000000000000, -0.9124000733922537076 ) ) ;
#2312 = VERTEX_POINT ( 'NONE', #2662 ) ;
#2313 = CARTESIAN_POINT ( 'NONE',  ( 17.58490271243247705, 20.00000000000000000, -13.14607844286650185 ) ) ;
#2314 = VECTOR ( 'NONE', #3734, 1000.000000000000000 ) ;
#2315 = ORIENTED_EDGE ( 'NONE', *, *, #1582, .T. ) ;
#2316 = VECTOR ( 'NONE', #4299, 1000.000000000000000 ) ;
#2317 = EDGE_CURVE ( 'NONE', #1384, #3922, #1616, .T. ) ;
#2318 = ORIENTED_EDGE ( 'NONE', *, *, #2837, .T. ) ;
#2319 = FACE_OUTER_BOUND ( 'NONE', #1979, .T. ) ;
#2320 = ORIENTED_EDGE ( 'NONE', *, *, #553, .F. ) ;
#2321 = AXIS2_PLACEMENT_3D ( 'NONE', #318, #3267, #1096 ) ;
#2322 = LINE ( 'NONE', #3512, #3602 ) ;
#2323 = VECTOR ( 'NONE', #4140, 999.9999999999998863 ) ;
#2324 = ORIENTED_EDGE ( 'NONE', *, *, #1899, .F. ) ;
#2325 = EDGE_CURVE ( 'NONE', #1119, #3716, #2334, .T. ) ;
#2326 = LINE ( 'NONE', #2277, #649 ) ;
#2327 = DIRECTION ( 'NONE',  ( -1.714415645815452277E-16, -0.000000000000000000, -1.000000000000000000 ) ) ;
#2328 = DIRECTION ( 'NONE',  ( -0.3826834323650901148, 0.000000000000000000, 0.9238795325112867385 ) ) ;
#2329 = EDGE_CURVE ( 'NONE', #4499, #4757, #3478, .T. ) ;
#2330 = LINE ( 'NONE', #5, #740 ) ;
#2331 = PLANE ( 'NONE',  #747 ) ;
#2332 = DIRECTION ( 'NONE',  ( 1.000000000000000000, 0.000000000000000000, -9.637352644315596475E-17 ) ) ;
#2333 = CARTESIAN_POINT ( 'NONE',  ( 30.05110287361382149, 27.63430209709859042, 1.949999999999998623 ) ) ;
#2334 = LINE ( 'NONE', #3839, #2271 ) ;
#2335 = ORIENTED_EDGE ( 'NONE', *, *, #4416, .F. ) ;
#2336 = CARTESIAN_POINT ( 'NONE',  ( -23.44000000000000128, 20.00000000000000000, 3.099999999999994760 ) ) ;
#2337 = ORIENTED_EDGE ( 'NONE', *, *, #993, .T. ) ;
#2338 = ORIENTED_EDGE ( 'NONE', *, *, #3364, .T. ) ;
#2339 = LINE ( 'NONE', #1622, #4571 ) ;
#2340 = ORIENTED_EDGE ( 'NONE', *, *, #2561, .T. ) ;
#2341 = EDGE_CURVE ( 'NONE', #3922, #925, #1920, .T. ) ;
#2342 = LINE ( 'NONE', #3044, #1011 ) ;
#2343 = VERTEX_POINT ( 'NONE', #4196 ) ;
#2344 = DIRECTION ( 'NONE',  ( -1.000000000000000000, 0.000000000000000000, -1.407448530797437245E-16 ) ) ;
#2345 = CARTESIAN_POINT ( 'NONE',  ( 29.49999999999999289, 20.00000000000000000, -4.881546635374434118 ) ) ;
#2346 = EDGE_CURVE ( 'NONE', #4757, #4230, #3057, .T. ) ;
#2347 = AXIS2_PLACEMENT_3D ( 'NONE', #1705, #1685, #920 ) ;
#2348 = EDGE_CURVE ( 'NONE', #1808, #1479, #59, .T. ) ;
#2349 = CARTESIAN_POINT ( 'NONE',  ( 21.63028664413127800, 27.63430209709859042, -11.38684956152296479 ) ) ;
#2350 = VECTOR ( 'NONE', #4134, 1000.000000000000114 ) ;
#2351 = CARTESIAN_POINT ( 'NONE',  ( -2.226947318605448651E-15, 15.05000000000000071, -6.000000000000000000 ) ) ;
#2352 = VECTOR ( 'NONE', #299, 1000.000000000000000 ) ;
#2353 = LINE ( 'NONE', #1983, #3503 ) ;
#2354 = ORIENTED_EDGE ( 'NONE', *, *, #1913, .T. ) ;
#2355 = CARTESIAN_POINT ( 'NONE',  ( 29.96003102824223063, 0.000000000000000000, 0.4000000000000010214 ) ) ;
#2356 = VECTOR ( 'NONE', #1624, 1000.000000000000000 ) ;
#2357 = VECTOR ( 'NONE', #1926, 1000.000000000000000 ) ;
#2358 = EDGE_CURVE ( 'NONE', #4468, #3313, #2362, .T. ) ;
#2359 = EDGE_CURVE ( 'NONE', #2545, #276, #4247, .T. ) ;
#2360 = DIRECTION ( 'NONE',  ( 1.000000000000000000, 0.000000000000000000, -0.000000000000000000 ) ) ;
#2361 = DIRECTION ( 'NONE',  ( -0.9345827529547431345, 0.000000000000000000, -0.3557458051467840554 ) ) ;
#2362 = LINE ( 'NONE', #1222, #4560 ) ;
#2363 = ORIENTED_EDGE ( 'NONE', *, *, #3119, .F. ) ;
#2364 = FACE_OUTER_BOUND ( 'NONE', #1579, .T. ) ;
#2365 = DIRECTION ( 'NONE',  ( -1.000000000000000000, 0.000000000000000000, -1.445602896647337931E-16 ) ) ;
#2366 = EDGE_LOOP ( 'NONE', ( #738, #1971, #1714, #2082 ) ) ;
#2367 = DIRECTION ( 'NONE',  ( 1.000000000000000000, 0.000000000000000000, -0.000000000000000000 ) ) ;
#2368 = ORIENTED_EDGE ( 'NONE', *, *, #1319, .F. ) ;
#2369 = FACE_OUTER_BOUND ( 'NONE', #664, .T. ) ;
#2370 = ORIENTED_EDGE ( 'NONE', *, *, #2809, .T. ) ;
#2371 = LINE ( 'NONE', #3137, #412 ) ;
#2372 = LINE ( 'NONE', #4714, #3695 ) ;
#2373 = VECTOR ( 'NONE', #3304, 1000.000000000000000 ) ;
#2374 = ADVANCED_FACE ( 'NONE', ( #4285 ), #2013, .F. ) ;
#2375 = CARTESIAN_POINT ( 'NONE',  ( 20.99999999999999289, 0.000000000000000000, -15.00000000000000000 ) ) ;
#2376 = LINE ( 'NONE', #1699, #2237 ) ;
#2377 = CARTESIAN_POINT ( 'NONE',  ( 9.800143193463492608, 20.00000000000000000, 0.000000000000000000 ) ) ;
#2378 = LINE ( 'NONE', #3883, #2816 ) ;
#2379 = ORIENTED_EDGE ( 'NONE', *, *, #4346, .T. ) ;
#2380 = DIRECTION ( 'NONE',  ( -0.000000000000000000, -1.000000000000000000, -0.000000000000000000 ) ) ;
#2381 = DIRECTION ( 'NONE',  ( -4.180056568618812977E-16, -3.344045254895050381E-15, -1.000000000000000000 ) ) ;
#2382 = ORIENTED_EDGE ( 'NONE', *, *, #2115, .F. ) ;
#2383 = CARTESIAN_POINT ( 'NONE',  ( 0.000000000000000000, 1.100000000000000089, 0.000000000000000000 ) ) ;
#2384 = EDGE_CURVE ( 'NONE', #728, #761, #169, .T. ) ;
#2385 = ORIENTED_EDGE ( 'NONE', *, *, #4262, .T. ) ;
#2386 = VECTOR ( 'NONE', #375, 1000.000000000000000 ) ;
#2387 = ORIENTED_EDGE ( 'NONE', *, *, #2467, .F. ) ;
#2388 = CARTESIAN_POINT ( 'NONE',  ( -1.282395112762153566, 2.050000000000001599, -7.399999999999999467 ) ) ;
#2389 = VERTEX_POINT ( 'NONE', #3613 ) ;
#2390 = EDGE_CURVE ( 'NONE', #1857, #481, #192, .T. ) ;
#2391 = VECTOR ( 'NONE', #2102, 999.9999999999998863 ) ;
#2392 = AXIS2_PLACEMENT_3D ( 'NONE', #3096, #4138, #1213 ) ;
#2393 = ORIENTED_EDGE ( 'NONE', *, *, #113, .T. ) ;
#2394 = VECTOR ( 'NONE', #116, 1000.000000000000000 ) ;
#2395 = FACE_OUTER_BOUND ( 'NONE', #2689, .T. ) ;
#2396 = LINE ( 'NONE', #2768, #4642 ) ;
#2397 = EDGE_LOOP ( 'NONE', ( #29, #4628, #4621, #3404 ) ) ;
#2398 = DIRECTION ( 'NONE',  ( -0.9238795325112870716, 0.000000000000000000, 0.3826834323650890601 ) ) ;
#2399 = LINE ( 'NONE', #4721, #3183 ) ;
#2400 = EDGE_CURVE ( 'NONE', #2460, #4542, #4308, .T. ) ;
#2401 = LINE ( 'NONE', #2800, #933 ) ;
#2402 = ORIENTED_EDGE ( 'NONE', *, *, #2861, .T. ) ;
#2403 = CARTESIAN_POINT ( 'NONE',  ( 27.48580711542979671, 27.63430209709859042, 13.81228555548828574 ) ) ;
#2404 = SURFACE_STYLE_FILL_AREA ( #4354 ) ;
#2405 = VERTEX_POINT ( 'NONE', #2057 ) ;
#2406 = DIRECTION ( 'NONE',  ( 0.3557458051467840554, 0.000000000000000000, -0.9345827529547431345 ) ) ;
#2407 = EDGE_CURVE ( 'NONE', #4314, #1999, #3523, .T. ) ;
#2408 = DIRECTION ( 'NONE',  ( 0.000000000000000000, -0.000000000000000000, 1.000000000000000000 ) ) ;
#2409 = ADVANCED_FACE ( 'NONE', ( #3567 ), #2803, .T. ) ;
#2410 = ORIENTED_EDGE ( 'NONE', *, *, #4269, .F. ) ;
#2411 = DIRECTION ( 'NONE',  ( -1.000000000000000000, -0.000000000000000000, -0.000000000000000000 ) ) ;
#2412 = ORIENTED_EDGE ( 'NONE', *, *, #263, .T. ) ;
#2413 = EDGE_CURVE ( 'NONE', #4885, #481, #220, .T. ) ;
#2414 = ORIENTED_EDGE ( 'NONE', *, *, #961, .F. ) ;
#2415 = EDGE_LOOP ( 'NONE', ( #2884, #4801, #178, #2228 ) ) ;
#2416 = DIRECTION ( 'NONE',  ( -1.000000000000000000, 0.000000000000000000, -2.187630329860364571E-16 ) ) ;
#2417 = DIRECTION ( 'NONE',  ( 1.000000000000000000, 0.000000000000000000, 3.356713154187989077E-15 ) ) ;
#2418 = AXIS2_PLACEMENT_3D ( 'NONE', #1415, #3270, #2208 ) ;
#2419 = ORIENTED_EDGE ( 'NONE', *, *, #2740, .F. ) ;
#2420 = CARTESIAN_POINT ( 'NONE',  ( 21.62580711542979373, 20.00000000000000000, 13.81228555548828574 ) ) ;
#2421 = VECTOR ( 'NONE', #1661, 1000.000000000000000 ) ;
#2422 = DIRECTION ( 'NONE',  ( 0.3826834323650881720, 0.000000000000000000, -0.9238795325112874046 ) ) ;
#2423 = LINE ( 'NONE', #1614, #2432 ) ;
#2424 = AXIS2_PLACEMENT_3D ( 'NONE', #1969, #2361, #1199 ) ;
#2425 = ORIENTED_EDGE ( 'NONE', *, *, #909, .F. ) ;
#2426 = DIRECTION ( 'NONE',  ( 0.9238795325112866275, 0.000000000000000000, 0.3826834323650900593 ) ) ;
#2427 = CARTESIAN_POINT ( 'NONE',  ( 12.96898628384834318, 10.00000000000000000, -5.074999999999999289 ) ) ;
#2428 = ORIENTED_EDGE ( 'NONE', *, *, #381, .T. ) ;
#2429 = DIRECTION ( 'NONE',  ( 0.000000000000000000, 0.000000000000000000, 1.000000000000000000 ) ) ;
#2430 = VECTOR ( 'NONE', #4620, 1000.000000000000000 ) ;
#2431 = VECTOR ( 'NONE', #4500, 1000.000000000000000 ) ;
#2432 = VECTOR ( 'NONE', #3168, 1000.000000000000000 ) ;
#2433 = ORIENTED_EDGE ( 'NONE', *, *, #2146, .T. ) ;
#2434 = ORIENTED_EDGE ( 'NONE', *, *, #2707, .T. ) ;
#2435 = EDGE_CURVE ( 'NONE', #4440, #1574, #2476, .T. ) ;
#2436 = PLANE ( 'NONE',  #66 ) ;
#2437 = ORIENTED_EDGE ( 'NONE', *, *, #2493, .F. ) ;
#2438 = ORIENTED_EDGE ( 'NONE', *, *, #1577, .F. ) ;
#2439 = DIRECTION ( 'NONE',  ( 1.000000000000000000, 0.000000000000000000, 1.431323817838101058E-16 ) ) ;
#2440 = EDGE_CURVE ( 'NONE', #3849, #93, #1270, .T. ) ;
#2441 = DIRECTION ( 'NONE',  ( 0.000000000000000000, -1.000000000000000000, 0.000000000000000000 ) ) ;
#2442 = EDGE_CURVE ( 'NONE', #4519, #1139, #4700, .T. ) ;
#2443 = EDGE_LOOP ( 'NONE', ( #2414, #631, #1813, #4827 ) ) ;
#2444 = CARTESIAN_POINT ( 'NONE',  ( 27.09999999999999432, 18.89999999999999858, -13.89999999999999858 ) ) ;
#2445 = LINE ( 'NONE', #2870, #4763 ) ;
#2446 = EDGE_CURVE ( 'NONE', #4675, #4544, #944, .T. ) ;
#2447 = CARTESIAN_POINT ( 'NONE',  ( 5.999999999999995559, 17.94999999999999929, -6.000000000000002665 ) ) ;
#2448 = VERTEX_POINT ( 'NONE', #125 ) ;
#2449 = FACE_OUTER_BOUND ( 'NONE', #1520, .T. ) ;
#2450 = DIRECTION ( 'NONE',  ( 3.854941057726242534E-16, -0.000000000000000000, 1.000000000000000000 ) ) ;
#2451 = EDGE_LOOP ( 'NONE', ( #3804, #4378, #1710, #2035 ) ) ;
#2452 = PLANE ( 'NONE',  #1758 ) ;
#2453 = DIRECTION ( 'NONE',  ( -1.000000000000000000, 0.000000000000000000, 3.711578864342414090E-16 ) ) ;
#2454 = CARTESIAN_POINT ( 'NONE',  ( 33.01459061184367272, 20.00000000000000000, 1.550000000000004485 ) ) ;
#2455 = ORIENTED_EDGE ( 'NONE', *, *, #165, .T. ) ;
#2456 = CARTESIAN_POINT ( 'NONE',  ( 6.229862741789566449, 27.63430209709858332, -13.30979825526486948 ) ) ;
#2457 = VECTOR ( 'NONE', #1023, 1000.000000000000000 ) ;
#2458 = ORIENTED_EDGE ( 'NONE', *, *, #2569, .T. ) ;
#2459 = EDGE_CURVE ( 'NONE', #1299, #3677, #3936, .T. ) ;
#2460 = VERTEX_POINT ( 'NONE', #568 ) ;
#2461 = CARTESIAN_POINT ( 'NONE',  ( 9.910286644131277356, 0.000000000000000000, -11.38684956152296479 ) ) ;
#2462 = ORIENTED_EDGE ( 'NONE', *, *, #1513, .T. ) ;
#2463 = CARTESIAN_POINT ( 'NONE',  ( -17.58000000000000185, 27.63430209709858332, 1.550000000000029354 ) ) ;
#2464 = FACE_OUTER_BOUND ( 'NONE', #3410, .T. ) ;
#2465 = VECTOR ( 'NONE', #3164, 1000.000000000000000 ) ;
#2466 = AXIS2_PLACEMENT_3D ( 'NONE', #1743, #4788, #2918 ) ;
#2467 = EDGE_CURVE ( 'NONE', #2312, #999, #2081, .T. ) ;
#2468 = VERTEX_POINT ( 'NONE', #4725 ) ;
#2469 = CARTESIAN_POINT ( 'NONE',  ( 18.39999999999999147, 1.100000000000000089, -13.89999999999999858 ) ) ;
#2470 = DIRECTION ( 'NONE',  ( 0.000000000000000000, 0.000000000000000000, -1.000000000000000000 ) ) ;
#2471 = VECTOR ( 'NONE', #2470, 1000.000000000000000 ) ;
#2472 = LINE ( 'NONE', #217, #1769 ) ;
#2473 = ADVANCED_FACE ( 'NONE', ( #4377 ), #2103, .T. ) ;
#2474 = ORIENTED_EDGE ( 'NONE', *, *, #3940, .T. ) ;
#2475 = DIRECTION ( 'NONE',  ( -0.000000000000000000, -1.000000000000000000, -0.000000000000000000 ) ) ;
#2476 = LINE ( 'NONE', #2875, #3134 ) ;
#2477 = ORIENTED_EDGE ( 'NONE', *, *, #3329, .F. ) ;
#2478 = LINE ( 'NONE', #151, #4054 ) ;
#2479 = VECTOR ( 'NONE', #1000, 1000.000000000000000 ) ;
#2480 = DIRECTION ( 'NONE',  ( 0.000000000000000000, -1.000000000000000000, 0.000000000000000000 ) ) ;
#2481 = ORIENTED_EDGE ( 'NONE', *, *, #536, .T. ) ;
#2482 = DIRECTION ( 'NONE',  ( 1.714415645815452031E-16, 0.000000000000000000, 1.000000000000000000 ) ) ;
#2483 = ORIENTED_EDGE ( 'NONE', *, *, #2842, .F. ) ;
#2484 = DIRECTION ( 'NONE',  ( -0.9124000733922508211, 0.000000000000000000, 0.4092995309963297079 ) ) ;
#2485 = SHAPE_DEFINITION_REPRESENTATION ( #2722, #4607 ) ;
#2486 = DIRECTION ( 'NONE',  ( -1.000000000000000000, 0.000000000000000000, 3.711578864342414090E-16 ) ) ;
#2487 = EDGE_LOOP ( 'NONE', ( #2641, #599, #4423, #4741, #3188, #4264 ) ) ;
#2488 = MANIFOLD_SOLID_BREP ( 'Boss-Extrude7', #3420 ) ;
#2489 = LINE ( 'NONE', #3287, #337 ) ;
#2490 = DIRECTION ( 'NONE',  ( 0.000000000000000000, -1.000000000000000000, 0.000000000000000000 ) ) ;
#2491 = ORIENTED_EDGE ( 'NONE', *, *, #1745, .F. ) ;
#2492 = LINE ( 'NONE', #240, #563 ) ;
#2493 = EDGE_CURVE ( 'NONE', #2675, #243, #1342, .T. ) ;
#2494 = CARTESIAN_POINT ( 'NONE',  ( 30.99999999999999289, 20.00000000000000000, -15.00000000000000000 ) ) ;
#2495 = EDGE_CURVE ( 'NONE', #3358, #2448, #3715, .T. ) ;
#2496 = LINE ( 'NONE', #4088, #519 ) ;
#2497 = ORIENTED_EDGE ( 'NONE', *, *, #2106, .T. ) ;
#2498 = CARTESIAN_POINT ( 'NONE',  ( 8.399999999999996803, 18.89999999999999858, -3.781546635374435361 ) ) ;
#2499 = AXIS2_PLACEMENT_3D ( 'NONE', #1900, #4587, #1247 ) ;
#2500 = CARTESIAN_POINT ( 'NONE',  ( 17.09999999999999432, 18.89999999999999858, -3.781546635374435361 ) ) ;
#2501 = ORIENTED_EDGE ( 'NONE', *, *, #1777, .F. ) ;
#2502 = CARTESIAN_POINT ( 'NONE',  ( 39.50000000000000000, 0.000000000000000000, -15.00000000000000000 ) ) ;
#2503 = CARTESIAN_POINT ( 'NONE',  ( 27.63093620857273436, 27.63430209709859042, 0.3999999999999993006 ) ) ;
#2504 = PRODUCT_DEFINITION ( 'UNKNOWN', '', #4407, #4824 ) ;
#2505 = EDGE_CURVE ( 'NONE', #4523, #3701, #348, .T. ) ;
#2506 = VECTOR ( 'NONE', #2179, 1000.000000000000000 ) ;
#2507 = LINE ( 'NONE', #4858, #3725 ) ;
#2508 = FACE_OUTER_BOUND ( 'NONE', #4051, .T. ) ;
#2509 = ORIENTED_EDGE ( 'NONE', *, *, #1680, .T. ) ;
#2510 = LINE ( 'NONE', #1349, #379 ) ;
#2511 = VECTOR ( 'NONE', #2863, 999.9999999999998863 ) ;
#2512 = AXIS2_PLACEMENT_3D ( 'NONE', #3915, #3643, #3620 ) ;
#2513 = VERTEX_POINT ( 'NONE', #3004 ) ;
#2514 = EDGE_CURVE ( 'NONE', #380, #2220, #4404, .T. ) ;
#2515 = ORIENTED_EDGE ( 'NONE', *, *, #4567, .F. ) ;
#2516 = AXIS2_PLACEMENT_3D ( 'NONE', #1109, #2643, #4041 ) ;
#2517 = DIRECTION ( 'NONE',  ( -1.000000000000000000, 0.000000000000000000, -2.187630329860364571E-16 ) ) ;
#2518 = LINE ( 'NONE', #3517, #1253 ) ;
#2519 = VERTEX_POINT ( 'NONE', #1866 ) ;
#2520 = DIRECTION ( 'NONE',  ( 0.000000000000000000, 0.000000000000000000, -1.000000000000000000 ) ) ;
#2521 = CARTESIAN_POINT ( 'NONE',  ( 22.09999999999999432, 1.100000000000000089, -13.89999999999999858 ) ) ;
#2522 = CARTESIAN_POINT ( 'NONE',  ( 22.09999999999999432, 18.89999999999999858, -13.89999999999999858 ) ) ;
#2523 = ORIENTED_EDGE ( 'NONE', *, *, #4225, .F. ) ;
#2524 = DIRECTION ( 'NONE',  ( -1.000000000000000000, 0.000000000000000000, 0.000000000000000000 ) ) ;
#2525 = FACE_OUTER_BOUND ( 'NONE', #2295, .T. ) ;
#2526 = ADVANCED_FACE ( 'NONE', ( #989 ), #4092, .F. ) ;
#2527 = CARTESIAN_POINT ( 'NONE',  ( 15.43459061184367442, 27.63430209709858332, 1.950000000000002176 ) ) ;
#2528 = DIRECTION ( 'NONE',  ( -1.000000000000000000, 0.000000000000000000, 0.000000000000000000 ) ) ;
#2529 = LINE ( 'NONE', #4032, #248 ) ;
#2530 = LINE ( 'NONE', #4033, #924 ) ;
#2531 = ORIENTED_EDGE ( 'NONE', *, *, #615, .T. ) ;
#2532 = LINE ( 'NONE', #3377, #2160 ) ;
#2533 = LINE ( 'NONE', #2878, #2788 ) ;
#2534 = LINE ( 'NONE', #4832, #2855 ) ;
#2535 = CARTESIAN_POINT ( 'NONE',  ( 32.09999999999998721, 18.89999999999999858, -13.89999999999999858 ) ) ;
#2536 = ORIENTED_EDGE ( 'NONE', *, *, #2358, .T. ) ;
#2537 = EDGE_CURVE ( 'NONE', #110, #2922, #1443, .T. ) ;
#2538 = LINE ( 'NONE', #327, #2281 ) ;
#2539 = EDGE_LOOP ( 'NONE', ( #2733, #1991, #951, #4594 ) ) ;
#2540 = VERTEX_POINT ( 'NONE', #3273 ) ;
#2541 = CARTESIAN_POINT ( 'NONE',  ( 30.04135769493380081, 20.00000000000000000, 3.100000000000000089 ) ) ;
#2542 = ORIENTED_EDGE ( 'NONE', *, *, #4584, .F. ) ;
#2543 = EDGE_CURVE ( 'NONE', #3005, #2886, #320, .T. ) ;
#2544 = PLANE ( 'NONE',  #611 ) ;
#2545 = VERTEX_POINT ( 'NONE', #1840 ) ;
#2546 = CARTESIAN_POINT ( 'NONE',  ( 15.91093620857272484, 0.000000000000000000, 3.099999999999999645 ) ) ;
#2547 = DIRECTION ( 'NONE',  ( 0.3826834323650849523, 0.000000000000000000, 0.9238795325112887369 ) ) ;
#2548 = DIRECTION ( 'NONE',  ( 8.273704753157721312E-16, 0.000000000000000000, 1.000000000000000000 ) ) ;
#2549 = ORIENTED_EDGE ( 'NONE', *, *, #1209, .F. ) ;
#2550 = VECTOR ( 'NONE', #540, 999.9999999999998863 ) ;
#2551 = LINE ( 'NONE', #4481, #331 ) ;
#2552 = CARTESIAN_POINT ( 'NONE',  ( 12.96898628384834318, 10.00000000000000000, -3.000000000000000000 ) ) ;
#2553 = VECTOR ( 'NONE', #194, 1000.000000000000000 ) ;
#2554 = DIRECTION ( 'NONE',  ( 0.000000000000000000, -1.000000000000000000, 0.000000000000000000 ) ) ;
#2555 = VERTEX_POINT ( 'NONE', #1043 ) ;
#2556 = CARTESIAN_POINT ( 'NONE',  ( 30.99999999999999289, 0.000000000000000000, -4.881546635374434118 ) ) ;
#2557 = CARTESIAN_POINT ( 'NONE',  ( 10.05093620857273251, 27.63430209709858332, 0.3999999999999993006 ) ) ;
#2558 = EDGE_LOOP ( 'NONE', ( #1093, #3179, #4592, #307 ) ) ;
#2559 = DIRECTION ( 'NONE',  ( 0.000000000000000000, -0.000000000000000000, 1.000000000000000000 ) ) ;
#2560 = VECTOR ( 'NONE', #3519, 1000.000000000000000 ) ;
#2561 = EDGE_CURVE ( 'NONE', #1272, #1566, #2530, .T. ) ;
#2562 = LINE ( 'NONE', #2817, #488 ) ;
#2563 = DIRECTION ( 'NONE',  ( -0.9345827529547422463, 0.000000000000000000, -0.3557458051467864424 ) ) ;
#2564 = VECTOR ( 'NONE', #465, 1000.000000000000000 ) ;
#2565 = FACE_OUTER_BOUND ( 'NONE', #2310, .T. ) ;
#2566 = ORIENTED_EDGE ( 'NONE', *, *, #1146, .F. ) ;
#2567 = LINE ( 'NONE', #2243, #450 ) ;
#2568 = ORIENTED_EDGE ( 'NONE', *, *, #503, .F. ) ;
#2569 = EDGE_CURVE ( 'NONE', #1154, #530, #4065, .T. ) ;
#2570 = ADVANCED_FACE ( 'NONE', ( #2213 ), #1785, .F. ) ;
#2571 = ORIENTED_EDGE ( 'NONE', *, *, #993, .F. ) ;
#2572 = LINE ( 'NONE', #4075, #2964 ) ;
#2573 = CARTESIAN_POINT ( 'NONE',  ( 17.80162685482648399, 0.000000000000000000, 0.4000000000000027978 ) ) ;
#2574 = ORIENTED_EDGE ( 'NONE', *, *, #163, .T. ) ;
#2575 = DIRECTION ( 'NONE',  ( 0.000000000000000000, 0.000000000000000000, -1.000000000000000000 ) ) ;
#2576 = FACE_OUTER_BOUND ( 'NONE', #4224, .T. ) ;
#2577 = EDGE_CURVE ( 'NONE', #695, #3111, #4460, .T. ) ;
#2578 = CARTESIAN_POINT ( 'NONE',  ( 20.66852764704162837, 27.63430209709858332, 12.32858493149792878 ) ) ;
#2579 = ORIENTED_EDGE ( 'NONE', *, *, #447, .T. ) ;
#2580 = CARTESIAN_POINT ( 'NONE',  ( 14.49999999999999467, 20.00000000000000000, -15.00000000000000000 ) ) ;
#2581 = LINE ( 'NONE', #1015, #260 ) ;
#2582 = CARTESIAN_POINT ( 'NONE',  ( 6.229862741789566449, 20.00000000000000000, -13.30979825526486948 ) ) ;
#2583 = EDGE_LOOP ( 'NONE', ( #1893, #879, #2751, #2568 ) ) ;
#2584 = DIRECTION ( 'NONE',  ( 0.000000000000000000, 0.000000000000000000, 1.000000000000000000 ) ) ;
#2585 = CARTESIAN_POINT ( 'NONE',  ( 32.10837024835333864, 20.00000000000000000, -13.29972242256474146 ) ) ;
#2586 = ORIENTED_EDGE ( 'NONE', *, *, #1331, .T. ) ;
#2587 = PLANE ( 'NONE',  #33 ) ;
#2588 = DIRECTION ( 'NONE',  ( -0.3557458051467863869, 0.000000000000000000, 0.9345827529547421353 ) ) ;
#2589 = VECTOR ( 'NONE', #1548, 1000.000000000000000 ) ;
#2590 = CARTESIAN_POINT ( 'NONE',  ( -2.766639066687122320E-15, -2.958228394578794270E-31, -7.400000000000000355 ) ) ;
#2591 = ORIENTED_EDGE ( 'NONE', *, *, #2358, .F. ) ;
#2592 = DIRECTION ( 'NONE',  ( 6.857662583261808122E-16, 0.000000000000000000, 1.000000000000000000 ) ) ;
#2593 = EDGE_LOOP ( 'NONE', ( #4496, #4172, #4123, #1874 ) ) ;
#2594 = VECTOR ( 'NONE', #1729, 1000.000000000000000 ) ;
#2595 = ORIENTED_EDGE ( 'NONE', *, *, #4775, .F. ) ;
#2596 = LINE ( 'NONE', #715, #3516 ) ;
#2597 = EDGE_CURVE ( 'NONE', #4058, #4078, #2614, .T. ) ;
#2598 = VECTOR ( 'NONE', #4808, 1000.000000000000000 ) ;
#2599 = ORIENTED_EDGE ( 'NONE', *, *, #1151, .T. ) ;
#2600 = LINE ( 'NONE', #1878, #4643 ) ;
#2601 = ORIENTED_EDGE ( 'NONE', *, *, #4886, .T. ) ;
#2602 = LINE ( 'NONE', #2336, #1605 ) ;
#2603 = LINE ( 'NONE', #720, #2829 ) ;
#2604 = VECTOR ( 'NONE', #45, 1000.000000000000000 ) ;
#2605 = AXIS2_PLACEMENT_3D ( 'NONE', #2993, #2624, #4522 ) ;
#2606 = FACE_OUTER_BOUND ( 'NONE', #1948, .T. ) ;
#2607 = EDGE_LOOP ( 'NONE', ( #4668, #3973, #321, #2542 ) ) ;
#2608 = ADVANCED_FACE ( 'NONE', ( #4803 ), #4854, .T. ) ;
#2609 = DIRECTION ( 'NONE',  ( -0.9238795325112874046, 0.000000000000000000, -0.3826834323650881720 ) ) ;
#2610 = DIRECTION ( 'NONE',  ( 0.000000000000000000, 1.000000000000000000, 0.000000000000000000 ) ) ;
#2611 = ORIENTED_EDGE ( 'NONE', *, *, #985, .T. ) ;
#2612 = DIRECTION ( 'NONE',  ( 1.000000000000000000, 0.000000000000000000, -1.197801575966169987E-15 ) ) ;
#2613 = EDGE_CURVE ( 'NONE', #3885, #606, #4122, .T. ) ;
#2614 = LINE ( 'NONE', #4007, #4485 ) ;
#2615 = ORIENTED_EDGE ( 'NONE', *, *, #2767, .F. ) ;
#2616 = LINE ( 'NONE', #4035, #4533 ) ;
#2617 = DIRECTION ( 'NONE',  ( 1.000000000000000000, 0.000000000000000000, -1.197801575966169987E-15 ) ) ;
#2618 = DIRECTION ( 'NONE',  ( 0.000000000000000000, 0.000000000000000000, 1.000000000000000000 ) ) ;
#2619 = ORIENTED_EDGE ( 'NONE', *, *, #3017, .F. ) ;
#2620 = DIRECTION ( 'NONE',  ( -0.9124000733922508211, 0.000000000000000000, 0.4092995309963297079 ) ) ;
#2621 = EDGE_LOOP ( 'NONE', ( #4321, #2967, #2913, #1766 ) ) ;
#2622 = ORIENTED_EDGE ( 'NONE', *, *, #419, .F. ) ;
#2623 = ORIENTED_EDGE ( 'NONE', *, *, #387, .T. ) ;
#2624 = DIRECTION ( 'NONE',  ( -0.9238795325112887369, 0.000000000000000000, 0.3826834323650849523 ) ) ;
#2625 = ORIENTED_EDGE ( 'NONE', *, *, #796, .F. ) ;
#2626 = CARTESIAN_POINT ( 'NONE',  ( 14.43469454585967782, 0.000000000000000000, 12.18628660943929098 ) ) ;
#2627 = EDGE_CURVE ( 'NONE', #60, #3668, #2234, .T. ) ;
#2628 = FACE_OUTER_BOUND ( 'NONE', #1336, .T. ) ;
#2629 = EDGE_LOOP ( 'NONE', ( #4375, #2712, #1347, #3315 ) ) ;
#2630 = CARTESIAN_POINT ( 'NONE',  ( 30.04135769493380081, 0.000000000000000000, 3.100000000000000089 ) ) ;
#2631 = CARTESIAN_POINT ( 'NONE',  ( 13.39999999999999325, 18.89999999999999858, -13.89999999999999858 ) ) ;
#2632 = EDGE_CURVE ( 'NONE', #3546, #3570, #2728, .T. ) ;
#2633 = LINE ( 'NONE', #3833, #3610 ) ;
#2634 = FACE_OUTER_BOUND ( 'NONE', #670, .T. ) ;
#2635 = ORIENTED_EDGE ( 'NONE', *, *, #4199, .T. ) ;
#2636 = PLANE ( 'NONE',  #3114 ) ;
#2637 = VECTOR ( 'NONE', #4510, 1000.000000000000000 ) ;
#2638 = EDGE_CURVE ( 'NONE', #3992, #3858, #2353, .T. ) ;
#2639 = LINE ( 'NONE', #4883, #4087 ) ;
#2640 = FACE_OUTER_BOUND ( 'NONE', #3116, .T. ) ;
#2641 = ORIENTED_EDGE ( 'NONE', *, *, #185, .T. ) ;
#2642 = VECTOR ( 'NONE', #2734, 1000.000000000000000 ) ;
#2643 = DIRECTION ( 'NONE',  ( -1.000000000000000000, -0.000000000000000000, 2.282530889443166529E-16 ) ) ;
#2644 = VERTEX_POINT ( 'NONE', #3834 ) ;
#2645 = AXIS2_PLACEMENT_3D ( 'NONE', #2949, #614, #2894 ) ;
#2646 = EDGE_LOOP ( 'NONE', ( #1072, #383, #2586, #1326 ) ) ;
#2647 = CARTESIAN_POINT ( 'NONE',  ( 32.38852764704162723, 0.000000000000000000, 12.32858493149792878 ) ) ;
#2648 = DIRECTION ( 'NONE',  ( -1.000000000000000000, 0.000000000000000000, 0.000000000000000000 ) ) ;
#2649 = ORIENTED_EDGE ( 'NONE', *, *, #3977, .F. ) ;
#2650 = DIRECTION ( 'NONE',  ( -1.445602896647337684E-16, 0.000000000000000000, 1.000000000000000000 ) ) ;
#2651 = CARTESIAN_POINT ( 'NONE',  ( 15.46135769493380074, 0.000000000000000000, 3.100000000000000533 ) ) ;
#2652 = VERTEX_POINT ( 'NONE', #443 ) ;
#2653 = DIRECTION ( 'NONE',  ( 0.000000000000000000, -1.000000000000000000, 0.000000000000000000 ) ) ;
#2654 = DIRECTION ( 'NONE',  ( 0.3826834323650913361, 0.000000000000000000, 0.9238795325112860723 ) ) ;
#2655 = EDGE_CURVE ( 'NONE', #3688, #2519, #828, .T. ) ;
#2656 = CARTESIAN_POINT ( 'NONE',  ( 14.49999999999999467, 20.00000000000000000, -15.00000000000000000 ) ) ;
#2657 = DIRECTION ( 'NONE',  ( -0.4092995309963297079, 0.000000000000000000, -0.9124000733922508211 ) ) ;
#2658 = LINE ( 'NONE', #984, #1536 ) ;
#2659 = DIRECTION ( 'NONE',  ( -0.9124000733922535966, 0.000000000000000000, 0.4092995309963232686 ) ) ;
#2660 = FACE_OUTER_BOUND ( 'NONE', #1489, .T. ) ;
#2661 = VERTEX_POINT ( 'NONE', #1961 ) ;
#2662 = CARTESIAN_POINT ( 'NONE',  ( 12.03335921247157536, 0.000000000000000000, 3.100000000000000533 ) ) ;
#2663 = ORIENTED_EDGE ( 'NONE', *, *, #3895, .T. ) ;
#2664 = EDGE_CURVE ( 'NONE', #469, #3176, #468, .T. ) ;
#2665 = EDGE_CURVE ( 'NONE', #110, #4869, #3425, .T. ) ;
#2666 = ORIENTED_EDGE ( 'NONE', *, *, #3678, .F. ) ;
#2667 = ORIENTED_EDGE ( 'NONE', *, *, #4111, .T. ) ;
#2668 = DIRECTION ( 'NONE',  ( -1.000000000000000000, 0.000000000000000000, 0.000000000000000000 ) ) ;
#2669 = VECTOR ( 'NONE', #2289, 999.9999999999998863 ) ;
#2670 = ORIENTED_EDGE ( 'NONE', *, *, #2740, .T. ) ;
#2671 = EDGE_CURVE ( 'NONE', #1798, #4523, #3493, .T. ) ;
#2672 = DIRECTION ( 'NONE',  ( -1.000000000000000000, 0.000000000000000000, 0.000000000000000000 ) ) ;
#2673 = VECTOR ( 'NONE', #827, 1000.000000000000000 ) ;
#2674 = LINE ( 'NONE', #3848, #3141 ) ;
#2675 = VERTEX_POINT ( 'NONE', #1126 ) ;
#2676 = LINE ( 'NONE', #365, #3422 ) ;
#2677 = AXIS2_PLACEMENT_3D ( 'NONE', #18, #2650, #3392 ) ;
#2678 = VECTOR ( 'NONE', #3788, 1000.000000000000000 ) ;
#2679 = DIRECTION ( 'NONE',  ( 1.000000000000000000, 0.000000000000000000, -3.428831291630904061E-16 ) ) ;
#2680 = CARTESIAN_POINT ( 'NONE',  ( 21.77093620857273493, 27.63430209709858332, 0.3999999999999993006 ) ) ;
#2681 = CARTESIAN_POINT ( 'NONE',  ( 37.10000000000000142, 18.89999999999999858, -3.781546635374434029 ) ) ;
#2682 = ORIENTED_EDGE ( 'NONE', *, *, #440, .F. ) ;
#2683 = CARTESIAN_POINT ( 'NONE',  ( -4.481368979606739499E-16, 27.63430209709858332, 3.099999999999994760 ) ) ;
#2684 = ADVANCED_FACE ( 'NONE', ( #2634 ), #4144, .T. ) ;
#2685 = CARTESIAN_POINT ( 'NONE',  ( 33.39999999999999858, 18.89999999999999858, -13.89999999999999858 ) ) ;
#2686 = DIRECTION ( 'NONE',  ( 0.000000000000000000, 0.000000000000000000, 1.000000000000000000 ) ) ;
#2687 = VERTEX_POINT ( 'NONE', #3761 ) ;
#2688 = CARTESIAN_POINT ( 'NONE',  ( 5.999999999999995559, 1.100000000000000089, -6.000000000000001776 ) ) ;
#2689 = EDGE_LOOP ( 'NONE', ( #3894, #3637, #2860, #221 ) ) ;
#2690 = CARTESIAN_POINT ( 'NONE',  ( 37.09999999999999432, 1.100000000000000089, -13.89999999999999858 ) ) ;
#2691 = ORIENTED_EDGE ( 'NONE', *, *, #4623, .F. ) ;
#2692 = EDGE_CURVE ( 'NONE', #481, #2221, #1892, .T. ) ;
#2693 = ORIENTED_EDGE ( 'NONE', *, *, #909, .T. ) ;
#2694 = FACE_OUTER_BOUND ( 'NONE', #3482, .T. ) ;
#2695 = ORIENTED_EDGE ( 'NONE', *, *, #3899, .T. ) ;
#2696 = EDGE_CURVE ( 'NONE', #3603, #357, #2330, .T. ) ;
#2697 = CARTESIAN_POINT ( 'NONE',  ( 28.39999999999999147, 18.89999999999999858, -13.89999999999999858 ) ) ;
#2698 = ORIENTED_EDGE ( 'NONE', *, *, #1935, .T. ) ;
#2699 = DIRECTION ( 'NONE',  ( -2.187630329860364324E-16, 0.000000000000000000, 1.000000000000000000 ) ) ;
#2700 = DIRECTION ( 'NONE',  ( -0.000000000000000000, -1.000000000000000000, -0.000000000000000000 ) ) ;
#2701 = DIRECTION ( 'NONE',  ( 0.000000000000000000, -1.000000000000000000, 0.000000000000000000 ) ) ;
#2702 = CARTESIAN_POINT ( 'NONE',  ( 18.32135769493379840, 20.00000000000000000, 3.100000000000000089 ) ) ;
#2703 = ORIENTED_EDGE ( 'NONE', *, *, #3860, .F. ) ;
#2704 = DIRECTION ( 'NONE',  ( 0.000000000000000000, -1.000000000000000000, 0.000000000000000000 ) ) ;
#2705 = FACE_OUTER_BOUND ( 'NONE', #1556, .T. ) ;
#2706 = CARTESIAN_POINT ( 'NONE',  ( 25.99999999999999645, 20.00000000000000000, -4.881546635374435006 ) ) ;
#2707 = EDGE_CURVE ( 'NONE', #549, #2293, #77, .T. ) ;
#2708 = CARTESIAN_POINT ( 'NONE',  ( 12.08986274178956677, 27.63430209709858332, -13.30979825526486948 ) ) ;
#2709 = ORIENTED_EDGE ( 'NONE', *, *, #4505, .F. ) ;
#2710 = DIRECTION ( 'NONE',  ( -2.187630329860364324E-16, 0.000000000000000000, 1.000000000000000000 ) ) ;
#2711 = AXIS2_PLACEMENT_3D ( 'NONE', #1038, #2609, #1069 ) ;
#2712 = ORIENTED_EDGE ( 'NONE', *, *, #1869, .F. ) ;
#2713 = VECTOR ( 'NONE', #2575, 1000.000000000000000 ) ;
#2714 = VERTEX_POINT ( 'NONE', #1218 ) ;
#2715 = EDGE_CURVE ( 'NONE', #3825, #2032, #1519, .T. ) ;
#2716 = DIRECTION ( 'NONE',  ( 1.000000000000000000, 0.000000000000000000, -0.000000000000000000 ) ) ;
#2717 = ORIENTED_EDGE ( 'NONE', *, *, #2632, .T. ) ;
#2718 = VECTOR ( 'NONE', #2285, 1000.000000000000000 ) ;
#2719 = EDGE_CURVE ( 'NONE', #2917, #2764, #4581, .T. ) ;
#2720 = DIRECTION ( 'NONE',  ( -1.000000000000000000, 0.000000000000000000, 0.000000000000000000 ) ) ;
#2721 = VERTEX_POINT ( 'NONE', #4536 ) ;
#2722 = PRODUCT_DEFINITION_SHAPE ( 'NONE', 'NONE',  #2504 ) ;
#2723 = CARTESIAN_POINT ( 'NONE',  ( -2.766639066687122320E-15, 17.94999999999999929, -7.400000000000000355 ) ) ;
#2724 = EDGE_CURVE ( 'NONE', #4675, #64, #1149, .T. ) ;
#2725 = CARTESIAN_POINT ( 'NONE',  ( 24.18135769493379783, 0.000000000000000000, 3.100000000000000089 ) ) ;
#2726 = EDGE_CURVE ( 'NONE', #2917, #4829, #2283, .T. ) ;
#2727 = CARTESIAN_POINT ( 'NONE',  ( -5.860000000000002096, 0.000000000000000000, 0.3999999999998820610 ) ) ;
#2728 = LINE ( 'NONE', #4236, #4753 ) ;
#2729 = LINE ( 'NONE', #397, #2718 ) ;
#2730 = DIRECTION ( 'NONE',  ( -1.000000000000000000, -0.000000000000000000, -0.000000000000000000 ) ) ;
#2731 = CARTESIAN_POINT ( 'NONE',  ( 27.18135769493380138, 0.000000000000000000, 0.3999999999999999667 ) ) ;
#2732 = DIRECTION ( 'NONE',  ( -0.000000000000000000, -0.000000000000000000, -1.000000000000000000 ) ) ;
#2733 = ORIENTED_EDGE ( 'NONE', *, *, #1936, .F. ) ;
#2734 = DIRECTION ( 'NONE',  ( -0.000000000000000000, -1.000000000000000000, -0.000000000000000000 ) ) ;
#2735 = VECTOR ( 'NONE', #3312, 1000.000000000000000 ) ;
#2736 = ORIENTED_EDGE ( 'NONE', *, *, #1603, .F. ) ;
#2737 = ORIENTED_EDGE ( 'NONE', *, *, #2209, .F. ) ;
#2738 = PLANE ( 'NONE',  #4011 ) ;
#2739 = EDGE_LOOP ( 'NONE', ( #1898, #496, #2599, #987 ) ) ;
#2740 = EDGE_CURVE ( 'NONE', #4089, #731, #1915, .T. ) ;
#2741 = CARTESIAN_POINT ( 'NONE',  ( 39.50000000000000000, 1.100000000000000089, 0.000000000000000000 ) ) ;
#2742 = ORIENTED_EDGE ( 'NONE', *, *, #1658, .T. ) ;
#2743 = CARTESIAN_POINT ( 'NONE',  ( -17.58000000000000185, 0.000000000000000000, 3.099999999999992095 ) ) ;
#2744 = FACE_OUTER_BOUND ( 'NONE', #1136, .T. ) ;
#2745 = VECTOR ( 'NONE', #712, 1000.000000000000000 ) ;
#2746 = ADVANCED_FACE ( 'NONE', ( #1195 ), #31, .T. ) ;
#2747 = AXIS2_PLACEMENT_3D ( 'NONE', #4503, #3369, #4819 ) ;
#2748 = CARTESIAN_POINT ( 'NONE',  ( 10.99999999999999467, 0.000000000000000000, -15.00000000000000000 ) ) ;
#2749 = AXIS2_PLACEMENT_3D ( 'NONE', #966, #1615, #1246 ) ;
#2750 = DIRECTION ( 'NONE',  ( -0.3826834323650849523, 0.000000000000000000, -0.9238795325112887369 ) ) ;
#2751 = ORIENTED_EDGE ( 'NONE', *, *, #48, .T. ) ;
#2752 = FACE_OUTER_BOUND ( 'NONE', #3438, .T. ) ;
#2753 = VECTOR ( 'NONE', #1904, 1000.000000000000000 ) ;
#2754 = LINE ( 'NONE', #4282, #3470 ) ;
#2755 = EDGE_CURVE ( 'NONE', #577, #739, #1938, .T. ) ;
#2756 = ORIENTED_EDGE ( 'NONE', *, *, #1478, .F. ) ;
#2757 = FACE_OUTER_BOUND ( 'NONE', #4821, .T. ) ;
#2758 = LINE ( 'NONE', #4221, #3767 ) ;
#2759 = ORIENTED_EDGE ( 'NONE', *, *, #3047, .T. ) ;
#2760 = PLANE ( 'NONE',  #1284 ) ;
#2761 = LINE ( 'NONE', #3378, #2589 ) ;
#2762 = VERTEX_POINT ( 'NONE', #2702 ) ;
#2763 = LINE ( 'NONE', #4182, #1569 ) ;
#2764 = VERTEX_POINT ( 'NONE', #4215 ) ;
#2765 = ORIENTED_EDGE ( 'NONE', *, *, #279, .T. ) ;
#2766 = DIRECTION ( 'NONE',  ( -0.000000000000000000, -1.000000000000000000, -0.000000000000000000 ) ) ;
#2767 = EDGE_CURVE ( 'NONE', #996, #4230, #3952, .T. ) ;
#2768 = CARTESIAN_POINT ( 'NONE',  ( 20.99999999999999645, 20.00000000000000000, -4.881546635374435006 ) ) ;
#2769 = CARTESIAN_POINT ( 'NONE',  ( 0.000000000000000000, 0.000000000000000000, 0.000000000000000000 ) ) ;
#2770 = VERTEX_POINT ( 'NONE', #2819 ) ;
#2771 = CARTESIAN_POINT ( 'NONE',  ( 18.39999999999999147, 18.89999999999999858, -3.781546635374434917 ) ) ;
#2772 = CARTESIAN_POINT ( 'NONE',  ( 23.39999999999999503, 18.89999999999999858, -3.781546635374434917 ) ) ;
#2773 = EDGE_CURVE ( 'NONE', #2661, #748, #3931, .T. ) ;
#2774 = CARTESIAN_POINT ( 'NONE',  ( -17.57999999999999829, 27.63430209709858332, 1.950000000000041478 ) ) ;
#2775 = EDGE_LOOP ( 'NONE', ( #99, #2402, #4343, #301 ) ) ;
#2776 = DIRECTION ( 'NONE',  ( 0.000000000000000000, 0.000000000000000000, 1.000000000000000000 ) ) ;
#2777 = DIRECTION ( 'NONE',  ( 0.000000000000000000, -1.000000000000000000, 0.000000000000000000 ) ) ;
#2778 = VERTEX_POINT ( 'NONE', #4329 ) ;
#2779 = CARTESIAN_POINT ( 'NONE',  ( -1.282395112762154010, 2.876639104637620673E-16, -7.399999999999999467 ) ) ;
#2780 = VECTOR ( 'NONE', #709, 1000.000000000000000 ) ;
#2781 = EDGE_CURVE ( 'NONE', #1765, #4752, #2376, .T. ) ;
#2782 = VECTOR ( 'NONE', #223, 1000.000000000000000 ) ;
#2783 = ORIENTED_EDGE ( 'NONE', *, *, #2210, .F. ) ;
#2784 = ORIENTED_EDGE ( 'NONE', *, *, #1936, .T. ) ;
#2785 = VECTOR ( 'NONE', #892, 1000.000000000000114 ) ;
#2786 = FACE_OUTER_BOUND ( 'NONE', #3943, .T. ) ;
#2787 = ORIENTED_EDGE ( 'NONE', *, *, #3115, .T. ) ;
#2788 = VECTOR ( 'NONE', #992, 1000.000000000000000 ) ;
#2789 = VECTOR ( 'NONE', #4843, 1000.000000000000000 ) ;
#2790 = VERTEX_POINT ( 'NONE', #3518 ) ;
#2791 = AXIS2_PLACEMENT_3D ( 'NONE', #4665, #3901, #2439 ) ;
#2792 = CARTESIAN_POINT ( 'NONE',  ( 18.39999999999999147, 18.89999999999999858, -13.89999999999999858 ) ) ;
#2793 = DIRECTION ( 'NONE',  ( -0.4092995309963297079, 0.000000000000000000, -0.9124000733922508211 ) ) ;
#2794 = AXIS2_PLACEMENT_3D ( 'NONE', #780, #1241, #3101 ) ;
#2795 = DIRECTION ( 'NONE',  ( 0.000000000000000000, -1.000000000000000000, 0.000000000000000000 ) ) ;
#2796 = ORIENTED_EDGE ( 'NONE', *, *, #48, .F. ) ;
#2797 = DIRECTION ( 'NONE',  ( 0.000000000000000000, -1.000000000000000000, 0.000000000000000000 ) ) ;
#2798 = DIRECTION ( 'NONE',  ( 0.000000000000000000, -1.000000000000000000, 0.000000000000000000 ) ) ;
#2799 = ADVANCED_FACE ( 'NONE', ( #3189 ), #939, .F. ) ;
#2800 = CARTESIAN_POINT ( 'NONE',  ( 12.09999999999999432, 18.89999999999999858, -13.89999999999999858 ) ) ;
#2801 = ORIENTED_EDGE ( 'NONE', *, *, #1169, .F. ) ;
#2802 = CARTESIAN_POINT ( 'NONE',  ( 35.82003102824223362, -0.000000000000000000, 0.4000000000000010214 ) ) ;
#2803 = PLANE ( 'NONE',  #2347 ) ;
#2804 = EDGE_LOOP ( 'NONE', ( #1030, #4070, #3041, #2043 ) ) ;
#2805 = FACE_BOUND ( 'NONE', #1604, .T. ) ;
#2806 = LINE ( 'NONE', #4312, #4209 ) ;
#2807 = EDGE_CURVE ( 'NONE', #1087, #1299, #4651, .T. ) ;
#2808 = ORIENTED_EDGE ( 'NONE', *, *, #435, .F. ) ;
#2809 = EDGE_CURVE ( 'NONE', #2839, #3716, #3604, .T. ) ;
#2810 = DIRECTION ( 'NONE',  ( -1.000000000000000000, 0.000000000000000000, -1.407448530797437245E-16 ) ) ;
#2811 = ORIENTED_EDGE ( 'NONE', *, *, #3187, .T. ) ;
#2812 = EDGE_CURVE ( 'NONE', #3038, #4078, #187, .T. ) ;
#2813 = VERTEX_POINT ( 'NONE', #3145 ) ;
#2814 = LINE ( 'NONE', #887, #2865 ) ;
#2815 = CARTESIAN_POINT ( 'NONE',  ( -7.000000000000000000, 0.000000000000000000, 0.000000000000000000 ) ) ;
#2816 = VECTOR ( 'NONE', #3933, 1000.000000000000000 ) ;
#2817 = CARTESIAN_POINT ( 'NONE',  ( 7.099999999999996092, 1.100000000000000089, -4.900000000000001243 ) ) ;
#2818 = ORIENTED_EDGE ( 'NONE', *, *, #1777, .T. ) ;
#2819 = CARTESIAN_POINT ( 'NONE',  ( 15.46135769493380074, 0.000000000000000000, 0.3999999999999999667 ) ) ;
#2820 = VECTOR ( 'NONE', #2985, 1000.000000000000000 ) ;
#2821 = LINE ( 'NONE', #2009, #4057 ) ;
#2822 = CARTESIAN_POINT ( 'NONE',  ( 12.38003102824222701, 27.63430209709858332, 0.4000000000000010214 ) ) ;
#2823 = AXIS2_PLACEMENT_3D ( 'NONE', #2960, #1762, #4412 ) ;
#2824 = DIRECTION ( 'NONE',  ( -0.4092995309963297079, 0.000000000000000000, -0.9124000733922508211 ) ) ;
#2825 = DIRECTION ( 'NONE',  ( 0.000000000000000000, -1.000000000000000000, 0.000000000000000000 ) ) ;
#2826 = ORIENTED_EDGE ( 'NONE', *, *, #3204, .T. ) ;
#2827 = FACE_BOUND ( 'NONE', #1735, .T. ) ;
#2828 = ADVANCED_FACE ( 'NONE', ( #2844 ), #4669, .T. ) ;
#2829 = VECTOR ( 'NONE', #2226, 1000.000000000000000 ) ;
#2830 = VECTOR ( 'NONE', #3230, 1000.000000000000000 ) ;
#2831 = LINE ( 'NONE', #572, #3956 ) ;
#2832 = VECTOR ( 'NONE', #1987, 1000.000000000000000 ) ;
#2833 = CARTESIAN_POINT ( 'NONE',  ( 17.80162685482648399, 27.63430209709858332, 0.4000000000000027978 ) ) ;
#2834 = ORIENTED_EDGE ( 'NONE', *, *, #2256, .T. ) ;
#2835 = DIRECTION ( 'NONE',  ( -1.000000000000000000, 0.000000000000000000, 1.714415645815452031E-16 ) ) ;
#2836 = EDGE_LOOP ( 'NONE', ( #39, #763, #437, #779 ) ) ;
#2837 = EDGE_CURVE ( 'NONE', #1364, #155, #2052, .T. ) ;
#2838 = DIRECTION ( 'NONE',  ( -1.000000000000000000, 0.000000000000000000, -1.407448530797437245E-16 ) ) ;
#2839 = VERTEX_POINT ( 'NONE', #561 ) ;
#2840 = DIRECTION ( 'NONE',  ( 1.000000000000000000, 0.000000000000000000, 0.000000000000000000 ) ) ;
#2841 = LINE ( 'NONE', #4255, #782 ) ;
#2842 = EDGE_CURVE ( 'NONE', #278, #357, #3561, .T. ) ;
#2843 = ORIENTED_EDGE ( 'NONE', *, *, #4374, .F. ) ;
#2844 = FACE_OUTER_BOUND ( 'NONE', #1550, .T. ) ;
#2845 = DIRECTION ( 'NONE',  ( 0.000000000000000000, -1.000000000000000000, 0.000000000000000000 ) ) ;
#2846 = DIRECTION ( 'NONE',  ( -1.000000000000000000, 0.000000000000000000, 0.000000000000000000 ) ) ;
#2847 = ORIENTED_EDGE ( 'NONE', *, *, #1634, .F. ) ;
#2848 = DIRECTION ( 'NONE',  ( 0.000000000000000000, 1.000000000000000000, -0.000000000000000000 ) ) ;
#2849 = FILL_AREA_STYLE_COLOUR ( '', #2987 ) ;
#2850 = ORIENTED_EDGE ( 'NONE', *, *, #3946, .T. ) ;
#2851 = CARTESIAN_POINT ( 'NONE',  ( 30.99999999999999289, 1.100000000000000089, -15.00000000000000000 ) ) ;
#2852 = DIRECTION ( 'NONE',  ( 0.3557458051467863869, 0.000000000000000000, -0.9345827529547421353 ) ) ;
#2853 = ORIENTED_EDGE ( 'NONE', *, *, #2230, .F. ) ;
#2854 = FACE_OUTER_BOUND ( 'NONE', #2836, .T. ) ;
#2855 = VECTOR ( 'NONE', #3666, 1000.000000000000000 ) ;
#2856 = VERTEX_POINT ( 'NONE', #4348 ) ;
#2857 = EDGE_CURVE ( 'NONE', #4829, #3176, #3974, .T. ) ;
#2858 = VECTOR ( 'NONE', #1759, 999.9999999999998863 ) ;
#2859 = FACE_BOUND ( 'NONE', #4034, .T. ) ;
#2860 = ORIENTED_EDGE ( 'NONE', *, *, #4601, .F. ) ;
#2861 = EDGE_CURVE ( 'NONE', #3903, #4708, #3212, .T. ) ;
#2862 = DIRECTION ( 'NONE',  ( -1.000000000000000000, 0.000000000000000000, 0.000000000000000000 ) ) ;
#2863 = DIRECTION ( 'NONE',  ( -0.3826834323650914471, 0.000000000000000000, 0.9238795325112860723 ) ) ;
#2864 = VECTOR ( 'NONE', #3121, 1000.000000000000000 ) ;
#2865 = VECTOR ( 'NONE', #2067, 1000.000000000000000 ) ;
#2866 = VERTEX_POINT ( 'NONE', #2469 ) ;
#2867 = EDGE_CURVE ( 'NONE', #959, #731, #1337, .T. ) ;
#2868 = EDGE_CURVE ( 'NONE', #2096, #1467, #2027, .T. ) ;
#2869 = DIRECTION ( 'NONE',  ( 0.3557458051467863869, 0.000000000000000000, -0.9345827529547421353 ) ) ;
#2870 = CARTESIAN_POINT ( 'NONE',  ( 14.80852764704162716, 20.00000000000000000, 12.32858493149792878 ) ) ;
#2871 = AXIS2_PLACEMENT_3D ( 'NONE', #3710, #1810, #4771 ) ;
#2872 = DIRECTION ( 'NONE',  ( -0.000000000000000000, -0.000000000000000000, -1.000000000000000000 ) ) ;
#2873 = ORIENTED_EDGE ( 'NONE', *, *, #3743, .F. ) ;
#2874 = LINE ( 'NONE', #4376, #4489 ) ;
#2875 = CARTESIAN_POINT ( 'NONE',  ( 12.46135769493379719, 27.63430209709858332, 3.100000000000000089 ) ) ;
#2876 = ORIENTED_EDGE ( 'NONE', *, *, #195, .T. ) ;
#2877 = LINE ( 'NONE', #1707, #1450 ) ;
#2878 = CARTESIAN_POINT ( 'NONE',  ( 9.075269459310570497, 20.00000000000000000, 1.750000000000000000 ) ) ;
#2879 = DIRECTION ( 'NONE',  ( -1.000000000000000000, 0.000000000000000000, -1.445602896647337931E-16 ) ) ;
#2880 = LINE ( 'NONE', #2240, #4512 ) ;
#2881 = ORIENTED_EDGE ( 'NONE', *, *, #1851, .T. ) ;
#2882 = DIRECTION ( 'NONE',  ( 0.000000000000000000, -1.000000000000000000, 0.000000000000000000 ) ) ;
#2883 = ORIENTED_EDGE ( 'NONE', *, *, #4672, .F. ) ;
#2884 = ORIENTED_EDGE ( 'NONE', *, *, #4256, .T. ) ;
#2885 = CARTESIAN_POINT ( 'NONE',  ( 25.99999999999999645, 0.000000000000000000, -4.881546635374435006 ) ) ;
#2886 = VERTEX_POINT ( 'NONE', #215 ) ;
#2887 = CARTESIAN_POINT ( 'NONE',  ( 27.63093620857273436, 0.000000000000000000, 0.3999999999999993006 ) ) ;
#2888 = EDGE_LOOP ( 'NONE', ( #4461, #662, #1601, #1165 ) ) ;
#2889 = CARTESIAN_POINT ( 'NONE',  ( -5.860000000000002096, 27.63430209709859042, 0.3999999999998820610 ) ) ;
#2890 = DIRECTION ( 'NONE',  ( -0.9124000733922508211, 0.000000000000000000, 0.4092995309963297079 ) ) ;
#2891 = EDGE_CURVE ( 'NONE', #2963, #1456, #4627, .T. ) ;
#2892 = ORIENTED_EDGE ( 'NONE', *, *, #435, .T. ) ;
#2893 = DIRECTION ( 'NONE',  ( 1.000000000000000000, 0.000000000000000000, -6.857662583261808122E-16 ) ) ;
#2894 = DIRECTION ( 'NONE',  ( 1.000000000000000000, 0.000000000000000000, 1.445602896647337684E-16 ) ) ;
#2895 = ADVANCED_FACE ( 'NONE', ( #4259 ), #872, .T. ) ;
#2896 = CARTESIAN_POINT ( 'NONE',  ( 24.49999999999999289, 20.00000000000000000, -15.00000000000000000 ) ) ;
#2897 = EDGE_LOOP ( 'NONE', ( #3131, #768, #246, #3507 ) ) ;
#2898 = DIRECTION ( 'NONE',  ( -1.000000000000000000, 0.000000000000000000, -1.445602896647337931E-16 ) ) ;
#2899 = AXIS2_PLACEMENT_3D ( 'NONE', #1026, #2620, #4129 ) ;
#2900 = LINE ( 'NONE', #591, #2391 ) ;
#2901 = CARTESIAN_POINT ( 'NONE',  ( 32.01469454585968322, 0.000000000000000000, 12.18628660943929098 ) ) ;
#2902 = VERTEX_POINT ( 'NONE', #515 ) ;
#2903 = FACE_OUTER_BOUND ( 'NONE', #364, .T. ) ;
#2904 = VECTOR ( 'NONE', #399, 1000.000000000000000 ) ;
#2905 = EDGE_CURVE ( 'NONE', #2983, #606, #145, .T. ) ;
#2906 = LINE ( 'NONE', #1788, #2386 ) ;
#2907 = DIRECTION ( 'NONE',  ( 1.000000000000000000, 0.000000000000000000, 0.000000000000000000 ) ) ;
#2908 = VERTEX_POINT ( 'NONE', #1779 ) ;
#2909 = LINE ( 'NONE', #3333, #3996 ) ;
#2910 = VECTOR ( 'NONE', #1036, 1000.000000000000000 ) ;
#2911 = AXIS2_PLACEMENT_3D ( 'NONE', #1113, #3314, #767 ) ;
#2912 = ORIENTED_EDGE ( 'NONE', *, *, #4565, .F. ) ;
#2913 = ORIENTED_EDGE ( 'NONE', *, *, #1357, .T. ) ;
#2914 = CIRCLE ( 'NONE', #2516, 2.074999999999999734 ) ;
#2915 = ORIENTED_EDGE ( 'NONE', *, *, #393, .T. ) ;
#2916 = DIRECTION ( 'NONE',  ( 0.000000000000000000, 0.000000000000000000, 1.000000000000000000 ) ) ;
#2917 = VERTEX_POINT ( 'NONE', #1014 ) ;
#2918 = DIRECTION ( 'NONE',  ( 1.000000000000000000, 0.000000000000000000, -0.000000000000000000 ) ) ;
#2919 = CARTESIAN_POINT ( 'NONE',  ( 9.499999999999994671, 20.00000000000000000, -15.00000000000000000 ) ) ;
#2920 = PLANE ( 'NONE',  #3609 ) ;
#2921 = ADVANCED_FACE ( 'NONE', ( #2174 ), #4770, .F. ) ;
#2922 = VERTEX_POINT ( 'NONE', #4453 ) ;
#2923 = LINE ( 'NONE', #2150, #3344 ) ;
#2924 = FACE_OUTER_BOUND ( 'NONE', #3527, .T. ) ;
#2925 = LINE ( 'NONE', #2582, #1967 ) ;
#2926 = EDGE_CURVE ( 'NONE', #1299, #577, #4059, .T. ) ;
#2927 = LINE ( 'NONE', #4402, #3690 ) ;
#2928 = VERTEX_POINT ( 'NONE', #1724 ) ;
#2929 = CARTESIAN_POINT ( 'NONE',  ( -1.342685261674799820E-15, 20.00000000000000000, 0.3999999999998820610 ) ) ;
#2930 = EDGE_CURVE ( 'NONE', #1566, #396, #4424, .T. ) ;
#2931 = LINE ( 'NONE', #1422, #1129 ) ;
#2932 = LINE ( 'NONE', #4434, #1492 ) ;
#2933 = ORIENTED_EDGE ( 'NONE', *, *, #1331, .F. ) ;
#2934 = CARTESIAN_POINT ( 'NONE',  ( 23.39999999999999503, 18.89999999999999858, -13.89999999999999858 ) ) ;
#2935 = VERTEX_POINT ( 'NONE', #2229 ) ;
#2936 = ADVANCED_FACE ( 'NONE', ( #1464 ), #1094, .F. ) ;
#2937 = ORIENTED_EDGE ( 'NONE', *, *, #2867, .T. ) ;
#2938 = CARTESIAN_POINT ( 'NONE',  ( -1.282395112762153344, 17.94999999999999929, -5.999999999999999112 ) ) ;
#2939 = ORIENTED_EDGE ( 'NONE', *, *, #4081, .F. ) ;
#2940 = LINE ( 'NONE', #310, #3073 ) ;
#2941 = ORIENTED_EDGE ( 'NONE', *, *, #2204, .F. ) ;
#2942 = DIRECTION ( 'NONE',  ( 1.000000000000000000, 0.000000000000000000, 2.187630329860364571E-16 ) ) ;
#2943 = EDGE_CURVE ( 'NONE', #357, #761, #4394, .T. ) ;
#2944 = DIRECTION ( 'NONE',  ( -0.000000000000000000, -1.000000000000000000, -0.000000000000000000 ) ) ;
#2945 = DIRECTION ( 'NONE',  ( 0.3557458051467863869, 0.000000000000000000, -0.9345827529547421353 ) ) ;
#2946 = ORIENTED_EDGE ( 'NONE', *, *, #3950, .F. ) ;
#2947 = VECTOR ( 'NONE', #1748, 1000.000000000000000 ) ;
#2948 = CARTESIAN_POINT ( 'NONE',  ( 33.04135769493380081, 27.63430209709859042, 3.100000000000000533 ) ) ;
#2949 = CARTESIAN_POINT ( 'NONE',  ( -11.72000000000000064, 27.63430209709858332, 3.099999999999994760 ) ) ;
#2950 = AXIS2_PLACEMENT_3D ( 'NONE', #1344, #594, #922 ) ;
#2951 = DIRECTION ( 'NONE',  ( 0.000000000000000000, -1.000000000000000000, 0.000000000000000000 ) ) ;
#2952 = ORIENTED_EDGE ( 'NONE', *, *, #3226, .F. ) ;
#2953 = DIRECTION ( 'NONE',  ( -0.4092995309963232686, 0.000000000000000000, -0.9124000733922537076 ) ) ;
#2954 = DIRECTION ( 'NONE',  ( 3.356713154187989077E-15, 0.000000000000000000, -1.000000000000000000 ) ) ;
#2955 = ORIENTED_EDGE ( 'NONE', *, *, #4181, .F. ) ;
#2956 = CARTESIAN_POINT ( 'NONE',  ( 35.47335921247157842, 27.63430209709858332, 3.100000000000000533 ) ) ;
#2957 = VECTOR ( 'NONE', #2700, 1000.000000000000000 ) ;
#2958 = ADVANCED_FACE ( 'NONE', ( #4084 ), #3241, .T. ) ;
#2959 = CARTESIAN_POINT ( 'NONE',  ( 22.09999999999999787, 18.89999999999999858, -3.781546635374434917 ) ) ;
#2960 = CARTESIAN_POINT ( 'NONE',  ( 14.43469454585967782, 27.63430209709858332, 12.18628660943929098 ) ) ;
#2961 = ORIENTED_EDGE ( 'NONE', *, *, #1177, .T. ) ;
#2962 = CARTESIAN_POINT ( 'NONE',  ( 39.50000000000000000, 0.000000000000000000, 0.000000000000000000 ) ) ;
#2963 = VERTEX_POINT ( 'NONE', #4742 ) ;
#2964 = VECTOR ( 'NONE', #1378, 1000.000000000000000 ) ;
#2965 = CARTESIAN_POINT ( 'NONE',  ( 12.03335921247157536, 27.63430209709858332, 3.100000000000000533 ) ) ;
#2966 = EDGE_CURVE ( 'NONE', #1031, #1389, #1834, .T. ) ;
#2967 = ORIENTED_EDGE ( 'NONE', *, *, #2905, .T. ) ;
#2968 = LINE ( 'NONE', #1827, #2753 ) ;
#2969 = EDGE_LOOP ( 'NONE', ( #575, #41, #3324, #1505 ) ) ;
#2970 = DIRECTION ( 'NONE',  ( 1.000000000000000000, 0.000000000000000000, 0.000000000000000000 ) ) ;
#2971 = CARTESIAN_POINT ( 'NONE',  ( 11.94162685482648456, 27.63430209709858332, 0.4000000000000027978 ) ) ;
#2972 = ADVANCED_FACE ( 'NONE', ( #4849 ), #266, .F. ) ;
#2973 = LINE ( 'NONE', #2203, #1099 ) ;
#2974 = ORIENTED_EDGE ( 'NONE', *, *, #2868, .F. ) ;
#2975 = CARTESIAN_POINT ( 'NONE',  ( 33.71535892843427007, 27.63430209709858332, 13.96535892843436244 ) ) ;
#2976 = LINE ( 'NONE', #672, #2076 ) ;
#2977 = CARTESIAN_POINT ( 'NONE',  ( -5.859999999999997655, 20.00000000000000000, 1.950000000000041478 ) ) ;
#2978 = DIRECTION ( 'NONE',  ( 0.000000000000000000, -0.000000000000000000, 1.000000000000000000 ) ) ;
#2979 = VERTEX_POINT ( 'NONE', #639 ) ;
#2980 = LINE ( 'NONE', #2956, #894 ) ;
#2981 = CARTESIAN_POINT ( 'NONE',  ( -7.000000000000000000, 0.000000000000000000, -6.000000000000001776 ) ) ;
#2982 = DIRECTION ( 'NONE',  ( -0.000000000000000000, -1.000000000000000000, -0.000000000000000000 ) ) ;
#2983 = VERTEX_POINT ( 'NONE', #1437 ) ;
#2984 = EDGE_CURVE ( 'NONE', #1480, #2790, #2923, .T. ) ;
#2985 = DIRECTION ( 'NONE',  ( 6.857662583261808122E-16, 0.000000000000000000, 1.000000000000000000 ) ) ;
#2986 = ORIENTED_EDGE ( 'NONE', *, *, #937, .T. ) ;
#2987 = COLOUR_RGB ( '',0.7921568627450980005, 0.8196078431372548767, 0.9333333333333333481 ) ;
#2988 = ORIENTED_EDGE ( 'NONE', *, *, #1056, .F. ) ;
#2989 = FACE_OUTER_BOUND ( 'NONE', #3019, .T. ) ;
#2990 = VECTOR ( 'NONE', #3399, 1000.000000000000114 ) ;
#2991 = AXIS2_PLACEMENT_3D ( 'NONE', #2590, #4097, #4541 ) ;
#2992 = ORIENTED_EDGE ( 'NONE', *, *, #3144, .F. ) ;
#2993 = CARTESIAN_POINT ( 'NONE',  ( 27.49028664413127743, 27.63430209709858332, -11.38684956152296479 ) ) ;
#2994 = EDGE_LOOP ( 'NONE', ( #3551, #3501, #239, #3221 ) ) ;
#2995 = FACE_OUTER_BOUND ( 'NONE', #2104, .T. ) ;
#2996 = EDGE_CURVE ( 'NONE', #1068, #3623, #4115, .T. ) ;
#2997 = VECTOR ( 'NONE', #2838, 1000.000000000000000 ) ;
#2998 = CARTESIAN_POINT ( 'NONE',  ( 34.49999999999999289, 1.100000000000000089, -15.00000000000000000 ) ) ;
#2999 = ORIENTED_EDGE ( 'NONE', *, *, #3166, .T. ) ;
#3000 = CARTESIAN_POINT ( 'NONE',  ( 11.94162685482648456, 20.00000000000000000, 0.4000000000000027978 ) ) ;
#3001 = LINE ( 'NONE', #4454, #3817 ) ;
#3002 = EDGE_CURVE ( 'NONE', #356, #3005, #4371, .T. ) ;
#3003 = CARTESIAN_POINT ( 'NONE',  ( 18.39999999999999147, 18.89999999999999858, -13.89999999999999858 ) ) ;
#3004 = CARTESIAN_POINT ( 'NONE',  ( 38.40000000000000568, 18.89999999999999858, -13.89999999999999858 ) ) ;
#3005 = VERTEX_POINT ( 'NONE', #1359 ) ;
#3006 = CARTESIAN_POINT ( 'NONE',  ( 15.43459061184367442, 0.000000000000000000, 1.950000000000002176 ) ) ;
#3007 = CARTESIAN_POINT ( 'NONE',  ( -5.859999999999997655, 0.000000000000000000, 1.950000000000041478 ) ) ;
#3008 = DIRECTION ( 'NONE',  ( -0.000000000000000000, -1.000000000000000000, -0.000000000000000000 ) ) ;
#3009 = VERTEX_POINT ( 'NONE', #3266 ) ;
#3010 = DIRECTION ( 'NONE',  ( 0.3826834323650900038, 0.000000000000000000, 0.9238795325112867385 ) ) ;
#3011 = VERTEX_POINT ( 'NONE', #983 ) ;
#3012 = VERTEX_POINT ( 'NONE', #3293 ) ;
#3013 = ORIENTED_EDGE ( 'NONE', *, *, #815, .T. ) ;
#3014 = CARTESIAN_POINT ( 'NONE',  ( 15.99999999999999289, 20.00000000000000000, -4.881546635374435894 ) ) ;
#3015 = VERTEX_POINT ( 'NONE', #4794 ) ;
#3016 = PLANE ( 'NONE',  #3852 ) ;
#3017 = EDGE_CURVE ( 'NONE', #2979, #2928, #316, .T. ) ;
#3018 = DIRECTION ( 'NONE',  ( -1.000000000000000000, 0.000000000000000000, 6.857662583261808122E-16 ) ) ;
#3019 = EDGE_LOOP ( 'NONE', ( #2549, #2214, #4615, #2843 ) ) ;
#3020 = DIRECTION ( 'NONE',  ( 0.000000000000000000, 0.000000000000000000, -1.000000000000000000 ) ) ;
#3021 = CARTESIAN_POINT ( 'NONE',  ( 33.40000000000000568, 18.89999999999999858, -3.781546635374434029 ) ) ;
#3022 = CARTESIAN_POINT ( 'NONE',  ( 12.09999999999999432, 18.89999999999999858, -13.89999999999999858 ) ) ;
#3023 = EDGE_CURVE ( 'NONE', #812, #3259, #2551, .T. ) ;
#3024 = EDGE_CURVE ( 'NONE', #1013, #150, #2492, .T. ) ;
#3025 = CARTESIAN_POINT ( 'NONE',  ( 36.00000000000000711, 20.00000000000000000, -4.881546635374434118 ) ) ;
#3026 = CARTESIAN_POINT ( 'NONE',  ( -5.859999999999999432, 20.00000000000000000, 1.550000000000029354 ) ) ;
#3027 = EDGE_LOOP ( 'NONE', ( #2536, #345, #2566, #4248 ) ) ;
#3028 = CARTESIAN_POINT ( 'NONE',  ( 28.39999999999999147, 18.89999999999999858, -3.781546635374434029 ) ) ;
#3029 = VECTOR ( 'NONE', #1172, 1000.000000000000000 ) ;
#3030 = CARTESIAN_POINT ( 'NONE',  ( -1.282395112762152678, -2.958228394578794270E-31, -5.999999999999999112 ) ) ;
#3031 = ADVANCED_FACE ( 'NONE', ( #1490 ), #4232, .F. ) ;
#3032 = CARTESIAN_POINT ( 'NONE',  ( 12.09999999999999432, 1.100000000000000089, -13.89999999999999858 ) ) ;
#3033 = ORIENTED_EDGE ( 'NONE', *, *, #3866, .F. ) ;
#3034 = VECTOR ( 'NONE', #1947, 1000.000000000000000 ) ;
#3035 = PLANE ( 'NONE',  #2499 ) ;
#3036 = ORIENTED_EDGE ( 'NONE', *, *, #2943, .F. ) ;
#3037 = AXIS2_PLACEMENT_3D ( 'NONE', #4488, #3665, #273 ) ;
#3038 = VERTEX_POINT ( 'NONE', #4578 ) ;
#3039 = ORIENTED_EDGE ( 'NONE', *, *, #2459, .F. ) ;
#3040 = LINE ( 'NONE', #4246, #3224 ) ;
#3041 = ORIENTED_EDGE ( 'NONE', *, *, #3198, .F. ) ;
#3042 = PLANE ( 'NONE',  #1887 ) ;
#3043 = AXIS2_PLACEMENT_3D ( 'NONE', #1466, #4142, #4117 ) ;
#3044 = CARTESIAN_POINT ( 'NONE',  ( 8.399999999999995026, 18.89999999999999858, -13.89999999999999858 ) ) ;
#3045 = ORIENTED_EDGE ( 'NONE', *, *, #3472, .F. ) ;
#3046 = LINE ( 'NONE', #1862, #2072 ) ;
#3047 = EDGE_CURVE ( 'NONE', #2886, #3009, #3786, .T. ) ;
#3048 = CARTESIAN_POINT ( 'NONE',  ( 25.99999999999999645, 0.000000000000000000, -15.00000000000000000 ) ) ;
#3049 = LINE ( 'NONE', #2303, #3826 ) ;
#3050 = DIRECTION ( 'NONE',  ( 1.000000000000000000, 0.000000000000000000, 3.356713154187989077E-15 ) ) ;
#3051 = DIRECTION ( 'NONE',  ( 0.3557458051467840554, 0.000000000000000000, -0.9345827529547431345 ) ) ;
#3052 = DIRECTION ( 'NONE',  ( -1.000000000000000000, 0.000000000000000000, 3.854941057726242041E-16 ) ) ;
#3053 = EDGE_CURVE ( 'NONE', #1364, #2839, #3443, .T. ) ;
#3054 = DIRECTION ( 'NONE',  ( -1.000000000000000000, 0.000000000000000000, 0.000000000000000000 ) ) ;
#3055 = CARTESIAN_POINT ( 'NONE',  ( 36.00000000000000711, 0.000000000000000000, -4.881546635374434118 ) ) ;
#3056 = EDGE_LOOP ( 'NONE', ( #1227, #638, #560, #3033, #3842, #982 ) ) ;
#3057 = LINE ( 'NONE', #427, #775 ) ;
#3058 = ORIENTED_EDGE ( 'NONE', *, *, #4509, .T. ) ;
#3059 = LINE ( 'NONE', #475, #3427 ) ;
#3060 = EDGE_CURVE ( 'NONE', #1441, #1482, #2300, .T. ) ;
#3061 = VECTOR ( 'NONE', #2308, 1000.000000000000000 ) ;
#3062 = ORIENTED_EDGE ( 'NONE', *, *, #1383, .F. ) ;
#3063 = EDGE_LOOP ( 'NONE', ( #4814, #3339, #1055, #2126 ) ) ;
#3064 = DIRECTION ( 'NONE',  ( -1.000000000000000000, 0.000000000000000000, 3.711578864342414090E-16 ) ) ;
#3065 = VECTOR ( 'NONE', #4776, 1000.000000000000114 ) ;
#3066 = EDGE_LOOP ( 'NONE', ( #4501, #2428, #3891, #4074 ) ) ;
#3067 = EDGE_CURVE ( 'NONE', #2778, #4885, #24, .T. ) ;
#3068 = AXIS2_PLACEMENT_3D ( 'NONE', #2403, #2426, #567 ) ;
#3069 = CARTESIAN_POINT ( 'NONE',  ( 14.49999999999999467, 0.000000000000000000, -4.881546635374435894 ) ) ;
#3070 = ORIENTED_EDGE ( 'NONE', *, *, #906, .T. ) ;
#3071 = CARTESIAN_POINT ( 'NONE',  ( -11.72000000000000064, 27.63430209709858332, 3.099999999999992095 ) ) ;
#3072 = VECTOR ( 'NONE', #1117, 1000.000000000000114 ) ;
#3073 = VECTOR ( 'NONE', #2249, 1000.000000000000000 ) ;
#3074 = VECTOR ( 'NONE', #3836, 1000.000000000000000 ) ;
#3075 = LINE ( 'NONE', #1957, #1062 ) ;
#3076 = EDGE_CURVE ( 'NONE', #4760, #4136, #3805, .T. ) ;
#3077 = CARTESIAN_POINT ( 'NONE',  ( 29.49999999999999289, 0.000000000000000000, -4.881546635374434118 ) ) ;
#3078 = CARTESIAN_POINT ( 'NONE',  ( 23.44490271243247648, 0.000000000000000000, -13.14607844286650185 ) ) ;
#3079 = ORIENTED_EDGE ( 'NONE', *, *, #4111, .F. ) ;
#3080 = CARTESIAN_POINT ( 'NONE',  ( -1.282395112762152456, 4.950000000000001066, -5.999999999999999112 ) ) ;
#3081 = EDGE_CURVE ( 'NONE', #2714, #1211, #391, .T. ) ;
#3082 = DIRECTION ( 'NONE',  ( -2.187630329860364324E-16, 0.000000000000000000, 1.000000000000000000 ) ) ;
#3083 = CARTESIAN_POINT ( 'NONE',  ( 24.49999999999999289, 20.00000000000000000, -4.881546635374435006 ) ) ;
#3084 = ADVANCED_FACE ( 'NONE', ( #4187 ), #1886, .T. ) ;
#3085 = PLANE ( 'NONE',  #3213 ) ;
#3086 = ORIENTED_EDGE ( 'NONE', *, *, #2329, .F. ) ;
#3087 = DIRECTION ( 'NONE',  ( 0.000000000000000000, -1.000000000000000000, 0.000000000000000000 ) ) ;
#3088 = ORIENTED_EDGE ( 'NONE', *, *, #1738, .F. ) ;
#3089 = EDGE_CURVE ( 'NONE', #3466, #1474, #1145, .T. ) ;
#3090 = ORIENTED_EDGE ( 'NONE', *, *, #4534, .T. ) ;
#3091 = ADVANCED_FACE ( 'NONE', ( #1192 ), #773, .F. ) ;
#3092 = CARTESIAN_POINT ( 'NONE',  ( 7.099999999999996980, 18.89999999999999858, -1.100000000000000311 ) ) ;
#3093 = ORIENTED_EDGE ( 'NONE', *, *, #2537, .T. ) ;
#3094 = PLANE ( 'NONE',  #457 ) ;
#3095 = ORIENTED_EDGE ( 'NONE', *, *, #852, .F. ) ;
#3096 = CARTESIAN_POINT ( 'NONE',  ( 32.09999999999998721, 18.89999999999999858, -13.89999999999999858 ) ) ;
#3097 = LINE ( 'NONE', #3787, #2323 ) ;
#3098 = VECTOR ( 'NONE', #324, 1000.000000000000000 ) ;
#3099 = CARTESIAN_POINT ( 'NONE',  ( 22.09999999999999432, 1.100000000000000089, -13.89999999999999858 ) ) ;
#3100 = DIRECTION ( 'NONE',  ( 3.428831291630904061E-16, 0.000000000000000000, 1.000000000000000000 ) ) ;
#3101 = DIRECTION ( 'NONE',  ( -0.3557458051467863869, 0.000000000000000000, 0.9345827529547421353 ) ) ;
#3102 = CARTESIAN_POINT ( 'NONE',  ( 36.42000720206792863, 20.00000000000000000, 1.737451581485168317 ) ) ;
#3103 = PLANE ( 'NONE',  #2424 ) ;
#3104 = DIRECTION ( 'NONE',  ( -0.000000000000000000, -1.000000000000000000, -0.000000000000000000 ) ) ;
#3105 = VERTEX_POINT ( 'NONE', #2630 ) ;
#3106 = DIRECTION ( 'NONE',  ( -1.000000000000000000, 0.000000000000000000, -2.187630329860364571E-16 ) ) ;
#3107 = VECTOR ( 'NONE', #4531, 1000.000000000000000 ) ;
#3108 = EDGE_CURVE ( 'NONE', #2770, #1554, #2326, .T. ) ;
#3109 = ORIENTED_EDGE ( 'NONE', *, *, #2446, .T. ) ;
#3110 = VECTOR ( 'NONE', #335, 999.9999999999998863 ) ;
#3111 = VERTEX_POINT ( 'NONE', #1910 ) ;
#3112 = DIRECTION ( 'NONE',  ( -1.000000000000000000, 0.000000000000000000, 1.197801575966169987E-15 ) ) ;
#3113 = VERTEX_POINT ( 'NONE', #3830 ) ;
#3114 = AXIS2_PLACEMENT_3D ( 'NONE', #1420, #3717, #678 ) ;
#3115 = EDGE_CURVE ( 'NONE', #4684, #1050, #2676, .T. ) ;
#3116 = EDGE_LOOP ( 'NONE', ( #2335, #445, #1239, #1444 ) ) ;
#3117 = LINE ( 'NONE', #3947, #1534 ) ;
#3118 = PLANE ( 'NONE',  #4061 ) ;
#3119 = EDGE_CURVE ( 'NONE', #3987, #913, #438, .T. ) ;
#3120 = FACE_BOUND ( 'NONE', #2804, .T. ) ;
#3121 = DIRECTION ( 'NONE',  ( -1.000000000000000000, 0.000000000000000000, 8.273704753157721312E-16 ) ) ;
#3122 = ORIENTED_EDGE ( 'NONE', *, *, #113, .F. ) ;
#3123 = LINE ( 'NONE', #1150, #1761 ) ;
#3124 = CARTESIAN_POINT ( 'NONE',  ( 26.62216938573012825, 0.000000000000000000, 1.749999999999999778 ) ) ;
#3125 = CARTESIAN_POINT ( 'NONE',  ( 29.30490271243247946, 20.00000000000000000, -13.14607844286650185 ) ) ;
#3126 = LINE ( 'NONE', #1525, #4635 ) ;
#3127 = ORIENTED_EDGE ( 'NONE', *, *, #4444, .T. ) ;
#3128 = LINE ( 'NONE', #1858, #3110 ) ;
#3129 = DIRECTION ( 'NONE',  ( -1.000000000000000000, 0.000000000000000000, 0.000000000000000000 ) ) ;
#3130 = EDGE_CURVE ( 'NONE', #3949, #4058, #73, .T. ) ;
#3131 = ORIENTED_EDGE ( 'NONE', *, *, #226, .F. ) ;
#3132 = DIRECTION ( 'NONE',  ( 1.000000000000000000, 0.000000000000000000, 3.356713154187989077E-15 ) ) ;
#3133 = ORIENTED_EDGE ( 'NONE', *, *, #3446, .T. ) ;
#3134 = VECTOR ( 'NONE', #3195, 1000.000000000000000 ) ;
#3135 = VERTEX_POINT ( 'NONE', #798 ) ;
#3136 = EDGE_CURVE ( 'NONE', #3603, #728, #1585, .T. ) ;
#3137 = CARTESIAN_POINT ( 'NONE',  ( 33.01459061184367982, 27.63430209709858332, 1.950000000000002176 ) ) ;
#3138 = CARTESIAN_POINT ( 'NONE',  ( 5.999999999999994671, 15.05000000000000071, -7.400000000000003020 ) ) ;
#3139 = VECTOR ( 'NONE', #1563, 1000.000000000000000 ) ;
#3140 = DIRECTION ( 'NONE',  ( -4.180056568618812977E-16, 0.000000000000000000, -1.000000000000000000 ) ) ;
#3141 = VECTOR ( 'NONE', #1558, 1000.000000000000000 ) ;
#3142 = VECTOR ( 'NONE', #1982, 1000.000000000000000 ) ;
#3143 = ORIENTED_EDGE ( 'NONE', *, *, #2632, .F. ) ;
#3144 = EDGE_CURVE ( 'NONE', #772, #4286, #3046, .T. ) ;
#3145 = CARTESIAN_POINT ( 'NONE',  ( 14.90216938573012762, 20.00000000000000000, 1.749999999999999778 ) ) ;
#3146 = FACE_OUTER_BOUND ( 'NONE', #975, .T. ) ;
#3147 = VECTOR ( 'NONE', #4072, 1000.000000000000000 ) ;
#3148 = DIRECTION ( 'NONE',  ( -0.000000000000000000, -1.000000000000000000, -0.000000000000000000 ) ) ;
#3149 = EDGE_LOOP ( 'NONE', ( #1512, #4851, #3203, #1526 ) ) ;
#3150 = CARTESIAN_POINT ( 'NONE',  ( 15.76580711542979429, 20.00000000000000000, 13.81228555548828574 ) ) ;
#3151 = DIRECTION ( 'NONE',  ( 0.3557458051467863869, 0.000000000000000000, -0.9345827529547421353 ) ) ;
#3152 = ORIENTED_EDGE ( 'NONE', *, *, #1330, .F. ) ;
#3153 = DIRECTION ( 'NONE',  ( 0.3826834323650901148, 0.000000000000000000, -0.9238795325112867385 ) ) ;
#3154 = VERTEX_POINT ( 'NONE', #3000 ) ;
#3155 = ORIENTED_EDGE ( 'NONE', *, *, #3534, .F. ) ;
#3156 = CARTESIAN_POINT ( 'NONE',  ( 9.800143193463485503, 0.000000000000000000, 3.499999999999999556 ) ) ;
#3157 = VERTEX_POINT ( 'NONE', #4898 ) ;
#3158 = ORIENTED_EDGE ( 'NONE', *, *, #1603, .T. ) ;
#3159 = CARTESIAN_POINT ( 'NONE',  ( 37.09999999999999432, 18.89999999999999858, -13.89999999999999858 ) ) ;
#3160 = DIRECTION ( 'NONE',  ( 0.3826834323650900038, 0.000000000000000000, 0.9238795325112867385 ) ) ;
#3161 = EDGE_CURVE ( 'NONE', #2096, #4273, #1166, .T. ) ;
#3162 = VECTOR ( 'NONE', #735, 1000.000000000000000 ) ;
#3163 = ORIENTED_EDGE ( 'NONE', *, *, #4826, .F. ) ;
#3164 = DIRECTION ( 'NONE',  ( 0.000000000000000000, -1.000000000000000000, 0.000000000000000000 ) ) ;
#3165 = CARTESIAN_POINT ( 'NONE',  ( 7.099999999999996980, 10.00000000000000000, -3.000000000000000000 ) ) ;
#3166 = EDGE_CURVE ( 'NONE', #276, #170, #3117, .T. ) ;
#3167 = EDGE_CURVE ( 'NONE', #3284, #4572, #911, .T. ) ;
#3168 = DIRECTION ( 'NONE',  ( -0.000000000000000000, -1.000000000000000000, -0.000000000000000000 ) ) ;
#3169 = LINE ( 'NONE', #4307, #4795 ) ;
#3170 = EDGE_LOOP ( 'NONE', ( #2205, #3552, #4650, #1196 ) ) ;
#3171 = FACE_OUTER_BOUND ( 'NONE', #628, .T. ) ;
#3172 = AXIS2_PLACEMENT_3D ( 'NONE', #109, #3594, #197 ) ;
#3173 = DIRECTION ( 'NONE',  ( -1.197801575966169987E-15, 0.000000000000000000, -1.000000000000000000 ) ) ;
#3174 = EDGE_CURVE ( 'NONE', #3343, #1185, #3850, .T. ) ;
#3175 = FACE_OUTER_BOUND ( 'NONE', #1350, .T. ) ;
#3176 = VERTEX_POINT ( 'NONE', #1626 ) ;
#3177 = VECTOR ( 'NONE', #1809, 1000.000000000000000 ) ;
#3178 = LINE ( 'NONE', #1300, #3544 ) ;
#3179 = ORIENTED_EDGE ( 'NONE', *, *, #3232, .T. ) ;
#3180 = AXIS2_PLACEMENT_3D ( 'NONE', #1972, #85, #2225 ) ;
#3181 = DIRECTION ( 'NONE',  ( 0.000000000000000000, 0.000000000000000000, 1.000000000000000000 ) ) ;
#3182 = ORIENTED_EDGE ( 'NONE', *, *, #87, .F. ) ;
#3183 = VECTOR ( 'NONE', #2845, 1000.000000000000000 ) ;
#3184 = CARTESIAN_POINT ( 'NONE',  ( 26.24837024835333565, 20.00000000000000000, -13.29972242256474146 ) ) ;
#3185 = DIRECTION ( 'NONE',  ( -0.9345827529547422463, 0.000000000000000000, -0.3557458051467864424 ) ) ;
#3186 = VECTOR ( 'NONE', #2327, 1000.000000000000000 ) ;
#3187 = EDGE_CURVE ( 'NONE', #1467, #2866, #4646, .T. ) ;
#3188 = ORIENTED_EDGE ( 'NONE', *, *, #1203, .T. ) ;
#3189 = FACE_OUTER_BOUND ( 'NONE', #3319, .T. ) ;
#3190 = VECTOR ( 'NONE', #4212, 1000.000000000000000 ) ;
#3191 = PLANE ( 'NONE',  #104 ) ;
#3192 = LINE ( 'NONE', #4653, #702 ) ;
#3193 = EDGE_LOOP ( 'NONE', ( #4098, #711, #1401, #3229, #2318, #934 ) ) ;
#3194 = CARTESIAN_POINT ( 'NONE',  ( 15.99999999999999289, 1.100000000000000089, -15.00000000000000000 ) ) ;
#3195 = DIRECTION ( 'NONE',  ( 0.000000000000000000, -1.000000000000000000, 0.000000000000000000 ) ) ;
#3196 = ORIENTED_EDGE ( 'NONE', *, *, #508, .T. ) ;
#3197 = FACE_BOUND ( 'NONE', #214, .T. ) ;
#3198 = EDGE_CURVE ( 'NONE', #4542, #3350, #1334, .T. ) ;
#3199 = CARTESIAN_POINT ( 'NONE',  ( 38.90135769493380025, 20.00000000000000000, 0.3999999999999999667 ) ) ;
#3200 = ORIENTED_EDGE ( 'NONE', *, *, #2543, .T. ) ;
#3201 = ORIENTED_EDGE ( 'NONE', *, *, #3289, .T. ) ;
#3202 = PLANE ( 'NONE',  #1012 ) ;
#3203 = ORIENTED_EDGE ( 'NONE', *, *, #3827, .T. ) ;
#3204 = EDGE_CURVE ( 'NONE', #1031, #3992, #4322, .T. ) ;
#3205 = FACE_BOUND ( 'NONE', #684, .T. ) ;
#3206 = VERTEX_POINT ( 'NONE', #4691 ) ;
#3207 = CARTESIAN_POINT ( 'NONE',  ( 23.80986274178956918, 20.00000000000000000, -13.30979825526486948 ) ) ;
#3208 = LINE ( 'NONE', #958, #2199 ) ;
#3209 = AXIS2_PLACEMENT_3D ( 'NONE', #3744, #3082, #1198 ) ;
#3210 = DIRECTION ( 'NONE',  ( -0.9238795325112887369, 0.000000000000000000, 0.3826834323650849523 ) ) ;
#3211 = ORIENTED_EDGE ( 'NONE', *, *, #4154, .T. ) ;
#3212 = LINE ( 'NONE', #4720, #2864 ) ;
#3213 = AXIS2_PLACEMENT_3D ( 'NONE', #2708, #3770, #4632 ) ;
#3214 = CARTESIAN_POINT ( 'NONE',  ( 27.15459061184367684, 0.000000000000000000, 1.950000000000002176 ) ) ;
#3215 = EDGE_CURVE ( 'NONE', #2293, #1765, #4253, .T. ) ;
#3216 = DIRECTION ( 'NONE',  ( 1.000000000000000000, 0.000000000000000000, -0.000000000000000000 ) ) ;
#3217 = AXIS2_PLACEMENT_3D ( 'NONE', #58, #1572, #4171 ) ;
#3218 = ORIENTED_EDGE ( 'NONE', *, *, #956, .T. ) ;
#3219 = FACE_OUTER_BOUND ( 'NONE', #37, .T. ) ;
#3220 = CARTESIAN_POINT ( 'NONE',  ( -23.44000000000000128, 27.63430209709858332, 3.099999999999994760 ) ) ;
#3221 = ORIENTED_EDGE ( 'NONE', *, *, #3918, .F. ) ;
#3222 = FACE_BOUND ( 'NONE', #3540, .T. ) ;
#3223 = VECTOR ( 'NONE', #2793, 1000.000000000000114 ) ;
#3224 = VECTOR ( 'NONE', #4202, 1000.000000000000000 ) ;
#3225 = LINE ( 'NONE', #595, #2782 ) ;
#3226 = EDGE_CURVE ( 'NONE', #810, #552, #3514, .T. ) ;
#3227 = CARTESIAN_POINT ( 'NONE',  ( -4.481368979606739499E-16, 0.000000000000000000, 3.099999999999994760 ) ) ;
#3228 = EDGE_CURVE ( 'NONE', #1470, #3494, #2047, .T. ) ;
#3229 = ORIENTED_EDGE ( 'NONE', *, *, #3053, .F. ) ;
#3230 = DIRECTION ( 'NONE',  ( -0.4092995309963232686, 0.000000000000000000, -0.9124000733922535966 ) ) ;
#3231 = ORIENTED_EDGE ( 'NONE', *, *, #323, .F. ) ;
#3232 = EDGE_CURVE ( 'NONE', #2263, #3693, #2371, .T. ) ;
#3233 = CARTESIAN_POINT ( 'NONE',  ( 17.09999999999999432, 18.89999999999999858, -3.781546635374435361 ) ) ;
#3234 = ADVANCED_FACE ( 'NONE', ( #486 ), #3489, .T. ) ;
#3235 = ORIENTED_EDGE ( 'NONE', *, *, #2171, .F. ) ;
#3236 = PLANE ( 'NONE',  #532 ) ;
#3237 = ORIENTED_EDGE ( 'NONE', *, *, #3837, .F. ) ;
#3238 = DIRECTION ( 'NONE',  ( 1.000000000000000000, 0.000000000000000000, -0.000000000000000000 ) ) ;
#3239 = CARTESIAN_POINT ( 'NONE',  ( 33.04135769493380081, 20.00000000000000000, 0.3999999999999999667 ) ) ;
#3240 = ORIENTED_EDGE ( 'NONE', *, *, #1097, .F. ) ;
#3241 = PLANE ( 'NONE',  #4137 ) ;
#3242 = LINE ( 'NONE', #4372, #3898 ) ;
#3243 = LINE ( 'NONE', #2527, #4103 ) ;
#3244 = ORIENTED_EDGE ( 'NONE', *, *, #1428, .T. ) ;
#3245 = DIRECTION ( 'NONE',  ( -1.000000000000000000, -0.000000000000000000, -0.000000000000000000 ) ) ;
#3246 = DIRECTION ( 'NONE',  ( -1.445602896647337684E-16, 0.000000000000000000, 1.000000000000000000 ) ) ;
#3247 = ORIENTED_EDGE ( 'NONE', *, *, #1439, .T. ) ;
#3248 = DIRECTION ( 'NONE',  ( 0.000000000000000000, 0.000000000000000000, -1.000000000000000000 ) ) ;
#3249 = CARTESIAN_POINT ( 'NONE',  ( 15.43459061184367442, 20.00000000000000000, 1.950000000000002176 ) ) ;
#3250 = DIRECTION ( 'NONE',  ( 1.000000000000000000, 0.000000000000000000, -0.000000000000000000 ) ) ;
#3251 = ORIENTED_EDGE ( 'NONE', *, *, #4526, .T. ) ;
#3252 = EDGE_CURVE ( 'NONE', #1154, #3154, #4275, .T. ) ;
#3253 = DIRECTION ( 'NONE',  ( 1.000000000000000000, 0.000000000000000000, -1.197801575966169987E-15 ) ) ;
#3254 = ORIENTED_EDGE ( 'NONE', *, *, #2413, .F. ) ;
#3255 = ORIENTED_EDGE ( 'NONE', *, *, #4575, .F. ) ;
#3256 = DIRECTION ( 'NONE',  ( -1.000000000000000000, 0.000000000000000000, -1.407448530797437245E-16 ) ) ;
#3257 = CIRCLE ( 'NONE', #1135, 2.074999999999999734 ) ;
#3258 = FACE_BOUND ( 'NONE', #3530, .T. ) ;
#3259 = VERTEX_POINT ( 'NONE', #4344 ) ;
#3260 = PLANE ( 'NONE',  #493 ) ;
#3261 = DIRECTION ( 'NONE',  ( 6.857662583261808122E-16, 0.000000000000000000, 1.000000000000000000 ) ) ;
#3262 = VECTOR ( 'NONE', #1308, 1000.000000000000000 ) ;
#3263 = EDGE_CURVE ( 'NONE', #4018, #2983, #3557, .T. ) ;
#3264 = VECTOR ( 'NONE', #835, 1000.000000000000000 ) ;
#3265 = ORIENTED_EDGE ( 'NONE', *, *, #3115, .F. ) ;
#3266 = CARTESIAN_POINT ( 'NONE',  ( 24.19110287361381850, 0.000000000000000000, 1.949999999999998623 ) ) ;
#3267 = DIRECTION ( 'NONE',  ( 0.000000000000000000, -0.000000000000000000, 1.000000000000000000 ) ) ;
#3268 = EDGE_CURVE ( 'NONE', #4684, #4752, #2814, .T. ) ;
#3269 = VECTOR ( 'NONE', #1465, 1000.000000000000000 ) ;
#3270 = DIRECTION ( 'NONE',  ( -1.000000000000000000, 0.000000000000000000, 0.000000000000000000 ) ) ;
#3271 = EDGE_LOOP ( 'NONE', ( #1002, #3413, #593, #1717, #1132, #4443 ) ) ;
#3272 = DIRECTION ( 'NONE',  ( 1.000000000000000000, 0.000000000000000000, 6.927809408853061406E-18 ) ) ;
#3273 = CARTESIAN_POINT ( 'NONE',  ( 7.099999999999994316, 18.89999999999999858, -13.89999999999999858 ) ) ;
#3274 = EDGE_LOOP ( 'NONE', ( #1449, #2017, #1698, #2412 ) ) ;
#3275 = FACE_OUTER_BOUND ( 'NONE', #2211, .T. ) ;
#3276 = CARTESIAN_POINT ( 'NONE',  ( -7.000000000000000000, 20.00000000000000000, -6.000000000000004441 ) ) ;
#3277 = DIRECTION ( 'NONE',  ( -6.857662583261808122E-16, -0.000000000000000000, -1.000000000000000000 ) ) ;
#3278 = ORIENTED_EDGE ( 'NONE', *, *, #2390, .F. ) ;
#3279 = DIRECTION ( 'NONE',  ( 0.000000000000000000, 0.000000000000000000, -1.000000000000000000 ) ) ;
#3280 = ORIENTED_EDGE ( 'NONE', *, *, #1506, .T. ) ;
#3281 = ADVANCED_FACE ( 'NONE', ( #2395 ), #935, .T. ) ;
#3282 = VERTEX_POINT ( 'NONE', #511 ) ;
#3283 = DIRECTION ( 'NONE',  ( 0.9238795325112861834, 0.000000000000000000, -0.3826834323650913361 ) ) ;
#3284 = VERTEX_POINT ( 'NONE', #2023 ) ;
#3285 = DIRECTION ( 'NONE',  ( 0.000000000000000000, -1.000000000000000000, 0.000000000000000000 ) ) ;
#3286 = ORIENTED_EDGE ( 'NONE', *, *, #1768, .T. ) ;
#3287 = CARTESIAN_POINT ( 'NONE',  ( 29.49999999999999289, 20.00000000000000000, -4.881546635374434118 ) ) ;
#3288 = LINE ( 'NONE', #692, #4399 ) ;
#3289 = EDGE_CURVE ( 'NONE', #2284, #1880, #1281, .T. ) ;
#3290 = PLANE ( 'NONE',  #3307 ) ;
#3291 = EDGE_CURVE ( 'NONE', #2263, #453, #182, .T. ) ;
#3292 = ORIENTED_EDGE ( 'NONE', *, *, #3329, .T. ) ;
#3293 = CARTESIAN_POINT ( 'NONE',  ( 18.24003102824222822, 0.000000000000000000, 0.4000000000000010214 ) ) ;
#3294 = CARTESIAN_POINT ( 'NONE',  ( 27.48580711542979671, 20.00000000000000000, 13.81228555548828574 ) ) ;
#3295 = LINE ( 'NONE', #4825, #689 ) ;
#3296 = ADVANCED_FACE ( 'NONE', ( #464 ), #1980, .F. ) ;
#3297 = ORIENTED_EDGE ( 'NONE', *, *, #4313, .F. ) ;
#3298 = LINE ( 'NONE', #2977, #4715 ) ;
#3299 = DIRECTION ( 'NONE',  ( -1.000000000000000000, 0.000000000000000000, -3.356713154187989077E-15 ) ) ;
#3300 = ORIENTED_EDGE ( 'NONE', *, *, #1929, .F. ) ;
#3301 = LINE ( 'NONE', #4406, #1608 ) ;
#3302 = AXIS2_PLACEMENT_3D ( 'NONE', #3453, #376, #1897 ) ;
#3303 = CARTESIAN_POINT ( 'NONE',  ( 28.72772351120764611, 20.00000000000000000, 11.89941269444658012 ) ) ;
#3304 = DIRECTION ( 'NONE',  ( 3.854941057726242534E-16, -0.000000000000000000, 1.000000000000000000 ) ) ;
#3305 = ORIENTED_EDGE ( 'NONE', *, *, #1439, .F. ) ;
#3306 = DIRECTION ( 'NONE',  ( 0.000000000000000000, 0.000000000000000000, -1.000000000000000000 ) ) ;
#3307 = AXIS2_PLACEMENT_3D ( 'NONE', #2252, #1807, #1092 ) ;
#3308 = AXIS2_PLACEMENT_3D ( 'NONE', #816, #90, #2716 ) ;
#3309 = ORIENTED_EDGE ( 'NONE', *, *, #79, .F. ) ;
#3310 = AXIS2_PLACEMENT_3D ( 'NONE', #2774, #1243, #495 ) ;
#3311 = VERTEX_POINT ( 'NONE', #1721 ) ;
#3312 = DIRECTION ( 'NONE',  ( 0.000000000000000000, -1.000000000000000000, 0.000000000000000000 ) ) ;
#3313 = VERTEX_POINT ( 'NONE', #284 ) ;
#3314 = DIRECTION ( 'NONE',  ( 1.000000000000000000, 0.000000000000000000, 0.000000000000000000 ) ) ;
#3315 = ORIENTED_EDGE ( 'NONE', *, *, #960, .T. ) ;
#3316 = CARTESIAN_POINT ( 'NONE',  ( -5.860000000000001208, 27.63430209709859042, 3.099999999999992095 ) ) ;
#3317 = LINE ( 'NONE', #1830, #4325 ) ;
#3318 = CARTESIAN_POINT ( 'NONE',  ( 27.18135769493380138, 0.000000000000000000, 3.100000000000000533 ) ) ;
#3319 = EDGE_LOOP ( 'NONE', ( #2999, #426, #4562 ) ) ;
#3320 = DIRECTION ( 'NONE',  ( -6.857662583261808122E-16, 0.000000000000000000, -1.000000000000000000 ) ) ;
#3321 = ADVANCED_FACE ( 'NONE', ( #3674 ), #1406, .T. ) ;
#3322 = CARTESIAN_POINT ( 'NONE',  ( 29.66986274178956862, 27.63430209709858332, -13.30979825526486948 ) ) ;
#3323 = FACE_OUTER_BOUND ( 'NONE', #3793, .T. ) ;
#3324 = ORIENTED_EDGE ( 'NONE', *, *, #82, .F. ) ;
#3325 = DIRECTION ( 'NONE',  ( 0.000000000000000000, -1.000000000000000000, 0.000000000000000000 ) ) ;
#3326 = ORIENTED_EDGE ( 'NONE', *, *, #2190, .F. ) ;
#3327 = DIRECTION ( 'NONE',  ( 1.000000000000000000, 0.000000000000000000, -0.000000000000000000 ) ) ;
#3328 = ADVANCED_FACE ( 'NONE', ( #312 ), #3260, .F. ) ;
#3329 = EDGE_CURVE ( 'NONE', #3135, #4203, #2197, .T. ) ;
#3330 = DIRECTION ( 'NONE',  ( 1.000000000000000000, 0.000000000000000000, -1.714415645815452277E-16 ) ) ;
#3331 = CARTESIAN_POINT ( 'NONE',  ( 15.99999999999999289, 1.100000000000000089, -15.00000000000000000 ) ) ;
#3332 = ORIENTED_EDGE ( 'NONE', *, *, #3167, .F. ) ;
#3333 = CARTESIAN_POINT ( 'NONE',  ( 23.39999999999999503, 1.100000000000000089, -3.781546635374434917 ) ) ;
#3334 = ORIENTED_EDGE ( 'NONE', *, *, #4470, .F. ) ;
#3335 = EDGE_CURVE ( 'NONE', #1252, #1742, #666, .T. ) ;
#3336 = ORIENTED_EDGE ( 'NONE', *, *, #3860, .T. ) ;
#3337 = VECTOR ( 'NONE', #4807, 1000.000000000000000 ) ;
#3338 = FACE_OUTER_BOUND ( 'NONE', #3998, .T. ) ;
#3339 = ORIENTED_EDGE ( 'NONE', *, *, #3412, .F. ) ;
#3340 = CARTESIAN_POINT ( 'NONE',  ( 30.99999999999999289, 1.100000000000000089, -15.00000000000000000 ) ) ;
#3341 = LINE ( 'NONE', #4476, #4799 ) ;
#3342 = LINE ( 'NONE', #1462, #2910 ) ;
#3343 = VERTEX_POINT ( 'NONE', #4765 ) ;
#3344 = VECTOR ( 'NONE', #697, 1000.000000000000000 ) ;
#3345 = CARTESIAN_POINT ( 'NONE',  ( -11.72000000000000064, 20.00000000000000000, 3.099999999999992095 ) ) ;
#3346 = CARTESIAN_POINT ( 'NONE',  ( -2.766639066687122320E-15, 15.05000000000000071, -7.400000000000000355 ) ) ;
#3347 = VECTOR ( 'NONE', #607, 1000.000000000000000 ) ;
#3348 = ADVANCED_FACE ( 'NONE', ( #1034 ), #1381, .F. ) ;
#3349 = PLANE ( 'NONE',  #3043 ) ;
#3350 = VERTEX_POINT ( 'NONE', #2546 ) ;
#3351 = CARTESIAN_POINT ( 'NONE',  ( 18.39999999999999147, 18.89999999999999858, -3.781546635374434917 ) ) ;
#3352 = DIRECTION ( 'NONE',  ( -0.4092995309963297079, 0.000000000000000000, -0.9124000733922508211 ) ) ;
#3353 = ORIENTED_EDGE ( 'NONE', *, *, #1542, .F. ) ;
#3354 = DIRECTION ( 'NONE',  ( -1.000000000000000000, 0.000000000000000000, 1.197801575966169987E-15 ) ) ;
#3355 = VECTOR ( 'NONE', #302, 1000.000000000000000 ) ;
#3356 = DIRECTION ( 'NONE',  ( 0.4092995309963232131, 0.000000000000000000, 0.9124000733922535966 ) ) ;
#3357 = CARTESIAN_POINT ( 'NONE',  ( 12.47110287361381786, 0.000000000000000000, 1.949999999999998623 ) ) ;
#3358 = VERTEX_POINT ( 'NONE', #4447 ) ;
#3359 = ADVANCED_FACE ( 'NONE', ( #2169 ), #1005, .T. ) ;
#3360 = CARTESIAN_POINT ( 'NONE',  ( 39.50000000000000000, 20.00000000000000000, 0.000000000000000000 ) ) ;
#3361 = ORIENTED_EDGE ( 'NONE', *, *, #2857, .F. ) ;
#3362 = ORIENTED_EDGE ( 'NONE', *, *, #4311, .T. ) ;
#3363 = ORIENTED_EDGE ( 'NONE', *, *, #4670, .F. ) ;
#3364 = EDGE_CURVE ( 'NONE', #2979, #356, #4023, .T. ) ;
#3365 = DIRECTION ( 'NONE',  ( 0.000000000000000000, -1.000000000000000000, 0.000000000000000000 ) ) ;
#3366 = ORIENTED_EDGE ( 'NONE', *, *, #263, .F. ) ;
#3367 = DIRECTION ( 'NONE',  ( -0.4092995309963297079, 0.000000000000000000, -0.9124000733922508211 ) ) ;
#3368 = DIRECTION ( 'NONE',  ( 1.000000000000000000, 0.000000000000000000, 0.000000000000000000 ) ) ;
#3369 = DIRECTION ( 'NONE',  ( 0.000000000000000000, -0.000000000000000000, 1.000000000000000000 ) ) ;
#3370 = ORIENTED_EDGE ( 'NONE', *, *, #4837, .F. ) ;
#3371 = AXIS2_PLACEMENT_3D ( 'NONE', #3622, #2192, #1767 ) ;
#3372 = DIRECTION ( 'NONE',  ( 0.3826834323650913361, 0.000000000000000000, 0.9238795325112860723 ) ) ;
#3373 = CARTESIAN_POINT ( 'NONE',  ( 12.47110287361381786, 20.00000000000000000, 1.949999999999998623 ) ) ;
#3374 = CARTESIAN_POINT ( 'NONE',  ( -17.58000000000000185, 0.000000000000000000, 0.3999999999999944711 ) ) ;
#3375 = DIRECTION ( 'NONE',  ( 0.000000000000000000, 0.000000000000000000, -1.000000000000000000 ) ) ;
#3376 = EDGE_LOOP ( 'NONE', ( #2186, #4492, #265, #1668 ) ) ;
#3377 = CARTESIAN_POINT ( 'NONE',  ( 27.48580711542979671, 0.000000000000000000, 13.81228555548828574 ) ) ;
#3378 = CARTESIAN_POINT ( 'NONE',  ( 39.50000000000000000, 27.63430209709858332, 3.500000000000000444 ) ) ;
#3379 = VECTOR ( 'NONE', #105, 1000.000000000000000 ) ;
#3380 = DIRECTION ( 'NONE',  ( 0.3826834323650921688, 0.000000000000000000, -0.9238795325112858503 ) ) ;
#3381 = EDGE_LOOP ( 'NONE', ( #4712, #2988, #2055, #656 ) ) ;
#3382 = LINE ( 'NONE', #4437, #2745 ) ;
#3383 = ORIENTED_EDGE ( 'NONE', *, *, #1634, .T. ) ;
#3384 = ADVANCED_FACE ( 'NONE', ( #1433 ), #635, .F. ) ;
#3385 = AXIS2_PLACEMENT_3D ( 'NONE', #3220, #3246, #4656 ) ;
#3386 = EDGE_CURVE ( 'NONE', #4413, #1380, #1773, .T. ) ;
#3387 = ORIENTED_EDGE ( 'NONE', *, *, #3119, .T. ) ;
#3388 = AXIS2_PLACEMENT_3D ( 'NONE', #1672, #3185, #1259 ) ;
#3389 = VECTOR ( 'NONE', #4877, 1000.000000000000000 ) ;
#3390 = DIRECTION ( 'NONE',  ( 3.356713154187989077E-15, 0.000000000000000000, -1.000000000000000000 ) ) ;
#3391 = ORIENTED_EDGE ( 'NONE', *, *, #404, .F. ) ;
#3392 = DIRECTION ( 'NONE',  ( 1.000000000000000000, 0.000000000000000000, 1.445602896647337684E-16 ) ) ;
#3393 = VECTOR ( 'NONE', #3365, 1000.000000000000000 ) ;
#3394 = EDGE_CURVE ( 'NONE', #4301, #3688, #2489, .T. ) ;
#3395 = ADVANCED_FACE ( 'NONE', ( #237 ), #4052, .F. ) ;
#3396 = LINE ( 'NONE', #4135, #4249 ) ;
#3397 = ORIENTED_EDGE ( 'NONE', *, *, #3653, .F. ) ;
#3398 = CARTESIAN_POINT ( 'NONE',  ( 9.905807115429793086, 27.63430209709858332, 13.81228555548828574 ) ) ;
#3399 = DIRECTION ( 'NONE',  ( -0.4092995309963297079, 0.000000000000000000, -0.9124000733922508211 ) ) ;
#3400 = EDGE_CURVE ( 'NONE', #1949, #4030, #4079, .T. ) ;
#3401 = CARTESIAN_POINT ( 'NONE',  ( 32.09999999999998721, 18.89999999999999858, -3.781546635374434029 ) ) ;
#3402 = LINE ( 'NONE', #4555, #133 ) ;
#3403 = DIRECTION ( 'NONE',  ( -1.000000000000000000, 0.000000000000000000, 0.000000000000000000 ) ) ;
#3404 = ORIENTED_EDGE ( 'NONE', *, *, #2025, .F. ) ;
#3405 = CARTESIAN_POINT ( 'NONE',  ( 33.49093620857273379, 27.63430209709858332, 0.3999999999999993006 ) ) ;
#3406 = DIRECTION ( 'NONE',  ( 0.000000000000000000, 0.000000000000000000, -1.000000000000000000 ) ) ;
#3407 = CARTESIAN_POINT ( 'NONE',  ( 15.43459061184367442, 0.000000000000000000, 1.550000000000004485 ) ) ;
#3408 = ORIENTED_EDGE ( 'NONE', *, *, #1451, .T. ) ;
#3409 = LINE ( 'NONE', #11, #3379 ) ;
#3410 = EDGE_LOOP ( 'NONE', ( #334, #1025, #12, #3642 ) ) ;
#3411 = ORIENTED_EDGE ( 'NONE', *, *, #3972, .F. ) ;
#3412 = EDGE_CURVE ( 'NONE', #3922, #2292, #1829, .T. ) ;
#3413 = ORIENTED_EDGE ( 'NONE', *, *, #55, .F. ) ;
#3414 = CARTESIAN_POINT ( 'NONE',  ( 17.09999999999999432, 18.89999999999999858, -3.781546635374435361 ) ) ;
#3415 = ORIENTED_EDGE ( 'NONE', *, *, #1718, .T. ) ;
#3416 = DIRECTION ( 'NONE',  ( -0.3826834323650881720, 0.000000000000000000, 0.9238795325112874046 ) ) ;
#3417 = EDGE_LOOP ( 'NONE', ( #2268, #230, #4252, #583, #4891 ) ) ;
#3418 = ADVANCED_FACE ( 'NONE', ( #1460 ), #4475, .F. ) ;
#3419 = DIRECTION ( 'NONE',  ( 1.000000000000000000, 0.000000000000000000, 3.356713154187989077E-15 ) ) ;
#3420 = CLOSED_SHELL ( 'NONE', ( #4139, #343, #1627, #3774, #1843, #4017, #4469, #4681, #118, #359, #4641, #2608, #3234, #4104, #1413, #130, #4463, #2114, #20, #4706, #3359, #3749, #565, #3321, #3084, #2473, #1123, #2746, #2297, #4895, #4820, #1215, #1242, #2799, #1058, #3555, #2085, #1285, #2936, #587, #4654, #3328, #3585, #4339, #596, #1689, #1811, #4426, #2921, #1912, #4235, #4710, #3384, #1876, #1010, #4055, #1157, #2044, #4119, #3593, #1986, #818, #1598, #3607, #3832, #1746, #4591, #4045, #1832, #3511, #3794, #3671, #3783, #1989, #1973, #1883, #4086, #1116, #2958, #696, #3281, #4478, #3348, #4649, #4764, #895, #3395, #2409, #4857, #1964, #3296, #1265, #2828, #159, #1233, #3543, #1427, #3718, #2021, #1541, #3091, #108, #867, #4173, #3799, #1266, #1181, #286, #4740, #781, #1118, #632, #3418, #4498, #329, #1029, #354, #4596, #4318, #3496, #289, #2291, #3750, #2176, #2570, #2972, #3737, #4395, #3580, #4369, #1852, #2374, #4539, #3031, #3559, #1995, #2526, #2895, #3679, #4619, #2684, #28, #1274, #1066, #4118, #4616, #63, #3624 ) ) ;
#3421 = CARTESIAN_POINT ( 'NONE',  ( 13.39999999999999325, 1.100000000000000089, -3.781546635374435361 ) ) ;
#3422 = VECTOR ( 'NONE', #3020, 1000.000000000000000 ) ;
#3423 = DIRECTION ( 'NONE',  ( 0.3826834323650849523, 0.000000000000000000, 0.9238795325112887369 ) ) ;
#3424 = EDGE_CURVE ( 'NONE', #2194, #2856, #581, .T. ) ;
#3425 = LINE ( 'NONE', #3810, #3029 ) ;
#3426 = DIRECTION ( 'NONE',  ( 0.000000000000000000, -1.000000000000000000, 0.000000000000000000 ) ) ;
#3427 = VECTOR ( 'NONE', #3367, 1000.000000000000114 ) ;
#3428 = CARTESIAN_POINT ( 'NONE',  ( -7.000000000000000000, 20.00000000000000000, 0.000000000000000000 ) ) ;
#3429 = CARTESIAN_POINT ( 'NONE',  ( 15.43459061184367087, 20.00000000000000000, 1.550000000000004485 ) ) ;
#3430 = ORIENTED_EDGE ( 'NONE', *, *, #2996, .T. ) ;
#3431 = CIRCLE ( 'NONE', #3578, 2.074999999999999734 ) ;
#3432 = CARTESIAN_POINT ( 'NONE',  ( 30.99999999999999289, 20.00000000000000000, -15.00000000000000000 ) ) ;
#3433 = ORIENTED_EDGE ( 'NONE', *, *, #769, .T. ) ;
#3434 = VECTOR ( 'NONE', #3495, 1000.000000000000000 ) ;
#3435 = ORIENTED_EDGE ( 'NONE', *, *, #4410, .F. ) ;
#3436 = ORIENTED_EDGE ( 'NONE', *, *, #1701, .T. ) ;
#3437 = FACE_OUTER_BOUND ( 'NONE', #2583, .T. ) ;
#3438 = EDGE_LOOP ( 'NONE', ( #2320, #1079, #3870, #3086 ) ) ;
#3439 = EDGE_CURVE ( 'NONE', #504, #836, #3128, .T. ) ;
#3440 = AXIS2_PLACEMENT_3D ( 'NONE', #976, #2484, #603 ) ;
#3441 = LINE ( 'NONE', #2741, #1965 ) ;
#3442 = ORIENTED_EDGE ( 'NONE', *, *, #440, .T. ) ;
#3443 = LINE ( 'NONE', #414, #4530 ) ;
#3444 = CARTESIAN_POINT ( 'NONE',  ( 26.52852764704162780, 20.00000000000000000, 12.32858493149792878 ) ) ;
#3445 = EDGE_CURVE ( 'NONE', #925, #1441, #1992, .T. ) ;
#3446 = EDGE_CURVE ( 'NONE', #2312, #2963, #3525, .T. ) ;
#3447 = LINE ( 'NONE', #2727, #4176 ) ;
#3448 = DIRECTION ( 'NONE',  ( 0.000000000000000000, -0.000000000000000000, 1.000000000000000000 ) ) ;
#3449 = EDGE_LOOP ( 'NONE', ( #544, #4271, #2272, #3397 ) ) ;
#3450 = CARTESIAN_POINT ( 'NONE',  ( 37.10000000000000142, 18.89999999999999858, -3.781546635374434029 ) ) ;
#3451 = EDGE_CURVE ( 'NONE', #3524, #908, #3059, .T. ) ;
#3452 = CARTESIAN_POINT ( 'NONE',  ( 5.999999999999995559, 20.00000000000000000, -6.000000000000001776 ) ) ;
#3453 = CARTESIAN_POINT ( 'NONE',  ( -11.72000000000000064, 27.63430209709858332, 0.3999999999999944711 ) ) ;
#3454 = ORIENTED_EDGE ( 'NONE', *, *, #4584, .T. ) ;
#3455 = CARTESIAN_POINT ( 'NONE',  ( 34.49999999999999289, 20.00000000000000000, -15.00000000000000000 ) ) ;
#3456 = VERTEX_POINT ( 'NONE', #1224 ) ;
#3457 = CARTESIAN_POINT ( 'NONE',  ( 15.76580711542979429, 27.63430209709858332, 13.81228555548828574 ) ) ;
#3458 = VECTOR ( 'NONE', #2125, 1000.000000000000000 ) ;
#3459 = EDGE_LOOP ( 'NONE', ( #4582, #3362, #4804, #837 ) ) ;
#3460 = VERTEX_POINT ( 'NONE', #4198 ) ;
#3461 = CARTESIAN_POINT ( 'NONE',  ( -5.859999999999999432, 0.000000000000000000, 1.550000000000029354 ) ) ;
#3462 = AXIS2_PLACEMENT_3D ( 'NONE', #4241, #854, #2381 ) ;
#3463 = ORIENTED_EDGE ( 'NONE', *, *, #4277, .T. ) ;
#3464 = VECTOR ( 'NONE', #943, 1000.000000000000000 ) ;
#3465 = CARTESIAN_POINT ( 'NONE',  ( 15.76580711542979429, 0.000000000000000000, 13.81228555548828574 ) ) ;
#3466 = VERTEX_POINT ( 'NONE', #1483 ) ;
#3467 = DIRECTION ( 'NONE',  ( 0.9238795325112867385, 0.000000000000000000, 0.3826834323650901148 ) ) ;
#3468 = VECTOR ( 'NONE', #1884, 1000.000000000000000 ) ;
#3469 = VECTOR ( 'NONE', #4388, 1000.000000000000000 ) ;
#3470 = VECTOR ( 'NONE', #1290, 1000.000000000000000 ) ;
#3471 = CARTESIAN_POINT ( 'NONE',  ( 5.999999999999994671, 0.000000000000000000, -15.00000000000000000 ) ) ;
#3472 = EDGE_CURVE ( 'NONE', #4337, #2168, #501, .T. ) ;
#3473 = LINE ( 'NONE', #1148, #4101 ) ;
#3474 = DIRECTION ( 'NONE',  ( 3.854941057726242534E-16, -0.000000000000000000, 1.000000000000000000 ) ) ;
#3475 = CARTESIAN_POINT ( 'NONE',  ( 9.800143193463485503, 20.00000000000000000, 3.499999999999999556 ) ) ;
#3476 = CARTESIAN_POINT ( 'NONE',  ( 25.99999999999999645, 20.00000000000000000, -15.00000000000000000 ) ) ;
#3477 = CARTESIAN_POINT ( 'NONE',  ( 35.90135769493380025, 20.00000000000000000, 3.100000000000000089 ) ) ;
#3478 = LINE ( 'NONE', #38, #3920 ) ;
#3479 = VERTEX_POINT ( 'NONE', #4634 ) ;
#3480 = PLANE ( 'NONE',  #3736 ) ;
#3481 = EDGE_CURVE ( 'NONE', #2935, #3011, #1576, .T. ) ;
#3482 = EDGE_LOOP ( 'NONE', ( #1298, #1530, #2873, #1756 ) ) ;
#3483 = ORIENTED_EDGE ( 'NONE', *, *, #4477, .F. ) ;
#3484 = CARTESIAN_POINT ( 'NONE',  ( 25.99999999999999645, 0.000000000000000000, -15.00000000000000000 ) ) ;
#3485 = ORIENTED_EDGE ( 'NONE', *, *, #4416, .T. ) ;
#3486 = EDGE_CURVE ( 'NONE', #4869, #2224, #454, .T. ) ;
#3487 = CARTESIAN_POINT ( 'NONE',  ( 5.999999999999994671, 4.950000000000001066, -7.400000000000003020 ) ) ;
#3488 = VERTEX_POINT ( 'NONE', #1618 ) ;
#3489 = PLANE ( 'NONE',  #2158 ) ;
#3490 = DIRECTION ( 'NONE',  ( 0.3557458051467841109, 0.000000000000000000, -0.9345827529547431345 ) ) ;
#3491 = DIRECTION ( 'NONE',  ( 0.3826834323650849523, 0.000000000000000000, 0.9238795325112887369 ) ) ;
#3492 = DIRECTION ( 'NONE',  ( -0.3826834323650849523, 0.000000000000000000, -0.9238795325112887369 ) ) ;
#3493 = LINE ( 'NONE', #1611, #2637 ) ;
#3494 = VERTEX_POINT ( 'NONE', #2690 ) ;
#3495 = DIRECTION ( 'NONE',  ( -1.000000000000000000, 0.000000000000000000, -1.407448530797437245E-16 ) ) ;
#3496 = ADVANCED_FACE ( 'NONE', ( #4243 ), #3480, .F. ) ;
#3497 = DIRECTION ( 'NONE',  ( -9.637352644315596475E-17, 0.000000000000000000, -1.000000000000000000 ) ) ;
#3498 = AXIS2_PLACEMENT_3D ( 'NONE', #2349, #3210, #3491 ) ;
#3499 = CARTESIAN_POINT ( 'NONE',  ( 12.09999999999999609, 18.89999999999999858, -3.781546635374435361 ) ) ;
#3500 = FACE_OUTER_BOUND ( 'NONE', #1397, .T. ) ;
#3501 = ORIENTED_EDGE ( 'NONE', *, *, #1803, .T. ) ;
#3502 = DIRECTION ( 'NONE',  ( 0.3826834323650899483, 0.000000000000000000, 0.9238795325112867385 ) ) ;
#3503 = VECTOR ( 'NONE', #3857, 1000.000000000000000 ) ;
#3504 = DIRECTION ( 'NONE',  ( 0.000000000000000000, 0.000000000000000000, 1.000000000000000000 ) ) ;
#3505 = VECTOR ( 'NONE', #3533, 1000.000000000000000 ) ;
#3506 = EDGE_CURVE ( 'NONE', #504, #3350, #811, .T. ) ;
#3507 = ORIENTED_EDGE ( 'NONE', *, *, #2493, .T. ) ;
#3508 = DIRECTION ( 'NONE',  ( 0.3826834323650881720, 0.000000000000000000, -0.9238795325112874046 ) ) ;
#3509 = VERTEX_POINT ( 'NONE', #719 ) ;
#3510 = VECTOR ( 'NONE', #1438, 1000.000000000000114 ) ;
#3511 = ADVANCED_FACE ( 'NONE', ( #4589 ), #2760, .F. ) ;
#3512 = CARTESIAN_POINT ( 'NONE',  ( 1.282424236739471100E-15, 20.00000000000000000, 1.550000000000029354 ) ) ;
#3513 = ORIENTED_EDGE ( 'NONE', *, *, #4256, .F. ) ;
#3514 = LINE ( 'NONE', #866, #2394 ) ;
#3515 = CARTESIAN_POINT ( 'NONE',  ( 14.52837024835333324, 27.63430209709858332, -13.29972242256474146 ) ) ;
#3516 = VECTOR ( 'NONE', #2517, 1000.000000000000000 ) ;
#3517 = CARTESIAN_POINT ( 'NONE',  ( 17.00772351120764370, 0.000000000000000000, 11.89941269444658012 ) ) ;
#3518 = CARTESIAN_POINT ( 'NONE',  ( 9.075269459310570497, 0.000000000000000000, 1.750000000000000000 ) ) ;
#3519 = DIRECTION ( 'NONE',  ( -1.000000000000000000, 0.000000000000000000, 0.000000000000000000 ) ) ;
#3520 = CARTESIAN_POINT ( 'NONE',  ( 10.99999999999999467, 20.00000000000000000, -15.00000000000000000 ) ) ;
#3521 = ORIENTED_EDGE ( 'NONE', *, *, #2435, .F. ) ;
#3522 = FACE_OUTER_BOUND ( 'NONE', #3819, .T. ) ;
#3523 = LINE ( 'NONE', #2427, #367 ) ;
#3524 = VERTEX_POINT ( 'NONE', #1088 ) ;
#3525 = LINE ( 'NONE', #4870, #654 ) ;
#3526 = ORIENTED_EDGE ( 'NONE', *, *, #626, .F. ) ;
#3527 = EDGE_LOOP ( 'NONE', ( #4504, #1498, #309, #2393 ) ) ;
#3528 = EDGE_CURVE ( 'NONE', #3949, #3038, #856, .T. ) ;
#3529 = PLANE ( 'NONE',  #458 ) ;
#3530 = EDGE_LOOP ( 'NONE', ( #1737, #390, #2363, #4767 ) ) ;
#3531 = AXIS2_PLACEMENT_3D ( 'NONE', #900, #3981, #499 ) ;
#3532 = ORIENTED_EDGE ( 'NONE', *, *, #317, .F. ) ;
#3533 = DIRECTION ( 'NONE',  ( -1.000000000000000000, 0.000000000000000000, 8.273704753157721312E-16 ) ) ;
#3534 = EDGE_CURVE ( 'NONE', #2460, #504, #3820, .T. ) ;
#3535 = DIRECTION ( 'NONE',  ( -1.000000000000000000, 0.000000000000000000, 0.000000000000000000 ) ) ;
#3536 = EDGE_CURVE ( 'NONE', #789, #4440, #2602, .T. ) ;
#3537 = AXIS2_PLACEMENT_3D ( 'NONE', #497, #168, #4332 ) ;
#3538 = AXIS2_PLACEMENT_3D ( 'NONE', #386, #3368, #1140 ) ;
#3539 = VECTOR ( 'NONE', #1255, 1000.000000000000000 ) ;
#3540 = EDGE_LOOP ( 'NONE', ( #1033, #4840, #4897, #3433 ) ) ;
#3541 = DIRECTION ( 'NONE',  ( 0.3826834323650890601, 0.000000000000000000, 0.9238795325112870716 ) ) ;
#3542 = LINE ( 'NONE', #3562, #2471 ) ;
#3543 = ADVANCED_FACE ( 'NONE', ( #2364 ), #3841, .T. ) ;
#3544 = VECTOR ( 'NONE', #2810, 1000.000000000000000 ) ;
#3545 = CARTESIAN_POINT ( 'NONE',  ( 20.76216938573012882, 20.00000000000000000, 1.749999999999999778 ) ) ;
#3546 = VERTEX_POINT ( 'NONE', #4268 ) ;
#3547 = CARTESIAN_POINT ( 'NONE',  ( 26.52852764704162780, 27.63430209709859042, 12.32858493149792878 ) ) ;
#3548 = PRESENTATION_STYLE_ASSIGNMENT (( #3909 ) ) ;
#3549 = ORIENTED_EDGE ( 'NONE', *, *, #1303, .F. ) ;
#3550 = CARTESIAN_POINT ( 'NONE',  ( 18.33110287361381907, 0.000000000000000000, 1.949999999999998623 ) ) ;
#3551 = ORIENTED_EDGE ( 'NONE', *, *, #585, .F. ) ;
#3552 = ORIENTED_EDGE ( 'NONE', *, *, #3144, .T. ) ;
#3553 = FACE_OUTER_BOUND ( 'NONE', #2646, .T. ) ;
#3554 = ORIENTED_EDGE ( 'NONE', *, *, #2505, .T. ) ;
#3555 = ADVANCED_FACE ( 'NONE', ( #880 ), #1595, .F. ) ;
#3556 = ORIENTED_EDGE ( 'NONE', *, *, #2245, .T. ) ;
#3557 = LINE ( 'NONE', #3184, #4606 ) ;
#3558 = CARTESIAN_POINT ( 'NONE',  ( 21.77093620857273493, 0.000000000000000000, 0.3999999999999993006 ) ) ;
#3559 = ADVANCED_FACE ( 'NONE', ( #1296 ), #3938, .T. ) ;
#3560 = ORIENTED_EDGE ( 'NONE', *, *, #4010, .F. ) ;
#3561 = LINE ( 'NONE', #3584, #96 ) ;
#3562 = CARTESIAN_POINT ( 'NONE',  ( 13.39999999999999325, 1.100000000000000089, -3.781546635374435361 ) ) ;
#3563 = CARTESIAN_POINT ( 'NONE',  ( 37.10000000000000142, 1.100000000000000089, -3.781546635374434029 ) ) ;
#3564 = EDGE_CURVE ( 'NONE', #2555, #1850, #2060, .T. ) ;
#3565 = ORIENTED_EDGE ( 'NONE', *, *, #2966, .T. ) ;
#3566 = DIRECTION ( 'NONE',  ( 0.000000000000000000, -1.000000000000000000, 0.000000000000000000 ) ) ;
#3567 = FACE_OUTER_BOUND ( 'NONE', #3066, .T. ) ;
#3568 = ORIENTED_EDGE ( 'NONE', *, *, #1028, .T. ) ;
#3569 = PLANE ( 'NONE',  #101 ) ;
#3570 = VERTEX_POINT ( 'NONE', #3550 ) ;
#3571 = EDGE_LOOP ( 'NONE', ( #382, #326, #4102, #91 ) ) ;
#3572 = VECTOR ( 'NONE', #3709, 1000.000000000000000 ) ;
#3573 = DIRECTION ( 'NONE',  ( 0.3826834323650901148, 0.000000000000000000, -0.9238795325112867385 ) ) ;
#3574 = VERTEX_POINT ( 'NONE', #4335 ) ;
#3575 = VECTOR ( 'NONE', #107, 1000.000000000000000 ) ;
#3576 = APPLICATION_PROTOCOL_DEFINITION ( 'draft international standard', 'automotive_design', 1998, #514 ) ;
#3577 = ORIENTED_EDGE ( 'NONE', *, *, #3481, .F. ) ;
#3578 = AXIS2_PLACEMENT_3D ( 'NONE', #3165, #541, #4743 ) ;
#3579 = DIRECTION ( 'NONE',  ( 0.3826834323650899483, 0.000000000000000000, 0.9238795325112867385 ) ) ;
#3580 = ADVANCED_FACE ( 'NONE', ( #3171 ), #3615, .F. ) ;
#3581 = DIRECTION ( 'NONE',  ( 0.3557458051467841109, 0.000000000000000000, -0.9345827529547431345 ) ) ;
#3582 = CARTESIAN_POINT ( 'NONE',  ( 27.18135769493380138, 27.63430209709858332, 0.3999999999999999667 ) ) ;
#3583 = ORIENTED_EDGE ( 'NONE', *, *, #881, .F. ) ;
#3584 = CARTESIAN_POINT ( 'NONE',  ( 5.999999999999995559, 1.100000000000000089, -6.000000000000001776 ) ) ;
#3585 = ADVANCED_FACE ( 'NONE', ( #3983 ), #3638, .F. ) ;
#3586 = CARTESIAN_POINT ( 'NONE',  ( -1.282395112762153122, -2.958228394578794270E-31, -7.399999999999999467 ) ) ;
#3587 = EDGE_CURVE ( 'NONE', #2089, #1068, #2478, .T. ) ;
#3588 = DIRECTION ( 'NONE',  ( -1.000000000000000000, -0.000000000000000000, -0.000000000000000000 ) ) ;
#3589 = CARTESIAN_POINT ( 'NONE',  ( -7.000000000000000000, 20.00000000000000000, 0.000000000000000000 ) ) ;
#3590 = CARTESIAN_POINT ( 'NONE',  ( 36.00000000000000711, 1.100000000000000089, -4.881546635374434118 ) ) ;
#3591 = ORIENTED_EDGE ( 'NONE', *, *, #3089, .F. ) ;
#3592 = FACE_BOUND ( 'NONE', #921, .T. ) ;
#3593 = ADVANCED_FACE ( 'NONE', ( #247 ), #3569, .F. ) ;
#3594 = DIRECTION ( 'NONE',  ( 0.000000000000000000, 1.000000000000000000, 0.000000000000000000 ) ) ;
#3595 = ORIENTED_EDGE ( 'NONE', *, *, #1899, .T. ) ;
#3596 = CARTESIAN_POINT ( 'NONE',  ( 17.94986274178956620, 20.00000000000000000, -13.30979825526486948 ) ) ;
#3597 = EDGE_LOOP ( 'NONE', ( #2014, #272, #2288, #1659, #3583, #3062, #2667 ) ) ;
#3598 = LINE ( 'NONE', #206, #3142 ) ;
#3599 = ORIENTED_EDGE ( 'NONE', *, *, #952, .T. ) ;
#3600 = DIRECTION ( 'NONE',  ( 1.000000000000000000, 0.000000000000000000, -8.273704753157721312E-16 ) ) ;
#3601 = LINE ( 'NONE', #1628, #3775 ) ;
#3602 = VECTOR ( 'NONE', #1164, 1000.000000000000000 ) ;
#3603 = VERTEX_POINT ( 'NONE', #1757 ) ;
#3604 = LINE ( 'NONE', #3880, #2465 ) ;
#3605 = VECTOR ( 'NONE', #619, 999.9999999999998863 ) ;
#3606 = CARTESIAN_POINT ( 'NONE',  ( 8.399999999999995026, 1.100000000000000089, -13.89999999999999858 ) ) ;
#3607 = ADVANCED_FACE ( 'NONE', ( #4658, #2805, #3222, #4310, #4727, #2105, #4356, #222, #3592, #4749, #1731, #3197, #1369, #2827, #2083, #1273 ), #2452, .T. ) ;
#3608 = CARTESIAN_POINT ( 'NONE',  ( 34.50000000000000000, 1.100000000000000089, -4.881546635374434118 ) ) ;
#3609 = AXIS2_PLACEMENT_3D ( 'NONE', #314, #4792, #338 ) ;
#3610 = VECTOR ( 'NONE', #1217, 1000.000000000000000 ) ;
#3611 = ORIENTED_EDGE ( 'NONE', *, *, #195, .F. ) ;
#3612 = LINE ( 'NONE', #4828, #4095 ) ;
#3613 = CARTESIAN_POINT ( 'NONE',  ( 12.38003102824222701, 0.000000000000000000, 0.4000000000000010214 ) ) ;
#3614 = EDGE_LOOP ( 'NONE', ( #1229, #1333, #4588, #3408 ) ) ;
#3615 = PLANE ( 'NONE',  #2950 ) ;
#3616 = VECTOR ( 'NONE', #3988, 1000.000000000000000 ) ;
#3617 = CARTESIAN_POINT ( 'NONE',  ( 23.80986274178956918, 27.63430209709859042, -13.30979825526486948 ) ) ;
#3618 = ORIENTED_EDGE ( 'NONE', *, *, #388, .F. ) ;
#3619 = EDGE_CURVE ( 'NONE', #2922, #1075, #2877, .T. ) ;
#3620 = DIRECTION ( 'NONE',  ( -0.3826834323650900038, 0.000000000000000000, -0.9238795325112866275 ) ) ;
#3621 = ORIENTED_EDGE ( 'NONE', *, *, #1575, .F. ) ;
#3622 = CARTESIAN_POINT ( 'NONE',  ( -7.000000000000000000, 10.00000000000000000, -3.000000000000000000 ) ) ;
#3623 = VERTEX_POINT ( 'NONE', #2502 ) ;
#3624 = ADVANCED_FACE ( 'NONE', ( #1687 ), #4009, .T. ) ;
#3625 = FACE_BOUND ( 'NONE', #3381, .T. ) ;
#3626 = ORIENTED_EDGE ( 'NONE', *, *, #626, .T. ) ;
#3627 = DIRECTION ( 'NONE',  ( 0.000000000000000000, -1.000000000000000000, 0.000000000000000000 ) ) ;
#3628 = LINE ( 'NONE', #2198, #857 ) ;
#3629 = ORIENTED_EDGE ( 'NONE', *, *, #1209, .T. ) ;
#3630 = DIRECTION ( 'NONE',  ( -1.000000000000000000, 0.000000000000000000, -2.187630329860364324E-16 ) ) ;
#3631 = CARTESIAN_POINT ( 'NONE',  ( 7.099999999999995204, 18.89999999999999858, -13.89999999999999858 ) ) ;
#3632 = UNCERTAINTY_MEASURE_WITH_UNIT (LENGTH_MEASURE( 1.000000000000000082E-05 ), #1978, 'distance_accuracy_value', 'NONE');
#3633 = DIRECTION ( 'NONE',  ( 0.000000000000000000, 0.000000000000000000, 1.000000000000000000 ) ) ;
#3634 = ORIENTED_EDGE ( 'NONE', *, *, #3837, .T. ) ;
#3635 = DIRECTION ( 'NONE',  ( -0.000000000000000000, -1.000000000000000000, -0.000000000000000000 ) ) ;
#3636 = CARTESIAN_POINT ( 'NONE',  ( 33.01459061184367982, 27.63430209709858332, 1.550000000000004485 ) ) ;
#3637 = ORIENTED_EDGE ( 'NONE', *, *, #2440, .T. ) ;
#3638 = PLANE ( 'NONE',  #3892 ) ;
#3639 = EDGE_CURVE ( 'NONE', #3015, #3311, #2130, .T. ) ;
#3640 = CARTESIAN_POINT ( 'NONE',  ( 17.09999999999999432, 1.100000000000000089, -13.89999999999999858 ) ) ;
#3641 = CARTESIAN_POINT ( 'NONE',  ( -2.766639066687122320E-15, 4.950000000000001066, -7.400000000000000355 ) ) ;
#3642 = ORIENTED_EDGE ( 'NONE', *, *, #4205, .T. ) ;
#3643 = DIRECTION ( 'NONE',  ( 0.9238795325112867385, 0.000000000000000000, -0.3826834323650900593 ) ) ;
#3644 = ORIENTED_EDGE ( 'NONE', *, *, #3851, .T. ) ;
#3645 = EDGE_CURVE ( 'NONE', #1574, #3509, #4287, .T. ) ;
#3646 = ORIENTED_EDGE ( 'NONE', *, *, #536, .F. ) ;
#3647 = DIRECTION ( 'NONE',  ( -1.000000000000000000, 0.000000000000000000, 8.273704753157721312E-16 ) ) ;
#3648 = CARTESIAN_POINT ( 'NONE',  ( -7.000000000000000000, 10.00000000000000000, -3.000000000000000000 ) ) ;
#3649 = ORIENTED_EDGE ( 'NONE', *, *, #3268, .T. ) ;
#3650 = CARTESIAN_POINT ( 'NONE',  ( 19.49999999999999289, 1.100000000000000089, -15.00000000000000000 ) ) ;
#3651 = PLANE ( 'NONE',  #2037 ) ;
#3652 = VECTOR ( 'NONE', #2008, 1000.000000000000000 ) ;
#3653 = EDGE_CURVE ( 'NONE', #2922, #2224, #2616, .T. ) ;
#3654 = CARTESIAN_POINT ( 'NONE',  ( 9.499999999999994671, 1.100000000000000089, -15.00000000000000000 ) ) ;
#3655 = VECTOR ( 'NONE', #2416, 1000.000000000000000 ) ;
#3656 = ORIENTED_EDGE ( 'NONE', *, *, #1778, .F. ) ;
#3657 = CARTESIAN_POINT ( 'NONE',  ( -11.72000000000000064, 0.000000000000000000, 3.099999999999992095 ) ) ;
#3658 = PLANE ( 'NONE',  #4610 ) ;
#3659 = VECTOR ( 'NONE', #2704, 1000.000000000000000 ) ;
#3660 = DIRECTION ( 'NONE',  ( -0.3826834323650849523, 0.000000000000000000, -0.9238795325112888479 ) ) ;
#3661 = VERTEX_POINT ( 'NONE', #3006 ) ;
#3662 = CARTESIAN_POINT ( 'NONE',  ( 21.62580711542979373, 0.000000000000000000, 13.81228555548828574 ) ) ;
#3663 = DIRECTION ( 'NONE',  ( 0.3826834323650900038, 0.000000000000000000, 0.9238795325112867385 ) ) ;
#3664 = ORIENTED_EDGE ( 'NONE', *, *, #3439, .T. ) ;
#3665 = DIRECTION ( 'NONE',  ( 0.000000000000000000, 1.000000000000000000, 0.000000000000000000 ) ) ;
#3666 = DIRECTION ( 'NONE',  ( -1.000000000000000000, 0.000000000000000000, 3.711578864342414090E-16 ) ) ;
#3667 = LINE ( 'NONE', #1790, #2598 ) ;
#3668 = VERTEX_POINT ( 'NONE', #4124 ) ;
#3669 = CARTESIAN_POINT ( 'NONE',  ( 17.09999999999999432, 1.100000000000000089, -3.781546635374435361 ) ) ;
#3670 = ORIENTED_EDGE ( 'NONE', *, *, #1151, .F. ) ;
#3671 = ADVANCED_FACE ( 'NONE', ( #732 ), #1105, .F. ) ;
#3672 = DIRECTION ( 'NONE',  ( -0.000000000000000000, -0.000000000000000000, -1.000000000000000000 ) ) ;
#3673 = ORIENTED_EDGE ( 'NONE', *, *, #3136, .F. ) ;
#3674 = FACE_OUTER_BOUND ( 'NONE', #4698, .T. ) ;
#3675 = DIRECTION ( 'NONE',  ( -1.000000000000000000, 0.000000000000000000, 1.714415645815452277E-16 ) ) ;
#3676 = LINE ( 'NONE', #637, #1715 ) ;
#3677 = VERTEX_POINT ( 'NONE', #4513 ) ;
#3678 = EDGE_CURVE ( 'NONE', #3574, #2675, #2980, .T. ) ;
#3679 = ADVANCED_FACE ( 'NONE', ( #3275 ), #1020, .T. ) ;
#3680 = CARTESIAN_POINT ( 'NONE',  ( 24.49999999999999289, 1.100000000000000089, -15.00000000000000000 ) ) ;
#3681 = LINE ( 'NONE', #3294, #3510 ) ;
#3682 = VECTOR ( 'NONE', #3054, 1000.000000000000000 ) ;
#3683 = PLANE ( 'NONE',  #2418 ) ;
#3684 = DIRECTION ( 'NONE',  ( -1.000000000000000000, 0.000000000000000000, 8.273704753157721312E-16 ) ) ;
#3685 = VECTOR ( 'NONE', #2311, 999.9999999999998863 ) ;
#3686 = EDGE_CURVE ( 'NONE', #2168, #3885, #2532, .T. ) ;
#3687 = DIRECTION ( 'NONE',  ( -0.3557458051467840554, 0.000000000000000000, 0.9345827529547431345 ) ) ;
#3688 = VERTEX_POINT ( 'NONE', #2182 ) ;
#3689 = FACE_OUTER_BOUND ( 'NONE', #3779, .T. ) ;
#3690 = VECTOR ( 'NONE', #3325, 1000.000000000000000 ) ;
#3691 = CARTESIAN_POINT ( 'NONE',  ( 9.800143193463485503, 0.000000000000000000, 3.499999999999999556 ) ) ;
#3692 = DIRECTION ( 'NONE',  ( 0.000000000000000000, 0.000000000000000000, 1.000000000000000000 ) ) ;
#3693 = VERTEX_POINT ( 'NONE', #2215 ) ;
#3694 = CARTESIAN_POINT ( 'NONE',  ( 36.42000720206792863, -0.000000000000000000, 1.737451581485168317 ) ) ;
#3695 = VECTOR ( 'NONE', #4648, 1000.000000000000000 ) ;
#3696 = VECTOR ( 'NONE', #3967, 1000.000000000000000 ) ;
#3697 = ORIENTED_EDGE ( 'NONE', *, *, #139, .F. ) ;
#3698 = VECTOR ( 'NONE', #4239, 1000.000000000000000 ) ;
#3699 = ORIENTED_EDGE ( 'NONE', *, *, #4806, .F. ) ;
#3700 = LINE ( 'NONE', #1084, #831 ) ;
#3701 = VERTEX_POINT ( 'NONE', #4880 ) ;
#3702 = CARTESIAN_POINT ( 'NONE',  ( -1.342685261674799820E-15, 27.63430209709858332, 0.3999999999998820610 ) ) ;
#3703 = ORIENTED_EDGE ( 'NONE', *, *, #2664, .T. ) ;
#3704 = DIRECTION ( 'NONE',  ( -1.714415645815452277E-16, 0.000000000000000000, -1.000000000000000000 ) ) ;
#3705 = CARTESIAN_POINT ( 'NONE',  ( 17.89335921247157657, 0.000000000000000000, 3.100000000000000533 ) ) ;
#3706 = EDGE_CURVE ( 'NONE', #1087, #2221, #3301, .T. ) ;
#3707 = PLANE ( 'NONE',  #700 ) ;
#3708 = ORIENTED_EDGE ( 'NONE', *, *, #268, .F. ) ;
#3709 = DIRECTION ( 'NONE',  ( -1.000000000000000000, 0.000000000000000000, -2.187630329860364571E-16 ) ) ;
#3710 = CARTESIAN_POINT ( 'NONE',  ( 14.49999999999999467, 1.100000000000000089, -4.881546635374435894 ) ) ;
#3711 = EDGE_CURVE ( 'NONE', #2555, #4066, #646, .T. ) ;
#3712 = LINE ( 'NONE', #4351, #4864 ) ;
#3713 = DIRECTION ( 'NONE',  ( -1.000000000000000000, 0.000000000000000000, -3.356713154187989077E-15 ) ) ;
#3714 = DIRECTION ( 'NONE',  ( 1.000000000000000000, 0.000000000000000000, 0.000000000000000000 ) ) ;
#3715 = LINE ( 'NONE', #644, #524 ) ;
#3716 = VERTEX_POINT ( 'NONE', #3763 ) ;
#3717 = DIRECTION ( 'NONE',  ( 8.273704753157721312E-16, 0.000000000000000000, 1.000000000000000000 ) ) ;
#3718 = ADVANCED_FACE ( 'NONE', ( #1868 ), #2587, .F. ) ;
#3719 = LINE ( 'NONE', #4411, #3098 ) ;
#3720 = CARTESIAN_POINT ( 'NONE',  ( 34.49999999999999289, 0.000000000000000000, -15.00000000000000000 ) ) ;
#3721 = ORIENTED_EDGE ( 'NONE', *, *, #1513, .F. ) ;
#3722 = DIRECTION ( 'NONE',  ( 0.000000000000000000, 0.000000000000000000, 1.000000000000000000 ) ) ;
#3723 = ORIENTED_EDGE ( 'NONE', *, *, #3198, .T. ) ;
#3724 = ORIENTED_EDGE ( 'NONE', *, *, #2341, .T. ) ;
#3725 = VECTOR ( 'NONE', #2480, 1000.000000000000000 ) ;
#3726 = ORIENTED_EDGE ( 'NONE', *, *, #597, .F. ) ;
#3727 = PLANE ( 'NONE',  #2911 ) ;
#3728 = ORIENTED_EDGE ( 'NONE', *, *, #2070, .T. ) ;
#3729 = DIRECTION ( 'NONE',  ( -1.000000000000000000, 0.000000000000000000, -0.000000000000000000 ) ) ;
#3730 = CARTESIAN_POINT ( 'NONE',  ( 8.668370248353332030, 27.63430209709858332, -13.29972242256474146 ) ) ;
#3731 = DIRECTION ( 'NONE',  ( -0.000000000000000000, -1.000000000000000000, -0.000000000000000000 ) ) ;
#3732 = ORIENTED_EDGE ( 'NONE', *, *, #845, .T. ) ;
#3733 = VECTOR ( 'NONE', #2657, 1000.000000000000114 ) ;
#3734 = DIRECTION ( 'NONE',  ( -1.000000000000000000, 0.000000000000000000, 0.000000000000000000 ) ) ;
#3735 = CARTESIAN_POINT ( 'NONE',  ( 24.17751289470344034, 0.000000000000000000, 1.550000000000000933 ) ) ;
#3736 = AXIS2_PLACEMENT_3D ( 'NONE', #3457, #1184, #3153 ) ;
#3737 = ADVANCED_FACE ( 'NONE', ( #372 ), #2636, .F. ) ;
#3738 = DIRECTION ( 'NONE',  ( -0.3826834323650914471, 0.000000000000000000, 0.9238795325112860723 ) ) ;
#3739 = DIRECTION ( 'NONE',  ( 0.000000000000000000, -1.000000000000000000, 0.000000000000000000 ) ) ;
#3740 = EDGE_LOOP ( 'NONE', ( #1612, #1340, #886, #2382 ) ) ;
#3741 = DIRECTION ( 'NONE',  ( -0.000000000000000000, -1.000000000000000000, -0.000000000000000000 ) ) ;
#3742 = AXIS2_PLACEMENT_3D ( 'NONE', #2552, #241, #1039 ) ;
#3743 = EDGE_CURVE ( 'NONE', #1050, #2644, #4856, .T. ) ;
#3744 = CARTESIAN_POINT ( 'NONE',  ( -17.58000000000000185, 27.63430209709858332, 3.099999999999992095 ) ) ;
#3745 = LINE ( 'NONE', #352, #4568 ) ;
#3746 = ORIENTED_EDGE ( 'NONE', *, *, #985, .F. ) ;
#3747 = CARTESIAN_POINT ( 'NONE',  ( 18.39999999999999147, 18.89999999999999858, -3.781546635374434917 ) ) ;
#3748 = ORIENTED_EDGE ( 'NONE', *, *, #2966, .F. ) ;
#3749 = ADVANCED_FACE ( 'NONE', ( #1787 ), #4094, .T. ) ;
#3750 = ADVANCED_FACE ( 'NONE', ( #3689 ), #757, .F. ) ;
#3751 = EDGE_LOOP ( 'NONE', ( #186, #786, #842, #2276, #1772, #3549 ) ) ;
#3752 = EDGE_LOOP ( 'NONE', ( #891, #681, #3777, #4270 ) ) ;
#3753 = DIRECTION ( 'NONE',  ( -1.000000000000000000, -0.000000000000000000, -0.000000000000000000 ) ) ;
#3754 = ORIENTED_EDGE ( 'NONE', *, *, #3228, .T. ) ;
#3755 = PLANE ( 'NONE',  #4100 ) ;
#3756 = PLANE ( 'NONE',  #1804 ) ;
#3757 = ORIENTED_EDGE ( 'NONE', *, *, #1303, .T. ) ;
#3758 = DIRECTION ( 'NONE',  ( -0.3826834323650900593, 0.000000000000000000, 0.9238795325112867385 ) ) ;
#3759 = LINE ( 'NONE', #750, #1293 ) ;
#3760 = DIRECTION ( 'NONE',  ( -1.000000000000000000, 0.000000000000000000, -2.187630329860364571E-16 ) ) ;
#3761 = CARTESIAN_POINT ( 'NONE',  ( 27.15459061184367684, 0.000000000000000000, 1.550000000000004485 ) ) ;
#3762 = ORIENTED_EDGE ( 'NONE', *, *, #1653, .F. ) ;
#3763 = CARTESIAN_POINT ( 'NONE',  ( 24.10003102824222765, 0.000000000000000000, 0.4000000000000010214 ) ) ;
#3764 = DIRECTION ( 'NONE',  ( -1.000000000000000000, 0.000000000000000000, 1.197801575966169987E-15 ) ) ;
#3765 = EDGE_CURVE ( 'NONE', #4352, #1044, #1817, .T. ) ;
#3766 = CARTESIAN_POINT ( 'NONE',  ( -7.000000000000000000, 0.000000000000000000, 0.000000000000000000 ) ) ;
#3767 = VECTOR ( 'NONE', #1990, 1000.000000000000000 ) ;
#3768 = CARTESIAN_POINT ( 'NONE',  ( 24.19110287361381850, 27.63430209709858332, 1.949999999999998623 ) ) ;
#3769 = ORIENTED_EDGE ( 'NONE', *, *, #1547, .T. ) ;
#3770 = DIRECTION ( 'NONE',  ( -0.9124000733922535966, 0.000000000000000000, 0.4092995309963232686 ) ) ;
#3771 = ORIENTED_EDGE ( 'NONE', *, *, #1575, .T. ) ;
#3772 = VECTOR ( 'NONE', #76, 999.9999999999998863 ) ;
#3773 = ORIENTED_EDGE ( 'NONE', *, *, #3002, .F. ) ;
#3774 = ADVANCED_FACE ( 'NONE', ( #2903 ), #1842, .T. ) ;
#3775 = VECTOR ( 'NONE', #2417, 1000.000000000000000 ) ;
#3776 = VECTOR ( 'NONE', #346, 1000.000000000000000 ) ;
#3777 = ORIENTED_EDGE ( 'NONE', *, *, #4790, .F. ) ;
#3778 = CARTESIAN_POINT ( 'NONE',  ( 10.99999999999999467, 0.000000000000000000, -15.00000000000000000 ) ) ;
#3779 = EDGE_LOOP ( 'NONE', ( #3411, #2509, #2670, #968 ) ) ;
#3780 = FACE_OUTER_BOUND ( 'NONE', #251, .T. ) ;
#3781 = AXIS2_PLACEMENT_3D ( 'NONE', #509, #3181, #2065 ) ;
#3782 = AXIS2_PLACEMENT_3D ( 'NONE', #2934, #306, #4518 ) ;
#3783 = ADVANCED_FACE ( 'NONE', ( #4805 ), #2331, .F. ) ;
#3784 = DIRECTION ( 'NONE',  ( 1.000000000000000000, 0.000000000000000000, -0.000000000000000000 ) ) ;
#3785 = EDGE_LOOP ( 'NONE', ( #2876, #1923, #4292, #1504 ) ) ;
#3786 = LINE ( 'NONE', #4552, #3107 ) ;
#3787 = CARTESIAN_POINT ( 'NONE',  ( 9.905807115429793086, 20.00000000000000000, 13.81228555548828574 ) ) ;
#3788 = DIRECTION ( 'NONE',  ( 0.000000000000000000, -1.000000000000000000, 0.000000000000000000 ) ) ;
#3789 = CARTESIAN_POINT ( 'NONE',  ( 23.44490271243247648, 20.00000000000000000, -13.14607844286650185 ) ) ;
#3790 = CARTESIAN_POINT ( 'NONE',  ( 20.38837024835333267, 27.63430209709858332, -13.29972242256474146 ) ) ;
#3791 = CARTESIAN_POINT ( 'NONE',  ( -17.58000000000000185, 27.63430209709858332, 0.3999999999999944711 ) ) ;
#3792 = DIRECTION ( 'NONE',  ( -0.000000000000000000, -1.000000000000000000, -0.000000000000000000 ) ) ;
#3793 = EDGE_LOOP ( 'NONE', ( #2574, #402, #1625, #741 ) ) ;
#3794 = ADVANCED_FACE ( 'NONE', ( #804 ), #4629, .T. ) ;
#3795 = DIRECTION ( 'NONE',  ( -1.000000000000000000, 0.000000000000000000, -1.407448530797437245E-16 ) ) ;
#3796 = ORIENTED_EDGE ( 'NONE', *, *, #448, .T. ) ;
#3797 = ORIENTED_EDGE ( 'NONE', *, *, #1956, .F. ) ;
#3798 = VERTEX_POINT ( 'NONE', #3881 ) ;
#3799 = ADVANCED_FACE ( 'NONE', ( #2752 ), #1894, .F. ) ;
#3800 = DIRECTION ( 'NONE',  ( -1.197801575966169987E-15, 0.000000000000000000, -1.000000000000000000 ) ) ;
#3801 = ORIENTED_EDGE ( 'NONE', *, *, #1124, .F. ) ;
#3802 = EDGE_CURVE ( 'NONE', #305, #3939, #1197, .T. ) ;
#3803 = DIRECTION ( 'NONE',  ( -1.000000000000000000, 0.000000000000000000, 0.000000000000000000 ) ) ;
#3804 = ORIENTED_EDGE ( 'NONE', *, *, #3997, .F. ) ;
#3805 = LINE ( 'NONE', #47, #4442 ) ;
#3806 = DIRECTION ( 'NONE',  ( 1.714415645815452277E-16, 0.000000000000000000, 1.000000000000000000 ) ) ;
#3807 = EDGE_CURVE ( 'NONE', #1158, #1185, #2729, .T. ) ;
#3808 = VECTOR ( 'NONE', #1932, 1000.000000000000000 ) ;
#3809 = DIRECTION ( 'NONE',  ( -0.9238795325112887369, 0.000000000000000000, 0.3826834323650849523 ) ) ;
#3810 = CARTESIAN_POINT ( 'NONE',  ( 38.34216938573013067, 27.63430209709858332, 1.749999999999999778 ) ) ;
#3811 = ORIENTED_EDGE ( 'NONE', *, *, #231, .T. ) ;
#3812 = DIRECTION ( 'NONE',  ( 0.000000000000000000, -1.000000000000000000, 0.000000000000000000 ) ) ;
#3813 = AXIS2_PLACEMENT_3D ( 'NONE', #1606, #1063, #208 ) ;
#3814 = PLANE ( 'NONE',  #3209 ) ;
#3815 = DIRECTION ( 'NONE',  ( 0.3826834323650899483, 0.000000000000000000, 0.9238795325112867385 ) ) ;
#3816 = EDGE_LOOP ( 'NONE', ( #2695, #539, #1552, #1974 ) ) ;
#3817 = VECTOR ( 'NONE', #2231, 1000.000000000000000 ) ;
#3818 = FACE_OUTER_BOUND ( 'NONE', #4890, .T. ) ;
#3819 = EDGE_LOOP ( 'NONE', ( #3152, #3088, #834, #421, #1770, #601 ) ) ;
#3820 = LINE ( 'NONE', #127, #3264 ) ;
#3821 = VECTOR ( 'NONE', #1586, 1000.000000000000000 ) ;
#3822 = ORIENTED_EDGE ( 'NONE', *, *, #4872, .T. ) ;
#3823 = ORIENTED_EDGE ( 'NONE', *, *, #1098, .F. ) ;
#3824 = DIRECTION ( 'NONE',  ( 1.000000000000000000, 0.000000000000000000, 6.927809408853061406E-18 ) ) ;
#3825 = VERTEX_POINT ( 'NONE', #2377 ) ;
#3826 = VECTOR ( 'NONE', #417, 1000.000000000000000 ) ;
#3827 = EDGE_CURVE ( 'NONE', #1013, #547, #1173, .T. ) ;
#3828 = CARTESIAN_POINT ( 'NONE',  ( 13.39999999999999325, 1.100000000000000089, -13.89999999999999858 ) ) ;
#3829 = VERTEX_POINT ( 'NONE', #3080 ) ;
#3830 = CARTESIAN_POINT ( 'NONE',  ( 38.77512626584707789, 0.000000000000000000, 1.749999999999999778 ) ) ;
#3831 = CARTESIAN_POINT ( 'NONE',  ( 9.499999999999994671, 0.000000000000000000, -15.00000000000000000 ) ) ;
#3832 = ADVANCED_FACE ( 'NONE', ( #446 ), #4192, .T. ) ;
#3833 = CARTESIAN_POINT ( 'NONE',  ( 15.46135769493380074, 27.63430209709858332, 3.100000000000000533 ) ) ;
#3834 = CARTESIAN_POINT ( 'NONE',  ( 15.99999999999999289, 20.00000000000000000, -15.00000000000000000 ) ) ;
#3835 = CARTESIAN_POINT ( 'NONE',  ( 33.49093620857272668, 27.63430209709858332, 3.099999999999999645 ) ) ;
#3836 = DIRECTION ( 'NONE',  ( -0.000000000000000000, -0.000000000000000000, 1.000000000000000000 ) ) ;
#3837 = EDGE_CURVE ( 'NONE', #1850, #2963, #2307, .T. ) ;
#3838 = FACE_OUTER_BOUND ( 'NONE', #3614, .T. ) ;
#3839 = CARTESIAN_POINT ( 'NONE',  ( -11.72000000000000064, 0.000000000000000000, 0.3999999999999944711 ) ) ;
#3840 = EDGE_LOOP ( 'NONE', ( #3823, #2682, #2002, #1872 ) ) ;
#3841 = PLANE ( 'NONE',  #3180 ) ;
#3842 = ORIENTED_EDGE ( 'NONE', *, *, #4295, .T. ) ;
#3843 = ORIENTED_EDGE ( 'NONE', *, *, #2346, .F. ) ;
#3844 = CARTESIAN_POINT ( 'NONE',  ( -5.860000000000001208, 27.63430209709859042, 3.099999999999994760 ) ) ;
#3845 = AXIS2_PLACEMENT_3D ( 'NONE', #1815, #2954, #3299 ) ;
#3846 = ORIENTED_EDGE ( 'NONE', *, *, #1477, .T. ) ;
#3847 = VECTOR ( 'NONE', #1728, 1000.000000000000000 ) ;
#3848 = CARTESIAN_POINT ( 'NONE',  ( -23.44000000000000128, 0.000000000000000000, 0.3999999999998820610 ) ) ;
#3849 = VERTEX_POINT ( 'NONE', #3475 ) ;
#3850 = LINE ( 'NONE', #94, #3505 ) ;
#3851 = EDGE_CURVE ( 'NONE', #713, #3105, #1963, .T. ) ;
#3852 = AXIS2_PLACEMENT_3D ( 'NONE', #4502, #2296, #4525 ) ;
#3853 = AXIS2_PLACEMENT_3D ( 'NONE', #1160, #862, #2367 ) ;
#3854 = LINE ( 'NONE', #1193, #2957 ) ;
#3855 = DIRECTION ( 'NONE',  ( -1.000000000000000000, -0.000000000000000000, 2.282530889443166529E-16 ) ) ;
#3856 = CARTESIAN_POINT ( 'NONE',  ( 25.99999999999999645, 1.100000000000000089, -15.00000000000000000 ) ) ;
#3857 = DIRECTION ( 'NONE',  ( 0.000000000000000000, 0.000000000000000000, 1.000000000000000000 ) ) ;
#3858 = VERTEX_POINT ( 'NONE', #873 ) ;
#3859 = CARTESIAN_POINT ( 'NONE',  ( 22.86772351120764668, 20.00000000000000000, 11.89941269444658012 ) ) ;
#3860 = EDGE_CURVE ( 'NONE', #2062, #120, #422, .T. ) ;
#3861 = CARTESIAN_POINT ( 'NONE',  ( 29.61335921247157899, 27.63430209709859042, 3.100000000000000533 ) ) ;
#3862 = LINE ( 'NONE', #3768, #1251 ) ;
#3863 = DIRECTION ( 'NONE',  ( 0.000000000000000000, -1.000000000000000000, 0.000000000000000000 ) ) ;
#3864 = ORIENTED_EDGE ( 'NONE', *, *, #1677, .F. ) ;
#3865 = CARTESIAN_POINT ( 'NONE',  ( 12.09999999999999609, 18.89999999999999858, -3.781546635374435361 ) ) ;
#3866 = EDGE_CURVE ( 'NONE', #580, #485, #470, .T. ) ;
#3867 = CARTESIAN_POINT ( 'NONE',  ( 22.09999999999999787, 18.89999999999999858, -3.781546635374434917 ) ) ;
#3868 = VERTEX_POINT ( 'NONE', #2355 ) ;
#3869 = DIRECTION ( 'NONE',  ( 1.000000000000000000, 0.000000000000000000, 1.407448530797437245E-16 ) ) ;
#3870 = ORIENTED_EDGE ( 'NONE', *, *, #4363, .T. ) ;
#3871 = VECTOR ( 'NONE', #2134, 1000.000000000000000 ) ;
#3872 = PLANE ( 'NONE',  #4688 ) ;
#3873 = CARTESIAN_POINT ( 'NONE',  ( 38.40000000000000568, 18.89999999999999858, -1.100000000000000089 ) ) ;
#3874 = EDGE_LOOP ( 'NONE', ( #1996, #797, #3769, #6 ) ) ;
#3875 = DIRECTION ( 'NONE',  ( 0.000000000000000000, -1.000000000000000000, 0.000000000000000000 ) ) ;
#3876 = PLANE ( 'NONE',  #1007 ) ;
#3877 = CARTESIAN_POINT ( 'NONE',  ( 17.80162685482648399, 20.00000000000000000, 0.4000000000000027978 ) ) ;
#3878 = AXIS2_PLACEMENT_3D ( 'NONE', #4357, #3129, #3504 ) ;
#3879 = LINE ( 'NONE', #4711, #4400 ) ;
#3880 = CARTESIAN_POINT ( 'NONE',  ( 24.10003102824222765, 27.63430209709858332, 0.4000000000000010214 ) ) ;
#3881 = CARTESIAN_POINT ( 'NONE',  ( 21.29459061184367386, 0.000000000000000000, 1.550000000000004485 ) ) ;
#3882 = EDGE_CURVE ( 'NONE', #2764, #4334, #54, .T. ) ;
#3883 = CARTESIAN_POINT ( 'NONE',  ( -23.43999999999999773, 20.00000000000000000, 1.950000000000041478 ) ) ;
#3884 = VECTOR ( 'NONE', #2795, 1000.000000000000000 ) ;
#3885 = VERTEX_POINT ( 'NONE', #100 ) ;
#3886 = CARTESIAN_POINT ( 'NONE',  ( 27.09999999999999432, 18.89999999999999858, -3.781546635374434917 ) ) ;
#3887 = DIRECTION ( 'NONE',  ( -1.000000000000000000, -0.000000000000000000, -0.000000000000000000 ) ) ;
#3888 = ORIENTED_EDGE ( 'NONE', *, *, #3386, .T. ) ;
#3889 = DIRECTION ( 'NONE',  ( 0.000000000000000000, 0.000000000000000000, -1.000000000000000000 ) ) ;
#3890 = AXIS2_PLACEMENT_3D ( 'NONE', #755, #4556, #2258 ) ;
#3891 = ORIENTED_EDGE ( 'NONE', *, *, #1097, .T. ) ;
#3892 = AXIS2_PLACEMENT_3D ( 'NONE', #2851, #523, #3248 ) ;
#3893 = EDGE_CURVE ( 'NONE', #3668, #3987, #1940, .T. ) ;
#3894 = ORIENTED_EDGE ( 'NONE', *, *, #874, .T. ) ;
#3895 = EDGE_CURVE ( 'NONE', #4352, #3987, #1613, .T. ) ;
#3896 = CARTESIAN_POINT ( 'NONE',  ( 10.05093620857272541, 20.00000000000000000, 3.099999999999999645 ) ) ;
#3897 = ORIENTED_EDGE ( 'NONE', *, *, #1869, .T. ) ;
#3898 = VECTOR ( 'NONE', #1633, 999.9999999999998863 ) ;
#3899 = EDGE_CURVE ( 'NONE', #4393, #1268, #3123, .T. ) ;
#3900 = ORIENTED_EDGE ( 'NONE', *, *, #4048, .T. ) ;
#3901 = DIRECTION ( 'NONE',  ( -1.431323817838101058E-16, 0.000000000000000000, 1.000000000000000000 ) ) ;
#3902 = DIRECTION ( 'NONE',  ( 0.000000000000000000, 0.000000000000000000, 1.000000000000000000 ) ) ;
#3903 = VERTEX_POINT ( 'NONE', #4216 ) ;
#3904 = CARTESIAN_POINT ( 'NONE',  ( 7.099999999999996092, 18.89999999999999858, -4.900000000000001243 ) ) ;
#3905 = CARTESIAN_POINT ( 'NONE',  ( 9.574590611843673216, 0.000000000000000000, 1.550000000000004485 ) ) ;
#3906 = LINE ( 'NONE', #1635, #1806 ) ;
#3907 = EDGE_LOOP ( 'NONE', ( #176, #4365, #17, #1104 ) ) ;
#3908 = DIRECTION ( 'NONE',  ( 0.9238795325112867385, 0.000000000000000000, 0.3826834323650901148 ) ) ;
#3909 = SURFACE_STYLE_USAGE ( .BOTH. , #967 ) ;
#3910 = ORIENTED_EDGE ( 'NONE', *, *, #1098, .T. ) ;
#3911 = DIRECTION ( 'NONE',  ( 0.000000000000000000, 0.000000000000000000, -1.000000000000000000 ) ) ;
#3912 = EDGE_CURVE ( 'NONE', #2778, #1857, #1521, .T. ) ;
#3913 = ORIENTED_EDGE ( 'NONE', *, *, #2230, .T. ) ;
#3914 = ORIENTED_EDGE ( 'NONE', *, *, #2627, .T. ) ;
#3915 = CARTESIAN_POINT ( 'NONE',  ( 32.10837024835333864, 27.63430209709858332, -13.29972242256474146 ) ) ;
#3916 = ORIENTED_EDGE ( 'NONE', *, *, #4444, .F. ) ;
#3917 = VECTOR ( 'NONE', #4798, 1000.000000000000000 ) ;
#3918 = EDGE_CURVE ( 'NONE', #4793, #3958, #2658, .T. ) ;
#3919 = AXIS2_PLACEMENT_3D ( 'NONE', #4229, #462, #3784 ) ;
#3920 = VECTOR ( 'NONE', #401, 1000.000000000000000 ) ;
#3921 = ORIENTED_EDGE ( 'NONE', *, *, #4037, .F. ) ;
#3922 = VERTEX_POINT ( 'NONE', #2494 ) ;
#3923 = DIRECTION ( 'NONE',  ( -0.4092995309963232131, 0.000000000000000000, -0.9124000733922535966 ) ) ;
#3924 = CARTESIAN_POINT ( 'NONE',  ( 24.49999999999999289, 1.100000000000000089, -4.881546635374435006 ) ) ;
#3925 = VECTOR ( 'NONE', #3008, 1000.000000000000000 ) ;
#3926 = EDGE_CURVE ( 'NONE', #2908, #1765, #162, .T. ) ;
#3927 = VECTOR ( 'NONE', #744, 1000.000000000000000 ) ;
#3928 = VECTOR ( 'NONE', #4626, 1000.000000000000000 ) ;
#3929 = ORIENTED_EDGE ( 'NONE', *, *, #3481, .T. ) ;
#3930 = VECTOR ( 'NONE', #1267, 1000.000000000000000 ) ;
#3931 = LINE ( 'NONE', #1655, #2785 ) ;
#3932 = CARTESIAN_POINT ( 'NONE',  ( 33.40000000000000568, 18.89999999999999858, -3.781546635374434029 ) ) ;
#3933 = DIRECTION ( 'NONE',  ( 1.000000000000000000, 0.000000000000000000, -1.197801575966169987E-15 ) ) ;
#3934 = ORIENTED_EDGE ( 'NONE', *, *, #4346, .F. ) ;
#3935 = PLANE ( 'NONE',  #3068 ) ;
#3936 = LINE ( 'NONE', #546, #2421 ) ;
#3937 = EDGE_LOOP ( 'NONE', ( #1975, #1703, #1623, #817 ) ) ;
#3938 = PLANE ( 'NONE',  #1141 ) ;
#3939 = VERTEX_POINT ( 'NONE', #893 ) ;
#3940 = EDGE_CURVE ( 'NONE', #3015, #3829, #4671, .T. ) ;
#3941 = ORIENTED_EDGE ( 'NONE', *, *, #2346, .T. ) ;
#3942 = DIRECTION ( 'NONE',  ( 1.000000000000000000, 0.000000000000000000, -8.273704753157721312E-16 ) ) ;
#3943 = EDGE_LOOP ( 'NONE', ( #1419, #3122, #131, #4327 ) ) ;
#3944 = EDGE_CURVE ( 'NONE', #276, #4314, #3431, .T. ) ;
#3945 = ORIENTED_EDGE ( 'NONE', *, *, #3639, .T. ) ;
#3946 = EDGE_CURVE ( 'NONE', #3574, #453, #2821, .T. ) ;
#3947 = CARTESIAN_POINT ( 'NONE',  ( 7.099999999999996980, 18.89999999999999858, -1.100000000000000311 ) ) ;
#3948 = DIRECTION ( 'NONE',  ( 0.000000000000000000, 0.000000000000000000, 1.000000000000000000 ) ) ;
#3949 = VERTEX_POINT ( 'NONE', #2053 ) ;
#3950 = EDGE_CURVE ( 'NONE', #547, #1041, #1309, .T. ) ;
#3951 = EDGE_CURVE ( 'NONE', #4175, #728, #3976, .T. ) ;
#3952 = LINE ( 'NONE', #2074, #4839 ) ;
#3953 = DIRECTION ( 'NONE',  ( 3.428831291630904061E-16, 0.000000000000000000, 1.000000000000000000 ) ) ;
#3954 = PLANE ( 'NONE',  #1952 ) ;
#3955 = CARTESIAN_POINT ( 'NONE',  ( 15.99999999999999289, 0.000000000000000000, -15.00000000000000000 ) ) ;
#3956 = VECTOR ( 'NONE', #2453, 1000.000000000000000 ) ;
#3957 = CARTESIAN_POINT ( 'NONE',  ( 28.39999999999999147, 1.100000000000000089, -3.781546635374434029 ) ) ;
#3958 = VERTEX_POINT ( 'NONE', #3214 ) ;
#3959 = DIRECTION ( 'NONE',  ( 0.000000000000000000, 1.000000000000000000, -0.000000000000000000 ) ) ;
#3960 = PLANE ( 'NONE',  #4524 ) ;
#3961 = FACE_OUTER_BOUND ( 'NONE', #22, .T. ) ;
#3962 = VERTEX_POINT ( 'NONE', #562 ) ;
#3963 = AXIS2_PLACEMENT_3D ( 'NONE', #3904, #1287, #4302 ) ;
#3964 = CARTESIAN_POINT ( 'NONE',  ( 8.399999999999996803, 18.89999999999999858, -3.781546635374435361 ) ) ;
#3965 = ORIENTED_EDGE ( 'NONE', *, *, #2139, .T. ) ;
#3966 = VECTOR ( 'NONE', #3704, 1000.000000000000000 ) ;
#3967 = DIRECTION ( 'NONE',  ( -1.000000000000000000, 0.000000000000000000, 0.000000000000000000 ) ) ;
#3968 = ORIENTED_EDGE ( 'NONE', *, *, #4199, .F. ) ;
#3969 = AXIS2_PLACEMENT_3D ( 'NONE', #3322, #1780, #4060 ) ;
#3970 = DIRECTION ( 'NONE',  ( 8.273704753157721312E-16, 0.000000000000000000, 1.000000000000000000 ) ) ;
#3971 = CARTESIAN_POINT ( 'NONE',  ( 15.91093620857273194, 20.00000000000000000, 0.3999999999999944711 ) ) ;
#3972 = EDGE_CURVE ( 'NONE', #2762, #959, #2445, .T. ) ;
#3973 = ORIENTED_EDGE ( 'NONE', *, *, #733, .T. ) ;
#3974 = LINE ( 'NONE', #1263, #3262 ) ;
#3975 = VECTOR ( 'NONE', #4398, 1000.000000000000000 ) ;
#3976 = LINE ( 'NONE', #3586, #4683 ) ;
#3977 = EDGE_CURVE ( 'NONE', #4242, #1739, #3542, .T. ) ;
#3978 = CARTESIAN_POINT ( 'NONE',  ( 33.40000000000000568, 18.89999999999999858, -3.781546635374434029 ) ) ;
#3979 = ORIENTED_EDGE ( 'NONE', *, *, #2348, .F. ) ;
#3980 = CARTESIAN_POINT ( 'NONE',  ( -1.282395112762152678, 15.05000000000000071, -5.999999999999999112 ) ) ;
#3981 = DIRECTION ( 'NONE',  ( 0.000000000000000000, -0.000000000000000000, 1.000000000000000000 ) ) ;
#3982 = EDGE_LOOP ( 'NONE', ( #112, #2156, #2623, #4777 ) ) ;
#3983 = FACE_OUTER_BOUND ( 'NONE', #4879, .T. ) ;
#3984 = DIRECTION ( 'NONE',  ( 0.000000000000000000, 0.000000000000000000, 1.000000000000000000 ) ) ;
#3985 = EDGE_CURVE ( 'NONE', #3677, #739, #4303, .T. ) ;
#3986 = CARTESIAN_POINT ( 'NONE',  ( 7.099999999999996980, 9.165958634119386161, -1.100000000000000311 ) ) ;
#3987 = VERTEX_POINT ( 'NONE', #188 ) ;
#3988 = DIRECTION ( 'NONE',  ( -0.3826834323650891156, 0.000000000000000000, -0.9238795325112870716 ) ) ;
#3989 = ORIENTED_EDGE ( 'NONE', *, *, #4775, .T. ) ;
#3990 = LINE ( 'NONE', #4441, #1230 ) ;
#3991 = CARTESIAN_POINT ( 'NONE',  ( 30.05110287361382149, 20.00000000000000000, 1.949999999999998623 ) ) ;
#3992 = VERTEX_POINT ( 'NONE', #915 ) ;
#3993 = DIRECTION ( 'NONE',  ( 1.900632682732230014E-47, -1.000000000000000000, 4.930380657631323784E-32 ) ) ;
#3994 = DIRECTION ( 'NONE',  ( -3.428831291630904061E-16, 0.000000000000000000, -1.000000000000000000 ) ) ;
#3995 =( GEOMETRIC_REPRESENTATION_CONTEXT ( 3 ) GLOBAL_UNCERTAINTY_ASSIGNED_CONTEXT ( ( #3632 ) ) GLOBAL_UNIT_ASSIGNED_CONTEXT ( ( #1978, #1231, #953 ) ) REPRESENTATION_CONTEXT ( 'NONE', 'WORKASPACE' ) );
#3996 = VECTOR ( 'NONE', #3279, 1000.000000000000000 ) ;
#3997 = EDGE_CURVE ( 'NONE', #4708, #1154, #4330, .T. ) ;
#3998 = EDGE_LOOP ( 'NONE', ( #942, #2663, #3387, #3353 ) ) ;
#3999 = DIRECTION ( 'NONE',  ( 0.3826834323650914471, 0.000000000000000000, -0.9238795325112860723 ) ) ;
#4000 = VECTOR ( 'NONE', #3245, 1000.000000000000000 ) ;
#4001 = LINE ( 'NONE', #1749, #3269 ) ;
#4002 = CARTESIAN_POINT ( 'NONE',  ( 33.04135769493380081, 0.000000000000000000, 3.100000000000000533 ) ) ;
#4003 = VECTOR ( 'NONE', #1533, 1000.000000000000000 ) ;
#4004 = AXIS2_PLACEMENT_3D ( 'NONE', #1179, #1918, #2686 ) ;
#4005 = ORIENTED_EDGE ( 'NONE', *, *, #1621, .F. ) ;
#4006 = CARTESIAN_POINT ( 'NONE',  ( -11.72000000000000242, 0.000000000000000000, 0.3999999999998820610 ) ) ;
#4007 = CARTESIAN_POINT ( 'NONE',  ( 17.58490271243247705, 0.000000000000000000, -13.14607844286650185 ) ) ;
#4008 = ORIENTED_EDGE ( 'NONE', *, *, #3136, .T. ) ;
#4009 = PLANE ( 'NONE',  #4680 ) ;
#4010 = EDGE_CURVE ( 'NONE', #577, #2935, #1264, .T. ) ;
#4011 = AXIS2_PLACEMENT_3D ( 'NONE', #838, #3800, #3112 ) ;
#4012 = CARTESIAN_POINT ( 'NONE',  ( -5.860000000000001208, 0.000000000000000000, 3.099999999999992095 ) ) ;
#4013 = DIRECTION ( 'NONE',  ( 0.000000000000000000, -1.000000000000000000, 0.000000000000000000 ) ) ;
#4014 = ORIENTED_EDGE ( 'NONE', *, *, #3167, .T. ) ;
#4015 = DIRECTION ( 'NONE',  ( 1.000000000000000000, 0.000000000000000000, 1.445602896647338177E-16 ) ) ;
#4016 = VERTEX_POINT ( 'NONE', #4652 ) ;
#4017 = ADVANCED_FACE ( 'NONE', ( #586 ), #3191, .T. ) ;
#4018 = VERTEX_POINT ( 'NONE', #940 ) ;
#4019 = CARTESIAN_POINT ( 'NONE',  ( 1.282424236739471100E-15, 0.000000000000000000, 1.550000000000029354 ) ) ;
#4020 = ORIENTED_EDGE ( 'NONE', *, *, #4831, .F. ) ;
#4021 = DIRECTION ( 'NONE',  ( 0.000000000000000000, -0.000000000000000000, 1.000000000000000000 ) ) ;
#4022 = ORIENTED_EDGE ( 'NONE', *, *, #447, .F. ) ;
#4023 = LINE ( 'NONE', #2120, #4449 ) ;
#4024 = PLANE ( 'NONE',  #1250 ) ;
#4025 = CARTESIAN_POINT ( 'NONE',  ( 5.999999999999995559, 15.05000000000000071, -6.000000000000002665 ) ) ;
#4026 = ORIENTED_EDGE ( 'NONE', *, *, #1653, .T. ) ;
#4027 = DIRECTION ( 'NONE',  ( 0.9238795325112860723, 0.000000000000000000, 0.3826834323650914471 ) ) ;
#4028 = CYLINDRICAL_SURFACE ( 'NONE', #3742, 2.075000000000000178 ) ;
#4029 = DIRECTION ( 'NONE',  ( -0.4092995309963232686, 0.000000000000000000, -0.9124000733922535966 ) ) ;
#4030 = VERTEX_POINT ( 'NONE', #3606 ) ;
#4031 = LINE ( 'NONE', #219, #3847 ) ;
#4032 = CARTESIAN_POINT ( 'NONE',  ( 22.09999999999999787, 18.89999999999999858, -3.781546635374434917 ) ) ;
#4033 = CARTESIAN_POINT ( 'NONE',  ( 14.49999999999999467, 20.00000000000000000, -4.881546635374435894 ) ) ;
#4034 = EDGE_LOOP ( 'NONE', ( #2796, #990, #156, #411 ) ) ;
#4035 = CARTESIAN_POINT ( 'NONE',  ( 38.90135769493380025, 27.63430209709858332, 3.100000000000000533 ) ) ;
#4036 = FACE_OUTER_BOUND ( 'NONE', #53, .T. ) ;
#4037 = EDGE_CURVE ( 'NONE', #2196, #1456, #2399, .T. ) ;
#4038 = CARTESIAN_POINT ( 'NONE',  ( 37.10000000000000142, 1.100000000000000089, -3.781546635374434029 ) ) ;
#4039 = LINE ( 'NONE', #624, #478 ) ;
#4040 = VERTEX_POINT ( 'NONE', #3905 ) ;
#4041 = DIRECTION ( 'NONE',  ( -4.180056568618812977E-16, 6.688090509790100763E-15, -1.000000000000000000 ) ) ;
#4042 = VECTOR ( 'NONE', #2852, 1000.000000000000114 ) ;
#4043 = ORIENTED_EDGE ( 'NONE', *, *, #4733, .T. ) ;
#4044 = ORIENTED_EDGE ( 'NONE', *, *, #2597, .T. ) ;
#4045 = ADVANCED_FACE ( 'NONE', ( #122 ), #4349, .F. ) ;
#4046 = CARTESIAN_POINT ( 'NONE',  ( 9.574590611843673216, 27.63430209709858332, 1.550000000000004485 ) ) ;
#4047 = AXIS2_PLACEMENT_3D ( 'NONE', #3680, #2524, #1385 ) ;
#4048 = EDGE_CURVE ( 'NONE', #305, #2263, #3242, .T. ) ;
#4049 = ORIENTED_EDGE ( 'NONE', *, *, #3564, .T. ) ;
#4050 = CARTESIAN_POINT ( 'NONE',  ( 20.99999999999999645, 0.000000000000000000, -4.881546635374435006 ) ) ;
#4051 = EDGE_LOOP ( 'NONE', ( #4237, #566, #2717, #2691 ) ) ;
#4052 = PLANE ( 'NONE',  #2003 ) ;
#4053 = CARTESIAN_POINT ( 'NONE',  ( 27.18135769493380138, 20.00000000000000000, 3.100000000000000533 ) ) ;
#4054 = VECTOR ( 'NONE', #3911, 1000.000000000000000 ) ;
#4055 = ADVANCED_FACE ( 'NONE', ( #3146 ), #1656, .F. ) ;
#4056 = FACE_OUTER_BOUND ( 'NONE', #1144, .T. ) ;
#4057 = VECTOR ( 'NONE', #1338, 1000.000000000000114 ) ;
#4058 = VERTEX_POINT ( 'NONE', #3735 ) ;
#4059 = LINE ( 'NONE', #671, #2947 ) ;
#4060 = DIRECTION ( 'NONE',  ( 0.4092995309963232686, 0.000000000000000000, 0.9124000733922535966 ) ) ;
#4061 = AXIS2_PLACEMENT_3D ( 'NONE', #4163, #2679, #2255 ) ;
#4062 = CARTESIAN_POINT ( 'NONE',  ( -1.282395112762153122, 15.05000000000000071, -7.399999999999999467 ) ) ;
#4063 = ORIENTED_EDGE ( 'NONE', *, *, #2781, .T. ) ;
#4064 = LINE ( 'NONE', #801, #610 ) ;
#4065 = LINE ( 'NONE', #2557, #1958 ) ;
#4066 = VERTEX_POINT ( 'NONE', #3373 ) ;
#4067 = DIRECTION ( 'NONE',  ( -0.3826834323650881720, 0.000000000000000000, 0.9238795325112874046 ) ) ;
#4068 = PLANE ( 'NONE',  #1835 ) ;
#4069 = CYLINDRICAL_SURFACE ( 'NONE', #2112, 2.075000000000000178 ) ;
#4070 = ORIENTED_EDGE ( 'NONE', *, *, #1671, .F. ) ;
#4071 = EDGE_CURVE ( 'NONE', #4572, #3868, #3001, .T. ) ;
#4072 = DIRECTION ( 'NONE',  ( 0.000000000000000000, 0.000000000000000000, -1.000000000000000000 ) ) ;
#4073 = ORIENTED_EDGE ( 'NONE', *, *, #4154, .F. ) ;
#4074 = ORIENTED_EDGE ( 'NONE', *, *, #3023, .F. ) ;
#4075 = CARTESIAN_POINT ( 'NONE',  ( 18.39999999999999147, 18.89999999999999858, -13.89999999999999858 ) ) ;
#4076 = ORIENTED_EDGE ( 'NONE', *, *, #139, .T. ) ;
#4077 = LINE ( 'NONE', #1138, #2431 ) ;
#4078 = VERTEX_POINT ( 'NONE', #725 ) ;
#4079 = LINE ( 'NONE', #691, #3966 ) ;
#4080 = CARTESIAN_POINT ( 'NONE',  ( 5.999999999999995559, 1.100000000000000089, -6.000000000000001776 ) ) ;
#4081 = EDGE_CURVE ( 'NONE', #4337, #4018, #3681, .T. ) ;
#4082 = LINE ( 'NONE', #669, #3072 ) ;
#4083 = ORIENTED_EDGE ( 'NONE', *, *, #960, .F. ) ;
#4084 = FACE_OUTER_BOUND ( 'NONE', #4598, .T. ) ;
#4085 = CARTESIAN_POINT ( 'NONE',  ( 10.99999999999999467, 1.100000000000000089, -15.00000000000000000 ) ) ;
#4086 = ADVANCED_FACE ( 'NONE', ( #2525 ), #4823, .F. ) ;
#4087 = VECTOR ( 'NONE', #1870, 1000.000000000000000 ) ;
#4088 = CARTESIAN_POINT ( 'NONE',  ( 20.38837024835333267, 20.00000000000000000, -13.29972242256474146 ) ) ;
#4089 = VERTEX_POINT ( 'NONE', #293 ) ;
#4090 = CARTESIAN_POINT ( 'NONE',  ( -11.72000000000000242, 27.63430209709858332, 0.3999999999998820610 ) ) ;
#4091 = VECTOR ( 'NONE', #592, 1000.000000000000000 ) ;
#4092 = PLANE ( 'NONE',  #4878 ) ;
#4093 = EDGE_LOOP ( 'NONE', ( #229, #3254, #2698, #2087 ) ) ;
#4094 = PLANE ( 'NONE',  #1216 ) ;
#4095 = VECTOR ( 'NONE', #2898, 1000.000000000000000 ) ;
#4096 = LINE ( 'NONE', #971, #2780 ) ;
#4097 = DIRECTION ( 'NONE',  ( -3.711578864342414090E-16, -4.930380657631323784E-32, -1.000000000000000000 ) ) ;
#4098 = ORIENTED_EDGE ( 'NONE', *, *, #87, .T. ) ;
#4099 = CARTESIAN_POINT ( 'NONE',  ( 39.50000000000000000, 1.100000000000000089, 0.000000000000000000 ) ) ;
#4100 = AXIS2_PLACEMENT_3D ( 'NONE', #1906, #362, #3416 ) ;
#4101 = VECTOR ( 'NONE', #4234, 1000.000000000000000 ) ;
#4102 = ORIENTED_EDGE ( 'NONE', *, *, #930, .T. ) ;
#4103 = VECTOR ( 'NONE', #1339, 1000.000000000000000 ) ;
#4104 = ADVANCED_FACE ( 'NONE', ( #4796 ), #1836, .T. ) ;
#4105 = ORIENTED_EDGE ( 'NONE', *, *, #1021, .F. ) ;
#4106 = CARTESIAN_POINT ( 'NONE',  ( 23.39999999999999503, 1.100000000000000089, -3.781546635374434917 ) ) ;
#4107 = DIRECTION ( 'NONE',  ( 0.000000000000000000, -1.000000000000000000, 0.000000000000000000 ) ) ;
#4108 = ORIENTED_EDGE ( 'NONE', *, *, #2413, .T. ) ;
#4109 = DIRECTION ( 'NONE',  ( -1.000000000000000000, 0.000000000000000000, -1.445602896647337684E-16 ) ) ;
#4110 = DIRECTION ( 'NONE',  ( 0.000000000000000000, -1.000000000000000000, 0.000000000000000000 ) ) ;
#4111 = EDGE_CURVE ( 'NONE', #2540, #4686, #1121, .T. ) ;
#4112 = CARTESIAN_POINT ( 'NONE',  ( 9.574590611843669663, 20.00000000000000000, 1.550000000000004485 ) ) ;
#4113 = EDGE_CURVE ( 'NONE', #2866, #106, #2151, .T. ) ;
#4114 = ORIENTED_EDGE ( 'NONE', *, *, #4866, .F. ) ;
#4115 = LINE ( 'NONE', #613, #4281 ) ;
#4116 = CARTESIAN_POINT ( 'NONE',  ( 24.19110287361381850, 20.00000000000000000, 1.949999999999998623 ) ) ;
#4117 = DIRECTION ( 'NONE',  ( -0.3826834323650881720, 0.000000000000000000, 0.9238795325112874046 ) ) ;
#4118 = ADVANCED_FACE ( 'NONE', ( #4876 ), #3658, .F. ) ;
#4119 = ADVANCED_FACE ( 'NONE', ( #2924 ), #4425, .F. ) ;
#4120 = ORIENTED_EDGE ( 'NONE', *, *, #4257, .T. ) ;
#4121 = DIRECTION ( 'NONE',  ( -1.714415645815452277E-16, 0.000000000000000000, -1.000000000000000000 ) ) ;
#4122 = LINE ( 'NONE', #730, #3605 ) ;
#4123 = ORIENTED_EDGE ( 'NONE', *, *, #1310, .T. ) ;
#4124 = CARTESIAN_POINT ( 'NONE',  ( 33.01459061184367982, 0.000000000000000000, 1.550000000000004485 ) ) ;
#4125 = DIRECTION ( 'NONE',  ( -1.407448530797437245E-16, 0.000000000000000000, 1.000000000000000000 ) ) ;
#4126 = VECTOR ( 'NONE', #3277, 1000.000000000000000 ) ;
#4127 = DIRECTION ( 'NONE',  ( -1.000000000000000000, 0.000000000000000000, -2.187630329860364324E-16 ) ) ;
#4128 = ORIENTED_EDGE ( 'NONE', *, *, #3228, .F. ) ;
#4129 = DIRECTION ( 'NONE',  ( 0.4092995309963297079, 0.000000000000000000, 0.9124000733922508211 ) ) ;
#4130 = EDGE_LOOP ( 'NONE', ( #1436, #1559, #4862, #2853 ) ) ;
#4131 = ORIENTED_EDGE ( 'NONE', *, *, #3918, .T. ) ;
#4132 = FACE_OUTER_BOUND ( 'NONE', #2366, .T. ) ;
#4133 = ORIENTED_EDGE ( 'NONE', *, *, #4831, .T. ) ;
#4134 = DIRECTION ( 'NONE',  ( 0.3557458051467863869, 0.000000000000000000, -0.9345827529547421353 ) ) ;
#4135 = CARTESIAN_POINT ( 'NONE',  ( 30.03751289470344332, 27.63430209709859042, 1.550000000000000933 ) ) ;
#4136 = VERTEX_POINT ( 'NONE', #1863 ) ;
#4137 = AXIS2_PLACEMENT_3D ( 'NONE', #2975, #4027, #3999 ) ;
#4138 = DIRECTION ( 'NONE',  ( 1.000000000000000000, 0.000000000000000000, 0.000000000000000000 ) ) ;
#4139 = ADVANCED_FACE ( 'NONE', ( #640 ), #4028, .F. ) ;
#4140 = DIRECTION ( 'NONE',  ( -0.3826834323650901148, 0.000000000000000000, 0.9238795325112867385 ) ) ;
#4141 = VECTOR ( 'NONE', #3923, 1000.000000000000114 ) ;
#4142 = DIRECTION ( 'NONE',  ( -0.9238795325112874046, 0.000000000000000000, -0.3826834323650881720 ) ) ;
#4143 = LINE ( 'NONE', #442, #3139 ) ;
#4144 = PLANE ( 'NONE',  #3890 ) ;
#4145 = ORIENTED_EDGE ( 'NONE', *, *, #1711, .T. ) ;
#4146 = DIRECTION ( 'NONE',  ( -1.197801575966169987E-15, 0.000000000000000000, -1.000000000000000000 ) ) ;
#4147 = VECTOR ( 'NONE', #1700, 1000.000000000000000 ) ;
#4148 = EDGE_CURVE ( 'NONE', #2513, #1470, #4001, .T. ) ;
#4149 = CARTESIAN_POINT ( 'NONE',  ( 11.14772351120764426, 0.000000000000000000, 11.89941269444658012 ) ) ;
#4150 = CARTESIAN_POINT ( 'NONE',  ( 12.45751289470343970, 27.63430209709858332, 1.550000000000000933 ) ) ;
#4151 = ORIENTED_EDGE ( 'NONE', *, *, #1237, .F. ) ;
#4152 = CARTESIAN_POINT ( 'NONE',  ( 12.09999999999999609, 18.89999999999999858, -3.781546635374435361 ) ) ;
#4153 = EDGE_LOOP ( 'NONE', ( #153, #2020, #1405, #4737 ) ) ;
#4154 = EDGE_CURVE ( 'NONE', #1909, #1798, #2976, .T. ) ;
#4155 = EDGE_LOOP ( 'NONE', ( #2113, #3913, #703, #234 ) ) ;
#4156 = ORIENTED_EDGE ( 'NONE', *, *, #253, .T. ) ;
#4157 = PLANE ( 'NONE',  #1805 ) ;
#4158 = VERTEX_POINT ( 'NONE', #4116 ) ;
#4159 = FACE_BOUND ( 'NONE', #1925, .T. ) ;
#4160 = LINE ( 'NONE', #4528, #295 ) ;
#4161 = ORIENTED_EDGE ( 'NONE', *, *, #298, .T. ) ;
#4162 = CARTESIAN_POINT ( 'NONE',  ( 33.39999999999999858, 18.89999999999999858, -13.89999999999999858 ) ) ;
#4163 = CARTESIAN_POINT ( 'NONE',  ( 20.99999999999999289, 1.100000000000000089, -15.00000000000000000 ) ) ;
#4164 = EDGE_CURVE ( 'NONE', #4016, #4089, #342, .T. ) ;
#4165 = CARTESIAN_POINT ( 'NONE',  ( 33.71535892843427007, 0.000000000000000000, 13.96535892843436244 ) ) ;
#4166 = CARTESIAN_POINT ( 'NONE',  ( 22.09999999999999432, 18.89999999999999858, -13.89999999999999858 ) ) ;
#4167 = DIRECTION ( 'NONE',  ( -1.000000000000000000, 0.000000000000000000, 0.000000000000000000 ) ) ;
#4168 = DIRECTION ( 'NONE',  ( -1.000000000000000000, 0.000000000000000000, -1.431323817838101058E-16 ) ) ;
#4169 = DIRECTION ( 'NONE',  ( 0.4092995309963232686, 0.000000000000000000, 0.9124000733922535966 ) ) ;
#4170 = VECTOR ( 'NONE', #1822, 999.9999999999998863 ) ;
#4171 = DIRECTION ( 'NONE',  ( 6.857662583261808122E-16, 0.000000000000000000, 1.000000000000000000 ) ) ;
#4172 = ORIENTED_EDGE ( 'NONE', *, *, #2016, .F. ) ;
#4173 = ADVANCED_FACE ( 'NONE', ( #4507 ), #2175, .F. ) ;
#4174 = CARTESIAN_POINT ( 'NONE',  ( 29.66986274178956862, -0.000000000000000000, -13.30979825526486948 ) ) ;
#4175 = VERTEX_POINT ( 'NONE', #1070 ) ;
#4176 = VECTOR ( 'NONE', #3050, 1000.000000000000000 ) ;
#4177 = ORIENTED_EDGE ( 'NONE', *, *, #923, .F. ) ;
#4178 = AXIS2_PLACEMENT_3D ( 'NONE', #3515, #4667, #556 ) ;
#4179 = VECTOR ( 'NONE', #4815, 1000.000000000000000 ) ;
#4180 = EDGE_LOOP ( 'NONE', ( #2986, #2425, #1392, #2703, #431, #3611, #2410, #1037, #4005, #3391, #3326, #2808, #2181, #4545, #3726, #2011, #1637, #463, #2591, #4383, #1581, #3513, #428, #4718, #3699, #2022, #687, #2135, #3483, #4191, #4574, #3771, #863, #1509, #945 ) ) ;
#4181 = EDGE_CURVE ( 'NONE', #3858, #1857, #2581, .T. ) ;
#4182 = CARTESIAN_POINT ( 'NONE',  ( -2.766639066687122320E-15, 2.050000000000001599, -7.400000000000000355 ) ) ;
#4183 = EDGE_LOOP ( 'NONE', ( #4893, #1207, #2354, #3485 ) ) ;
#4184 = CARTESIAN_POINT ( 'NONE',  ( 5.287723511207643057, 0.000000000000000000, 11.89941269444658012 ) ) ;
#4185 = DIRECTION ( 'NONE',  ( -1.000000000000000000, 0.000000000000000000, 0.000000000000000000 ) ) ;
#4186 = ORIENTED_EDGE ( 'NONE', *, *, #1629, .F. ) ;
#4187 = FACE_OUTER_BOUND ( 'NONE', #2018, .T. ) ;
#4188 = DIRECTION ( 'NONE',  ( -1.000000000000000000, -0.000000000000000000, -0.000000000000000000 ) ) ;
#4189 = LINE ( 'NONE', #2680, #2678 ) ;
#4190 = CARTESIAN_POINT ( 'NONE',  ( 14.80852764704162716, 0.000000000000000000, 12.32858493149792878 ) ) ;
#4191 = ORIENTED_EDGE ( 'NONE', *, *, #2070, .F. ) ;
#4192 = PLANE ( 'NONE',  #339 ) ;
#4193 = DIRECTION ( 'NONE',  ( 0.000000000000000000, 0.000000000000000000, 1.000000000000000000 ) ) ;
#4194 = DIRECTION ( 'NONE',  ( 0.000000000000000000, -1.000000000000000000, 0.000000000000000000 ) ) ;
#4195 = ORIENTED_EDGE ( 'NONE', *, *, #1451, .F. ) ;
#4196 = CARTESIAN_POINT ( 'NONE',  ( 21.29459061184367386, 20.00000000000000000, 1.950000000000002176 ) ) ;
#4197 = ORIENTED_EDGE ( 'NONE', *, *, #686, .T. ) ;
#4198 = CARTESIAN_POINT ( 'NONE',  ( 27.63093620857272725, 20.00000000000000000, 3.099999999999999645 ) ) ;
#4199 = EDGE_CURVE ( 'NONE', #3488, #1949, #4553, .T. ) ;
#4200 = EDGE_LOOP ( 'NONE', ( #1977, #3822, #4076, #4355 ) ) ;
#4201 = ORIENTED_EDGE ( 'NONE', *, *, #956, .F. ) ;
#4202 = DIRECTION ( 'NONE',  ( -1.000000000000000000, 0.000000000000000000, 0.000000000000000000 ) ) ;
#4203 = VERTEX_POINT ( 'NONE', #2631 ) ;
#4204 = EDGE_CURVE ( 'NONE', #259, #2062, #415, .T. ) ;
#4205 = EDGE_CURVE ( 'NONE', #64, #2154, #3854, .T. ) ;
#4206 = DIRECTION ( 'NONE',  ( 3.854941057726242534E-16, -0.000000000000000000, 1.000000000000000000 ) ) ;
#4207 = ORIENTED_EDGE ( 'NONE', *, *, #3528, .T. ) ;
#4208 = CARTESIAN_POINT ( 'NONE',  ( 21.32135769493380195, 27.63430209709858332, 0.3999999999999999667 ) ) ;
#4209 = VECTOR ( 'NONE', #2365, 1000.000000000000000 ) ;
#4210 = CARTESIAN_POINT ( 'NONE',  ( -11.71999999999999886, 20.00000000000000000, 1.950000000000041478 ) ) ;
#4211 = EDGE_CURVE ( 'NONE', #2343, #4158, #439, .T. ) ;
#4212 = DIRECTION ( 'NONE',  ( -0.000000000000000000, -1.000000000000000000, -0.000000000000000000 ) ) ;
#4213 = VECTOR ( 'NONE', #121, 1000.000000000000000 ) ;
#4214 = LINE ( 'NONE', #1959, #1643 ) ;
#4215 = CARTESIAN_POINT ( 'NONE',  ( 27.15459061184367329, 20.00000000000000000, 1.550000000000004485 ) ) ;
#4216 = CARTESIAN_POINT ( 'NONE',  ( 12.45751289470344325, 20.00000000000000000, 1.550000000000000933 ) ) ;
#4217 = VECTOR ( 'NONE', #2406, 1000.000000000000000 ) ;
#4218 = PLANE ( 'NONE',  #52 ) ;
#4219 = DIRECTION ( 'NONE',  ( 1.714415645815452277E-16, 0.000000000000000000, 1.000000000000000000 ) ) ;
#4220 = AXIS2_PLACEMENT_3D ( 'NONE', #4830, #1045, #2260 ) ;
#4221 = CARTESIAN_POINT ( 'NONE',  ( 30.56000720206792920, 27.63430209709859042, 1.737451581485168317 ) ) ;
#4222 = VERTEX_POINT ( 'NONE', #1214 ) ;
#4223 = DIRECTION ( 'NONE',  ( 1.000000000000000000, 0.000000000000000000, 2.187630329860364324E-16 ) ) ;
#4224 = EDGE_LOOP ( 'NONE', ( #358, #1424, #13, #2165 ) ) ;
#4225 = EDGE_CURVE ( 'NONE', #925, #4301, #774, .T. ) ;
#4226 = ORIENTED_EDGE ( 'NONE', *, *, #2926, .F. ) ;
#4227 = PLANE ( 'NONE',  #2200 ) ;
#4228 = ORIENTED_EDGE ( 'NONE', *, *, #542, .F. ) ;
#4229 = CARTESIAN_POINT ( 'NONE',  ( 38.40000000000000568, 18.89999999999999858, -13.89999999999999858 ) ) ;
#4230 = VERTEX_POINT ( 'NONE', #2725 ) ;
#4231 = EDGE_CURVE ( 'NONE', #3113, #2166, #49, .T. ) ;
#4232 = PLANE ( 'NONE',  #964 ) ;
#4233 = CARTESIAN_POINT ( 'NONE',  ( 10.99999999999999467, 20.00000000000000000, -15.00000000000000000 ) ) ;
#4234 = DIRECTION ( 'NONE',  ( 0.000000000000000000, -1.000000000000000000, 0.000000000000000000 ) ) ;
#4235 = ADVANCED_FACE ( 'NONE', ( #4579 ), #3118, .F. ) ;
#4236 = CARTESIAN_POINT ( 'NONE',  ( 18.33110287361381907, 27.63430209709858332, 1.949999999999998623 ) ) ;
#4237 = ORIENTED_EDGE ( 'NONE', *, *, #2400, .F. ) ;
#4238 = CARTESIAN_POINT ( 'NONE',  ( 29.30490271243247946, 27.63430209709858332, -13.14607844286650185 ) ) ;
#4239 = DIRECTION ( 'NONE',  ( -1.000000000000000000, 0.000000000000000000, -1.445602896647338177E-16 ) ) ;
#4240 = CARTESIAN_POINT ( 'NONE',  ( 10.05093620857273251, 20.00000000000000000, 0.3999999999999944711 ) ) ;
#4241 = CARTESIAN_POINT ( 'NONE',  ( 7.099999999999996980, 10.00000000000000000, -3.000000000000000000 ) ) ;
#4242 = VERTEX_POINT ( 'NONE', #3421 ) ;
#4243 = FACE_OUTER_BOUND ( 'NONE', #4435, .T. ) ;
#4244 = VERTEX_POINT ( 'NONE', #25 ) ;
#4245 = EDGE_LOOP ( 'NONE', ( #2736, #3577, #1180, #3109 ) ) ;
#4246 = CARTESIAN_POINT ( 'NONE',  ( 13.39999999999999325, 18.89999999999999858, -13.89999999999999858 ) ) ;
#4247 = CIRCLE ( 'NONE', #3462, 2.074999999999999734 ) ;
#4248 = ORIENTED_EDGE ( 'NONE', *, *, #1237, .T. ) ;
#4249 = VECTOR ( 'NONE', #1067, 1000.000000000000000 ) ;
#4250 = VECTOR ( 'NONE', #2282, 1000.000000000000000 ) ;
#4251 = CARTESIAN_POINT ( 'NONE',  ( 33.39999999999999858, 1.100000000000000089, -13.89999999999999858 ) ) ;
#4252 = ORIENTED_EDGE ( 'NONE', *, *, #726, .T. ) ;
#4253 = LINE ( 'NONE', #4622, #1848 ) ;
#4254 = AXIS2_PLACEMENT_3D ( 'NONE', #600, #154, #4293 ) ;
#4255 = CARTESIAN_POINT ( 'NONE',  ( 8.948527647041625954, 20.00000000000000000, 12.32858493149792878 ) ) ;
#4256 = EDGE_CURVE ( 'NONE', #2519, #2652, #844, .T. ) ;
#4257 = EDGE_CURVE ( 'NONE', #396, #1909, #799, .T. ) ;
#4258 = LINE ( 'NONE', #2375, #3469 ) ;
#4259 = FACE_OUTER_BOUND ( 'NONE', #2397, .T. ) ;
#4260 = DIRECTION ( 'NONE',  ( 0.4092995309963297079, 0.000000000000000000, 0.9124000733922508211 ) ) ;
#4261 = EDGE_CURVE ( 'NONE', #4686, #276, #1889, .T. ) ;
#4262 = EDGE_CURVE ( 'NONE', #713, #3284, #392, .T. ) ;
#4263 = CARTESIAN_POINT ( 'NONE',  ( 14.49999999999999467, 0.000000000000000000, -4.881546635374435894 ) ) ;
#4264 = ORIENTED_EDGE ( 'NONE', *, *, #2209, .T. ) ;
#4265 = DIRECTION ( 'NONE',  ( -0.3826834323650901148, 0.000000000000000000, 0.9238795325112867385 ) ) ;
#4266 = CARTESIAN_POINT ( 'NONE',  ( 38.90135769493380025, 0.000000000000000000, 3.100000000000000533 ) ) ;
#4267 = ORIENTED_EDGE ( 'NONE', *, *, #3412, .T. ) ;
#4268 = CARTESIAN_POINT ( 'NONE',  ( 18.33110287361381907, 20.00000000000000000, 1.949999999999998623 ) ) ;
#4269 = EDGE_CURVE ( 'NONE', #2721, #4546, #824, .T. ) ;
#4270 = ORIENTED_EDGE ( 'NONE', *, *, #4625, .F. ) ;
#4271 = ORIENTED_EDGE ( 'NONE', *, *, #2665, .T. ) ;
#4272 = PLANE ( 'NONE',  #3308 ) ;
#4273 = VERTEX_POINT ( 'NONE', #1933 ) ;
#4274 = ORIENTED_EDGE ( 'NONE', *, *, #4768, .F. ) ;
#4275 = LINE ( 'NONE', #1670, #4362 ) ;
#4276 = LINE ( 'NONE', #1697, #3223 ) ;
#4277 = EDGE_CURVE ( 'NONE', #2644, #3206, #3075, .T. ) ;
#4278 = EDGE_LOOP ( 'NONE', ( #88, #3801, #4073, #2315 ) ) ;
#4279 = CARTESIAN_POINT ( 'NONE',  ( 9.800143193463485503, 23.62013693444405504, 3.499999999999999556 ) ) ;
#4280 = DIRECTION ( 'NONE',  ( 0.000000000000000000, -0.000000000000000000, 1.000000000000000000 ) ) ;
#4281 = VECTOR ( 'NONE', #2206, 1000.000000000000000 ) ;
#4282 = CARTESIAN_POINT ( 'NONE',  ( 26.62216938573012825, 27.63430209709858332, 1.749999999999999778 ) ) ;
#4283 = ORIENTED_EDGE ( 'NONE', *, *, #3534, .T. ) ;
#4284 = LINE ( 'NONE', #898, #3464 ) ;
#4285 = FACE_OUTER_BOUND ( 'NONE', #4480, .T. ) ;
#4286 = VERTEX_POINT ( 'NONE', #4600 ) ;
#4287 = LINE ( 'NONE', #902, #4217 ) ;
#4288 = AXIS2_PLACEMENT_3D ( 'NONE', #4279, #2398, #3541 ) ;
#4289 = EDGE_CURVE ( 'NONE', #3688, #2218, #1147, .T. ) ;
#4290 = DIRECTION ( 'NONE',  ( 0.000000000000000000, 1.000000000000000000, 0.000000000000000000 ) ) ;
#4291 = VECTOR ( 'NONE', #1234, 1000.000000000000000 ) ;
#4292 = ORIENTED_EDGE ( 'NONE', *, *, #2505, .F. ) ;
#4293 = DIRECTION ( 'NONE',  ( 1.000000000000000000, 0.000000000000000000, -0.000000000000000000 ) ) ;
#4294 = ORIENTED_EDGE ( 'NONE', *, *, #2655, .F. ) ;
#4295 = EDGE_CURVE ( 'NONE', #580, #2813, #3097, .T. ) ;
#4296 = VECTOR ( 'NONE', #1076, 1000.000000000000114 ) ;
#4297 = EDGE_LOOP ( 'NONE', ( #1053, #2458, #72, #2912 ) ) ;
#4298 = EDGE_LOOP ( 'NONE', ( #2693, #4446, #4811, #1578 ) ) ;
#4299 = DIRECTION ( 'NONE',  ( 0.000000000000000000, -1.000000000000000000, 0.000000000000000000 ) ) ;
#4300 = CARTESIAN_POINT ( 'NONE',  ( 7.099999999999996092, 10.00000000000000000, -5.074999999999999289 ) ) ;
#4301 = VERTEX_POINT ( 'NONE', #2345 ) ;
#4302 = DIRECTION ( 'NONE',  ( -2.282530889443166529E-16, 0.000000000000000000, -1.000000000000000000 ) ) ;
#4303 = LINE ( 'NONE', #2029, #2560 ) ;
#4304 = EDGE_CURVE ( 'NONE', #522, #2721, #3759, .T. ) ;
#4305 = CARTESIAN_POINT ( 'NONE',  ( 34.50000000000000000, 20.00000000000000000, -4.881546635374434118 ) ) ;
#4306 = ORIENTED_EDGE ( 'NONE', *, *, #3445, .T. ) ;
#4307 = CARTESIAN_POINT ( 'NONE',  ( 38.40000000000000568, 18.89999999999999858, -13.89999999999999858 ) ) ;
#4308 = LINE ( 'NONE', #1315, #4791 ) ;
#4309 = EDGE_LOOP ( 'NONE', ( #4105, #3843, #2137, #2064, #2299, #3235 ) ) ;
#4310 = FACE_BOUND ( 'NONE', #3274, .T. ) ;
#4311 = EDGE_CURVE ( 'NONE', #3903, #3154, #1607, .T. ) ;
#4312 = CARTESIAN_POINT ( 'NONE',  ( -23.44000000000000128, 0.000000000000000000, 3.099999999999994760 ) ) ;
#4313 = EDGE_CURVE ( 'NONE', #547, #2714, #1, .T. ) ;
#4314 = VERTEX_POINT ( 'NONE', #4300 ) ;
#4315 = FACE_OUTER_BOUND ( 'NONE', #4836, .T. ) ;
#4316 = VERTEX_POINT ( 'NONE', #3558 ) ;
#4317 = VECTOR ( 'NONE', #4515, 1000.000000000000000 ) ;
#4318 = ADVANCED_FACE ( 'NONE', ( #158 ), #582, .F. ) ;
#4319 = PRODUCT_CONTEXT ( 'NONE', #514, 'mechanical' ) ;
#4320 = VECTOR ( 'NONE', #4333, 1000.000000000000000 ) ;
#4321 = ORIENTED_EDGE ( 'NONE', *, *, #448, .F. ) ;
#4322 = LINE ( 'NONE', #535, #26 ) ;
#4323 = DIRECTION ( 'NONE',  ( -0.9238795325112887369, 0.000000000000000000, 0.3826834323650849523 ) ) ;
#4324 = VECTOR ( 'NONE', #271, 999.9999999999998863 ) ;
#4325 = VECTOR ( 'NONE', #4110, 1000.000000000000000 ) ;
#4326 = VECTOR ( 'NONE', #4573, 1000.000000000000000 ) ;
#4327 = ORIENTED_EDGE ( 'NONE', *, *, #657, .T. ) ;
#4328 = VECTOR ( 'NONE', #1311, 1000.000000000000000 ) ;
#4329 = CARTESIAN_POINT ( 'NONE',  ( 28.39999999999999147, 18.89999999999999858, -3.781546635374434029 ) ) ;
#4330 = LINE ( 'NONE', #1678, #416 ) ;
#4331 = LINE ( 'NONE', #517, #1557 ) ;
#4332 = DIRECTION ( 'NONE',  ( -1.000000000000000000, 0.000000000000000000, -6.927809408853062177E-18 ) ) ;
#4333 = DIRECTION ( 'NONE',  ( -0.000000000000000000, -1.000000000000000000, -0.000000000000000000 ) ) ;
#4334 = VERTEX_POINT ( 'NONE', #183 ) ;
#4335 = CARTESIAN_POINT ( 'NONE',  ( 35.47335921247157842, 20.00000000000000000, 3.100000000000000533 ) ) ;
#4336 = CARTESIAN_POINT ( 'NONE',  ( 15.77028664413127679, 20.00000000000000000, -11.38684956152296479 ) ) ;
#4337 = VERTEX_POINT ( 'NONE', #3239 ) ;
#4338 = ORIENTED_EDGE ( 'NONE', *, *, #3977, .T. ) ;
#4339 = ADVANCED_FACE ( 'NONE', ( #868 ), #2068, .F. ) ;
#4340 = FACE_OUTER_BOUND ( 'NONE', #3449, .T. ) ;
#4341 = ORIENTED_EDGE ( 'NONE', *, *, #1361, .T. ) ;
#4342 = FACE_OUTER_BOUND ( 'NONE', #4180, .T. ) ;
#4343 = ORIENTED_EDGE ( 'NONE', *, *, #3997, .T. ) ;
#4344 = CARTESIAN_POINT ( 'NONE',  ( 30.05110287361382149, 0.000000000000000000, 1.949999999999998623 ) ) ;
#4345 = CARTESIAN_POINT ( 'NONE',  ( 14.49999999999999467, 0.000000000000000000, -15.00000000000000000 ) ) ;
#4346 = EDGE_CURVE ( 'NONE', #1346, #4016, #142, .T. ) ;
#4347 = ORIENTED_EDGE ( 'NONE', *, *, #4204, .T. ) ;
#4348 = CARTESIAN_POINT ( 'NONE',  ( 8.399999999999996803, 18.89999999999999858, -3.781546635374435361 ) ) ;
#4349 = PLANE ( 'NONE',  #4538 ) ;
#4350 = EDGE_CURVE ( 'NONE', #4440, #1855, #2841, .T. ) ;
#4351 = CARTESIAN_POINT ( 'NONE',  ( 21.63028664413127800, 20.00000000000000000, -11.38684956152296479 ) ) ;
#4352 = VERTEX_POINT ( 'NONE', #912 ) ;
#4353 = CARTESIAN_POINT ( 'NONE',  ( -2.766639066687122320E-15, 2.050000000000001599, -7.400000000000000355 ) ) ;
#4354 = FILL_AREA_STYLE ('',( #2849 ) ) ;
#4355 = ORIENTED_EDGE ( 'NONE', *, *, #3765, .T. ) ;
#4356 = FACE_BOUND ( 'NONE', #645, .T. ) ;
#4357 = CARTESIAN_POINT ( 'NONE',  ( 23.39999999999999503, 18.89999999999999858, -3.781546635374434917 ) ) ;
#4358 = ORIENTED_EDGE ( 'NONE', *, *, #3940, .F. ) ;
#4359 = VECTOR ( 'NONE', #395, 1000.000000000000114 ) ;
#4360 = CARTESIAN_POINT ( 'NONE',  ( -1.282395112762153566, 2.876639104637620673E-16, -5.999999999999999112 ) ) ;
#4361 = ORIENTED_EDGE ( 'NONE', *, *, #1322, .F. ) ;
#4362 = VECTOR ( 'NONE', #157, 1000.000000000000000 ) ;
#4363 = EDGE_CURVE ( 'NONE', #474, #4757, #1306, .T. ) ;
#4364 = CARTESIAN_POINT ( 'NONE',  ( 23.39999999999999503, 1.100000000000000089, -13.89999999999999858 ) ) ;
#4365 = ORIENTED_EDGE ( 'NONE', *, *, #2495, .T. ) ;
#4366 = VECTOR ( 'NONE', #1985, 1000.000000000000000 ) ;
#4367 = CARTESIAN_POINT ( 'NONE',  ( 30.99999999999999289, 1.100000000000000089, -15.00000000000000000 ) ) ;
#4368 = LINE ( 'NONE', #980, #135 ) ;
#4369 = ADVANCED_FACE ( 'NONE', ( #487 ), #2024, .T. ) ;
#4370 = VERTEX_POINT ( 'NONE', #3971 ) ;
#4371 = LINE ( 'NONE', #3657, #3572 ) ;
#4372 = CARTESIAN_POINT ( 'NONE',  ( 27.49028664413127743, 20.00000000000000000, -11.38684956152296479 ) ) ;
#4373 = LINE ( 'NONE', #986, #67 ) ;
#4374 = EDGE_CURVE ( 'NONE', #3343, #1693, #4276, .T. ) ;
#4375 = ORIENTED_EDGE ( 'NONE', *, *, #4672, .T. ) ;
#4376 = CARTESIAN_POINT ( 'NONE',  ( 7.099999999999995204, 18.89999999999999858, -13.89999999999999858 ) ) ;
#4377 = FACE_OUTER_BOUND ( 'NONE', #1646, .T. ) ;
#4378 = ORIENTED_EDGE ( 'NONE', *, *, #721, .T. ) ;
#4379 = DIRECTION ( 'NONE',  ( -1.000000000000000000, 0.000000000000000000, -1.445602896647337684E-16 ) ) ;
#4380 = CARTESIAN_POINT ( 'NONE',  ( 29.61335921247157899, 0.000000000000000000, 3.100000000000000533 ) ) ;
#4381 = PLANE ( 'NONE',  #557 ) ;
#4382 = CARTESIAN_POINT ( 'NONE',  ( 37.10000000000000142, 18.89999999999999858, -3.781546635374434029 ) ) ;
#4383 = ORIENTED_EDGE ( 'NONE', *, *, #1361, .F. ) ;
#4384 = CARTESIAN_POINT ( 'NONE',  ( 5.999999999999995559, 0.000000000000000000, -6.000000000000001776 ) ) ;
#4385 = VERTEX_POINT ( 'NONE', #3138 ) ;
#4386 = ORIENTED_EDGE ( 'NONE', *, *, #2269, .T. ) ;
#4387 = CARTESIAN_POINT ( 'NONE',  ( 24.49999999999999289, 1.100000000000000089, -15.00000000000000000 ) ) ;
#4388 = DIRECTION ( 'NONE',  ( -1.000000000000000000, -0.000000000000000000, -0.000000000000000000 ) ) ;
#4389 = VERTEX_POINT ( 'NONE', #4692 ) ;
#4390 = DIRECTION ( 'NONE',  ( 3.356713154187989471E-15, 0.000000000000000000, -1.000000000000000000 ) ) ;
#4391 = CARTESIAN_POINT ( 'NONE',  ( 9.910286644131277356, 27.63430209709858332, -11.38684956152296479 ) ) ;
#4392 =( GEOMETRIC_REPRESENTATION_CONTEXT ( 3 ) GLOBAL_UNCERTAINTY_ASSIGNED_CONTEXT ( ( #1122 ) ) GLOBAL_UNIT_ASSIGNED_CONTEXT ( ( #4677, #676, #1018 ) ) REPRESENTATION_CONTEXT ( 'NONE', 'WORKASPACE' ) );
#4393 = VERTEX_POINT ( 'NONE', #2815 ) ;
#4394 = LINE ( 'NONE', #724, #1673 ) ;
#4395 = ADVANCED_FACE ( 'NONE', ( #1235 ), #2005, .F. ) ;
#4396 = VECTOR ( 'NONE', #1314, 1000.000000000000000 ) ;
#4397 = DIRECTION ( 'NONE',  ( -1.000000000000000000, 0.000000000000000000, -1.445602896647337931E-16 ) ) ;
#4398 = DIRECTION ( 'NONE',  ( -1.000000000000000000, 0.000000000000000000, 0.000000000000000000 ) ) ;
#4399 = VECTOR ( 'NONE', #1006, 1000.000000000000000 ) ;
#4400 = VECTOR ( 'NONE', #2007, 999.9999999999998863 ) ;
#4401 = ORIENTED_EDGE ( 'NONE', *, *, #4505, .T. ) ;
#4402 = CARTESIAN_POINT ( 'NONE',  ( 21.77093620857272782, 27.63430209709858332, 3.099999999999999645 ) ) ;
#4403 = CARTESIAN_POINT ( 'NONE',  ( 30.99999999999999289, 20.00000000000000000, -4.881546635374434118 ) ) ;
#4404 = LINE ( 'NONE', #1074, #1794 ) ;
#4405 = ORIENTED_EDGE ( 'NONE', *, *, #1421, .F. ) ;
#4406 = CARTESIAN_POINT ( 'NONE',  ( 27.09999999999999432, 18.89999999999999858, -13.89999999999999858 ) ) ;
#4407 = PRODUCT_DEFINITION_FORMATION_WITH_SPECIFIED_SOURCE ( 'ANY', '', #1538, .NOT_KNOWN. ) ;
#4408 = VECTOR ( 'NONE', #2592, 1000.000000000000000 ) ;
#4409 = DIRECTION ( 'NONE',  ( -0.3826834323650849523, 0.000000000000000000, -0.9238795325112888479 ) ) ;
#4410 = EDGE_CURVE ( 'NONE', #2813, #789, #3208, .T. ) ;
#4411 = CARTESIAN_POINT ( 'NONE',  ( 5.999999999999994671, -2.958228394578794270E-31, -7.400000000000003020 ) ) ;
#4412 = DIRECTION ( 'NONE',  ( -0.3557458051467863869, 0.000000000000000000, 0.9345827529547421353 ) ) ;
#4413 = VERTEX_POINT ( 'NONE', #936 ) ;
#4414 = DIRECTION ( 'NONE',  ( -0.000000000000000000, -0.000000000000000000, -1.000000000000000000 ) ) ;
#4415 = EDGE_LOOP ( 'NONE', ( #1354, #4863, #2370, #955 ) ) ;
#4416 = EDGE_CURVE ( 'NONE', #4370, #908, #3601, .T. ) ;
#4417 = ORIENTED_EDGE ( 'NONE', *, *, #1535, .T. ) ;
#4418 = FACE_OUTER_BOUND ( 'NONE', #3597, .T. ) ;
#4419 = EDGE_LOOP ( 'NONE', ( #1951, #2515, #3595, #3442 ) ) ;
#4420 = CARTESIAN_POINT ( 'NONE',  ( 13.39999999999999325, 18.89999999999999858, -3.781546635374435361 ) ) ;
#4421 = LINE ( 'NONE', #636, #1408 ) ;
#4422 = DIRECTION ( 'NONE',  ( 0.000000000000000000, 0.000000000000000000, 1.000000000000000000 ) ) ;
#4423 = ORIENTED_EDGE ( 'NONE', *, *, #4696, .T. ) ;
#4424 = LINE ( 'NONE', #2580, #2314 ) ;
#4425 = PLANE ( 'NONE',  #1054 ) ;
#4426 = ADVANCED_FACE ( 'NONE', ( #2744 ), #3876, .F. ) ;
#4427 = DIRECTION ( 'NONE',  ( 0.000000000000000000, -1.000000000000000000, 1.301042606982605321E-16 ) ) ;
#4428 = ORIENTED_EDGE ( 'NONE', *, *, #2514, .T. ) ;
#4429 = CARTESIAN_POINT ( 'NONE',  ( 34.49999999999999289, 20.00000000000000000, -15.00000000000000000 ) ) ;
#4430 = DIRECTION ( 'NONE',  ( -1.000000000000000000, 0.000000000000000000, 0.000000000000000000 ) ) ;
#4431 = ORIENTED_EDGE ( 'NONE', *, *, #1732, .F. ) ;
#4432 = DIRECTION ( 'NONE',  ( 1.000000000000000000, 0.000000000000000000, 3.356713154187989077E-15 ) ) ;
#4433 = LINE ( 'NONE', #1760, #4521 ) ;
#4434 = CARTESIAN_POINT ( 'NONE',  ( 21.63028664413127800, 0.000000000000000000, -11.38684956152296479 ) ) ;
#4435 = EDGE_LOOP ( 'NONE', ( #1134, #1833, #929, #349 ) ) ;
#4436 = EDGE_CURVE ( 'NONE', #380, #1352, #2372, .T. ) ;
#4437 = CARTESIAN_POINT ( 'NONE',  ( -5.629794123189671325E-17, 0.000000000000000000, 0.3999999999999944711 ) ) ;
#4438 = VECTOR ( 'NONE', #2879, 1000.000000000000000 ) ;
#4439 = ORIENTED_EDGE ( 'NONE', *, *, #1310, .F. ) ;
#4440 = VERTEX_POINT ( 'NONE', #1335 ) ;
#4441 = CARTESIAN_POINT ( 'NONE',  ( 15.46135769493380074, 27.63430209709858332, 0.3999999999999999667 ) ) ;
#4442 = VECTOR ( 'NONE', #749, 1000.000000000000000 ) ;
#4443 = ORIENTED_EDGE ( 'NONE', *, *, #2256, .F. ) ;
#4444 = EDGE_CURVE ( 'NONE', #2293, #4684, #2396, .T. ) ;
#4445 = CARTESIAN_POINT ( 'NONE',  ( 13.39999999999999325, 1.100000000000000089, -13.89999999999999858 ) ) ;
#4446 = ORIENTED_EDGE ( 'NONE', *, *, #2715, .F. ) ;
#4447 = CARTESIAN_POINT ( 'NONE',  ( 35.89751289470343920, 20.00000000000000000, 1.550000000000000933 ) ) ;
#4448 = DIRECTION ( 'NONE',  ( 0.4092995309963297079, 0.000000000000000000, 0.9124000733922508211 ) ) ;
#4449 = VECTOR ( 'NONE', #3627, 1000.000000000000000 ) ;
#4450 = DIRECTION ( 'NONE',  ( -0.4092995309963232686, 0.000000000000000000, -0.9124000733922535966 ) ) ;
#4451 = VECTOR ( 'NONE', #3052, 1000.000000000000000 ) ;
#4452 = VERTEX_POINT ( 'NONE', #4345 ) ;
#4453 = CARTESIAN_POINT ( 'NONE',  ( 38.90135769493380025, 20.00000000000000000, 3.100000000000000533 ) ) ;
#4454 = CARTESIAN_POINT ( 'NONE',  ( 29.96003102824223063, 27.63430209709859042, 0.4000000000000010214 ) ) ;
#4455 = VECTOR ( 'NONE', #3806, 1000.000000000000000 ) ;
#4456 = CARTESIAN_POINT ( 'NONE',  ( -7.000000000000000000, 20.00000000000000000, -6.000000000000004441 ) ) ;
#4457 = ORIENTED_EDGE ( 'NONE', *, *, #1330, .T. ) ;
#4458 = CARTESIAN_POINT ( 'NONE',  ( 19.49999999999999289, 1.100000000000000089, -15.00000000000000000 ) ) ;
#4459 = VECTOR ( 'NONE', #1057, 1000.000000000000000 ) ;
#4460 = LINE ( 'NONE', #2500, #1708 ) ;
#4461 = ORIENTED_EDGE ( 'NONE', *, *, #3926, .T. ) ;
#4462 = DIRECTION ( 'NONE',  ( -0.3826834323650900593, 0.000000000000000000, 0.9238795325112867385 ) ) ;
#4463 = ADVANCED_FACE ( 'NONE', ( #2464 ), #537, .T. ) ;
#4464 = DIRECTION ( 'NONE',  ( -0.9124000733922537076, 0.000000000000000000, 0.4092995309963232686 ) ) ;
#4465 = LINE ( 'NONE', #1107, #1271 ) ;
#4466 = ORIENTED_EDGE ( 'NONE', *, *, #3743, .T. ) ;
#4467 = CARTESIAN_POINT ( 'NONE',  ( 39.50000000000000000, 0.000000000000000000, 3.500000000000000444 ) ) ;
#4468 = VERTEX_POINT ( 'NONE', #1064 ) ;
#4469 = ADVANCED_FACE ( 'NONE', ( #608 ), #4024, .T. ) ;
#4470 = EDGE_CURVE ( 'NONE', #3135, #4242, #4421, .T. ) ;
#4471 = LINE ( 'NONE', #4813, #4459 ) ;
#4472 = ORIENTED_EDGE ( 'NONE', *, *, #3174, .T. ) ;
#4473 = DIRECTION ( 'NONE',  ( -1.000000000000000000, 0.000000000000000000, 0.000000000000000000 ) ) ;
#4474 = ORIENTED_EDGE ( 'NONE', *, *, #808, .T. ) ;
#4475 = PLANE ( 'NONE',  #4756 ) ;
#4476 = CARTESIAN_POINT ( 'NONE',  ( 25.99999999999999645, 1.100000000000000089, -4.881546635374435006 ) ) ;
#4477 = EDGE_CURVE ( 'NONE', #1479, #1139, #285, .T. ) ;
#4478 = ADVANCED_FACE ( 'NONE', ( #2576 ), #262, .T. ) ;
#4479 = LINE ( 'NONE', #2998, #3468 ) ;
#4480 = EDGE_LOOP ( 'NONE', ( #2079, #2462, #1946, #3521 ) ) ;
#4481 = CARTESIAN_POINT ( 'NONE',  ( 26.15469454585968023, 0.000000000000000000, 12.18628660943929098 ) ) ;
#4482 = DIRECTION ( 'NONE',  ( -1.000000000000000000, 0.000000000000000000, 0.000000000000000000 ) ) ;
#4483 = ORIENTED_EDGE ( 'NONE', *, *, #2812, .T. ) ;
#4484 = LINE ( 'NONE', #2498, #1095 ) ;
#4485 = VECTOR ( 'NONE', #3352, 1000.000000000000114 ) ;
#4486 = DIRECTION ( 'NONE',  ( -0.9345827529547431345, 0.000000000000000000, -0.3557458051467840554 ) ) ;
#4487 = VERTEX_POINT ( 'NONE', #4789 ) ;
#4488 = CARTESIAN_POINT ( 'NONE',  ( 0.000000000000000000, 1.100000000000000089, 0.000000000000000000 ) ) ;
#4489 = VECTOR ( 'NONE', #3635, 1000.000000000000000 ) ;
#4490 = LINE ( 'NONE', #3030, #2184 ) ;
#4491 = DIRECTION ( 'NONE',  ( 0.000000000000000000, 0.000000000000000000, -1.000000000000000000 ) ) ;
#4492 = ORIENTED_EDGE ( 'NONE', *, *, #482, .T. ) ;
#4493 = FACE_OUTER_BOUND ( 'NONE', #4245, .T. ) ;
#4494 = VECTOR ( 'NONE', #410, 1000.000000000000000 ) ;
#4495 = VECTOR ( 'NONE', #3508, 1000.000000000000000 ) ;
#4496 = ORIENTED_EDGE ( 'NONE', *, *, #3400, .F. ) ;
#4497 = ORIENTED_EDGE ( 'NONE', *, *, #3263, .T. ) ;
#4498 = ADVANCED_FACE ( 'NONE', ( #667 ), #1434, .F. ) ;
#4499 = VERTEX_POINT ( 'NONE', #4053 ) ;
#4500 = DIRECTION ( 'NONE',  ( -1.000000000000000000, 0.000000000000000000, 8.273704753157721312E-16 ) ) ;
#4501 = ORIENTED_EDGE ( 'NONE', *, *, #482, .F. ) ;
#4502 = CARTESIAN_POINT ( 'NONE',  ( -1.282395112762153122, -2.958228394578794270E-31, -7.399999999999999467 ) ) ;
#4503 = CARTESIAN_POINT ( 'NONE',  ( 12.09999999999999609, 18.89999999999999858, -3.781546635374435361 ) ) ;
#4504 = ORIENTED_EDGE ( 'NONE', *, *, #1621, .T. ) ;
#4505 = EDGE_CURVE ( 'NONE', #15, #2062, #1407, .T. ) ;
#4506 = DIRECTION ( 'NONE',  ( 0.3826834323650901148, 0.000000000000000000, -0.9238795325112867385 ) ) ;
#4507 = FACE_OUTER_BOUND ( 'NONE', #2306, .T. ) ;
#4508 = CARTESIAN_POINT ( 'NONE',  ( 9.075269459310570497, 20.00000000000000000, 1.750000000000000222 ) ) ;
#4509 = EDGE_CURVE ( 'NONE', #4389, #695, #3288, .T. ) ;
#4510 = DIRECTION ( 'NONE',  ( -1.714415645815452277E-16, 0.000000000000000000, -1.000000000000000000 ) ) ;
#4511 = ORIENTED_EDGE ( 'NONE', *, *, #4148, .T. ) ;
#4512 = VECTOR ( 'NONE', #2982, 1000.000000000000000 ) ;
#4513 = CARTESIAN_POINT ( 'NONE',  ( 27.09999999999999432, 1.100000000000000089, -3.781546635374434917 ) ) ;
#4514 = LINE ( 'NONE', #1895, #650 ) ;
#4515 = DIRECTION ( 'NONE',  ( 1.000000000000000000, 0.000000000000000000, -1.197801575966169987E-15 ) ) ;
#4516 = LINE ( 'NONE', #4150, #777 ) ;
#4517 = ORIENTED_EDGE ( 'NONE', *, *, #3439, .F. ) ;
#4518 = DIRECTION ( 'NONE',  ( 1.000000000000000000, 0.000000000000000000, -0.000000000000000000 ) ) ;
#4519 = VERTEX_POINT ( 'NONE', #1382 ) ;
#4520 = EDGE_LOOP ( 'NONE', ( #1650, #766, #949, #2756 ) ) ;
#4521 = VECTOR ( 'NONE', #679, 1000.000000000000000 ) ;
#4522 = DIRECTION ( 'NONE',  ( 0.3826834323650849523, 0.000000000000000000, 0.9238795325112887369 ) ) ;
#4523 = VERTEX_POINT ( 'NONE', #2919 ) ;
#4524 = AXIS2_PLACEMENT_3D ( 'NONE', #1345, #3984, #196 ) ;
#4525 = DIRECTION ( 'NONE',  ( -3.854941057726242534E-16, 0.000000000000000000, -1.000000000000000000 ) ) ;
#4526 = EDGE_CURVE ( 'NONE', #4030, #1903, #3628, .T. ) ;
#4527 = AXIS2_PLACEMENT_3D ( 'NONE', #1664, #3173, #3764 ) ;
#4528 = CARTESIAN_POINT ( 'NONE',  ( 30.99999999999999289, 0.000000000000000000, -15.00000000000000000 ) ) ;
#4529 = ORIENTED_EDGE ( 'NONE', *, *, #79, .T. ) ;
#4530 = VECTOR ( 'NONE', #2344, 1000.000000000000000 ) ;
#4531 = DIRECTION ( 'NONE',  ( 1.000000000000000000, 0.000000000000000000, -1.197801575966169987E-15 ) ) ;
#4532 = DIRECTION ( 'NONE',  ( -6.857662583261808122E-16, 0.000000000000000000, -1.000000000000000000 ) ) ;
#4533 = VECTOR ( 'NONE', #1499, 1000.000000000000000 ) ;
#4534 = EDGE_CURVE ( 'NONE', #434, #905, #3317, .T. ) ;
#4535 = CARTESIAN_POINT ( 'NONE',  ( 14.90216938573012762, 0.000000000000000000, 1.749999999999999778 ) ) ;
#4536 = CARTESIAN_POINT ( 'NONE',  ( 9.499999999999996447, 0.000000000000000000, -4.881546635374435894 ) ) ;
#4537 = DIRECTION ( 'NONE',  ( -0.000000000000000000, -1.000000000000000000, -0.000000000000000000 ) ) ;
#4538 = AXIS2_PLACEMENT_3D ( 'NONE', #963, #216, #146 ) ;
#4539 = ADVANCED_FACE ( 'NONE', ( #1802 ), #3651, .F. ) ;
#4540 = CARTESIAN_POINT ( 'NONE',  ( 2.335713073134081350E-15, 0.000000000000000000, 1.950000000000041478 ) ) ;
#4541 = DIRECTION ( 'NONE',  ( -1.000000000000000000, 0.000000000000000000, 3.711578864342414090E-16 ) ) ;
#4542 = VERTEX_POINT ( 'NONE', #3705 ) ;
#4543 = CARTESIAN_POINT ( 'NONE',  ( 6.229862741789566449, 0.000000000000000000, -13.30979825526486948 ) ) ;
#4544 = VERTEX_POINT ( 'NONE', #2521 ) ;
#4545 = ORIENTED_EDGE ( 'NONE', *, *, #2046, .F. ) ;
#4546 = VERTEX_POINT ( 'NONE', #313 ) ;
#4547 = CARTESIAN_POINT ( 'NONE',  ( 10.99999999999999645, 20.00000000000000000, -4.881546635374435894 ) ) ;
#4548 = ORIENTED_EDGE ( 'NONE', *, *, #4164, .F. ) ;
#4549 = PLANE ( 'NONE',  #2677 ) ;
#4550 = DIRECTION ( 'NONE',  ( -0.3826834323650900593, 0.000000000000000000, 0.9238795325112867385 ) ) ;
#4551 = EDGE_LOOP ( 'NONE', ( #3762, #70, #4529, #4848, #2883, #4401, #3336, #2061, #1921, #4701, #1416, #2039 ) ) ;
#4552 = CARTESIAN_POINT ( 'NONE',  ( -11.71999999999999886, 0.000000000000000000, 1.950000000000041478 ) ) ;
#4553 = LINE ( 'NONE', #1167, #175 ) ;
#4554 = EDGE_CURVE ( 'NONE', #1127, #723, #3341, .T. ) ;
#4555 = CARTESIAN_POINT ( 'NONE',  ( 33.34580711542979259, 20.00000000000000000, 13.81228555548828574 ) ) ;
#4556 = DIRECTION ( 'NONE',  ( -1.000000000000000000, 2.243176908590699560E-16, 3.854941057726242534E-16 ) ) ;
#4557 = VECTOR ( 'NONE', #2951, 1000.000000000000000 ) ;
#4558 = DIRECTION ( 'NONE',  ( 0.9238795325112867385, 0.000000000000000000, -0.3826834323650900593 ) ) ;
#4559 = CARTESIAN_POINT ( 'NONE',  ( 30.56000720206792920, 0.000000000000000000, 1.737451581485168317 ) ) ;
#4560 = VECTOR ( 'NONE', #2732, 1000.000000000000000 ) ;
#4561 = DIRECTION ( 'NONE',  ( 0.000000000000000000, -1.000000000000000000, 0.000000000000000000 ) ) ;
#4562 = ORIENTED_EDGE ( 'NONE', *, *, #2359, .T. ) ;
#4563 = DIRECTION ( 'NONE',  ( 0.000000000000000000, 0.000000000000000000, 1.000000000000000000 ) ) ;
#4564 = ORIENTED_EDGE ( 'NONE', *, *, #2767, .T. ) ;
#4565 = EDGE_CURVE ( 'NONE', #3154, #748, #1461, .T. ) ;
#4566 = CARTESIAN_POINT ( 'NONE',  ( 23.39999999999999503, 18.89999999999999858, -13.89999999999999858 ) ) ;
#4567 = EDGE_CURVE ( 'NONE', #4203, #1739, #2603, .T. ) ;
#4568 = VECTOR ( 'NONE', #325, 1000.000000000000000 ) ;
#4569 = ORIENTED_EDGE ( 'NONE', *, *, #2384, .T. ) ;
#4570 = VECTOR ( 'NONE', #4206, 1000.000000000000000 ) ;
#4571 = VECTOR ( 'NONE', #2668, 1000.000000000000000 ) ;
#4572 = VERTEX_POINT ( 'NONE', #336 ) ;
#4573 = DIRECTION ( 'NONE',  ( -1.000000000000000000, 0.000000000000000000, 8.273704753157721312E-16 ) ) ;
#4574 = ORIENTED_EDGE ( 'NONE', *, *, #2139, .F. ) ;
#4575 = EDGE_CURVE ( 'NONE', #2089, #772, #4739, .T. ) ;
#4576 = CARTESIAN_POINT ( 'NONE',  ( 29.52162685482648641, 20.00000000000000000, 0.4000000000000027978 ) ) ;
#4577 = ORIENTED_EDGE ( 'NONE', *, *, #75, .F. ) ;
#4578 = CARTESIAN_POINT ( 'NONE',  ( 23.66162685482648698, 20.00000000000000000, 0.4000000000000027978 ) ) ;
#4579 = FACE_OUTER_BOUND ( 'NONE', #2888, .T. ) ;
#4580 = FACE_OUTER_BOUND ( 'NONE', #361, .T. ) ;
#4581 = LINE ( 'NONE', #3026, #2069 ) ;
#4582 = ORIENTED_EDGE ( 'NONE', *, *, #1177, .F. ) ;
#4583 = DIRECTION ( 'NONE',  ( 0.3826834323650881720, 0.000000000000000000, -0.9238795325112874046 ) ) ;
#4584 = EDGE_CURVE ( 'NONE', #2813, #1554, #4368, .T. ) ;
#4585 = DIRECTION ( 'NONE',  ( -1.900632682732230014E-47, 1.000000000000000000, -4.930380657631323784E-32 ) ) ;
#4586 = LINE ( 'NONE', #2333, #62 ) ;
#4587 = DIRECTION ( 'NONE',  ( 1.000000000000000000, 0.000000000000000000, -6.857662583261808122E-16 ) ) ;
#4588 = ORIENTED_EDGE ( 'NONE', *, *, #2561, .F. ) ;
#4589 = FACE_OUTER_BOUND ( 'NONE', #3874, .T. ) ;
#4590 = ORIENTED_EDGE ( 'NONE', *, *, #4113, .T. ) ;
#4591 = ADVANCED_FACE ( 'NONE', ( #4894 ), #3755, .F. ) ;
#4592 = ORIENTED_EDGE ( 'NONE', *, *, #226, .T. ) ;
#4593 = FACE_OUTER_BOUND ( 'NONE', #4153, .T. ) ;
#4594 = ORIENTED_EDGE ( 'NONE', *, *, #2812, .F. ) ;
#4595 = AXIS2_PLACEMENT_3D ( 'NONE', #2959, #1845, #3250 ) ;
#4596 = ADVANCED_FACE ( 'NONE', ( #1881 ), #4549, .F. ) ;
#4597 = LINE ( 'NONE', #3828, #1494 ) ;
#4598 = EDGE_LOOP ( 'NONE', ( #456, #1584, #2241, #3621 ) ) ;
#4599 = DIRECTION ( 'NONE',  ( -0.000000000000000000, -1.000000000000000000, -0.000000000000000000 ) ) ;
#4600 = CARTESIAN_POINT ( 'NONE',  ( 39.50000000000000000, 20.00000000000000000, 3.500000000000001332 ) ) ;
#4601 = EDGE_CURVE ( 'NONE', #2166, #93, #1510, .T. ) ;
#4602 = VECTOR ( 'NONE', #4822, 1000.000000000000000 ) ;
#4603 = CARTESIAN_POINT ( 'NONE',  ( 15.77028664413127679, 27.63430209709858332, -11.38684956152296479 ) ) ;
#4604 = DIRECTION ( 'NONE',  ( 0.000000000000000000, -1.000000000000000000, 0.000000000000000000 ) ) ;
#4605 = DIRECTION ( 'NONE',  ( 0.000000000000000000, -1.000000000000000000, 0.000000000000000000 ) ) ;
#4606 = VECTOR ( 'NONE', #3579, 1000.000000000000000 ) ;
#4607 = ADVANCED_BREP_SHAPE_REPRESENTATION ( 'Wan_Clone', ( #2488, #3781 ), #3995 ) ;
#4608 = LINE ( 'NONE', #3861, #4557 ) ;
#4609 = CARTESIAN_POINT ( 'NONE',  ( 34.50000000000000000, 20.00000000000000000, -4.881546635374434118 ) ) ;
#4610 = AXIS2_PLACEMENT_3D ( 'NONE', #3346, #2610, #267 ) ;
#4611 = LINE ( 'NONE', #2688, #4709 ) ;
#4612 = EDGE_LOOP ( 'NONE', ( #3013, #1312, #3673, #714 ) ) ;
#4613 = CARTESIAN_POINT ( 'NONE',  ( 32.10837024835333864, 0.000000000000000000, -13.29972242256474146 ) ) ;
#4614 = ORIENTED_EDGE ( 'NONE', *, *, #1590, .T. ) ;
#4615 = ORIENTED_EDGE ( 'NONE', *, *, #35, .T. ) ;
#4616 = ADVANCED_FACE ( 'NONE', ( #2995 ), #3016, .F. ) ;
#4617 = DIRECTION ( 'NONE',  ( -1.407448530797437245E-16, 0.000000000000000000, 1.000000000000000000 ) ) ;
#4618 = EDGE_LOOP ( 'NONE', ( #1027, #506, #1291, #1939 ) ) ;
#4619 = ADVANCED_FACE ( 'NONE', ( #4159, #1115 ), #1484, .F. ) ;
#4620 = DIRECTION ( 'NONE',  ( 6.857662583261808122E-16, 0.000000000000000000, 1.000000000000000000 ) ) ;
#4621 = ORIENTED_EDGE ( 'NONE', *, *, #2984, .T. ) ;
#4622 = CARTESIAN_POINT ( 'NONE',  ( 20.99999999999999645, 1.100000000000000089, -4.881546635374435006 ) ) ;
#4623 = EDGE_CURVE ( 'NONE', #4542, #3570, #770, .T. ) ;
#4624 = DIRECTION ( 'NONE',  ( 9.637352644315597708E-17, 0.000000000000000000, 1.000000000000000000 ) ) ;
#4625 = EDGE_CURVE ( 'NONE', #4040, #530, #2273, .T. ) ;
#4626 = DIRECTION ( 'NONE',  ( 1.714415645815452277E-16, 0.000000000000000000, 1.000000000000000000 ) ) ;
#4627 = LINE ( 'NONE', #1238, #409 ) ;
#4628 = ORIENTED_EDGE ( 'NONE', *, *, #1778, .T. ) ;
#4629 = PLANE ( 'NONE',  #2794 ) ;
#4630 = LINE ( 'NONE', #4697, #4328 ) ;
#4631 = CARTESIAN_POINT ( 'NONE',  ( 21.62580711542979373, 27.63430209709858332, 13.81228555548828574 ) ) ;
#4632 = DIRECTION ( 'NONE',  ( 0.4092995309963232686, 0.000000000000000000, 0.9124000733922535966 ) ) ;
#4633 = ORIENTED_EDGE ( 'NONE', *, *, #874, .F. ) ;
#4634 = CARTESIAN_POINT ( 'NONE',  ( 39.50000000000000000, 0.000000000000000000, 0.000000000000000000 ) ) ;
#4635 = VECTOR ( 'NONE', #3863, 1000.000000000000000 ) ;
#4636 = ORIENTED_EDGE ( 'NONE', *, *, #2238, .F. ) ;
#4637 = ORIENTED_EDGE ( 'NONE', *, *, #659, .T. ) ;
#4638 = LINE ( 'NONE', #480, #4495 ) ;
#4639 = VECTOR ( 'NONE', #3792, 1000.000000000000000 ) ;
#4640 = ORIENTED_EDGE ( 'NONE', *, *, #3400, .T. ) ;
#4641 = ADVANCED_FACE ( 'NONE', ( #3780 ), #3042, .T. ) ;
#4642 = VECTOR ( 'NONE', #3535, 1000.000000000000000 ) ;
#4643 = VECTOR ( 'NONE', #4107, 1000.000000000000000 ) ;
#4644 = CARTESIAN_POINT ( 'NONE',  ( 32.47792206135780901, 27.63430209709858332, -13.45279579551081461 ) ) ;
#4645 = ORIENTED_EDGE ( 'NONE', *, *, #3291, .T. ) ;
#4646 = LINE ( 'NONE', #2792, #4291 ) ;
#4647 = VECTOR ( 'NONE', #3492, 1000.000000000000114 ) ;
#4648 = DIRECTION ( 'NONE',  ( -0.4092995309963232686, 0.000000000000000000, -0.9124000733922535966 ) ) ;
#4649 = ADVANCED_FACE ( 'NONE', ( #4871 ), #2920, .F. ) ;
#4650 = ORIENTED_EDGE ( 'NONE', *, *, #201, .T. ) ;
#4651 = LINE ( 'NONE', #2444, #3652 ) ;
#4652 = CARTESIAN_POINT ( 'NONE',  ( 21.32135769493380195, 0.000000000000000000, 3.100000000000000533 ) ) ;
#4653 = CARTESIAN_POINT ( 'NONE',  ( 10.99999999999999467, 0.000000000000000000, -15.00000000000000000 ) ) ;
#4654 = ADVANCED_FACE ( 'NONE', ( #694 ), #3707, .F. ) ;
#4655 = PLANE ( 'NONE',  #1171 ) ;
#4656 = DIRECTION ( 'NONE',  ( 1.000000000000000000, 0.000000000000000000, 1.445602896647337684E-16 ) ) ;
#4657 = ORIENTED_EDGE ( 'NONE', *, *, #1485, .F. ) ;
#4658 = FACE_OUTER_BOUND ( 'NONE', #683, .T. ) ;
#4659 = ORIENTED_EDGE ( 'NONE', *, *, #4554, .T. ) ;
#4660 = ORIENTED_EDGE ( 'NONE', *, *, #1028, .F. ) ;
#4661 = DIRECTION ( 'NONE',  ( -2.243176908590699067E-16, -1.000000000000000000, 1.325610866053751629E-31 ) ) ;
#4662 = ORIENTED_EDGE ( 'NONE', *, *, #4797, .T. ) ;
#4663 = AXIS2_PLACEMENT_3D ( 'NONE', #3331, #2907, #4491 ) ;
#4664 = EDGE_LOOP ( 'NONE', ( #2368, #4131, #4156, #3240 ) ) ;
#4665 = CARTESIAN_POINT ( 'NONE',  ( -5.009633362433346678E-16, 27.63430209709858332, 3.499999999999994671 ) ) ;
#4666 = EDGE_CURVE ( 'NONE', #4523, #4546, #1860, .T. ) ;
#4667 = DIRECTION ( 'NONE',  ( 0.9238795325112867385, 0.000000000000000000, -0.3826834323650900593 ) ) ;
#4668 = ORIENTED_EDGE ( 'NONE', *, *, #4295, .F. ) ;
#4669 = PLANE ( 'NONE',  #890 ) ;
#4670 = EDGE_CURVE ( 'NONE', #1384, #2248, #4479, .T. ) ;
#4671 = LINE ( 'NONE', #516, #658 ) ;
#4672 = EDGE_CURVE ( 'NONE', #15, #4487, #3342, .T. ) ;
#4673 = VECTOR ( 'NONE', #341, 1000.000000000000000 ) ;
#4674 = LINE ( 'NONE', #916, #3698 ) ;
#4675 = VERTEX_POINT ( 'NONE', #2522 ) ;
#4676 = CARTESIAN_POINT ( 'NONE',  ( 33.39999999999999858, 1.100000000000000089, -13.89999999999999858 ) ) ;
#4677 =( LENGTH_UNIT ( ) NAMED_UNIT ( * ) SI_UNIT ( .MILLI., .METRE. ) );
#4678 = ORIENTED_EDGE ( 'NONE', *, *, #1837, .F. ) ;
#4679 = DIRECTION ( 'NONE',  ( 0.000000000000000000, 0.000000000000000000, 1.000000000000000000 ) ) ;
#4680 = AXIS2_PLACEMENT_3D ( 'NONE', #621, #4702, #570 ) ;
#4681 = ADVANCED_FACE ( 'NONE', ( #2628 ), #264, .T. ) ;
#4682 = DIRECTION ( 'NONE',  ( 1.000000000000000000, 0.000000000000000000, -1.197801575966169987E-15 ) ) ;
#4683 = VECTOR ( 'NONE', #2098, 1000.000000000000000 ) ;
#4684 = VERTEX_POINT ( 'NONE', #4873 ) ;
#4685 = CARTESIAN_POINT ( 'NONE',  ( 27.15459061184367684, 27.63430209709859042, 1.550000000000004485 ) ) ;
#4686 = VERTEX_POINT ( 'NONE', #1511 ) ;
#4687 = VECTOR ( 'NONE', #2654, 999.9999999999998863 ) ;
#4688 = AXIS2_PLACEMENT_3D ( 'NONE', #4644, #3283, #2117 ) ;
#4689 = ORIENTED_EDGE ( 'NONE', *, *, #764, .T. ) ;
#4690 = EDGE_LOOP ( 'NONE', ( #1793, #1944, #518, #1828 ) ) ;
#4691 = CARTESIAN_POINT ( 'NONE',  ( 15.99999999999999289, 20.00000000000000000, -4.881546635374435894 ) ) ;
#4692 = CARTESIAN_POINT ( 'NONE',  ( 17.09999999999999432, 18.89999999999999858, -13.89999999999999858 ) ) ;
#4693 = EDGE_LOOP ( 'NONE', ( #2737, #3090, #2742, #3934 ) ) ;
#4694 = DIRECTION ( 'NONE',  ( 1.000000000000000000, 0.000000000000000000, 1.407448530797437491E-16 ) ) ;
#4695 = CARTESIAN_POINT ( 'NONE',  ( 8.399999999999995026, 18.89999999999999858, -13.89999999999999858 ) ) ;
#4696 = EDGE_CURVE ( 'NONE', #959, #2247, #2973, .T. ) ;
#4697 = CARTESIAN_POINT ( 'NONE',  ( -11.71999999999999886, 20.00000000000000000, 1.550000000000029354 ) ) ;
#4698 = EDGE_LOOP ( 'NONE', ( #2955, #2571, #4637, #1599 ) ) ;
#4699 = CARTESIAN_POINT ( 'NONE',  ( 24.49999999999999289, 1.100000000000000089, -4.881546635374435006 ) ) ;
#4700 = LINE ( 'NONE', #3590, #4320 ) ;
#4701 = ORIENTED_EDGE ( 'NONE', *, *, #2842, .T. ) ;
#4702 = DIRECTION ( 'NONE',  ( -3.711578864342414090E-16, -4.930380657631323784E-32, -1.000000000000000000 ) ) ;
#4703 = LINE ( 'NONE', #4336, #1279 ) ;
#4704 = CARTESIAN_POINT ( 'NONE',  ( 20.29469454585967725, 20.00000000000000000, 12.18628660943929098 ) ) ;
#4705 = EDGE_LOOP ( 'NONE', ( #3900, #4645, #1553, #3599 ) ) ;
#4706 = ADVANCED_FACE ( 'NONE', ( #2606 ), #3290, .T. ) ;
#4707 = CARTESIAN_POINT ( 'NONE',  ( 33.34580711542979259, 27.63430209709858332, 13.81228555548828574 ) ) ;
#4708 = VERTEX_POINT ( 'NONE', #4112 ) ;
#4709 = VECTOR ( 'NONE', #1970, 1000.000000000000000 ) ;
#4710 = ADVANCED_FACE ( 'NONE', ( #722 ), #2227, .F. ) ;
#4711 = CARTESIAN_POINT ( 'NONE',  ( 14.52837024835333324, 0.000000000000000000, -13.29972242256474146 ) ) ;
#4712 = ORIENTED_EDGE ( 'NONE', *, *, #253, .F. ) ;
#4713 = DIRECTION ( 'NONE',  ( -0.000000000000000000, -1.000000000000000000, -0.000000000000000000 ) ) ;
#4714 = CARTESIAN_POINT ( 'NONE',  ( 29.66986274178956862, 20.00000000000000000, -13.30979825526486948 ) ) ;
#4715 = VECTOR ( 'NONE', #2612, 1000.000000000000000 ) ;
#4716 = AXIS2_PLACEMENT_3D ( 'NONE', #4391, #2121, #2547 ) ;
#4717 = VECTOR ( 'NONE', #360, 1000.000000000000000 ) ;
#4718 = ORIENTED_EDGE ( 'NONE', *, *, #3060, .F. ) ;
#4719 = VECTOR ( 'NONE', #4427, 1000.000000000000000 ) ;
#4720 = CARTESIAN_POINT ( 'NONE',  ( -23.44000000000000128, 20.00000000000000000, 1.550000000000029354 ) ) ;
#4721 = CARTESIAN_POINT ( 'NONE',  ( 9.574590611843673216, 27.63430209709858332, 1.950000000000002176 ) ) ;
#4722 = CARTESIAN_POINT ( 'NONE',  ( 29.49999999999999289, 1.100000000000000089, -15.00000000000000000 ) ) ;
#4723 = VERTEX_POINT ( 'NONE', #4025 ) ;
#4724 = DIRECTION ( 'NONE',  ( 0.000000000000000000, 1.000000000000000000, 0.000000000000000000 ) ) ;
#4725 = CARTESIAN_POINT ( 'NONE',  ( 27.63093620857272725, 0.000000000000000000, 3.099999999999999645 ) ) ;
#4726 = ORIENTED_EDGE ( 'NONE', *, *, #1535, .F. ) ;
#4727 = FACE_BOUND ( 'NONE', #3193, .T. ) ;
#4728 = EDGE_CURVE ( 'NONE', #2917, #469, #3396, .T. ) ;
#4729 = ORIENTED_EDGE ( 'NONE', *, *, #2930, .T. ) ;
#4730 = ORIENTED_EDGE ( 'NONE', *, *, #1187, .T. ) ;
#4731 = CARTESIAN_POINT ( 'NONE',  ( 12.09999999999999432, 18.89999999999999858, -13.89999999999999858 ) ) ;
#4732 = ORIENTED_EDGE ( 'NONE', *, *, #4148, .F. ) ;
#4733 = EDGE_CURVE ( 'NONE', #356, #3009, #3676, .T. ) ;
#4734 = DIRECTION ( 'NONE',  ( -0.000000000000000000, -1.000000000000000000, -0.000000000000000000 ) ) ;
#4735 = ORIENTED_EDGE ( 'NONE', *, *, #2163, .F. ) ;
#4736 = CARTESIAN_POINT ( 'NONE',  ( 38.90135769493380025, 0.000000000000000000, 0.3999999999999999667 ) ) ;
#4737 = ORIENTED_EDGE ( 'NONE', *, *, #765, .T. ) ;
#4738 = DIRECTION ( 'NONE',  ( -1.000000000000000000, 0.000000000000000000, -3.356713154187989471E-15 ) ) ;
#4739 = LINE ( 'NONE', #1356, #2511 ) ;
#4740 = ADVANCED_FACE ( 'NONE', ( #4056 ), #2147, .F. ) ;
#4741 = ORIENTED_EDGE ( 'NONE', *, *, #764, .F. ) ;
#4742 = CARTESIAN_POINT ( 'NONE',  ( 10.05093620857272541, 0.000000000000000000, 3.099999999999999645 ) ) ;
#4743 = DIRECTION ( 'NONE',  ( -4.180056568618812977E-16, 1.672022627447525191E-15, -1.000000000000000000 ) ) ;
#4744 = LINE ( 'NONE', #673, #3458 ) ;
#4745 = ORIENTED_EDGE ( 'NONE', *, *, #413, .T. ) ;
#4746 = CARTESIAN_POINT ( 'NONE',  ( 5.999999999999995559, 2.050000000000001599, -7.400000000000003020 ) ) ;
#4747 = CARTESIAN_POINT ( 'NONE',  ( 28.39999999999999147, 18.89999999999999858, -13.89999999999999858 ) ) ;
#4748 = ORIENTED_EDGE ( 'NONE', *, *, #508, .F. ) ;
#4749 = FACE_BOUND ( 'NONE', #4183, .T. ) ;
#4750 = LINE ( 'NONE', #1394, #2858 ) ;
#4751 = CARTESIAN_POINT ( 'NONE',  ( 38.34216938573013067, 20.00000000000000000, 1.749999999999999778 ) ) ;
#4752 = VERTEX_POINT ( 'NONE', #1488 ) ;
#4753 = VECTOR ( 'NONE', #847, 1000.000000000000000 ) ;
#4754 = LINE ( 'NONE', #4685, #788 ) ;
#4755 = EDGE_LOOP ( 'NONE', ( #4889, #2379, #1256, #1225 ) ) ;
#4756 = AXIS2_PLACEMENT_3D ( 'NONE', #2463, #3970, #3600 ) ;
#4757 = VERTEX_POINT ( 'NONE', #3318 ) ;
#4758 = CARTESIAN_POINT ( 'NONE',  ( -1.282395112762153122, 17.94999999999999929, -7.399999999999999467 ) ) ;
#4759 = EDGE_CURVE ( 'NONE', #3939, #3693, #4082, .T. ) ;
#4760 = VERTEX_POINT ( 'NONE', #1435 ) ;
#4761 = FACE_BOUND ( 'NONE', #1108, .T. ) ;
#4762 = ORIENTED_EDGE ( 'NONE', *, *, #2692, .T. ) ;
#4763 = VECTOR ( 'NONE', #2075, 999.9999999999998863 ) ;
#4764 = ADVANCED_FACE ( 'NONE', ( #746 ), #3756, .F. ) ;
#4765 = CARTESIAN_POINT ( 'NONE',  ( 18.31751289470344091, 0.000000000000000000, 1.550000000000000933 ) ) ;
#4766 = DIRECTION ( 'NONE',  ( 1.714415645815452277E-16, 0.000000000000000000, 1.000000000000000000 ) ) ;
#4767 = ORIENTED_EDGE ( 'NONE', *, *, #3893, .F. ) ;
#4768 = EDGE_CURVE ( 'NONE', #4413, #4222, #1831, .T. ) ;
#4769 = EDGE_CURVE ( 'NONE', #2089, #3479, #3441, .T. ) ;
#4770 = PLANE ( 'NONE',  #4047 ) ;
#4771 = DIRECTION ( 'NONE',  ( 1.000000000000000000, 0.000000000000000000, -0.000000000000000000 ) ) ;
#4772 = FACE_OUTER_BOUND ( 'NONE', #1962, .T. ) ;
#4773 = ORIENTED_EDGE ( 'NONE', *, *, #4081, .T. ) ;
#4774 = CARTESIAN_POINT ( 'NONE',  ( -11.71999999999999886, 0.000000000000000000, 1.550000000000029354 ) ) ;
#4775 = EDGE_CURVE ( 'NONE', #1211, #3992, #92, .T. ) ;
#4776 = DIRECTION ( 'NONE',  ( -0.3826834323650849523, 0.000000000000000000, -0.9238795325112887369 ) ) ;
#4777 = ORIENTED_EDGE ( 'NONE', *, *, #2077, .F. ) ;
#4778 = CARTESIAN_POINT ( 'NONE',  ( 19.49999999999999289, 20.00000000000000000, -15.00000000000000000 ) ) ;
#4779 = CARTESIAN_POINT ( 'NONE',  ( -17.58000000000000185, 20.00000000000000000, 3.099999999999994760 ) ) ;
#4780 = CARTESIAN_POINT ( 'NONE',  ( 38.40000000000000568, 1.100000000000000089, -13.89999999999999858 ) ) ;
#4781 = ORIENTED_EDGE ( 'NONE', *, *, #538, .T. ) ;
#4782 = CARTESIAN_POINT ( 'NONE',  ( 17.94986274178956620, 0.000000000000000000, -13.30979825526486948 ) ) ;
#4783 = EDGE_LOOP ( 'NONE', ( #3435, #3454, #4816, #3721 ) ) ;
#4784 = ORIENTED_EDGE ( 'NONE', *, *, #3472, .T. ) ;
#4785 = LINE ( 'NONE', #2503, #430 ) ;
#4786 = PLANE ( 'NONE',  #296 ) ;
#4787 = VERTEX_POINT ( 'NONE', #3069 ) ;
#4788 = DIRECTION ( 'NONE',  ( 0.000000000000000000, -0.000000000000000000, 1.000000000000000000 ) ) ;
#4789 = CARTESIAN_POINT ( 'NONE',  ( -1.282395112762153122, 2.050000000000001599, -5.999999999999999112 ) ) ;
#4790 = EDGE_CURVE ( 'NONE', #530, #748, #2674, .T. ) ;
#4791 = VECTOR ( 'NONE', #2777, 1000.000000000000000 ) ;
#4792 = DIRECTION ( 'NONE',  ( -0.9238795325112874046, 0.000000000000000000, -0.3826834323650881720 ) ) ;
#4793 = VERTEX_POINT ( 'NONE', #1583 ) ;
#4794 = CARTESIAN_POINT ( 'NONE',  ( -1.282395112762152900, 4.950000000000001066, -7.399999999999999467 ) ) ;
#4795 = VECTOR ( 'NONE', #2380, 1000.000000000000000 ) ;
#4796 = FACE_OUTER_BOUND ( 'NONE', #4690, .T. ) ;
#4797 = EDGE_CURVE ( 'NONE', #1470, #1013, #114, .T. ) ;
#4798 = DIRECTION ( 'NONE',  ( -0.000000000000000000, -1.000000000000000000, -0.000000000000000000 ) ) ;
#4799 = VECTOR ( 'NONE', #4844, 1000.000000000000000 ) ;
#4800 = VECTOR ( 'NONE', #2167, 1000.000000000000000 ) ;
#4801 = ORIENTED_EDGE ( 'NONE', *, *, #686, .F. ) ;
#4802 = CARTESIAN_POINT ( 'NONE',  ( 7.099999999999996980, 1.100000000000000089, -1.100000000000000311 ) ) ;
#4803 = FACE_OUTER_BOUND ( 'NONE', #1276, .T. ) ;
#4804 = ORIENTED_EDGE ( 'NONE', *, *, #4565, .T. ) ;
#4805 = FACE_OUTER_BOUND ( 'NONE', #4130, .T. ) ;
#4806 = EDGE_CURVE ( 'NONE', #2292, #1441, #4160, .T. ) ;
#4807 = DIRECTION ( 'NONE',  ( -0.000000000000000000, -1.000000000000000000, -0.000000000000000000 ) ) ;
#4808 = DIRECTION ( 'NONE',  ( 1.000000000000000000, 0.000000000000000000, 0.000000000000000000 ) ) ;
#4809 = ORIENTED_EDGE ( 'NONE', *, *, #752, .T. ) ;
#4810 = LINE ( 'NONE', #3669, #57 ) ;
#4811 = ORIENTED_EDGE ( 'NONE', *, *, #1047, .F. ) ;
#4812 = VERTEX_POINT ( 'NONE', #2651 ) ;
#4813 = CARTESIAN_POINT ( 'NONE',  ( -5.629794123189671325E-17, 20.00000000000000000, 0.3999999999999944711 ) ) ;
#4814 = ORIENTED_EDGE ( 'NONE', *, *, #202, .T. ) ;
#4815 = DIRECTION ( 'NONE',  ( -1.000000000000000000, 0.000000000000000000, 0.000000000000000000 ) ) ;
#4816 = ORIENTED_EDGE ( 'NONE', *, *, #1080, .T. ) ;
#4817 = DIRECTION ( 'NONE',  ( -2.187630329860364571E-16, 0.000000000000000000, 1.000000000000000000 ) ) ;
#4818 = CARTESIAN_POINT ( 'NONE',  ( 36.00000000000000000, 0.000000000000000000, -15.00000000000000000 ) ) ;
#4819 = DIRECTION ( 'NONE',  ( 1.000000000000000000, 0.000000000000000000, -0.000000000000000000 ) ) ;
#4820 = ADVANCED_FACE ( 'NONE', ( #2369 ), #3094, .T. ) ;
#4821 = EDGE_LOOP ( 'NONE', ( #1280, #3079, #4114, #4439, #629, #926, #2324, #2477, #2491, #2059, #68, #2974, #1463, #1823, #2026, #3560, #4226, #1019, #865, #179, #193, #3748, #1597, #3297, #526, #4860, #4732, #198 ) ) ;
#4822 = DIRECTION ( 'NONE',  ( 0.000000000000000000, 0.000000000000000000, 1.000000000000000000 ) ) ;
#4823 = PLANE ( 'NONE',  #3969 ) ;
#4824 = PRODUCT_DEFINITION_CONTEXT ( 'detailed design', #871, 'design' ) ;
#4825 = CARTESIAN_POINT ( 'NONE',  ( 33.34580711542979259, 0.000000000000000000, 13.81228555548828574 ) ) ;
#4826 = EDGE_CURVE ( 'NONE', #803, #1669, #1908, .T. ) ;
#4827 = ORIENTED_EDGE ( 'NONE', *, *, #2459, .T. ) ;
#4828 = CARTESIAN_POINT ( 'NONE',  ( -5.860000000000001208, 0.000000000000000000, 3.099999999999994760 ) ) ;
#4829 = VERTEX_POINT ( 'NONE', #4576 ) ;
#4830 = CARTESIAN_POINT ( 'NONE',  ( 9.075269459310570497, 23.62013693444405504, 1.750000000000000000 ) ) ;
#4831 = EDGE_CURVE ( 'NONE', #1041, #1211, #484, .T. ) ;
#4832 = CARTESIAN_POINT ( 'NONE',  ( -2.226947318605448651E-15, 4.950000000000001066, -6.000000000000000000 ) ) ;
#4833 = FACE_OUTER_BOUND ( 'NONE', #126, .T. ) ;
#4834 = ORIENTED_EDGE ( 'NONE', *, *, #4181, .T. ) ;
#4835 = CARTESIAN_POINT ( 'NONE',  ( 36.00000000000000000, 20.00000000000000000, -15.00000000000000000 ) ) ;
#4836 = EDGE_LOOP ( 'NONE', ( #3965, #1502, #167, #4838 ) ) ;
#4837 = EDGE_CURVE ( 'NONE', #1474, #905, #1953, .T. ) ;
#4838 = ORIENTED_EDGE ( 'NONE', *, *, #4769, .T. ) ;
#4839 = VECTOR ( 'NONE', #2797, 1000.000000000000000 ) ;
#4840 = ORIENTED_EDGE ( 'NONE', *, *, #1319, .T. ) ;
#4841 = CARTESIAN_POINT ( 'NONE',  ( 15.99999999999999289, 0.000000000000000000, -4.881546635374435894 ) ) ;
#4842 = ORIENTED_EDGE ( 'NONE', *, *, #1486, .T. ) ;
#4843 = DIRECTION ( 'NONE',  ( -0.000000000000000000, -1.000000000000000000, -0.000000000000000000 ) ) ;
#4844 = DIRECTION ( 'NONE',  ( -0.000000000000000000, -1.000000000000000000, -0.000000000000000000 ) ) ;
#4845 = VECTOR ( 'NONE', #957, 1000.000000000000000 ) ;
#4846 = CARTESIAN_POINT ( 'NONE',  ( 34.49999999999999289, 1.100000000000000089, -15.00000000000000000 ) ) ;
#4847 = VECTOR ( 'NONE', #4624, 1000.000000000000000 ) ;
#4848 = ORIENTED_EDGE ( 'NONE', *, *, #2040, .T. ) ;
#4849 = FACE_OUTER_BOUND ( 'NONE', #2451, .T. ) ;
#4850 = DIRECTION ( 'NONE',  ( -1.714415645815452031E-16, 0.000000000000000000, -1.000000000000000000 ) ) ;
#4851 = ORIENTED_EDGE ( 'NONE', *, *, #3024, .F. ) ;
#4852 = CARTESIAN_POINT ( 'NONE',  ( 23.80986274178956918, 0.000000000000000000, -13.30979825526486948 ) ) ;
#4853 = AXIS2_PLACEMENT_3D ( 'NONE', #4722, #2846, #965 ) ;
#4854 = PLANE ( 'NONE',  #204 ) ;
#4855 = ORIENTED_EDGE ( 'NONE', *, *, #2202, .F. ) ;
#4856 = LINE ( 'NONE', #4778, #3355 ) ;
#4857 = ADVANCED_FACE ( 'NONE', ( #2001 ), #1142, .F. ) ;
#4858 = CARTESIAN_POINT ( 'NONE',  ( 21.29459061184367386, 27.63430209709858332, 1.550000000000004485 ) ) ;
#4859 = DIRECTION ( 'NONE',  ( -1.000000000000000000, 0.000000000000000000, 3.711578864342414090E-16 ) ) ;
#4860 = ORIENTED_EDGE ( 'NONE', *, *, #4797, .F. ) ;
#4861 = CARTESIAN_POINT ( 'NONE',  ( 18.39999999999999147, 1.100000000000000089, -3.781546635374434917 ) ) ;
#4862 = ORIENTED_EDGE ( 'NONE', *, *, #75, .T. ) ;
#4863 = ORIENTED_EDGE ( 'NONE', *, *, #3053, .T. ) ;
#4864 = VECTOR ( 'NONE', #3660, 999.9999999999998863 ) ;
#4865 = CARTESIAN_POINT ( 'NONE',  ( 38.77512626584707789, 20.00000000000000000, 1.749999999999999778 ) ) ;
#4866 = EDGE_CURVE ( 'NONE', #2405, #2540, #2342, .T. ) ;
#4867 = ORIENTED_EDGE ( 'NONE', *, *, #387, .F. ) ;
#4868 = PLANE ( 'NONE',  #2605 ) ;
#4869 = VERTEX_POINT ( 'NONE', #21 ) ;
#4870 = CARTESIAN_POINT ( 'NONE',  ( -23.44000000000000128, 0.000000000000000000, 3.099999999999992095 ) ) ;
#4871 = FACE_OUTER_BOUND ( 'NONE', #1532, .T. ) ;
#4872 = EDGE_CURVE ( 'NONE', #3358, #60, #2322, .T. ) ;
#4873 = CARTESIAN_POINT ( 'NONE',  ( 19.49999999999999289, 20.00000000000000000, -4.881546635374435006 ) ) ;
#4874 = ORIENTED_EDGE ( 'NONE', *, *, #1629, .T. ) ;
#4875 = CARTESIAN_POINT ( 'NONE',  ( 24.17751289470344034, 27.63430209709858332, 1.550000000000000933 ) ) ;
#4876 = FACE_OUTER_BOUND ( 'NONE', #44, .T. ) ;
#4877 = DIRECTION ( 'NONE',  ( -1.000000000000000000, 0.000000000000000000, 0.000000000000000000 ) ) ;
#4878 = AXIS2_PLACEMENT_3D ( 'NONE', #1755, #4486, #3687 ) ;
#4879 = EDGE_LOOP ( 'NONE', ( #1854, #2162, #479, #4267 ) ) ;
#4880 = CARTESIAN_POINT ( 'NONE',  ( 5.999999999999994671, 20.00000000000000000, -15.00000000000000000 ) ) ;
#4881 = AXIS2_PLACEMENT_3D ( 'NONE', #2298, #771, #1190 ) ;
#4882 = AXIS2_PLACEMENT_3D ( 'NONE', #1292, #2848, #2776 ) ;
#4883 = CARTESIAN_POINT ( 'NONE',  ( 30.99999999999999289, 0.000000000000000000, -15.00000000000000000 ) ) ;
#4884 = CARTESIAN_POINT ( 'NONE',  ( 5.999999999999994671, 2.050000000000001599, -7.400000000000003020 ) ) ;
#4885 = VERTEX_POINT ( 'NONE', #2697 ) ;
#4886 = EDGE_CURVE ( 'NONE', #1739, #3157, #4597, .T. ) ;
#4887 = DIRECTION ( 'NONE',  ( 1.000000000000000000, 0.000000000000000000, -1.197801575966169987E-15 ) ) ;
#4888 = VECTOR ( 'NONE', #2486, 1000.000000000000000 ) ;
#4889 = ORIENTED_EDGE ( 'NONE', *, *, #185, .F. ) ;
#4890 = EDGE_LOOP ( 'NONE', ( #1993, #4128, #4662, #1429 ) ) ;
#4891 = ORIENTED_EDGE ( 'NONE', *, *, #2132, .F. ) ;
#4892 = FACE_OUTER_BOUND ( 'NONE', #1594, .T. ) ;
#4893 = ORIENTED_EDGE ( 'NONE', *, *, #3451, .F. ) ;
#4894 = FACE_OUTER_BOUND ( 'NONE', #917, .T. ) ;
#4895 = ADVANCED_FACE ( 'NONE', ( #1210 ), #2275, .T. ) ;
#4896 = CARTESIAN_POINT ( 'NONE',  ( -5.859999999999999432, 27.63430209709859042, 1.550000000000029354 ) ) ;
#4897 = ORIENTED_EDGE ( 'NONE', *, *, #381, .F. ) ;
#4898 = CARTESIAN_POINT ( 'NONE',  ( 12.09999999999999432, 1.100000000000000089, -13.89999999999999858 ) ) ;
ENDSEC;
END-ISO-10303-21;
